ts,route_id,direction_id,trip_id,start_date,stop_sequence,stop_id,delay_s,source,sched_s,stop_idx,n_stops,trip_start_s
1791004079,10,1,1276155,20261002,1,57165,0,feed,87540,0,58,87540
1791004079,10,0,1326601,20261002,31,49353,49,feed,86760,30,60,84900
1791004079,10,0,1326717,20261002,3,80861,84,feed,86700,2,38,86580
1791004079,11,1,1317940,20261002,1,49304,0,feed,88440,0,79,88440
1791004079,11,1,1319445,20261002,42,17980,349,feed,86400,41,79,84840
1791004079,11,0,1349623,20261002,63,14624,667,feed,86100,62,79,83400
1791004079,11,0,1362805,20261002,38,17994,-231,feed,86400,37,79,85020
1791004079,11,0,1363985,20261002,1,51828,0,feed,88620,0,79,88620
1791004079,14,1,1331449,20261002,1,50153,0,feed,88380,0,82,88380
1791004079,14,0,1331698,20261002,46,53765,336,feed,86400,45,80,84540
1791004079,14,0,1332346,20261002,1,4345,0,feed,88200,0,80,88200
1791004079,14,0,1332889,20261002,69,40764,294,feed,86460,68,80,83220
1791004079,14,1,1333187,20261002,37,17882,182,feed,86400,36,82,84780
1791004079,17,0,1131000,20261002,46,17994,201,feed,86400,45,63,83820
1791004079,17,0,1133935,20261002,1,57458,0,feed,89280,0,31,89280
1791004079,17,0,1136096,20261002,1,57458,0,feed,87480,0,63,87480
1791004079,17,1,1317845,20261002,54,5743,428,feed,86460,53,65,83400
1791004079,17,1,1318826,20261002,62,4789,1597,feed,85260,61,65,81600
1791004079,17,1,1318865,20261002,1,17192,0,feed,88920,0,65,88920
1791004079,17,1,1320086,20261002,21,17980,-111,feed,86400,20,65,85320
1791004079,18,1,1356650,20261002,1,56800,0,feed,88500,0,51,88500
1791004079,18,1,1357399,20261002,50,51842,-198,feed,86880,49,51,83880
1791004079,18,1,1357690,20261002,2,19294,18,feed,86760,1,51,86700
1791004079,18,1,1357743,20261002,31,135,218,feed,86760,30,51,84840
1791004079,18,0,1361046,20261002,25,1874,-20,feed,86880,24,51,85560
1791004079,18,0,1361243,20261002,1,51852,0,feed,87360,0,47,87360
1791004079,18,0,1361581,20261002,46,17992,602,feed,86280,45,51,83760
1791004079,18,0,1361969,20261002,75,1914,-114,feed,86940,74,84,83820
1791004079,2,0,1331085,20261002,1,50160,0,feed,88680,0,42,88680
1791004079,2,0,1333026,20261002,27,13243,235,feed,86640,26,42,84900
1791004079,2,1,1361291,20261002,1,57618,0,feed,88380,0,42,88380
1791004079,2,1,1361323,20261002,5,56701,48,feed,86760,4,42,86520
1791004079,2,1,1361576,20261002,34,80923,112,feed,86760,33,43,84720
1791004079,22,0,1356943,20261002,52,53765,15,feed,86400,51,81,83700
1791004079,22,0,1357377,20261002,1,4558,0,feed,87300,0,81,87300
1791004079,22,1,1357509,20261002,58,57191,483,feed,86280,57,84,82860
1791004079,22,1,1357826,20261002,32,17907,-140,feed,86400,31,84,84540
1791004079,22,1,1358132,20261002,1,56825,0,feed,88140,0,84,88140
1791004079,3,1,1177889,20261002,54,19302,711,feed,86220,53,65,83520
1791004079,3,1,1179962,20261002,1,56100,0,feed,87120,0,64,87120
1791004079,3,1,1181262,20261002,54,19304,1840,feed,85020,53,64,82380
1791004079,3,0,1182474,20261002,1,54097,0,feed,87000,0,65,87000
1791004079,3,0,1184211,20261002,63,1246,-218,feed,86880,62,64,83580
1791004079,3,0,1185611,20261002,1,54097,0,feed,88800,0,26,88800
1791004079,3,0,1187624,20261002,18,57014,88,feed,86760,17,26,85380
1791004079,323,1,1131078,20261002,1,57508,2393,feed,85860,0,25,85860
1791004079,323,1,1132276,20261002,18,48380,3678,feed,83100,17,25,82260
1791004079,323,0,1133397,20261002,1,51116,3479,feed,83700,0,23,83700
1791004079,323,0,1134555,20261002,1,51116,2101,feed,87300,0,23,87300
1791004079,323,0,1135529,20261002,1,51116,0,feed,89100,0,23,89100
1791004079,323,1,1135799,20261002,1,57508,0,feed,87660,0,25,87660
1791004079,36,0,1180571,20261002,32,6242,255,feed,86580,31,53,85260
1791004079,36,0,1186884,20261002,1,57537,0,feed,87060,0,53,87060
1791004079,36,1,1220154,20261002,1,50160,0,feed,88020,0,50,88020
1791004079,36,1,1221089,20261002,31,53705,189,feed,86760,30,50,85620
1791004079,38,0,1361538,20261002,97,12525,-21,feed,86880,96,106,82740
1791004079,38,1,1361558,20261002,67,3558,184,feed,86580,66,101,83760
1791004079,38,0,1362119,20261002,60,4866,-69,feed,86940,59,105,84540
1791004079,4,0,1131282,20261002,1,50231,0,feed,89340,0,38,89340
1791004079,4,0,1131574,20261002,1,50231,0,feed,87780,0,89,87780
1791004079,4,0,1132081,20261002,50,53099,261,feed,86400,49,87,84000
1791004079,4,1,1355936,20261002,1,14153,0,feed,88320,0,90,88320
1791004079,4,1,1357316,20261002,40,17923,-278,feed,86400,39,90,84660
1791004079,48,1,1355644,20261002,59,18008,291,feed,86580,58,61,84300
1791004079,5,1,1333802,20261002,1,51846,0,feed,88380,0,82,88380
1791004079,5,0,1346219,20261002,1,51212,0,feed,88560,0,83,88560
1791004079,5,0,1347016,20261002,39,17902,-41,feed,86400,38,83,84900
1791004079,5,1,1353751,20261002,46,17907,215,feed,86400,45,82,84780
1791004079,515,0,1348963,20261002,1,53704,0,feed,89340,0,49,89340
1791004079,515,1,1349265,20261002,1,56877,0,feed,87540,0,49,87540
1791004079,515,0,1349495,20261002,45,42318,-57,feed,86880,44,49,85740
1791004079,54,1,1346236,20261002,29,10359,596,feed,86280,28,47,83940
1791004079,54,0,1359040,20261002,1,56875,0,feed,87240,0,25,87240
1791004079,54,0,1360282,20261002,19,10236,178,feed,86700,18,25,85020
1791004079,54,1,1363033,20261002,1,56100,0,feed,87540,0,27,87540
1791004079,61,0,1346549,20261002,1,17905,0,feed,87120,0,76,87120
1791004079,61,0,1346779,20261002,35,57535,-216,feed,86880,34,76,85320
1791004079,61,0,1346944,20261002,70,43282,10,feed,87060,69,76,83520
1791004079,62,0,1350327,20261002,14,80934,15,feed,86760,13,29,85860
1791004079,62,0,1351880,20261002,1,2611,0,feed,87180,0,29,87180
1791004079,62,1,1352992,20261002,1,56096,0,feed,89100,0,29,89100
1791004079,62,1,1355472,20261002,28,1246,104,feed,86820,27,29,85500
1791004079,63,1,1336394,20261002,41,81083,327,feed,86460,40,58,84180
1791004079,63,1,1337279,20261002,1,51114,0,feed,89280,0,58,89280
1791004079,63,1,1337463,20261002,20,43282,194,feed,86700,19,58,85680
1791004079,63,0,1342868,20261002,1,15795,0,feed,88920,0,59,88920
1791004079,63,0,1342951,20261002,36,11834,67,feed,86820,35,59,85260
1791004079,63,0,1343398,20261002,58,13624,75,feed,86820,57,59,83760
1791004079,64,1,1342987,20261002,1,52015,0,feed,87840,0,76,87840
1791004079,64,0,1357126,20261002,1,52761,0,feed,87000,0,43,87000
1791004079,64,0,1357562,20261002,74,5279,423,feed,86340,73,78,83700
1791004079,64,0,1357733,20261002,18,81099,314,feed,86580,17,43,85500
1791004079,65,1,1349012,20261002,22,10727,249,feed,86520,21,38,85740
1791004079,65,0,1349331,20261002,1,10761,64,feed,87540,0,40,87540
1791004079,68,0,1272012,20261002,2,9806,12,feed,88920,1,59,88920
1791004079,68,1,1361011,20261002,68,9919,296,feed,86460,67,90,84180
1791004079,68,0,1364160,20261002,45,9890,351,feed,86520,44,87,85320
1791004079,7,1,1355971,20261002,17,17882,64,feed,86400,16,63,85560
1791004079,7,0,1358002,20261002,50,53765,58,feed,86400,49,67,83700
1791004079,71,0,1262434,20261002,1,2611,0,feed,87180,0,31,87180
1791004079,724,0,1289544,20261002,24,42063,332,feed,86520,23,33,85800
1791004079,724,1,1359519,20261002,1,53222,0,feed,86940,0,35,86940
1791004079,724,0,1360571,20261002,1,51846,0,feed,89100,0,33,89100
1791004079,74,1,1356704,20261002,55,56126,-5,feed,86760,54,61,83880
1791004079,74,0,1357869,20261002,32,10238,112,feed,86760,31,59,85080
1791004079,74,1,1358047,20261002,23,43282,265,feed,86820,22,61,85440
1791004079,74,0,1358658,20261002,1,51546,0,feed,88680,0,59,88680
1791004079,9,0,1356227,20261002,50,17907,-413,feed,86400,49,100,84720
1791004079,9,0,1357279,20261002,112,51551,86,feed,86820,111,112,82680
1791004079,9,1,1360016,20261002,48,53765,80,feed,86400,47,111,84240
1791004079,901,0,891010,20261002,17,51423,120,feed,86880,16,20,84720
1791004079,901,0,892917,20261002,1,51405,0,feed,87000,0,20,87000
1791004079,903,1,968747,20261002,1,56874,0,feed,87180,0,6,87180
1791004079,904,1,1263740,20261002,12,56830,332,feed,86760,11,12,84660
1791004079,904,1,1270445,20261002,1,56800,0,feed,87060,0,12,87060
1791004079,904,1,1271682,20261002,10,56884,-157,feed,86940,9,12,85560
1791004079,905,0,1343794,20261002,13,57436,-36,feed,86880,12,16,85200
1791004079,905,0,1344482,20261002,1,52761,0,feed,87000,0,16,87000
1791004079,906,0,887378,20261002,2,51434,60,feed,86880,1,2,86760
1791004079,921,1,1355933,20261002,11,17312,209,feed,86580,10,21,85740
1791004079,921,1,1356982,20261002,1,52531,0,feed,87540,0,21,87540
1791004079,921,1,1357129,20261002,1,52531,0,feed,89340,0,21,89340
1791004079,921,0,1362150,20261002,1,51544,0,feed,88740,0,21,88740
1791004079,921,0,1362647,20261002,1,51544,0,feed,86940,0,21,86940
1791004079,921,0,1362744,20261002,19,50010,-1,feed,86760,18,21,85140
1791004079,922,0,1311122,20261002,17,57326,92,feed,86820,16,35,85320
1791004079,922,0,1311539,20261002,1,57314,0,feed,87300,0,35,87300
1791004079,922,0,1311821,20261002,26,57329,222,feed,86700,25,35,84420
1791004079,922,0,1312003,20261002,1,57314,0,feed,89100,0,35,89100
1791004079,922,1,1312048,20261002,27,16855,137,feed,86760,26,34,84120
1791004079,922,1,1312253,20261002,19,57337,-130,feed,86880,18,34,85020
1791004079,922,0,1313128,20261002,34,57420,229,feed,86640,33,35,83520
1791004079,922,1,1315439,20261002,1,56100,36,feed,86820,0,34,86820
1791004079,922,1,1316757,20261002,1,56100,0,feed,90420,0,34,90420
1791004079,922,1,1317014,20261002,32,3528,539,feed,86400,31,34,83220
1791004079,923,0,1264039,20261002,1,56897,294,feed,86580,0,22,86580
1791004079,923,0,1266404,20261002,19,9263,628,feed,86160,18,22,84540
1791004079,923,0,1270035,20261002,1,56897,0,feed,88380,0,22,88380
1791004079,923,1,1270270,20261002,1,57278,0,feed,88140,0,23,88140
1791004079,923,1,1270786,20261002,12,52667,60,feed,86820,11,23,85920
1791004079,924,1,1336268,20261002,32,81079,91,feed,86700,31,41,83580
1791004079,924,1,1336557,20261002,1,56823,0,feed,88440,0,41,88440
1791004079,924,0,1336700,20261002,13,56923,79,feed,86820,12,40,85740
1791004079,924,1,1336877,20261002,4,9577,-24,feed,86940,3,41,86640
1791004079,924,1,1337520,20261002,18,17907,107,feed,86400,17,41,84840
1791004079,924,0,1338637,20261002,24,17902,-238,feed,86400,23,40,83940
1791004079,924,0,1338891,20261002,1,56873,0,feed,87540,0,40,87540
1791004079,924,0,1342002,20261002,40,56823,123,feed,86820,39,40,82740
1791004079,925,0,1270766,20261002,31,16143,1396,feed,85500,30,35,82980
1791004079,925,1,1334056,20261002,1,57541,0,feed,88860,0,35,88860
1791004079,925,0,1335004,20261002,20,17944,439,feed,86460,19,35,84840
1791004079,925,0,1358978,20261002,1,53703,0,feed,88440,0,35,88440
1791004079,925,1,1359736,20261002,13,17921,526,feed,86400,12,35,85260
1791004079,925,1,1360542,20261002,35,53703,323,feed,86640,34,35,83580
1791004079,94,0,1178449,20261002,13,57418,20,feed,86880,12,15,85380
1791004079,94,1,1186588,20261002,3,57456,556,feed,86340,2,16,86040
1791004976,10,0,1135133,20261002,1,17994,0,feed,90600,0,31,90600
1791004976,10,1,1276155,20261002,2,57116,66,feed,87720,1,58,87540
1791004976,10,0,1326601,20261002,57,40710,70,feed,87720,56,60,84900
1791004976,10,0,1326717,20261002,13,14952,258,feed,87540,12,38,86580
1791004976,11,1,1317940,20261002,1,49304,0,feed,88440,0,79,88440
1791004976,11,1,1319445,20261002,53,17708,216,feed,87540,52,79,84840
1791004976,11,0,1362805,20261002,48,14672,231,feed,87540,47,79,85020
1791004976,11,0,1363985,20261002,1,51828,0,feed,88620,0,79,88620
1791004976,14,1,1331449,20261002,1,50153,0,feed,88380,0,82,88380
1791004976,14,0,1331698,20261002,56,8316,113,feed,87660,55,80,84540
1791004976,14,0,1332346,20261002,1,4345,0,feed,88200,0,80,88200
1791004976,14,1,1333187,20261002,52,15623,99,feed,87660,51,82,84780
1791004976,17,0,1131000,20261002,52,14954,267,feed,87540,51,63,83820
1791004976,17,0,1133935,20261002,1,57458,0,feed,89280,0,31,89280
1791004976,17,0,1136096,20261002,1,57458,282,feed,87480,0,63,87480
1791004976,17,1,1318865,20261002,1,17192,0,feed,88920,0,65,88920
1791004976,17,1,1320086,20261002,30,4663,112,feed,87660,29,65,85320
1791004976,18,1,1356650,20261002,1,56800,0,feed,88500,0,51,88500
1791004976,18,1,1357690,20261002,13,1204,225,feed,87540,12,51,86700
1791004976,18,1,1357973,20261002,1,17980,0,feed,90600,0,47,90600
1791004976,18,0,1361046,20261002,41,1911,76,feed,87720,40,51,85560
1791004976,18,0,1361243,20261002,6,56922,267,feed,87540,5,47,87360
1791004976,18,0,1361581,20261002,51,56800,1008,feed,86760,50,51,83760
1791004976,2,0,1331085,20261002,1,50160,0,feed,88680,0,42,88680
1791004976,2,0,1331231,20261002,11,17713,111,feed,87660,10,42,86880
1791004976,2,0,1333026,20261002,38,57734,153,feed,87660,37,42,84900
1791004976,2,1,1361291,20261002,1,57618,0,feed,88380,0,42,88380
1791004976,2,1,1361323,20261002,15,42454,335,feed,87480,14,42,86520
1791004976,2,1,1361576,20261002,42,57469,580,feed,87180,41,43,84720
1791004976,22,0,1356943,20261002,64,81098,170,feed,87600,63,81,83700
1791004976,22,0,1357377,20261002,9,15445,105,feed,87660,8,81,87300
1791004976,22,1,1357509,20261002,82,4468,466,feed,87300,81,84,82860
1791004976,22,1,1357826,20261002,45,16435,157,feed,87600,44,84,84540
1791004976,22,1,1358132,20261002,1,56825,0,feed,88140,0,84,88140
1791004976,3,0,1177470,20261002,1,54097,0,feed,91200,0,65,91200
1791004976,3,1,1179962,20261002,10,11893,61,feed,87780,9,64,87120
1791004976,3,0,1182474,20261002,8,19317,109,feed,87660,7,65,87000
1791004976,3,1,1183491,20261002,1,56100,0,feed,90720,0,65,90720
1791004976,3,0,1185611,20261002,1,54097,0,feed,88800,0,26,88800
1791004976,323,1,1131078,20261002,1,57508,2567,feed,85860,0,25,85860
1791004976,323,0,1133397,20261002,10,3201,3642,feed,84120,9,23,83700
1791004976,323,0,1134555,20261002,1,51116,2278,feed,87300,0,23,87300
1791004976,323,0,1135529,20261002,1,51116,0,feed,89100,0,23,89100
1791004976,323,1,1135799,20261002,1,57508,97,feed,87660,0,25,87660
1791004976,36,0,1186884,20261002,19,50601,-103,feed,87840,18,53,87060
1791004976,36,1,1220154,20261002,1,50160,0,feed,88020,0,50,88020
1791004976,38,1,1361558,20261002,95,51365,272,feed,87480,94,101,83760
1791004976,38,0,1362119,20261002,77,80991,-66,feed,87780,76,105,84540
1791004976,4,0,1131282,20261002,1,50231,0,feed,89340,0,38,89340
1791004976,4,0,1131574,20261002,1,50231,0,feed,87780,0,89,87780
1791004976,4,0,1132081,20261002,57,57457,227,feed,87540,56,87,84000
1791004976,4,1,1355936,20261002,1,14153,0,feed,88320,0,90,88320
1791004976,4,1,1357316,20261002,49,20047,-56,feed,87780,48,90,84660
1791004976,5,1,1333802,20261002,1,51846,0,feed,88380,0,82,88380
1791004976,5,0,1346219,20261002,1,51212,0,feed,88560,0,83,88560
1791004976,5,0,1347016,20261002,56,8934,52,feed,87720,55,83,84900
1791004976,5,1,1353751,20261002,55,56910,373,feed,87420,54,82,84780
1791004976,515,0,1348963,20261002,1,53704,0,feed,89340,0,49,89340
1791004976,515,1,1349265,20261002,4,4514,64,feed,87720,3,49,87540
1791004976,54,1,1346236,20261002,40,56939,720,feed,87300,39,47,83940
1791004976,54,0,1359040,20261002,8,56939,140,feed,87840,7,25,87240
1791004976,54,1,1363033,20261002,2,57419,116,feed,87720,1,27,87540
1791004976,61,0,1346549,20261002,8,15477,178,feed,87600,7,76,87120
1791004976,61,0,1346779,20261002,56,40124,-191,feed,87840,55,76,85320
1791004976,62,0,1351880,20261002,7,56164,204,feed,87600,6,29,87180
1791004976,62,0,1352535,20261002,1,2611,0,feed,90780,0,29,90780
1791004976,62,1,1352992,20261002,1,56096,0,feed,89100,0,29,89100
1791004976,63,1,1337279,20261002,1,51114,0,feed,89280,0,58,89280
1791004976,63,1,1337463,20261002,28,3271,175,feed,87600,27,58,85680
1791004976,63,0,1342868,20261002,1,15795,0,feed,88920,0,59,88920
1791004976,63,0,1342951,20261002,41,3152,-191,feed,87840,40,59,85260
1791004976,64,1,1342987,20261002,1,52015,0,feed,87840,0,76,87840
1791004976,64,0,1357126,20261002,8,11776,104,feed,87720,7,43,87000
1791004976,64,0,1360805,20261002,1,52761,0,feed,90900,0,43,90900
1791004976,65,0,1349331,20261002,2,80984,94,feed,87660,1,40,87540
1791004976,68,1,1271497,20261002,14,9896,104,feed,87660,13,61,87060
1791004976,68,0,1272012,20261002,2,9806,12,feed,88920,1,59,88920
1791004976,68,1,1275374,20261002,1,11904,0,feed,90660,0,61,90660
1791004976,68,0,1364160,20261002,61,18014,143,feed,87600,60,87,85320
1791004976,7,1,1355971,20261002,29,13239,-16,feed,87780,28,63,85560
1791004976,7,0,1358002,20261002,62,17669,0,feed,87780,61,67,83700
1791004976,71,0,1262434,20261002,7,56328,124,feed,87660,6,31,87180
1791004976,724,1,1359519,20261002,24,9072,118,feed,87660,23,35,86940
1791004976,724,1,1360319,20261002,1,53222,0,feed,90540,0,35,90540
1791004976,724,0,1360571,20261002,1,51846,0,feed,89100,0,33,89100
1791004976,74,0,1357869,20261002,40,53984,-143,feed,87780,39,59,85080
1791004976,74,1,1358047,20261002,31,10359,247,feed,87540,30,61,85440
1791004976,74,0,1358658,20261002,1,51546,0,feed,88680,0,59,88680
1791004976,9,0,1356227,20261002,65,13275,63,feed,87720,64,100,84720
1791004976,9,1,1360016,20261002,66,7335,164,feed,87600,65,111,84240
1791004976,901,0,892917,20261002,5,51435,420,feed,87480,4,20,87000
1791004976,903,1,968747,20261002,3,48977,92,feed,87840,2,6,87180
1791004976,904,1,1270445,20261002,6,17781,146,feed,87720,5,12,87060
1791004976,905,0,1344482,20261002,7,57424,-77,feed,87840,6,16,87000
1791004976,921,1,1356982,20261002,2,50015,72,feed,87660,1,21,87540
1791004976,921,1,1357129,20261002,1,52531,0,feed,89340,0,21,89340
1791004976,921,0,1362150,20261002,1,51544,0,feed,88740,0,21,88740
1791004976,921,0,1362647,20261002,8,56114,-68,feed,87780,7,21,86940
1791004976,922,0,1311122,20261002,27,17022,109,feed,87720,26,35,85320
1791004976,922,0,1311539,20261002,6,57355,152,feed,87660,5,35,87300
1791004976,922,0,1311821,20261002,35,56099,231,feed,87600,34,35,84420
1791004976,922,0,1312003,20261002,1,57314,0,feed,89100,0,35,89100
1791004976,922,1,1312253,20261002,29,57357,-63,feed,87900,28,34,85020
1791004976,922,1,1315439,20261002,9,57338,104,feed,87720,8,34,86820
1791004976,922,1,1316757,20261002,1,56100,0,feed,90420,0,34,90420
1791004976,923,0,1264039,20261002,7,17853,617,feed,87180,6,22,86580
1791004976,923,0,1270035,20261002,1,56897,0,feed,88380,0,22,88380
1791004976,923,1,1270270,20261002,1,57278,0,feed,88140,0,23,88140
1791004976,923,1,1270786,20261002,20,17907,144,feed,87660,19,23,85920
1791004976,923,0,1275011,20261002,1,56897,0,feed,90540,0,22,90540
1791004976,924,1,1336557,20261002,1,56823,0,feed,88440,0,41,88440
1791004976,924,0,1336700,20261002,21,56929,-72,feed,87840,20,40,85740
1791004976,924,1,1336877,20261002,13,11161,78,feed,87720,12,41,86640
1791004976,924,1,1337520,20261002,25,56913,122,feed,87660,24,41,84840
1791004976,924,0,1338637,20261002,31,8935,-18,feed,87780,30,40,83940
1791004976,924,0,1338891,20261002,1,56873,216,feed,87540,0,40,87540
1791004976,925,1,1334056,20261002,1,57541,0,feed,88860,0,35,88860
1791004976,925,0,1335004,20261002,25,15477,352,feed,87420,24,35,84840
1791004976,925,0,1358978,20261002,1,53703,0,feed,88440,0,35,88440
1791004976,925,1,1359736,20261002,22,42219,352,feed,87840,21,35,85260
1791004976,94,1,1186588,20261002,9,17895,399,feed,87360,8,16,86040
1791005876,10,0,1135133,20261002,1,17994,0,feed,90600,0,31,90600
1791005876,10,1,1276155,20261002,24,17138,120,feed,88560,23,58,87540
1791005876,10,0,1326717,20261002,31,49353,265,feed,88440,30,38,86580
1791005876,11,1,1317940,20261002,1,49304,216,feed,88440,0,79,88440
1791005876,11,1,1319445,20261002,79,51828,305,feed,88380,78,79,84840
1791005876,11,0,1362805,20261002,72,47534,341,feed,88320,71,79,85020
1791005876,11,0,1363985,20261002,1,51828,37,feed,88620,0,79,88620
1791005876,14,1,1331449,20261002,8,8374,48,feed,88620,7,82,88380
1791005876,14,0,1331698,20261002,78,8390,103,feed,88560,77,80,84540
1791005876,14,0,1332346,20261002,14,51836,76,feed,88620,13,80,88200
1791005876,14,1,1333187,20261002,74,79,77,feed,88620,73,82,84780
1791005876,17,0,1133935,20261002,1,57458,0,feed,89280,0,31,89280
1791005876,17,0,1136096,20261002,22,5802,176,feed,88500,21,63,87480
1791005876,17,1,1318865,20261002,1,17192,0,feed,88920,0,65,88920
1791005876,17,1,1320086,20261002,47,56129,177,feed,88500,46,65,85320
1791005876,18,1,1356650,20261002,3,17976,10,feed,88680,2,51,88500
1791005876,18,1,1357690,20261002,33,3386,125,feed,88620,32,51,86700
1791005876,18,1,1357973,20261002,1,17980,0,feed,90600,0,47,90600
1791005876,18,0,1361243,20261002,20,1854,343,feed,88320,19,47,87360
1791005876,2,0,1331231,20261002,27,13243,333,feed,88440,26,42,86880
1791005876,2,1,1361291,20261002,6,57748,44,feed,88620,5,42,88380
1791005876,2,1,1361323,20261002,28,56910,445,feed,88260,27,42,86520
1791005876,22,0,1356943,20261002,77,11442,356,feed,88320,76,81,83700
1791005876,22,0,1357377,20261002,32,57192,36,feed,88620,31,81,87300
1791005876,22,1,1357826,20261002,54,19518,404,feed,88260,53,84,84540
1791005876,22,1,1358132,20261002,8,11616,93,feed,88620,7,84,88140
1791005876,3,0,1177470,20261002,1,54097,0,feed,91200,0,65,91200
1791005876,3,1,1179962,20261002,29,866,75,feed,88620,28,64,87120
1791005876,3,0,1182474,20261002,19,16101,284,feed,88380,18,65,87000
1791005876,3,1,1183491,20261002,1,56100,0,feed,90720,0,65,90720
1791005876,3,0,1185611,20261002,1,54097,0,feed,88800,0,26,88800
1791005876,323,1,1131078,20261002,1,57508,2736,feed,85860,0,25,85860
1791005876,323,0,1134555,20261002,1,51116,2455,feed,87300,0,23,87300
1791005876,323,0,1135529,20261002,1,51116,0,feed,89100,0,23,89100
1791005876,323,1,1135799,20261002,18,48380,171,feed,88500,17,25,87660
1791005876,36,0,1186884,20261002,40,6203,45,feed,88620,39,53,87060
1791005876,36,1,1220154,20261002,4,42219,536,feed,88140,3,50,88020
1791005876,36,1,1220639,20261002,1,50160,0,feed,91620,0,50,91620
1791005876,38,0,1362119,20261002,97,12525,-152,feed,88680,96,105,84540
1791005876,4,0,1131282,20261002,1,50231,0,feed,89340,0,38,89340
1791005876,4,0,1131574,20261002,26,40385,-20,feed,88680,25,89,87780
1791005876,4,0,1132081,20261002,68,42307,574,feed,88080,67,87,84000
1791005876,4,1,1355936,20261002,12,16003,94,feed,88560,11,90,88320
1791005876,4,1,1357316,20261002,74,1030,49,feed,88620,73,90,84660
1791005876,5,1,1333802,20261002,6,9173,155,feed,88560,5,82,88380
1791005876,5,0,1346219,20261002,1,51212,100,feed,88560,0,83,88560
1791005876,5,0,1347016,20261002,83,51846,50,feed,88680,82,83,84900
1791005876,5,1,1353751,20261002,73,56917,552,feed,88140,72,82,84780
1791005876,515,0,1348963,20261002,1,53704,0,feed,89340,0,49,89340
1791005876,515,1,1349265,20261002,41,2186,-109,feed,88680,40,49,87540
1791005876,54,1,1346236,20261002,47,56875,864,feed,87900,46,47,83940
1791005876,54,0,1359040,20261002,14,13107,225,feed,88500,13,25,87240
1791005876,54,1,1363033,20261002,15,57019,244,feed,88440,14,27,87540
1791005876,61,0,1346549,20261002,30,10628,252,feed,88500,29,76,87120
1791005876,61,0,1346779,20261002,70,43282,-142,feed,88860,69,76,85320
1791005876,62,0,1352535,20261002,1,2611,0,feed,90780,0,29,90780
1791005876,62,1,1352992,20261002,1,56096,0,feed,89100,0,29,89100
1791005876,63,1,1337279,20261002,1,51114,0,feed,89280,0,58,89280
1791005876,63,1,1337463,20261002,48,18685,117,feed,88560,47,58,85680
1791005876,63,0,1342868,20261002,1,15795,0,feed,88920,0,59,88920
1791005876,64,1,1342987,20261002,16,48260,337,feed,88320,15,76,87840
1791005876,64,0,1357126,20261002,35,42427,102,feed,88560,34,43,87000
1791005876,64,0,1360805,20261002,1,52761,0,feed,90900,0,43,90900
1791005876,65,0,1349331,20261002,24,3992,225,feed,88500,23,40,87540
1791005876,68,1,1271497,20261002,45,9932,229,feed,88440,44,61,87060
1791005876,68,0,1272012,20261002,2,9806,12,feed,88920,1,59,88920
1791005876,68,1,1275374,20261002,1,11904,0,feed,90660,0,61,90660
1791005876,68,0,1364160,20261002,80,46708,291,feed,88380,79,87,85320
1791005876,7,1,1355971,20261002,47,16605,8,feed,88680,46,63,85560
1791005876,724,1,1360319,20261002,1,53222,0,feed,90540,0,35,90540
1791005876,724,0,1360571,20261002,1,51846,0,feed,89100,0,33,89100
1791005876,74,0,1357869,20261002,58,57731,-39,feed,88620,57,59,85080
1791005876,74,1,1358047,20261002,52,11751,122,feed,88560,51,61,85440
1791005876,74,0,1358658,20261002,1,51546,0,feed,88680,0,59,88680
1791005876,9,0,1356227,20261002,94,51649,133,feed,88560,93,100,84720
1791005876,9,1,1360016,20261002,93,8073,263,feed,88500,92,111,84240
1791005876,904,1,1270445,20261002,11,56833,82,feed,88800,10,12,87060
1791005876,905,0,1344482,20261002,13,57436,-141,feed,88680,12,16,87000
1791005876,906,0,887366,20261002,2,51434,60,feed,88680,1,2,88560
1791005876,921,1,1356982,20261002,11,17312,285,feed,88380,10,21,87540
1791005876,921,1,1357129,20261002,1,52531,0,feed,89340,0,21,89340
1791005876,921,0,1362150,20261002,1,51544,0,feed,88740,0,21,88740
1791005876,921,0,1362647,20261002,19,50010,124,feed,88560,18,21,86940
1791005876,922,0,1311539,20261002,15,57331,45,feed,88680,14,35,87300
1791005876,922,0,1312003,20261002,1,57314,0,feed,89100,0,35,89100
1791005876,922,1,1315439,20261002,19,57337,-21,feed,88680,18,34,86820
1791005876,922,1,1316757,20261002,1,56100,0,feed,90420,0,34,90420
1791005876,923,0,1264039,20261002,15,56399,889,feed,87840,14,22,86580
1791005876,923,0,1270035,20261002,3,17900,101,feed,88560,2,22,88380
1791005876,923,1,1270270,20261002,6,56528,110,feed,88560,5,23,88140
1791005876,923,0,1275011,20261002,1,56897,0,feed,90540,0,22,90540
1791005876,924,1,1336557,20261002,3,9173,60,feed,88620,2,41,88440
1791005876,924,0,1336700,20261002,28,8920,-171,feed,88680,27,40,85740
1791005876,924,1,1336877,20261002,21,56909,223,feed,88500,20,41,86640
1791005876,924,1,1337520,20261002,34,436,110,feed,88680,33,41,84840
1791005876,924,0,1338637,20261002,40,56823,81,feed,88620,39,40,83940
1791005876,924,0,1338891,20261002,10,81078,369,feed,88380,9,40,87540
1791005876,925,1,1334056,20261002,1,57541,0,feed,88860,0,35,88860
1791005876,925,0,1335004,20261002,34,15882,594,feed,88140,33,35,84840
1791005876,925,0,1358978,20261002,3,1250,150,feed,88560,2,35,88440
1791005876,925,1,1359736,20261002,28,57461,348,feed,88320,27,35,85260
1791006779,10,0,1135133,20261002,1,17994,0,feed,90600,0,31,90600
1791006779,10,1,1276155,20261002,46,17212,221,feed,89340,45,58,87540
1791006779,11,1,1317940,20261002,25,12798,467,feed,89100,24,79,88440
1791006779,11,0,1363985,20261002,23,51795,270,feed,89280,22,79,88620
1791006779,14,1,1331449,20261002,30,16406,100,feed,89460,29,82,88380
1791006779,14,0,1332346,20261002,31,15622,97,feed,89460,30,80,88200
1791006779,17,0,1133935,20261002,3,49499,104,feed,89460,2,31,89280
1791006779,17,0,1136096,20261002,40,1911,-20,feed,89580,39,63,87480
1791006779,17,1,1318865,20261002,9,15522,239,feed,89340,8,65,88920
1791006779,18,1,1356650,20261002,16,14850,150,feed,89580,15,51,88500
1791006779,18,1,1357973,20261002,1,17980,0,feed,90600,0,47,90600
1791006779,18,0,1361243,20261002,38,52309,301,feed,89340,37,47,87360
1791006779,2,0,1331085,20261002,12,14331,38,feed,89520,11,42,88680
1791006779,2,0,1331231,20261002,36,16112,352,feed,89280,35,42,86880
1791006779,2,1,1361291,20261002,18,13239,81,feed,89520,17,42,88380
1791006779,2,1,1361323,20261002,42,57469,607,feed,88980,41,42,86520
1791006779,22,0,1357377,20261002,45,19304,-69,feed,89640,44,81,87300
1791006779,22,1,1357826,20261002,78,15429,298,feed,89280,77,84,84540
1791006779,22,1,1358132,20261002,23,11652,216,feed,89400,22,84,88140
1791006779,3,0,1177470,20261002,1,54097,0,feed,91200,0,65,91200
1791006779,3,1,1179962,20261002,48,49242,197,feed,89400,47,64,87120
1791006779,3,0,1182474,20261002,44,50125,202,feed,89400,43,65,87000
1791006779,3,1,1183491,20261002,1,56100,0,feed,90720,0,65,90720
1791006779,3,0,1185611,20261002,9,19318,27,feed,89520,8,26,88800
1791006779,323,1,1131078,20261002,22,48974,2596,feed,86880,21,25,85860
1791006779,323,0,1134555,20261002,1,51116,2455,feed,87300,0,23,87300
1791006779,323,0,1135529,20261002,11,3199,-85,feed,89580,10,23,89100
1791006779,36,1,1220154,20261002,31,53705,405,feed,89160,30,50,88020
1791006779,36,1,1220639,20261002,1,50160,0,feed,91620,0,50,91620
1791006779,4,0,1131282,20261002,9,3357,-18,feed,89580,8,38,89340
1791006779,4,0,1131574,20261002,47,17937,14,feed,89580,46,89,87780
1791006779,4,1,1355936,20261002,30,16057,267,feed,89280,29,90,88320
1791006779,5,1,1333802,20261002,34,11154,223,feed,89340,33,82,88380
1791006779,5,0,1346219,20261002,25,806,161,feed,89400,24,83,88560
1791006779,515,0,1348963,20261002,5,1823,102,feed,89460,4,49,89340
1791006779,54,0,1359040,20261002,24,57420,371,feed,89220,23,25,87240
1791006779,54,1,1363033,20261002,21,48548,276,feed,89340,20,27,87540
1791006779,61,0,1346549,20261002,50,49672,210,feed,89340,49,76,87120
1791006779,62,0,1352535,20261002,1,2611,0,feed,90780,0,29,90780
1791006779,62,1,1352992,20261002,7,46697,248,feed,89280,6,29,89100
1791006779,63,1,1337279,20261002,7,13586,71,feed,89520,6,58,89280
1791006779,63,0,1342868,20261002,11,18673,341,feed,89220,10,59,88920
1791006779,64,1,1342987,20261002,47,12974,395,feed,89160,46,76,87840
1791006779,64,0,1360805,20261002,1,52761,0,feed,90900,0,43,90900
1791006779,68,0,1272012,20261002,24,9872,32,feed,89520,23,59,88920
1791006779,68,1,1275374,20261002,1,11904,0,feed,90660,0,61,90660
1791006779,7,1,1355971,20261002,59,15444,38,feed,89520,58,63,85560
1791006779,724,1,1360319,20261002,1,53222,0,feed,90540,0,35,90540
1791006779,724,0,1360571,20261002,15,9040,113,feed,89460,14,33,89100
1791006779,74,0,1358658,20261002,14,11770,-104,feed,89580,13,59,88680
1791006779,901,0,892917,20261002,16,51424,660,feed,89040,15,20,87000
1791006779,921,1,1356982,20261002,21,51544,185,feed,89400,20,21,87540
1791006779,921,1,1357129,20261002,2,50015,104,feed,89460,1,21,89340
1791006779,921,0,1362150,20261002,8,56114,-101,feed,89580,7,21,88740
1791006779,922,0,1311539,20261002,25,57328,40,feed,89520,24,35,87300
1791006779,922,0,1312003,20261002,7,57356,-105,feed,89640,6,35,89100
1791006779,922,1,1315439,20261002,29,57357,-24,feed,89700,28,34,86820
1791006779,922,1,1316757,20261002,1,56100,0,feed,90420,0,34,90420
1791006779,923,0,1264039,20261002,21,56826,1164,feed,88380,20,22,86580
1791006779,923,0,1270035,20261002,14,56401,82,feed,89520,13,22,88380
1791006779,923,1,1270270,20261002,17,56317,-24,feed,89580,16,23,88140
1791006779,923,0,1275011,20261002,1,56897,0,feed,90540,0,22,90540
1791006779,924,1,1336557,20261002,13,11161,86,feed,89520,12,41,88440
1791006779,924,0,1336700,20261002,39,9089,-291,feed,89700,38,40,85740
1791006779,924,1,1336877,20261002,28,56916,322,feed,89280,27,41,86640
1791006779,924,1,1337520,20261002,41,56873,171,feed,89280,40,41,84840
1791006779,924,0,1338891,20261002,18,56926,258,feed,89340,17,40,87540
1791006779,925,1,1334056,20261002,7,16112,206,feed,89400,6,35,88860
1791006779,925,0,1358978,20261002,14,42216,171,feed,89400,13,35,88440
1791008580,10,0,1135133,20261002,11,17211,-29,feed,91380,10,31,90600
1791008580,11,1,1317940,20261002,47,53461,423,feed,90960,46,79,88440
1791008580,11,0,1363985,20261002,49,14668,147,feed,91200,48,79,88620
1791008580,14,1,1331449,20261002,53,15619,51,feed,91320,52,82,88380
1791008580,14,0,1332346,20261002,56,8316,160,feed,91260,55,80,88200
1791008580,17,0,1134773,20261002,1,57458,0,feed,93840,0,31,93840
1791008580,17,0,1136096,20261002,56,15494,-48,feed,91380,55,63,87480
1791008580,17,1,1318865,20261002,30,4663,109,feed,91260,29,65,88920
1791008580,18,1,1357973,20261002,12,14850,87,feed,91380,11,47,90600
1791008580,2,0,1331085,20261002,41,57619,-7,feed,91380,40,42,88680
1791008580,22,0,1357377,20261002,63,11188,158,feed,91200,62,81,87300
1791008580,22,1,1358132,20261002,46,16437,164,feed,91200,45,84,88140
1791008580,3,0,1177470,20261002,2,16406,20,feed,91440,1,65,91200
1791008580,3,1,1183491,20261002,10,11893,33,feed,91320,9,65,90720
1791008580,3,0,1185611,20261002,5,17876,2031,feed,89280,4,26,88800
1791008580,36,1,1220639,20261002,1,50160,0,feed,91620,0,50,91620
1791008580,4,0,1131574,20261002,66,20033,-15,feed,91380,65,89,87780
1791008580,4,1,1355936,20261002,49,20047,-24,feed,91380,48,90,88320
1791008580,5,1,1333802,20261002,64,51,42,feed,91320,63,82,88380
1791008580,5,0,1346219,20261002,58,8936,-74,feed,91380,57,83,88560
1791008580,62,0,1352535,20261002,9,11893,98,feed,91260,8,29,90780
1791008580,63,1,1337279,20261002,28,3271,151,feed,91200,27,58,89280
1791008580,63,0,1342868,20261002,41,3152,2,feed,91440,40,59,88920
1791008580,64,1,1342987,20261002,75,52759,886,feed,90540,74,76,87840
1791008580,64,0,1360805,20261002,1,52761,605,feed,90900,0,43,90900
1791008580,68,1,1275374,20261002,14,9896,100,feed,91260,13,61,90660
1791008580,724,1,1360319,20261002,28,9081,41,feed,91320,27,35,90540
1791008580,74,0,1358658,20261002,40,53984,-228,feed,91380,39,59,88680
1791008580,921,1,1357129,20261002,21,51544,167,feed,91200,20,21,89340
1791008580,922,0,1312003,20261002,26,57329,40,feed,91380,25,35,89100
1791008580,922,1,1316757,20261002,10,17013,-68,feed,91440,9,34,90420
1791008580,923,0,1275011,20261002,9,17840,86,feed,91320,8,22,90540
1791008580,924,1,1336557,20261002,26,56914,98,feed,91320,25,41,88440
1791008580,924,0,1338891,20261002,31,8935,51,feed,91380,30,40,87540
1791008580,925,1,1334056,20261002,22,42219,365,feed,91440,21,35,88860
1791008580,925,0,1358978,20261002,27,16130,235,feed,91140,26,35,88440
1791009482,10,0,1135133,20261002,31,57447,-38,feed,92220,30,31,90600
1791009482,11,1,1317940,20261002,67,17722,648,feed,91620,66,79,88440
1791009482,11,0,1363985,20261002,79,49304,149,feed,92160,78,79,88620
1791009482,14,1,1331449,20261002,74,79,57,feed,92220,73,82,88380
1791009482,14,0,1332346,20261002,80,50153,-64,feed,92220,79,80,88200
1791009482,17,0,1134773,20261002,1,57458,0,feed,93840,0,31,93840
1791009482,17,1,1318865,20261002,47,56129,184,feed,92100,46,65,88920
1791009482,18,1,1357973,20261002,28,136,151,feed,92100,27,47,90600
1791009482,22,0,1357377,20261002,81,56825,77,feed,92220,80,81,87300
1791009482,22,1,1358132,20261002,52,15378,552,feed,91740,51,84,88140
1791009482,3,1,1183491,20261002,28,53041,170,feed,92100,27,65,90720
1791009482,36,1,1220639,20261002,11,1117,288,feed,91980,10,50,91620
1791009482,4,0,1131574,20261002,85,11691,245,feed,92040,84,89,87780
1791009482,4,1,1355936,20261002,71,1025,5,feed,92160,70,90,88320
1791009482,63,1,1337279,20261002,50,16952,78,feed,92220,49,58,89280
1791009482,64,0,1360805,20261002,6,11838,1047,feed,91260,5,43,90900
1791009482,68,1,1275374,20261002,48,9938,170,feed,92100,47,61,90660
1791009482,922,1,1316757,20261002,19,57337,-166,feed,92280,18,34,90420
1791009482,923,0,1275011,20261002,19,9263,198,feed,92100,18,22,90540
1791009482,924,1,1336557,20261002,34,436,120,feed,92160,33,41,88440
1791009482,925,1,1334056,20261002,31,1145,201,feed,92100,30,35,88860
1791010379,17,0,1134773,20261002,1,57458,0,feed,93840,0,31,93840
1791010379,18,1,1357973,20261002,46,51842,166,feed,93000,45,47,90600
1791010379,22,1,1358132,20261002,72,19437,533,feed,92640,71,84,88140
1791010379,3,1,1183491,20261002,50,49237,98,feed,93060,49,65,90720
1791010379,36,1,1220639,20261002,37,41126,302,feed,92940,36,50,91620
1791010379,64,0,1360805,20261002,17,81102,1240,feed,91920,16,43,90900
1791010379,922,1,1316757,20261002,29,57357,-62,feed,93300,28,34,90420
1791011286,17,0,1134773,20261002,2,3566,162,feed,93960,1,31,93840
1791011286,3,1,1183491,20261002,61,19313,103,feed,94080,60,65,90720
1791011286,54,1,1342464,20261003,1,56100,0,feed,10800,0,27,10800
1791011286,64,0,1360805,20261002,38,10417,1550,feed,92520,37,43,90900
1791011286,906,0,880861,20261002,2,51434,0,feed,94980,1,2,94860
1791012185,17,0,1134773,20261002,25,57354,69,feed,94920,24,31,93840
1791012185,54,1,1342464,20261003,1,56100,0,feed,10800,0,27,10800
1791013081,54,1,1342464,20261003,1,56100,0,feed,10800,0,27,10800
1791013081,64,1,1358748,20261003,1,42157,0,feed,12660,0,43,12660
1791013081,74,1,1359749,20261003,1,13667,0,feed,12660,0,61,12660
1791013985,54,0,1339932,20261003,1,56875,0,feed,13920,0,25,13920
1791013985,54,1,1342464,20261003,1,56100,0,feed,10800,0,27,10800
1791013985,64,1,1358748,20261003,1,42157,0,feed,12660,0,43,12660
1791013985,74,1,1359749,20261003,1,13667,0,feed,12660,0,61,12660
1791013985,903,0,1264939,20261003,1,57285,0,feed,13620,0,6,13620
1791014886,10,0,1325710,20261003,1,19337,0,feed,14640,0,38,14640
1791014886,3,1,1179679,20261003,1,56100,0,feed,14400,0,65,14400
1791014886,3,0,1323911,20261003,1,54097,0,feed,14280,0,65,14280
1791014886,36,0,1179121,20261003,1,57537,0,feed,14640,0,53,14640
1791014886,54,0,1339932,20261003,1,56875,0,feed,13920,0,25,13920
1791014886,54,1,1342464,20261003,4,57417,175,feed,11100,3,27,10800
1791014886,54,1,1358421,20261003,1,56100,0,feed,14100,0,27,14100
1791014886,64,1,1358748,20261003,1,42157,0,feed,12660,0,43,12660
1791014886,74,1,1359749,20261003,1,13667,0,feed,12660,0,61,12660
1791014886,903,0,1264939,20261003,1,57285,0,feed,13620,0,6,13620
1791014886,922,0,1315676,20261003,1,57314,0,feed,14160,0,35,14160
1791014886,922,1,1317448,20261003,1,56100,0,feed,14160,0,34,14160
1791014886,924,1,1340710,20261003,1,17907,0,feed,14400,0,24,14400
1791014914,10,0,1325710,20261003,1,19337,0,feed,14640,0,38,14640
1791014914,3,1,1179679,20261003,1,56100,0,feed,14400,0,65,14400
1791014914,3,0,1323911,20261003,1,54097,0,feed,14280,0,65,14280
1791014914,36,0,1179121,20261003,1,57537,0,feed,14640,0,53,14640
1791014914,54,0,1339932,20261003,1,56875,0,feed,13920,0,25,13920
1791014914,54,1,1342464,20261003,4,57417,195,feed,11100,3,27,10800
1791014914,54,1,1358421,20261003,1,56100,0,feed,14100,0,27,14100
1791014914,64,1,1358748,20261003,1,42157,0,feed,12660,0,43,12660
1791014914,74,1,1359749,20261003,1,13667,0,feed,12660,0,61,12660
1791014914,903,0,1264939,20261003,1,57285,0,feed,13620,0,6,13620
1791014914,922,0,1315676,20261003,1,57314,0,feed,14160,0,35,14160
1791014914,922,1,1317448,20261003,1,56100,0,feed,14160,0,34,14160
1791014914,924,1,1340710,20261003,1,17907,0,feed,14400,0,24,14400
1791015811,10,0,1325710,20261003,1,19337,0,feed,14640,0,38,14640
1791015811,18,0,1360907,20261003,1,51852,0,feed,14820,0,47,14820
1791015811,3,1,1179679,20261003,1,56100,0,feed,14400,0,65,14400
1791015811,3,0,1323911,20261003,1,54097,0,feed,14280,0,65,14280
1791015811,36,0,1179121,20261003,1,57537,0,feed,14640,0,53,14640
1791015811,4,0,1358661,20261003,1,50231,0,feed,15480,0,89,15480
1791015811,54,0,1339932,20261003,1,56875,0,feed,13920,0,25,13920
1791015811,54,1,1342464,20261003,12,11698,720,feed,11520,11,27,10800
1791015811,54,1,1358421,20261003,1,56100,0,feed,14100,0,27,14100
1791015811,64,1,1358748,20261003,1,42157,0,feed,12660,0,43,12660
1791015811,74,1,1359749,20261003,1,13667,0,feed,12660,0,61,12660
1791015811,903,0,1264939,20261003,1,57285,0,feed,13620,0,6,13620
1791015811,903,1,1273595,20261003,1,56874,0,feed,14940,0,6,14940
1791015811,922,0,1315676,20261003,1,57314,0,feed,14160,0,35,14160
1791015811,922,1,1317448,20261003,1,56100,0,feed,14160,0,34,14160
1791015811,923,1,1268383,20261003,1,57278,0,feed,15300,0,23,15300
1791015811,924,0,1340215,20261003,1,56873,0,feed,15240,0,40,15240
1791015811,924,1,1340710,20261003,1,17907,0,feed,14400,0,24,14400
1791016715,10,0,1325710,20261003,1,19337,0,feed,14640,0,38,14640
1791016715,10,1,1369015,20261003,1,17145,0,feed,,,,
1791016715,11,0,1365035,20261003,1,51828,0,feed,,,,
1791016715,11,1,1368124,20261003,1,49304,0,feed,,,,
1791016715,14,1,1359256,20261003,1,50153,0,feed,15960,0,82,15960
1791016715,18,0,1360907,20261003,1,51852,0,feed,14820,0,47,14820
1791016715,18,1,1368045,20261003,1,56800,0,feed,,,,
1791016715,3,1,1179679,20261003,1,56100,0,feed,14400,0,65,14400
1791016715,3,0,1323911,20261003,1,54097,0,feed,14280,0,65,14280
1791016715,36,0,1179121,20261003,1,57537,0,feed,14640,0,53,14640
1791016715,38,0,1354873,20261003,1,48213,0,feed,,,,
1791016715,4,0,1358661,20261003,1,50231,0,feed,15480,0,89,15480
1791016715,4,1,1368519,20261003,1,14153,0,feed,,,,
1791016715,5,0,1367611,20261003,1,51212,0,feed,,,,
1791016715,5,1,1369298,20261003,1,51846,0,feed,,,,
1791016715,54,0,1339932,20261003,1,56875,0,feed,13920,0,25,13920
1791016715,54,1,1342193,20261003,1,56100,0,feed,16440,0,27,16440
1791016715,54,1,1342464,20261003,21,48548,620,feed,12720,20,27,10800
1791016715,54,0,1352924,20261003,1,56875,0,feed,16020,0,25,16020
1791016715,54,1,1358421,20261003,1,56100,0,feed,14100,0,27,14100
1791016715,63,1,1368235,20261003,1,51114,0,feed,,,,
1791016715,64,1,1358748,20261003,12,12972,121,feed,12960,11,43,12660
1791016715,64,1,1360294,20261003,1,42157,0,feed,16140,0,43,16140
1791016715,68,0,1361346,20261003,2,9806,72,feed,16080,1,87,16080
1791016715,74,1,1358627,20261003,1,13667,0,feed,16200,0,61,16200
1791016715,74,1,1359749,20261003,9,12896,-18,feed,13140,8,61,12660
1791016715,903,0,1264922,20261003,1,57285,0,feed,16620,0,6,16620
1791016715,903,0,1264939,20261003,1,57285,0,feed,13620,0,6,13620
1791016715,903,1,1273595,20261003,1,56874,0,feed,14940,0,6,14940
1791016715,904,0,1368941,20261003,1,56830,0,feed,,,,
1791016715,921,1,1368139,20261003,1,52531,0,feed,,,,
1791016715,921,0,1369011,20261003,1,51544,0,feed,,,,
1791016715,921,1,1369490,20261003,1,52531,0,feed,,,,
1791016715,922,0,1313652,20261003,1,57314,0,feed,15960,0,35,15960
1791016715,922,0,1315676,20261003,1,57314,0,feed,14160,0,35,14160
1791016715,922,1,1316895,20261003,1,56100,0,feed,15960,0,34,15960
1791016715,922,1,1317448,20261003,1,56100,0,feed,14160,0,34,14160
1791016715,923,1,1268383,20261003,1,57278,0,feed,15300,0,23,15300
1791016715,924,1,1339379,20261003,1,56823,0,feed,15900,0,41,15900
1791016715,924,0,1340215,20261003,1,56873,0,feed,15240,0,40,15240
1791016715,924,1,1340710,20261003,1,17907,0,feed,14400,0,24,14400
1791016715,925,0,1263575,20261003,1,53703,0,feed,15840,0,35,15840
1791016715,925,1,1335605,20261003,1,57541,0,feed,16260,0,35,16260
1791017615,10,0,1325710,20261003,1,19337,0,feed,14640,0,38,14640
1791017615,10,1,1369015,20261003,1,17145,0,feed,,,,
1791017615,11,0,1365035,20261003,1,51828,0,feed,,,,
1791017615,11,1,1368124,20261003,1,49304,0,feed,,,,
1791017615,14,1,1359256,20261003,1,50153,0,feed,15960,0,82,15960
1791017615,17,1,1321398,20261003,1,56800,0,feed,17100,0,49,17100
1791017615,18,0,1360907,20261003,1,51852,0,feed,14820,0,47,14820
1791017615,18,1,1368045,20261003,1,56800,0,feed,,,,
1791017615,2,0,1369115,20261003,1,57469,0,feed,,,,
1791017615,3,1,1179679,20261003,1,56100,0,feed,14400,0,65,14400
1791017615,3,0,1323911,20261003,1,54097,0,feed,14280,0,65,14280
1791017615,36,0,1179121,20261003,1,57537,0,feed,14640,0,53,14640
1791017615,36,0,1180803,20261003,1,57537,0,feed,16980,0,53,16980
1791017615,38,0,1350999,20261003,1,48213,0,feed,,,,
1791017615,38,0,1354873,20261003,1,48213,0,feed,,,,
1791017615,38,1,1367051,20261003,1,42032,0,feed,,,,
1791017615,4,0,1358661,20261003,1,50231,0,feed,15480,0,89,15480
1791017615,4,1,1368519,20261003,1,14153,0,feed,,,,
1791017615,5,0,1367611,20261003,1,51212,0,feed,,,,
1791017615,5,1,1369298,20261003,1,51846,0,feed,,,,
1791017615,54,0,1339932,20261003,2,41259,49,feed,13980,1,25,13920
1791017615,54,1,1342193,20261003,1,56100,0,feed,16440,0,27,16440
1791017615,54,0,1352924,20261003,1,56875,0,feed,16020,0,25,16020
1791017615,54,1,1358421,20261003,1,56100,0,feed,14100,0,27,14100
1791017615,61,1,1364848,20261003,1,52761,0,feed,,,,
1791017615,63,1,1368235,20261003,1,51114,0,feed,,,,
1791017615,64,1,1358748,20261003,34,11818,304,feed,13680,33,43,12660
1791017615,64,1,1360294,20261003,1,42157,0,feed,16140,0,43,16140
1791017615,65,1,1350580,20261003,1,57690,0,feed,16800,0,38,16800
1791017615,68,0,1361346,20261003,2,9806,72,feed,16080,1,87,16080
1791017615,74,1,1358627,20261003,1,13667,0,feed,16200,0,61,16200
1791017615,74,1,1359749,20261003,23,43282,160,feed,13920,22,61,12660
1791017615,903,0,1264922,20261003,1,57285,0,feed,16620,0,6,16620
1791017615,903,0,1264939,20261003,5,56511,-16,feed,14280,4,6,13620
1791017615,903,1,1273595,20261003,1,56874,0,feed,14940,0,6,14940
1791017615,904,0,1364379,20261003,1,56830,0,feed,,,,
1791017615,904,0,1366866,20261003,1,56830,0,feed,,,,
1791017615,904,0,1368941,20261003,1,56830,0,feed,,,,
1791017615,921,1,1368139,20261003,1,52531,0,feed,,,,
1791017615,921,0,1369011,20261003,1,51544,0,feed,,,,
1791017615,921,0,1369174,20261003,1,51544,0,feed,,,,
1791017615,921,1,1369490,20261003,1,52531,0,feed,,,,
1791017615,922,0,1313652,20261003,1,57314,0,feed,15960,0,35,15960
1791017615,922,0,1315676,20261003,1,57314,0,feed,14160,0,35,14160
1791017615,922,1,1316895,20261003,1,56100,0,feed,15960,0,34,15960
1791017615,922,1,1317448,20261003,1,56100,0,feed,14160,0,34,14160
1791017615,923,1,1268383,20261003,1,57278,0,feed,15300,0,23,15300
1791017615,923,0,1270047,20261003,1,56897,0,feed,17580,0,22,17580
1791017615,924,1,1339379,20261003,1,56823,0,feed,15900,0,41,15900
1791017615,924,0,1340215,20261003,1,56873,0,feed,15240,0,40,15240
1791017615,924,1,1340710,20261003,1,17907,0,feed,14400,0,24,14400
1791017615,925,0,1263575,20261003,1,53703,0,feed,15840,0,35,15840
1791017615,925,1,1335605,20261003,1,57541,0,feed,16260,0,35,16260
1791018515,10,0,1135608,20261003,1,17994,0,feed,18120,0,24,18120
1791018515,10,0,1325710,20261003,3,80861,89,feed,14700,2,38,14640
1791018515,10,1,1369015,20261003,1,17145,0,feed,,,,
1791018515,11,0,1365035,20261003,1,51828,0,feed,,,,
1791018515,11,1,1368124,20261003,1,49304,0,feed,,,,
1791018515,14,1,1359256,20261003,1,50153,0,feed,15960,0,82,15960
1791018515,17,1,1321398,20261003,1,56800,0,feed,17100,0,49,17100
1791018515,18,0,1360907,20261003,3,1436,21,feed,14880,2,47,14820
1791018515,18,0,1367493,20261003,1,51852,0,feed,,,,
1791018515,18,1,1367736,20261003,1,17980,0,feed,,,,
1791018515,18,1,1368045,20261003,2,19294,77,feed,,,,
1791018515,2,0,1369115,20261003,1,57469,0,feed,,,,
1791018515,22,1,1367416,20261003,1,17907,0,feed,,,,
1791018515,3,1,1179679,20261003,8,56164,24,feed,14880,7,65,14400
1791018515,3,0,1180125,20261003,1,54097,0,feed,18180,0,64,18180
1791018515,3,1,1322860,20261003,1,56100,0,feed,18300,0,65,18300
1791018515,3,0,1323911,20261003,7,19315,35,feed,14880,6,65,14280
1791018515,36,0,1179121,20261003,6,53521,-11,feed,14820,5,53,14640
1791018515,36,0,1180803,20261003,1,57537,0,feed,16980,0,53,16980
1791018515,38,0,1350999,20261003,1,48213,0,feed,,,,
1791018515,38,0,1354873,20261003,1,48213,0,feed,,,,
1791018515,38,1,1367051,20261003,1,42032,0,feed,,,,
1791018515,4,0,1358661,20261003,1,50231,0,feed,15480,0,89,15480
1791018515,4,1,1368519,20261003,1,14153,0,feed,,,,
1791018515,5,0,1367611,20261003,1,51212,0,feed,,,,
1791018515,5,1,1369298,20261003,1,51846,0,feed,,,,
1791018515,54,0,1320443,20261003,1,56875,0,feed,18120,0,25,18120
1791018515,54,0,1339932,20261003,10,13096,40,feed,14880,9,25,13920
1791018515,54,1,1342193,20261003,1,56100,0,feed,16440,0,27,16440
1791018515,54,0,1352924,20261003,1,56875,0,feed,16020,0,25,16020
1791018515,54,1,1358421,20261003,13,13117,-72,feed,14880,12,27,14100
1791018515,54,1,1359664,20261003,1,56100,0,feed,18240,0,27,18240
1791018515,61,1,1364848,20261003,1,52761,0,feed,,,,
1791018515,61,0,1369100,20261003,1,17905,0,feed,,,,
1791018515,62,1,1360353,20261003,1,49141,0,feed,18060,0,83,18060
1791018515,62,0,1368282,20261003,1,328,0,feed,,,,
1791018515,63,1,1368235,20261003,1,51114,0,feed,,,,
1791018515,64,0,1358471,20261003,1,52761,0,feed,18360,0,78,18360
1791018515,64,1,1359200,20261003,1,52015,0,feed,17880,0,76,17880
1791018515,64,1,1360294,20261003,1,42157,0,feed,16140,0,43,16140
1791018515,65,1,1350580,20261003,1,57690,0,feed,16800,0,38,16800
1791018515,68,0,1361346,20261003,2,9806,72,feed,16080,1,87,16080
1791018515,68,1,1363239,20261003,1,11904,0,feed,17760,0,103,17760
1791018515,686,0,1334512,20261003,1,47705,0,feed,17700,0,3,17700
1791018515,724,1,1368142,20261003,1,53222,0,feed,,,,
1791018515,74,1,1358627,20261003,1,13667,0,feed,16200,0,61,16200
1791018515,74,1,1359749,20261003,36,11696,20,feed,14880,35,61,12660
1791018515,903,0,1264922,20261003,1,57285,0,feed,16620,0,6,16620
1791018515,903,1,1273595,20261003,1,56874,0,feed,14940,0,6,14940
1791018515,904,0,1364379,20261003,1,56830,0,feed,,,,
1791018515,904,0,1366866,20261003,1,56830,0,feed,,,,
1791018515,904,1,1367524,20261003,1,56800,0,feed,,,,
1791018515,904,0,1368941,20261003,1,56830,0,feed,,,,
1791018515,905,1,1343911,20261003,1,57441,0,feed,17640,0,16,17640
1791018515,921,1,1364389,20261003,1,52531,0,feed,,,,
1791018515,921,1,1368139,20261003,1,52531,0,feed,,,,
1791018515,921,0,1369011,20261003,1,51544,0,feed,,,,
1791018515,921,0,1369174,20261003,1,51544,0,feed,,,,
1791018515,921,1,1369490,20261003,2,50015,284,feed,,,,
1791018515,922,0,1312178,20261003,1,57314,0,feed,17760,0,35,17760
1791018515,922,0,1313652,20261003,1,57314,0,feed,15960,0,35,15960
1791018515,922,1,1313829,20261003,1,56100,0,feed,17760,0,34,17760
1791018515,922,0,1315676,20261003,8,57359,51,feed,14760,7,35,14160
1791018515,922,1,1316895,20261003,1,56100,0,feed,15960,0,34,15960
1791018515,922,1,1317448,20261003,8,17031,115,feed,14880,7,34,14160
1791018515,923,1,1268383,20261003,1,57278,0,feed,15300,0,23,15300
1791018515,923,0,1270047,20261003,1,56897,0,feed,17580,0,22,17580
1791018515,924,1,1339379,20261003,1,56823,0,feed,15900,0,41,15900
1791018515,924,0,1340215,20261003,1,56873,0,feed,15240,0,40,15240
1791018515,924,1,1340453,20261003,1,56823,0,feed,18240,0,41,18240
1791018515,924,1,1340710,20261003,7,56912,56,feed,14880,6,24,14400
1791018515,924,0,1340752,20261003,1,56873,0,feed,17640,0,40,17640
1791018515,925,0,1263575,20261003,1,53703,0,feed,15840,0,35,15840
1791018515,925,0,1334991,20261003,1,53703,0,feed,18240,0,35,18240
1791018515,925,1,1335605,20261003,1,57541,0,feed,16260,0,35,16260
1791019411,10,0,1135608,20261003,1,17994,0,feed,18120,0,24,18120
1791019411,10,0,1325710,20261003,17,17215,146,feed,15720,16,38,14640
1791019411,10,1,1369015,20261003,1,17145,0,feed,,,,
1791019411,11,0,1365035,20261003,1,51828,0,feed,,,,
1791019411,11,1,1368124,20261003,1,49304,0,feed,,,,
1791019411,11,1,1369121,20261003,1,49304,0,feed,,,,
1791019411,14,1,1359256,20261003,1,50153,0,feed,15960,0,82,15960
1791019411,14,0,1359826,20261003,1,4345,0,feed,19140,0,80,19140
1791019411,17,1,1321398,20261003,1,56800,0,feed,17100,0,49,17100
1791019411,17,0,1369463,20261003,1,57458,0,feed,,,,
1791019411,18,0,1360907,20261003,21,57377,12,feed,15780,20,47,14820
1791019411,18,0,1367493,20261003,1,51852,0,feed,,,,
1791019411,18,1,1367736,20261003,1,17980,0,feed,,,,
1791019411,18,1,1368045,20261003,12,1202,218,feed,,,,
1791019411,2,1,1274713,20261003,1,50670,0,feed,18960,0,34,18960
1791019411,2,0,1369115,20261003,1,57469,0,feed,,,,
1791019411,22,1,1367416,20261003,1,17907,0,feed,,,,
1791019411,22,0,1368057,20261003,1,4558,0,feed,,,,
1791019411,22,1,1368812,20261003,1,56825,0,feed,,,,
1791019411,3,1,1179679,20261003,28,53041,35,feed,15780,27,65,14400
1791019411,3,0,1180125,20261003,1,54097,0,feed,18180,0,64,18180
1791019411,3,1,1322860,20261003,1,56100,0,feed,18300,0,65,18300
1791019411,3,0,1323911,20261003,21,16093,41,feed,15720,20,65,14280
1791019411,36,1,1178660,20261003,1,50160,0,feed,,,,
1791019411,36,0,1179121,20261003,30,6239,-18,feed,15840,29,53,14640
1791019411,36,0,1180803,20261003,1,57537,0,feed,16980,0,53,16980
1791019411,36,0,1368734,20261003,1,57537,0,feed,,,,
1791019411,38,0,1350999,20261003,1,48213,0,feed,,,,
1791019411,38,0,1354873,20261003,2,52523,28,feed,,,,
1791019411,38,1,1367051,20261003,1,42032,0,feed,,,,
1791019411,4,0,1132936,20261003,1,50231,0,feed,19020,0,89,19020
1791019411,4,0,1358661,20261003,2,57159,389,feed,15540,1,89,15480
1791019411,4,1,1368519,20261003,1,14153,0,feed,,,,
1791019411,5,0,1367611,20261003,1,51212,0,feed,,,,
1791019411,5,1,1369298,20261003,1,51846,0,feed,,,,
1791019411,54,0,1320443,20261003,1,56875,0,feed,18120,0,25,18120
1791019411,54,0,1339932,20261003,23,57418,163,feed,15660,22,25,13920
1791019411,54,1,1342193,20261003,1,56100,0,feed,16440,0,27,16440
1791019411,54,0,1352924,20261003,1,56875,0,feed,16020,0,25,16020
1791019411,54,1,1358421,20261003,21,48548,113,feed,16020,20,27,14100
1791019411,54,1,1359664,20261003,1,56100,0,feed,18240,0,27,18240
1791019411,61,1,1364848,20261003,1,52761,0,feed,,,,
1791019411,61,1,1365293,20261003,1,52761,0,feed,,,,
1791019411,61,0,1369100,20261003,1,17905,0,feed,,,,
1791019411,62,1,1360353,20261003,1,49141,0,feed,18060,0,83,18060
1791019411,62,0,1368282,20261003,1,328,0,feed,,,,
1791019411,63,1,1368235,20261003,1,51114,0,feed,,,,
1791019411,64,0,1358471,20261003,1,52761,0,feed,18360,0,78,18360
1791019411,64,1,1359200,20261003,1,52015,0,feed,17880,0,76,17880
1791019411,64,1,1360294,20261003,1,42157,0,feed,16140,0,43,16140
1791019411,65,0,1349474,20261003,3,80985,208,feed,18720,2,40,18600
1791019411,65,1,1350580,20261003,1,57690,477,feed,16800,0,38,16800
1791019411,68,0,1361346,20261003,2,9806,72,feed,16080,1,87,16080
1791019411,68,1,1363239,20261003,1,11904,0,feed,17760,0,103,17760
1791019411,686,0,1334512,20261003,1,47705,0,feed,17700,0,3,17700
1791019411,7,0,1358889,20261003,1,51779,0,feed,18360,0,67,18360
1791019411,724,1,1368142,20261003,1,53222,0,feed,,,,
1791019411,74,1,1358627,20261003,1,13667,0,feed,16200,0,61,16200
1791019411,74,1,1359749,20261003,58,56128,-76,feed,15840,57,61,12660
1791019411,9,1,1368468,20261003,1,51551,0,feed,,,,
1791019411,901,0,894452,20261003,2,56330,120,feed,15840,1,7,15720
1791019411,902,1,897379,20261003,1,56026,0,feed,15960,0,24,15960
1791019411,903,0,1264922,20261003,1,57285,0,feed,16620,0,6,16620
1791019411,903,1,1268813,20261003,1,56874,0,feed,18540,0,6,18540
1791019411,903,1,1273595,20261003,4,48179,124,feed,15720,3,6,14940
1791019411,904,0,1364379,20261003,1,56830,0,feed,,,,
1791019411,904,0,1366866,20261003,1,56830,0,feed,,,,
1791019411,904,1,1367524,20261003,1,56800,0,feed,,,,
1791019411,904,1,1367966,20261003,1,56800,0,feed,,,,
1791019411,904,0,1368153,20261003,1,56830,0,feed,,,,
1791019411,904,0,1368941,20261003,2,56829,19,feed,,,,
1791019411,905,1,1343911,20261003,1,57441,0,feed,17640,0,16,17640
1791019411,905,0,1344311,20261003,1,52761,0,feed,18600,0,16,18600
1791019411,921,1,1364389,20261003,1,52531,0,feed,,,,
1791019411,921,0,1368087,20261003,1,51544,0,feed,,,,
1791019411,921,1,1368139,20261003,1,52531,0,feed,,,,
1791019411,921,0,1369011,20261003,1,51544,0,feed,,,,
1791019411,921,0,1369174,20261003,1,51544,0,feed,,,,
1791019411,921,1,1369490,20261003,10,17312,241,feed,,,,
1791019411,922,0,1312178,20261003,1,57314,0,feed,17760,0,35,17760
1791019411,922,0,1313652,20261003,1,57314,0,feed,15960,0,35,15960
1791019411,922,1,1313829,20261003,1,56100,0,feed,17760,0,34,17760
1791019411,922,1,1315465,20261003,1,56100,0,feed,18660,0,34,18660
1791019411,922,0,1315676,20261003,16,57325,256,feed,15540,15,35,14160
1791019411,922,1,1316895,20261003,1,56100,0,feed,15960,0,34,15960
1791019411,922,1,1317448,20261003,17,57334,96,feed,15720,16,34,14160
1791019411,923,1,1268383,20261003,7,9674,41,feed,15840,6,23,15300
1791019411,923,0,1270047,20261003,1,56897,0,feed,17580,0,22,17580
1791019411,923,1,1273616,20261003,1,57278,0,feed,18840,0,23,18840
1791019411,924,1,1337446,20261003,1,56823,0,feed,19140,0,41,19140
1791019411,924,1,1339379,20261003,1,56823,0,feed,15900,0,41,15900
1791019411,924,0,1340215,20261003,8,643,125,feed,15720,7,40,15240
1791019411,924,0,1340380,20261003,1,56873,0,feed,18540,0,40,18540
1791019411,924,1,1340453,20261003,1,56823,0,feed,18240,0,41,18240
1791019411,924,1,1340710,20261003,17,436,55,feed,15840,16,24,14400
1791019411,924,0,1340752,20261003,1,56873,0,feed,17640,0,40,17640
1791019411,925,0,1263575,20261003,1,53703,0,feed,15840,0,35,15840
1791019411,925,1,1334308,20261003,1,57541,0,feed,18660,0,35,18660
1791019411,925,0,1334991,20261003,1,53703,0,feed,18240,0,35,18240
1791019411,925,1,1335605,20261003,1,57541,0,feed,16260,0,35,16260
1791020315,10,0,1135608,20261003,1,17994,0,feed,18120,0,24,18120
1791020315,10,1,1325926,20261003,1,49303,0,feed,20220,0,33,20220
1791020315,10,1,1369015,20261003,15,17187,-38,feed,,,,
1791020315,11,1,1333457,20261003,1,49304,0,feed,19500,0,79,19500
1791020315,11,0,1365035,20261003,21,17754,84,feed,,,,
1791020315,11,1,1368124,20261003,27,14650,103,feed,,,,
1791020315,11,1,1369121,20261003,1,49304,0,feed,,,,
1791020315,11,0,1369329,20261003,1,51828,0,feed,,,,
1791020315,14,1,1331138,20261003,1,50153,0,feed,19500,0,82,19500
1791020315,14,1,1359256,20261003,17,8332,217,feed,16500,16,82,15960
1791020315,14,0,1359826,20261003,1,4345,0,feed,19140,0,80,19140
1791020315,17,1,1321194,20261003,1,17192,0,feed,19920,0,65,19920
1791020315,17,1,1321398,20261003,1,56800,0,feed,17100,0,49,17100
1791020315,17,0,1369463,20261003,1,57458,0,feed,,,,
1791020315,18,0,1360907,20261003,38,52309,-43,feed,16740,37,47,14820
1791020315,18,0,1361020,20261003,1,51852,0,feed,19860,0,51,19860
1791020315,18,0,1367493,20261003,1,51852,0,feed,,,,
1791020315,18,1,1367736,20261003,1,17980,0,feed,,,,
1791020315,18,1,1368045,20261003,27,1225,447,feed,,,,
1791020315,18,1,1368865,20261003,1,56800,0,feed,,,,
1791020315,2,1,1274713,20261003,1,50670,0,feed,18960,0,34,18960
1791020315,2,0,1318533,20261003,1,57469,0,feed,19680,0,34,19680
1791020315,2,0,1369115,20261003,1,57469,0,feed,,,,
1791020315,22,1,1367416,20261003,1,17907,0,feed,,,,
1791020315,22,0,1368057,20261003,1,4558,0,feed,,,,
1791020315,22,1,1368812,20261003,1,56825,0,feed,,,,
1791020315,3,1,1179679,20261003,50,49237,103,feed,16620,49,65,14400
1791020315,3,0,1180125,20261003,1,54097,0,feed,18180,0,64,18180
1791020315,3,1,1322860,20261003,1,56100,0,feed,18300,0,65,18300
1791020315,3,1,1323618,20261003,1,56100,0,feed,20040,0,65,20040
1791020315,3,0,1323911,20261003,46,5556,36,feed,16680,45,65,14280
1791020315,36,1,1178660,20261003,1,50160,0,feed,,,,
1791020315,36,0,1179121,20261003,52,17040,161,feed,16560,51,53,14640
1791020315,36,0,1180803,20261003,1,57537,0,feed,16980,0,53,16980
1791020315,36,0,1368734,20261003,1,57537,0,feed,,,,
1791020315,38,0,1350999,20261003,1,48213,0,feed,,,,
1791020315,38,0,1354181,20261003,1,48213,0,feed,,,,
1791020315,38,0,1354873,20261003,25,51029,104,feed,,,,
1791020315,38,1,1355670,20261003,1,16494,0,feed,,,,
1791020315,38,1,1367051,20261003,1,42032,0,feed,,,,
1791020315,4,0,1132936,20261003,1,50231,0,feed,19020,0,89,19020
1791020315,4,1,1357342,20261003,1,14153,0,feed,19500,0,85,19500
1791020315,4,0,1358661,20261003,27,1857,325,feed,16380,26,89,15480
1791020315,4,1,1368519,20261003,23,16041,112,feed,,,,
1791020315,5,0,1367165,20261003,1,51212,0,feed,,,,
1791020315,5,0,1367611,20261003,22,801,41,feed,,,,
1791020315,5,1,1369298,20261003,30,11149,28,feed,,,,
1791020315,54,0,1320443,20261003,1,56875,0,feed,18120,0,25,18120
1791020315,54,1,1342193,20261003,2,57419,73,feed,16620,1,27,16440
1791020315,54,0,1346538,20261003,1,56875,0,feed,19560,0,46,19560
1791020315,54,0,1352924,20261003,8,56939,238,feed,16620,7,25,16020
1791020315,54,1,1354430,20261003,1,42319,0,feed,20220,0,47,20220
1791020315,54,1,1359664,20261003,1,56100,0,feed,18240,0,27,18240
1791020315,54,1,1359849,20261003,1,56100,0,feed,19980,0,27,19980
1791020315,61,0,1364707,20261003,1,17905,0,feed,,,,
1791020315,61,1,1364848,20261003,1,52761,0,feed,,,,
1791020315,61,1,1365293,20261003,1,52761,0,feed,,,,
1791020315,61,0,1369100,20261003,1,17905,0,feed,,,,
1791020315,62,0,1349339,20261003,1,328,0,feed,19800,0,86,19800
1791020315,62,1,1360353,20261003,1,49141,0,feed,18060,0,83,18060
1791020315,62,1,1362669,20261003,1,49141,0,feed,19560,0,83,19560
1791020315,62,0,1368282,20261003,1,328,0,feed,,,,
1791020315,63,0,1346603,20261003,1,15795,0,feed,,,,
1791020315,63,1,1347772,20261003,1,51114,0,feed,,,,
1791020315,63,1,1368235,20261003,8,13587,18,feed,,,,
1791020315,64,0,1358471,20261003,1,52761,0,feed,18360,0,78,18360
1791020315,64,1,1359200,20261003,1,52015,0,feed,17880,0,76,17880
1791020315,64,1,1360294,20261003,19,12934,6,feed,16680,18,43,16140
1791020315,65,0,1349474,20261003,3,80985,106,feed,18720,2,40,18600
1791020315,65,1,1349632,20261003,1,57690,0,feed,19680,0,38,19680
1791020315,65,1,1350580,20261003,1,57690,348,feed,16800,0,38,16800
1791020315,68,0,1361346,20261003,22,9870,73,feed,16620,21,87,16080
1791020315,68,1,1363239,20261003,1,11904,0,feed,17760,0,103,17760
1791020315,68,1,1366827,20261003,1,57511,0,feed,,,,
1791020315,68,0,1369150,20261003,2,9806,46,feed,,,,
1791020315,686,0,1334512,20261003,1,47705,0,feed,17700,0,3,17700
1791020315,686,1,1335581,20261003,1,56939,0,feed,19440,0,4,19440
1791020315,7,0,1358889,20261003,1,51779,0,feed,18360,0,67,18360
1791020315,7,0,1359381,20261003,1,51779,0,feed,20040,0,64,20040
1791020315,724,0,1132223,20261003,1,51846,0,feed,20100,0,33,20100
1791020315,724,1,1368142,20261003,1,53222,0,feed,,,,
1791020315,74,1,1358627,20261003,8,49651,64,feed,16620,7,61,16200
1791020315,74,1,1359531,20261003,1,13667,0,feed,19800,0,61,19800
1791020315,74,0,1359900,20261003,1,51546,0,feed,19440,0,59,19440
1791020315,87,0,1351243,20261003,1,51892,0,feed,20040,0,71,20040
1791020315,9,0,1360500,20261003,1,3012,0,feed,19860,0,87,19860
1791020315,9,1,1368468,20261003,1,51551,0,feed,,,,
1791020315,901,0,881610,20261003,1,51405,0,feed,17520,0,20,17520
1791020315,901,0,977233,20261003,11,51429,180,feed,16500,10,20,15180
1791020315,902,1,884312,20261003,1,56026,0,feed,16860,0,24,16860
1791020315,902,1,897379,20261003,6,56031,120,feed,16560,5,24,15960
1791020315,903,0,1264922,20261003,1,57285,63,feed,16620,0,6,16620
1791020315,903,0,1267047,20261003,1,57285,0,feed,20220,0,6,20220
1791020315,903,1,1268813,20261003,1,56874,0,feed,18540,0,6,18540
1791020315,904,1,1274207,20261003,1,56800,0,feed,19860,0,12,19860
1791020315,904,0,1364379,20261003,2,56829,-46,feed,,,,
1791020315,904,0,1366866,20261003,1,56830,0,feed,,,,
1791020315,904,0,1367137,20261003,1,56830,0,feed,,,,
1791020315,904,1,1367524,20261003,1,56800,0,feed,,,,
1791020315,904,1,1367966,20261003,1,56800,0,feed,,,,
1791020315,904,0,1368153,20261003,1,56830,0,feed,,,,
1791020315,904,0,1368941,20261003,6,48084,114,feed,,,,
1791020315,905,1,1343911,20261003,1,57441,0,feed,17640,0,16,17640
1791020315,905,1,1343963,20261003,1,57441,0,feed,19440,0,16,19440
1791020315,905,0,1344311,20261003,1,52761,0,feed,18600,0,16,18600
1791020315,921,1,1364389,20261003,1,52531,0,feed,,,,
1791020315,921,1,1367011,20261003,1,52531,0,feed,,,,
1791020315,921,0,1368087,20261003,1,51544,0,feed,,,,
1791020315,921,1,1368139,20261003,2,50015,276,feed,,,,
1791020315,921,0,1368770,20261003,1,51544,0,feed,,,,
1791020315,921,0,1369011,20261003,8,56114,83,feed,,,,
1791020315,921,0,1369174,20261003,1,51544,0,feed,,,,
1791020315,922,0,1312178,20261003,1,57314,0,feed,17760,0,35,17760
1791020315,922,1,1313829,20261003,1,56100,0,feed,17760,0,34,17760
1791020315,922,0,1314802,20261003,1,57314,0,feed,19560,0,35,19560
1791020315,922,1,1315465,20261003,1,56100,0,feed,18660,0,34,18660
1791020315,922,0,1315676,20261003,25,57328,378,feed,16260,24,35,14160
1791020315,922,1,1316207,20261003,1,56100,0,feed,19560,0,34,19560
1791020315,922,1,1316895,20261003,7,11888,87,feed,16560,6,34,15960
1791020315,922,1,1317448,20261003,25,16871,207,feed,16500,24,34,14160
1791020315,923,1,1268383,20261003,17,56317,125,feed,16620,16,23,15300
1791020315,923,0,1270047,20261003,1,56897,0,feed,17580,0,22,17580
1791020315,923,0,1271835,20261003,1,56897,0,feed,19500,0,22,19500
1791020315,923,1,1273616,20261003,1,57278,0,feed,18840,0,23,18840
1791020315,924,1,1337446,20261003,1,56823,0,feed,19140,0,41,19140
1791020315,924,1,1339379,20261003,10,11146,38,feed,16680,9,41,15900
1791020315,924,0,1339681,20261003,1,56873,0,feed,19440,0,40,19440
1791020315,924,1,1340068,20261003,1,56823,0,feed,20040,0,41,20040
1791020315,924,0,1340215,20261003,17,52300,-47,feed,16740,16,40,15240
1791020315,924,0,1340380,20261003,1,56873,0,feed,18540,0,40,18540
1791020315,924,1,1340453,20261003,1,56823,0,feed,18240,0,41,18240
1791020315,924,0,1340752,20261003,1,56873,0,feed,17640,0,40,17640
1791020315,925,0,1263575,20261003,13,1316,-36,feed,16740,12,35,15840
1791020315,925,0,1333578,20261003,1,53703,0,feed,19380,0,35,19380
1791020315,925,1,1334308,20261003,1,57541,0,feed,18660,0,35,18660
1791020315,925,0,1334991,20261003,1,53703,0,feed,18240,0,35,18240
1791020315,925,1,1335384,20261003,1,57541,0,feed,19860,0,35,19860
1791020315,925,1,1335605,20261003,3,15884,262,feed,16440,2,35,16260
1791021209,10,0,1135608,20261003,1,17994,0,feed,18120,0,24,18120
1791021209,10,1,1325603,20261003,1,57165,0,feed,,,,
1791021209,10,1,1325926,20261003,1,49303,0,feed,20220,0,33,20220
1791021209,11,1,1333457,20261003,1,49304,0,feed,19500,0,79,19500
1791021209,11,0,1365035,20261003,39,17994,-174,feed,,,,
1791021209,11,1,1368124,20261003,42,17980,-415,feed,,,,
1791021209,11,1,1369121,20261003,1,49304,0,feed,,,,
1791021209,11,0,1369329,20261003,1,51828,0,feed,,,,
1791021209,14,1,1331138,20261003,1,50153,0,feed,19500,0,82,19500
1791021209,14,1,1359256,20261003,36,17881,277,feed,17340,35,82,15960
1791021209,14,0,1359826,20261003,1,4345,0,feed,19140,0,80,19140
1791021209,17,1,1321194,20261003,1,17192,0,feed,19920,0,65,19920
1791021209,17,1,1321398,20261003,5,17980,-282,feed,17400,4,49,17100
1791021209,17,0,1323369,20261003,1,57458,0,feed,21120,0,63,21120
1791021209,17,0,1369463,20261003,1,57458,0,feed,,,,
1791021209,18,0,1361020,20261003,1,51852,0,feed,19860,0,51,19860
1791021209,18,0,1367077,20261003,1,51852,0,feed,,,,
1791021209,18,0,1367493,20261003,1,51852,24,feed,,,,
1791021209,18,1,1367736,20261003,1,17980,0,feed,,,,
1791021209,18,1,1368045,20261003,44,1350,619,feed,,,,
1791021209,18,1,1368865,20261003,1,56800,0,feed,,,,
1791021209,2,1,1274713,20261003,1,50670,0,feed,18960,0,34,18960
1791021209,2,0,1318533,20261003,1,57469,0,feed,19680,0,34,19680
1791021209,2,0,1369115,20261003,16,56927,3,feed,,,,
1791021209,215,0,1267487,20261003,1,49979,0,feed,20640,0,30,20640
1791021209,22,1,1356719,20261003,1,56825,0,feed,21060,0,87,21060
1791021209,22,0,1365656,20261003,1,4558,0,feed,,,,
1791021209,22,1,1367416,20261003,1,17907,0,feed,,,,
1791021209,22,0,1368057,20261003,1,4558,0,feed,,,,
1791021209,22,1,1368812,20261003,1,56825,0,feed,,,,
1791021209,25,1,1325879,20261003,1,57166,0,feed,20940,0,89,20940
1791021209,3,1,1179679,20261003,59,17902,448,feed,17280,58,65,14400
1791021209,3,0,1180125,20261003,1,54097,177,feed,18180,0,64,18180
1791021209,3,1,1322860,20261003,1,56100,0,feed,18300,0,65,18300
1791021209,3,1,1323618,20261003,1,56100,0,feed,20040,0,65,20040
1791021209,3,0,1323911,20261003,57,975,263,feed,17220,56,65,14280
1791021209,323,1,1137363,20261003,1,57508,0,feed,21120,0,25,21120
1791021209,36,1,1177722,20261003,1,50160,0,feed,20820,0,50,20820
1791021209,36,1,1178660,20261003,1,50160,0,feed,,,,
1791021209,36,0,1180417,20261003,1,57537,0,feed,20580,0,53,20580
1791021209,36,0,1180803,20261003,19,50601,-104,feed,17700,18,53,16980
1791021209,36,0,1368734,20261003,1,57537,0,feed,,,,
1791021209,38,0,1349537,20261003,1,48213,0,feed,,,,
1791021209,38,0,1350999,20261003,1,48213,0,feed,,,,
1791021209,38,1,1353164,20261003,1,42032,0,feed,,,,
1791021209,38,0,1354181,20261003,1,48213,0,feed,,,,
1791021209,38,0,1354873,20261003,41,4834,375,feed,,,,
1791021209,38,1,1355670,20261003,1,16494,0,feed,,,,
1791021209,38,1,1367051,20261003,3,56126,79,feed,,,,
1791021209,4,0,1132936,20261003,1,50231,0,feed,19020,0,89,19020
1791021209,4,1,1357342,20261003,1,14153,0,feed,19500,0,85,19500
1791021209,4,0,1358661,20261003,49,17941,332,feed,17280,48,89,15480
1791021209,4,1,1368519,20261003,40,17923,-235,feed,,,,
1791021209,5,0,1367165,20261003,1,51212,0,feed,,,,
1791021209,5,0,1367611,20261003,37,17902,-417,feed,,,,
1791021209,5,1,1369298,20261003,46,17907,-358,feed,,,,
1791021209,54,0,1320443,20261003,1,56875,0,feed,18120,0,25,18120
1791021209,54,1,1342193,20261003,16,13128,240,feed,17400,15,27,16440
1791021209,54,0,1346538,20261003,1,56875,0,feed,19560,0,46,19560
1791021209,54,0,1352924,20261003,18,11740,229,feed,17400,17,25,16020
1791021209,54,1,1354430,20261003,1,42319,0,feed,20220,0,47,20220
1791021209,54,0,1359180,20261003,1,56875,0,feed,21060,0,25,21060
1791021209,54,1,1359664,20261003,1,56100,0,feed,18240,0,27,18240
1791021209,54,1,1359849,20261003,1,56100,0,feed,19980,0,27,19980
1791021209,61,0,1364707,20261003,1,17905,0,feed,,,,
1791021209,61,1,1364848,20261003,11,53982,26,feed,,,,
1791021209,61,1,1365293,20261003,1,52761,0,feed,,,,
1791021209,61,1,1367559,20261003,1,52761,0,feed,,,,
1791021209,61,0,1369100,20261003,1,17905,0,feed,,,,
1791021209,62,0,1349339,20261003,1,328,0,feed,19800,0,86,19800
1791021209,62,1,1360353,20261003,1,49141,0,feed,18060,0,83,18060
1791021209,62,1,1362669,20261003,1,49141,0,feed,19560,0,83,19560
1791021209,62,0,1368282,20261003,1,328,0,feed,,,,
1791021209,63,0,1346603,20261003,1,15795,0,feed,,,,
1791021209,63,1,1347772,20261003,1,51114,0,feed,,,,
1791021209,63,1,1368235,20261003,21,11859,31,feed,,,,
1791021209,64,0,1358471,20261003,1,52761,0,feed,18360,0,78,18360
1791021209,64,1,1359200,20261003,1,52015,0,feed,17880,0,76,17880
1791021209,64,1,1360294,20261003,38,11859,5,feed,17640,37,43,16140
1791021209,65,0,1349474,20261003,3,80985,174,feed,18720,2,40,18600
1791021209,65,1,1349632,20261003,1,57690,0,feed,19680,0,38,19680
1791021209,65,1,1350580,20261003,7,3967,424,feed,17160,6,38,16800
1791021209,68,0,1361346,20261003,55,57625,-19,feed,17640,54,87,16080
1791021209,68,1,1363239,20261003,1,11904,0,feed,17760,0,103,17760
1791021209,68,1,1366827,20261003,1,57511,0,feed,,,,
1791021209,68,0,1369150,20261003,2,9806,46,feed,,,,
1791021209,686,0,1331376,20261003,1,47705,0,feed,20220,0,3,20220
1791021209,686,0,1334512,20261003,1,47705,0,feed,17700,0,3,17700
1791021209,686,1,1335581,20261003,1,56939,0,feed,19440,0,4,19440
1791021209,7,1,1358182,20261003,1,17679,0,feed,20220,0,63,20220
1791021209,7,0,1358889,20261003,1,51779,0,feed,18360,0,67,18360
1791021209,7,0,1359381,20261003,1,51779,0,feed,20040,0,64,20040
1791021209,716,1,1136367,20261003,1,8728,0,feed,20520,0,50,20520
1791021209,724,0,1132223,20261003,1,51846,0,feed,20100,0,33,20100
1791021209,724,1,1368142,20261003,1,53222,0,feed,,,,
1791021209,74,1,1358627,20261003,23,43282,116,feed,17520,22,61,16200
1791021209,74,1,1359531,20261003,1,13667,0,feed,19800,0,61,19800
1791021209,74,0,1359900,20261003,1,51546,0,feed,19440,0,59,19440
1791021209,87,1,1303812,20261003,1,57690,0,feed,20640,0,70,20640
1791021209,87,0,1351243,20261003,1,51892,0,feed,20040,0,71,20040
1791021209,9,0,1360500,20261003,1,3012,0,feed,19860,0,87,19860
1791021209,9,1,1368468,20261003,1,51551,0,feed,,,,
1791021209,901,1,1005706,20261003,4,51415,0,feed,17580,3,13,17160
1791021209,901,0,881610,20261003,2,51437,60,feed,17700,1,20,17520
1791021209,902,1,884312,20261003,6,56031,120,feed,17460,5,24,16860
1791021209,902,1,897379,20261003,15,56040,-60,feed,17700,14,24,15960
1791021209,903,0,1264922,20261003,1,57285,968,feed,16620,0,6,16620
1791021209,903,0,1267047,20261003,1,57285,0,feed,20220,0,6,20220
1791021209,903,1,1268813,20261003,1,56874,98,feed,18540,0,6,18540
1791021209,904,1,1267982,20261003,1,56800,0,feed,,,,
1791021209,904,1,1274207,20261003,1,56800,0,feed,19860,0,12,19860
1791021209,904,0,1364315,20261003,1,56830,0,feed,,,,
1791021209,904,0,1364379,20261003,4,51110,326,feed,,,,
1791021209,904,0,1366866,20261003,2,56829,-17,feed,,,,
1791021209,904,0,1367137,20261003,1,56830,0,feed,,,,
1791021209,904,1,1367524,20261003,1,56800,0,feed,,,,
1791021209,904,1,1367966,20261003,1,56800,0,feed,,,,
1791021209,904,0,1368153,20261003,1,56830,0,feed,,,,
1791021209,904,0,1368503,20261003,1,56830,0,feed,,,,
1791021209,904,0,1368941,20261003,11,53314,152,feed,,,,
1791021209,905,1,1343911,20261003,1,57441,0,feed,17640,0,16,17640
1791021209,905,1,1343963,20261003,1,57441,0,feed,19440,0,16,19440
1791021209,905,0,1344223,20261003,1,52761,0,feed,20400,0,16,20400
1791021209,905,0,1344311,20261003,1,52761,0,feed,18600,0,16,18600
1791021209,921,1,1364389,20261003,1,52531,0,feed,,,,
1791021209,921,0,1365678,20261003,1,51544,0,feed,,,,
1791021209,921,1,1367011,20261003,1,52531,0,feed,,,,
1791021209,921,0,1368087,20261003,1,51544,0,feed,,,,
1791021209,921,1,1368139,20261003,10,17312,270,feed,,,,
1791021209,921,0,1368770,20261003,1,51544,0,feed,,,,
1791021209,921,0,1369011,20261003,20,52531,12,feed,,,,
1791021209,921,0,1369174,20261003,3,51514,126,feed,,,,
1791021209,922,0,1312178,20261003,1,57314,0,feed,17760,0,35,17760
1791021209,922,1,1313829,20261003,1,56100,0,feed,17760,0,34,17760
1791021209,922,0,1314802,20261003,1,57314,0,feed,19560,0,35,19560
1791021209,922,1,1315465,20261003,1,56100,0,feed,18660,0,34,18660
1791021209,922,1,1316207,20261003,1,56100,0,feed,19560,0,34,19560
1791021209,922,1,1316895,20261003,18,16933,-138,feed,17640,17,34,15960
1791021209,923,1,1269805,20261003,1,57278,0,feed,20640,0,23,20640
1791021209,923,0,1269973,20261003,1,56897,0,feed,20700,0,22,20700
1791021209,923,0,1270047,20261003,1,56897,10,feed,17580,0,22,17580
1791021209,923,0,1271835,20261003,1,56897,0,feed,19500,0,22,19500
1791021209,923,1,1273616,20261003,1,57278,0,feed,18840,0,23,18840
1791021209,924,1,1337446,20261003,1,56823,0,feed,19140,0,41,19140
1791021209,924,0,1338548,20261003,1,56873,0,feed,20220,0,40,20220
1791021209,924,1,1338557,20261003,1,56823,0,feed,20940,0,41,20940
1791021209,924,1,1339379,20261003,18,17907,-80,feed,17400,17,41,15900
1791021209,924,0,1339681,20261003,1,56873,0,feed,19440,0,40,19440
1791021209,924,0,1339771,20261003,1,56873,0,feed,21120,0,40,21120
1791021209,924,1,1340068,20261003,1,56823,0,feed,20040,0,41,20040
1791021209,924,0,1340215,20261003,24,17902,-355,feed,17400,23,40,15240
1791021209,924,0,1340380,20261003,1,56873,0,feed,18540,0,40,18540
1791021209,924,1,1340453,20261003,1,56823,0,feed,18240,0,41,18240
1791021209,924,0,1340752,20261003,1,56873,0,feed,17640,0,40,17640
1791021209,925,0,1263575,20261003,21,53099,-181,feed,17520,20,35,15840
1791021209,925,0,1333578,20261003,1,53703,0,feed,19380,0,35,19380
1791021209,925,1,1334308,20261003,1,57541,0,feed,18660,0,35,18660
1791021209,925,0,1334991,20261003,1,53703,0,feed,18240,0,35,18240
1791021209,925,1,1335384,20261003,1,57541,0,feed,19860,0,35,19860
1791021209,925,1,1335605,20261003,15,17923,97,feed,17520,14,35,16260
1791021209,925,0,1335737,20261003,1,53703,0,feed,20880,0,35,20880
1791022114,10,0,1135608,20261003,5,56542,94,feed,18420,4,24,18120
1791022114,10,1,1325603,20261003,1,57165,0,feed,,,,
1791022114,10,1,1325926,20261003,1,49303,0,feed,20220,0,33,20220
1791022114,10,0,1329168,20261003,1,19337,0,feed,21360,0,60,21360
1791022114,11,1,1318651,20261003,1,49304,0,feed,,,,
1791022114,11,1,1333457,20261003,1,49304,0,feed,19500,0,79,19500
1791022114,11,0,1365035,20261003,47,14680,6,feed,,,,
1791022114,11,1,1368124,20261003,51,17706,10,feed,,,,
1791022114,11,1,1369121,20261003,7,14598,70,feed,,,,
1791022114,11,0,1369329,20261003,1,51828,0,feed,,,,
1791022114,14,1,1331138,20261003,1,50153,0,feed,19500,0,82,19500
1791022114,14,1,1359256,20261003,49,15668,72,feed,18420,48,82,15960
1791022114,14,0,1359826,20261003,1,4345,0,feed,19140,0,80,19140
1791022114,17,1,1321194,20261003,1,17192,0,feed,19920,0,65,19920
1791022114,17,1,1321398,20261003,10,1199,126,feed,18360,9,49,17100
1791022114,17,0,1323369,20261003,1,57458,0,feed,21120,0,63,21120
1791022114,17,1,1334330,20261003,1,17192,0,feed,22020,0,65,22020
1791022114,17,0,1369463,20261003,1,57458,0,feed,,,,
1791022114,18,0,1361020,20261003,1,51852,0,feed,19860,0,51,19860
1791022114,18,0,1367077,20261003,1,51852,0,feed,,,,
1791022114,18,0,1367493,20261003,2,1435,435,feed,,,,
1791022114,18,1,1367736,20261003,4,17986,29,feed,,,,
1791022114,18,0,1367989,20261003,1,51852,0,feed,,,,
1791022114,18,0,1368315,20261003,1,57131,0,feed,,,,
1791022114,18,1,1368372,20261003,1,56800,0,feed,,,,
1791022114,18,1,1368865,20261003,1,56800,0,feed,,,,
1791022114,2,1,1274713,20261003,1,50670,0,feed,18960,0,34,18960
1791022114,2,0,1318533,20261003,1,57469,0,feed,19680,0,34,19680
1791022114,2,0,1333032,20261003,1,57469,0,feed,21480,0,41,21480
1791022114,2,0,1369115,20261003,31,13223,13,feed,,,,
1791022114,215,0,1267487,20261003,1,49979,0,feed,20640,0,30,20640
1791022114,22,1,1356719,20261003,1,56825,0,feed,21060,0,87,21060
1791022114,22,0,1365028,20261003,1,4558,0,feed,,,,
1791022114,22,0,1365656,20261003,1,4558,0,feed,,,,
1791022114,22,1,1367416,20261003,12,57023,10,feed,,,,
1791022114,22,0,1368057,20261003,1,4558,0,feed,,,,
1791022114,22,1,1368812,20261003,1,56825,0,feed,,,,
1791022114,25,1,1325879,20261003,1,57166,0,feed,20940,0,89,20940
1791022114,27,0,1368823,20261003,1,52857,0,feed,,,,
1791022114,3,0,1180125,20261003,4,57011,-43,feed,18540,3,64,18180
1791022114,3,0,1294585,20261003,1,54097,0,feed,21720,0,64,21720
1791022114,3,1,1321710,20261003,1,56100,0,feed,21960,0,64,21960
1791022114,3,1,1322860,20261003,1,56100,196,feed,18300,0,65,18300
1791022114,3,1,1323618,20261003,1,56100,0,feed,20040,0,65,20040
1791022114,323,1,1137363,20261003,1,57508,0,feed,21120,0,25,21120
1791022114,345,0,1137643,20261003,1,56879,0,feed,21600,0,15,21600
1791022114,36,1,1177722,20261003,1,50160,0,feed,20820,0,50,20820
1791022114,36,1,1178660,20261003,1,50160,0,feed,,,,
1791022114,36,0,1180417,20261003,1,57537,0,feed,20580,0,53,20580
1791022114,36,0,1180803,20261003,39,6202,2,feed,18480,38,53,16980
1791022114,36,0,1368734,20261003,1,57537,0,feed,,,,
1791022114,38,0,1349537,20261003,1,48213,0,feed,,,,
1791022114,38,0,1350999,20261003,28,4813,12,feed,,,,
1791022114,38,1,1353164,20261003,1,42032,0,feed,,,,
1791022114,38,0,1354181,20261003,1,48213,0,feed,,,,
1791022114,38,0,1354873,20261003,70,40668,23,feed,,,,
1791022114,38,1,1355670,20261003,1,16494,0,feed,,,,
1791022114,38,1,1367051,20261003,25,56383,11,feed,,,,
1791022114,4,0,1132936,20261003,1,50231,0,feed,19020,0,89,19020
1791022114,4,1,1357342,20261003,1,14153,0,feed,19500,0,85,19500
1791022114,4,0,1358661,20261003,58,15477,-109,feed,18540,57,89,15480
1791022114,4,0,1368258,20261003,1,50231,0,feed,,,,
1791022114,4,1,1368519,20261003,45,102,-36,feed,,,,
1791022114,5,0,1367165,20261003,1,51212,0,feed,,,,
1791022114,5,0,1367611,20261003,47,43275,-3,feed,,,,
1791022114,5,1,1367795,20261003,1,51846,0,feed,,,,
1791022114,5,1,1369298,20261003,57,56912,-78,feed,,,,
1791022114,54,0,1320443,20261003,7,41975,170,feed,18360,6,25,18120
1791022114,54,1,1342193,20261003,21,48548,205,feed,18360,20,27,16440
1791022114,54,0,1346538,20261003,1,56875,0,feed,19560,0,46,19560
1791022114,54,1,1354430,20261003,1,42319,0,feed,20220,0,47,20220
1791022114,54,0,1359180,20261003,1,56875,0,feed,21060,0,25,21060
1791022114,54,1,1359664,20261003,4,57417,-14,feed,18540,3,27,18240
1791022114,54,1,1359849,20261003,1,56100,0,feed,19980,0,27,19980
1791022114,61,0,1364707,20261003,1,17905,0,feed,,,,
1791022114,61,1,1364848,20261003,26,81115,19,feed,,,,
1791022114,61,1,1365293,20261003,1,52761,0,feed,,,,
1791022114,61,0,1366395,20261003,1,17905,0,feed,,,,
1791022114,61,1,1367559,20261003,1,52761,0,feed,,,,
1791022114,61,0,1369100,20261003,4,17948,127,feed,,,,
1791022114,62,0,1349339,20261003,1,328,0,feed,19800,0,86,19800
1791022114,62,0,1359990,20261003,1,328,0,feed,21900,0,86,21900
1791022114,62,1,1360353,20261003,12,46691,95,feed,18420,11,83,18060
1791022114,62,1,1362669,20261003,1,49141,0,feed,19560,0,83,19560
1791022114,62,1,1368245,20261003,1,49141,0,feed,,,,
1791022114,62,0,1368282,20261003,32,6318,-79,feed,,,,
1791022114,63,0,1346603,20261003,1,15795,0,feed,,,,
1791022114,63,1,1347772,20261003,1,51114,0,feed,,,,
1791022114,63,1,1368235,20261003,30,3274,137,feed,,,,
1791022114,64,0,1358471,20261003,1,52761,140,feed,18360,0,78,18360
1791022114,64,1,1358491,20261003,1,52015,0,feed,21480,0,76,21480
1791022114,64,1,1359200,20261003,20,3888,8,feed,18480,19,76,17880
1791022114,64,0,1359715,20261003,1,52761,0,feed,21360,0,78,21360
1791022114,65,0,1349474,20261003,3,80985,165,feed,18720,2,40,18600
1791022114,65,1,1349632,20261003,1,57690,15,feed,19680,0,38,19680
1791022114,65,1,1350580,20261003,37,80982,143,feed,18300,36,38,16800
1791022114,65,1,1351111,20261003,1,57690,0,feed,21480,0,38,21480
1791022114,65,0,1351400,20261003,3,80985,65,feed,21600,2,40,21480
1791022114,68,0,1361346,20261003,62,18022,-5,feed,18540,61,87,16080
1791022114,68,1,1363239,20261003,17,9901,115,feed,18360,16,103,17760
1791022114,68,1,1366827,20261003,1,57511,0,feed,,,,
1791022114,68,0,1369150,20261003,2,9806,46,feed,,,,
1791022114,686,1,1172304,20261003,1,56939,0,feed,21960,0,4,21960
1791022114,686,0,1331376,20261003,1,47705,0,feed,20220,0,3,20220
1791022114,686,0,1334512,20261003,2,57622,275,feed,18780,1,3,17700
1791022114,686,1,1335581,20261003,1,56939,83,feed,19440,0,4,19440
1791022114,7,0,1356051,20261003,1,51779,0,feed,21840,0,64,21840
1791022114,7,1,1358182,20261003,1,17679,0,feed,20220,0,63,20220
1791022114,7,0,1358889,20261003,3,19437,26,feed,18540,2,67,18360
1791022114,7,0,1359381,20261003,1,51779,0,feed,20040,0,64,20040
1791022114,716,1,1136367,20261003,1,8728,0,feed,20520,0,50,20520
1791022114,724,0,1132223,20261003,1,51846,0,feed,20100,0,33,20100
1791022114,724,1,1132932,20261003,1,53222,0,feed,21720,0,35,21720
1791022114,724,1,1368142,20261003,21,9064,32,feed,,,,
1791022114,74,1,1358627,20261003,35,11694,13,feed,18480,34,61,16200
1791022114,74,1,1359531,20261003,1,13667,0,feed,19800,0,61,19800
1791022114,74,0,1359900,20261003,1,51546,0,feed,19440,0,59,19440
1791022114,87,1,1303812,20261003,1,57690,0,feed,20640,0,70,20640
1791022114,87,0,1351243,20261003,1,51892,0,feed,20040,0,71,20040
1791022114,87,0,1354810,20261003,1,51892,0,feed,21840,0,71,21840
1791022114,9,0,1360500,20261003,1,3012,0,feed,19860,0,87,19860
1791022114,9,1,1368468,20261003,1,51551,0,feed,,,,
1791022114,901,1,1005706,20261003,10,53279,300,feed,18420,9,13,17160
1791022114,901,0,879628,20261003,1,51426,0,feed,18660,0,7,18660
1791022114,901,0,881610,20261003,6,51434,300,feed,18240,5,20,17520
1791022114,901,0,894011,20261003,2,51437,60,feed,18600,1,20,18420
1791022114,902,1,882333,20261003,1,56026,0,feed,18660,0,24,18660
1791022114,902,1,884312,20261003,14,56039,60,feed,18480,13,24,16860
1791022114,902,1,897379,20261003,20,51424,180,feed,18480,19,24,15960
1791022114,902,0,904726,20261003,3,56336,-240,feed,18720,2,24,18540
1791022114,902,1,977814,20261003,7,56032,60,feed,18480,6,24,17760
1791022114,903,0,1264922,20261003,4,48976,1471,feed,16980,3,6,16620
1791022114,903,0,1267047,20261003,1,57285,0,feed,20220,0,6,20220
1791022114,903,1,1268813,20261003,1,56874,638,feed,18540,0,6,18540
1791022114,904,1,1267982,20261003,1,56800,0,feed,,,,
1791022114,904,1,1274207,20261003,1,56800,0,feed,19860,0,12,19860
1791022114,904,0,1364315,20261003,1,56830,0,feed,,,,
1791022114,904,0,1364379,20261003,10,53313,294,feed,,,,
1791022114,904,0,1366866,20261003,6,48084,143,feed,,,,
1791022114,904,0,1367137,20261003,1,56830,0,feed,,,,
1791022114,904,1,1367524,20261003,5,53301,102,feed,,,,
1791022114,904,1,1367966,20261003,1,56800,0,feed,,,,
1791022114,904,0,1368153,20261003,1,56830,69,feed,,,,
1791022114,904,0,1368503,20261003,1,56830,0,feed,,,,
1791022114,904,0,1368778,20261003,1,56830,0,feed,,,,
1791022114,904,1,1368791,20261003,1,56800,0,feed,,,,
1791022114,905,1,1343911,20261003,8,57427,-45,feed,18540,7,16,17640
1791022114,905,1,1343963,20261003,1,57441,0,feed,19440,0,16,19440
1791022114,905,0,1344223,20261003,1,52761,0,feed,20400,0,16,20400
1791022114,905,0,1344311,20261003,1,52761,0,feed,18600,0,16,18600
1791022114,905,1,1345077,20261003,1,57441,0,feed,21240,0,16,21240
1791022114,921,0,1364283,20261003,1,51544,0,feed,,,,
1791022114,921,1,1364389,20261003,2,50015,181,feed,,,,
1791022114,921,0,1365678,20261003,1,51544,0,feed,,,,
1791022114,921,1,1367011,20261003,1,52531,0,feed,,,,
1791022114,921,0,1368087,20261003,2,53362,9,feed,,,,
1791022114,921,0,1368770,20261003,1,51544,0,feed,,,,
1791022114,921,1,1368838,20261003,1,52531,0,feed,,,,
1791022114,921,0,1369174,20261003,14,56118,152,feed,,,,
1791022114,922,0,1312178,20261003,9,16857,126,feed,18420,8,35,17760
1791022114,922,1,1313829,20261003,12,16997,-141,feed,18900,11,34,17760
1791022114,922,0,1314244,20261003,1,57314,0,feed,21360,0,35,21360
1791022114,922,0,1314802,20261003,1,57314,0,feed,19560,0,35,19560
1791022114,922,1,1315465,20261003,1,56100,0,feed,18660,0,34,18660
1791022114,922,1,1316069,20261003,1,56100,0,feed,21300,0,34,21300
1791022114,922,1,1316207,20261003,1,56100,0,feed,19560,0,34,19560
1791022114,922,1,1316895,20261003,28,57358,-94,feed,18540,27,34,15960
1791022114,923,0,1264599,20261003,1,56897,0,feed,21900,0,22,21900
1791022114,923,1,1269805,20261003,1,57278,0,feed,20640,0,23,20640
1791022114,923,0,1269973,20261003,1,56897,0,feed,20700,0,22,20700
1791022114,923,0,1270047,20261003,8,17848,245,feed,18240,7,22,17580
1791022114,923,0,1271835,20261003,1,56897,0,feed,19500,0,22,19500
1791022114,923,1,1273616,20261003,1,57278,0,feed,18840,0,23,18840
1791022114,924,1,1337446,20261003,1,56823,0,feed,19140,0,41,19140
1791022114,924,0,1338548,20261003,1,56873,0,feed,20220,0,40,20220
1791022114,924,1,1338557,20261003,1,56823,0,feed,20940,0,41,20940
1791022114,924,1,1339379,20261003,22,56910,135,feed,18360,21,41,15900
1791022114,924,0,1339681,20261003,1,56873,0,feed,19440,0,40,19440
1791022114,924,0,1339771,20261003,1,56873,0,feed,21120,0,40,21120
1791022114,924,1,1340068,20261003,1,56823,0,feed,20040,0,41,20040
1791022114,924,0,1340215,20261003,29,43275,92,feed,18480,28,40,15240
1791022114,924,0,1340380,20261003,1,56873,0,feed,18540,0,40,18540
1791022114,924,1,1340453,20261003,3,9173,76,feed,18420,2,41,18240
1791022114,924,0,1340752,20261003,10,81078,151,feed,18360,9,40,17640
1791022114,924,1,1340875,20261003,1,56823,0,feed,21840,0,41,21840
1791022114,925,0,1263575,20261003,26,12281,38,feed,18480,25,35,15840
1791022114,925,1,1333024,20261003,1,57541,0,feed,21360,0,35,21360
1791022114,925,0,1333578,20261003,1,53703,0,feed,19380,0,35,19380
1791022114,925,1,1334308,20261003,1,57541,0,feed,18660,0,35,18660
1791022114,925,0,1334986,20261003,1,53703,0,feed,21780,0,35,21780
1791022114,925,0,1334991,20261003,3,1250,151,feed,18360,2,35,18240
1791022114,925,1,1335384,20261003,1,57541,0,feed,19860,0,35,19860
1791022114,925,1,1335605,20261003,19,1096,56,feed,18480,18,35,16260
1791022114,925,0,1335737,20261003,1,53703,0,feed,20880,0,35,20880
1791023008,10,0,1325586,20261003,1,19337,0,feed,22860,0,49,22860
1791023008,10,1,1325603,20261003,1,57165,0,feed,,,,
1791023008,10,1,1325926,20261003,1,49303,0,feed,20220,0,33,20220
1791023008,10,0,1329168,20261003,1,19337,0,feed,21360,0,60,21360
1791023008,11,1,1318651,20261003,1,49304,0,feed,,,,
1791023008,11,1,1333457,20261003,1,49304,0,feed,19500,0,79,19500
1791023008,11,0,1365035,20261003,73,47534,65,feed,,,,
1791023008,11,1,1368124,20261003,77,17821,129,feed,,,,
1791023008,11,1,1369121,20261003,31,14669,182,feed,,,,
1791023008,11,0,1369148,20261003,1,51828,0,feed,,,,
1791023008,11,0,1369329,20261003,1,51828,0,feed,,,,
1791023008,14,1,1331138,20261003,1,50153,0,feed,19500,0,82,19500
1791023008,14,1,1359256,20261003,71,51834,66,feed,19320,70,82,15960
1791023008,14,0,1359826,20261003,7,765,72,feed,19320,6,80,19140
1791023008,17,1,1321194,20261003,1,17192,0,feed,19920,0,65,19920
1791023008,17,1,1321398,20261003,30,4683,114,feed,19260,29,49,17100
1791023008,17,0,1323369,20261003,1,57458,0,feed,21120,0,63,21120
1791023008,17,1,1334330,20261003,1,17192,0,feed,22020,0,65,22020
1791023008,17,0,1369463,20261003,11,5771,114,feed,,,,
1791023008,18,0,1361020,20261003,1,51852,0,feed,19860,0,51,19860
1791023008,18,0,1367077,20261003,1,51852,0,feed,,,,
1791023008,18,0,1367493,20261003,20,1854,455,feed,,,,
1791023008,18,1,1367736,20261003,19,1219,11,feed,,,,
1791023008,18,0,1367989,20261003,1,51852,0,feed,,,,
1791023008,18,0,1368315,20261003,1,57131,0,feed,,,,
1791023008,18,1,1368372,20261003,1,56800,0,feed,,,,
1791023008,18,1,1368611,20261003,1,56800,0,feed,,,,
1791023008,18,1,1368865,20261003,1,56800,0,feed,,,,
1791023008,2,1,1267562,20261003,1,50670,0,feed,22560,0,34,22560
1791023008,2,1,1274713,20261003,5,42452,24,feed,19380,4,34,18960
1791023008,2,0,1318533,20261003,1,57469,0,feed,19680,0,34,19680
1791023008,2,0,1333032,20261003,1,57469,0,feed,21480,0,41,21480
1791023008,215,1,1265287,20261003,1,5020,0,feed,22560,0,27,22560
1791023008,215,0,1267487,20261003,1,49979,0,feed,20640,0,30,20640
1791023008,219,0,1303782,20261003,1,57340,0,feed,22560,0,74,22560
1791023008,219,1,1311915,20261003,1,5020,0,feed,22500,0,71,22500
1791023008,22,1,1356719,20261003,1,56825,0,feed,21060,0,87,21060
1791023008,22,0,1365028,20261003,1,4558,0,feed,,,,
1791023008,22,0,1365656,20261003,1,4558,0,feed,,,,
1791023008,22,0,1367267,20261003,1,4558,0,feed,,,,
1791023008,22,1,1367416,20261003,26,19501,-108,feed,,,,
1791023008,22,0,1368057,20261003,23,19495,80,feed,,,,
1791023008,22,1,1368812,20261003,3,11351,61,feed,,,,
1791023008,22,1,1368879,20261003,1,56825,0,feed,,,,
1791023008,223,0,1361400,20261003,1,57691,0,feed,22560,0,33,22560
1791023008,223,1,1363081,20261003,1,5020,0,feed,22260,0,34,22260
1791023008,25,0,1325022,20261003,1,19337,0,feed,22680,0,92,22680
1791023008,25,1,1325879,20261003,1,57166,0,feed,20940,0,89,20940
1791023008,27,0,1368823,20261003,1,52857,0,feed,,,,
1791023008,3,0,1180125,20261003,16,49881,-52,feed,19440,15,64,18180
1791023008,3,0,1294585,20261003,1,54097,0,feed,21720,0,64,21720
1791023008,3,1,1321710,20261003,1,56100,0,feed,21960,0,64,21960
1791023008,3,1,1322860,20261003,12,49895,402,feed,18960,11,65,18300
1791023008,3,1,1323618,20261003,1,56100,51,feed,20040,0,65,20040
1791023008,323,1,1137363,20261003,1,57508,0,feed,21120,0,25,21120
1791023008,345,1,1133227,20261003,1,57508,0,feed,21900,0,15,21900
1791023008,345,0,1137643,20261003,1,56879,0,feed,21600,0,15,21600
1791023008,36,1,1177722,20261003,1,50160,0,feed,20820,0,50,20820
1791023008,36,0,1177805,20261003,1,57537,0,feed,,,,
1791023008,36,1,1178660,20261003,11,1117,32,feed,,,,
1791023008,36,0,1180417,20261003,1,57537,0,feed,20580,0,53,20580
1791023008,36,0,1180803,20261003,53,50160,372,feed,19020,52,53,16980
1791023008,36,1,1367113,20261003,1,50160,0,feed,,,,
1791023008,36,0,1368734,20261003,7,52038,371,feed,,,,
1791023008,38,0,1349537,20261003,1,48213,0,feed,,,,
1791023008,38,0,1350999,20261003,51,4852,-61,feed,,,,
1791023008,38,1,1353164,20261003,1,42032,0,feed,,,,
1791023008,38,0,1354181,20261003,3,48312,16,feed,,,,
1791023008,38,0,1354873,20261003,92,51543,262,feed,,,,
1791023008,38,1,1355670,20261003,1,16494,0,feed,,,,
1791023008,38,1,1367051,20261003,42,57357,50,feed,,,,
1791023008,38,0,1367608,20261003,1,48213,0,feed,,,,
1791023008,4,0,1132936,20261003,8,1069,130,feed,19260,7,89,19020
1791023008,4,1,1357342,20261003,1,14153,0,feed,19500,0,85,19500
1791023008,4,0,1358661,20261003,82,16000,-64,feed,19440,81,89,15480
1791023008,4,1,1360580,20261003,1,14153,0,feed,22140,0,90,22140
1791023008,4,0,1368258,20261003,1,50231,0,feed,,,,
1791023008,4,1,1368519,20261003,68,1018,-156,feed,,,,
1791023008,5,0,1367165,20261003,1,51212,0,feed,,,,
1791023008,5,0,1367611,20261003,79,9089,-196,feed,,,,
1791023008,5,1,1367795,20261003,1,51846,0,feed,,,,
1791023008,515,1,1351663,20261003,1,56877,0,feed,22560,0,49,22560
1791023008,534,0,1343689,20261003,1,56725,0,feed,22620,0,35,22620
1791023008,534,1,1345509,20261003,1,51824,0,feed,22500,0,32,22500
1791023008,54,0,1320443,20261003,11,13098,337,feed,19080,10,25,18120
1791023008,54,1,1342193,20261003,27,56875,798,feed,18600,26,27,16440
1791023008,54,0,1346538,20261003,1,56875,0,feed,19560,0,46,19560
1791023008,54,0,1347643,20261003,1,56875,0,feed,22320,0,25,22320
1791023008,54,1,1354430,20261003,1,42319,0,feed,20220,0,47,20220
1791023008,54,0,1359180,20261003,1,56875,0,feed,21060,0,25,21060
1791023008,54,1,1359664,20261003,17,13130,71,feed,19320,16,27,18240
1791023008,54,1,1359849,20261003,1,56100,0,feed,19980,0,27,19980
1791023008,546,0,1137821,20261003,1,56725,0,feed,22560,0,33,22560
1791023008,61,0,1364707,20261003,1,17905,0,feed,,,,
1791023008,61,1,1364848,20261003,46,10657,8,feed,,,,
1791023008,61,1,1365293,20261003,9,80956,-85,feed,,,,
1791023008,61,1,1366316,20261003,1,52761,0,feed,,,,
1791023008,61,0,1366395,20261003,1,17905,0,feed,,,,
1791023008,61,1,1367559,20261003,1,52761,0,feed,,,,
1791023008,61,0,1369100,20261003,27,10621,68,feed,,,,
1791023008,62,0,1349339,20261003,1,328,0,feed,19800,0,86,19800
1791023008,62,0,1359990,20261003,1,328,0,feed,21900,0,86,21900
1791023008,62,1,1360353,20261003,31,974,-25,feed,19440,30,83,18060
1791023008,62,1,1362669,20261003,1,49141,0,feed,19560,0,83,19560
1791023008,62,1,1368245,20261003,1,49141,0,feed,,,,
1791023008,62,0,1368282,20261003,58,10488,-37,feed,,,,
1791023008,63,0,1346603,20261003,1,15795,0,feed,,,,
1791023008,63,1,1347772,20261003,1,51114,0,feed,,,,
1791023008,63,1,1368235,20261003,50,18686,119,feed,,,,
1791023008,63,1,1368428,20261003,1,51114,0,feed,,,,
1791023008,63,0,1369075,20261003,1,15795,0,feed,,,,
1791023008,64,0,1358471,20261003,8,11776,449,feed,19020,7,78,18360
1791023008,64,1,1358491,20261003,1,52015,0,feed,21480,0,76,21480
1791023008,64,1,1359200,20261003,51,12933,-3,feed,19380,50,76,17880
1791023008,64,0,1359715,20261003,1,52761,0,feed,21360,0,78,21360
1791023008,645,1,1207815,20261003,1,53293,0,feed,,,,
1791023008,65,0,1349474,20261003,12,10707,176,feed,19200,11,40,18600
1791023008,65,1,1349632,20261003,1,57690,0,feed,19680,0,38,19680
1791023008,65,1,1351111,20261003,1,57690,0,feed,21480,0,38,21480
1791023008,65,0,1351400,20261003,3,80985,65,feed,21600,2,40,21480
1791023008,68,0,1363096,20261003,1,53340,0,feed,22200,0,131,22200
1791023008,68,1,1363239,20261003,48,9938,178,feed,19200,47,103,17760
1791023008,68,1,1366827,20261003,1,57511,0,feed,,,,
1791023008,68,0,1369150,20261003,2,9806,46,feed,,,,
1791023008,686,1,1172304,20261003,1,56939,0,feed,21960,0,4,21960
1791023008,686,0,1331376,20261003,1,47705,0,feed,20220,0,3,20220
1791023008,686,0,1334512,20261003,3,56939,138,feed,19440,2,3,17700
1791023008,686,1,1335581,20261003,1,56939,138,feed,19440,0,4,19440
1791023008,686,0,1335796,20261003,1,47705,0,feed,22800,0,3,22800
1791023008,7,0,1356051,20261003,1,51779,0,feed,21840,0,64,21840
1791023008,7,1,1358182,20261003,1,17679,0,feed,20220,0,63,20220
1791023008,7,0,1358889,20261003,17,4478,-66,feed,19440,16,67,18360
1791023008,7,0,1359381,20261003,1,51779,0,feed,20040,0,64,20040
1791023008,71,1,1269219,20261003,1,51291,0,feed,22260,0,60,22260
1791023008,716,1,1136367,20261003,1,8728,0,feed,20520,0,50,20520
1791023008,716,0,1137589,20261003,1,50154,0,feed,22200,0,51,22200
1791023008,724,0,1132223,20261003,1,51846,0,feed,20100,0,33,20100
1791023008,724,1,1132932,20261003,1,53222,0,feed,21720,0,35,21720
1791023008,725,1,1313104,20261003,1,56775,0,feed,22500,0,49,22500
1791023008,74,1,1358627,20261003,58,56128,-127,feed,19440,57,61,16200
1791023008,74,1,1359531,20261003,1,13667,0,feed,19800,0,61,19800
1791023008,74,1,1359864,20261003,1,13667,0,feed,22740,0,61,22740
1791023008,74,0,1359900,20261003,1,51546,0,feed,19440,0,59,19440
1791023008,74,0,1359985,20261003,1,51546,0,feed,22140,0,59,22140
1791023008,87,1,1303812,20261003,1,57690,0,feed,20640,0,70,20640
1791023008,87,1,1304686,20261003,1,57690,0,feed,22440,0,70,22440
1791023008,87,0,1351243,20261003,1,51892,0,feed,20040,0,71,20040
1791023008,87,0,1354810,20261003,1,51892,0,feed,21840,0,71,21840
1791023008,9,0,1360478,20261003,1,52552,0,feed,22740,0,100,22740
1791023008,9,0,1360500,20261003,1,3012,0,feed,19860,0,87,19860
1791023008,9,1,1364704,20261003,1,51551,0,feed,,,,
1791023008,9,1,1368468,20261003,2,48896,90,feed,,,,
1791023008,901,1,879000,20261003,2,51413,0,feed,19440,1,13,19260
1791023008,901,0,881610,20261003,13,51427,240,feed,19200,12,20,17520
1791023008,901,1,886827,20261003,3,56336,0,feed,20220,2,20,20040
1791023008,901,0,894011,20261003,7,51433,180,feed,19260,6,20,18420
1791023008,901,1,901576,20261003,4,51408,-60,feed,19440,3,20,19140
1791023008,901,0,903885,20261003,1,51405,0,feed,19740,0,20,19740
1791023008,902,1,882333,20261003,8,56033,-60,feed,19500,7,24,18660
1791023008,902,1,884312,20261003,20,51424,180,feed,19380,19,24,16860
1791023008,902,0,895771,20261003,3,56336,0,feed,20100,2,24,19920
1791023008,902,0,904726,20261003,8,56002,120,feed,19320,7,24,18540
1791023008,902,1,977814,20261003,14,56039,0,feed,19380,13,24,17760
1791023008,903,1,1263994,20261003,1,56874,0,feed,22320,0,6,22320
1791023008,903,0,1267047,20261003,1,57285,0,feed,20220,0,6,20220
1791023008,903,1,1268813,20261003,2,56510,646,feed,18900,1,6,18540
1791023008,904,1,1267982,20261003,1,56800,0,feed,,,,
1791023008,904,1,1274207,20261003,1,56800,0,feed,19860,0,12,19860
1791023008,904,0,1364315,20261003,1,56830,0,feed,,,,
1791023008,904,0,1366134,20261003,1,56830,0,feed,,,,
1791023008,904,0,1366866,20261003,12,19260,25,feed,,,,
1791023008,904,0,1367137,20261003,2,56829,-160,feed,,,,
1791023008,904,1,1367524,20261003,9,56832,150,feed,,,,
1791023008,904,1,1367966,20261003,3,53298,302,feed,,,,
1791023008,904,0,1368153,20261003,5,56828,266,feed,,,,
1791023008,904,0,1368503,20261003,1,56830,0,feed,,,,
1791023008,904,0,1368778,20261003,1,56830,0,feed,,,,
1791023008,904,1,1368791,20261003,1,56800,0,feed,,,,
1791023008,904,1,1369184,20261003,1,56800,0,feed,,,,
1791023008,905,1,1343911,20261003,14,11863,-282,feed,19560,13,16,17640
1791023008,905,1,1343963,20261003,1,57441,0,feed,19440,0,16,19440
1791023008,905,0,1344223,20261003,1,52761,0,feed,20400,0,16,20400
1791023008,905,0,1344311,20261003,7,57424,-24,feed,19440,6,16,18600
1791023008,905,0,1344388,20261003,1,52761,0,feed,22200,0,16,22200
1791023008,905,1,1345077,20261003,1,57441,0,feed,21240,0,16,21240
1791023008,921,0,1364283,20261003,1,51544,0,feed,,,,
1791023008,921,1,1364389,20261003,9,17307,520,feed,,,,
1791023008,921,0,1365678,20261003,1,51544,0,feed,,,,
1791023008,921,1,1367011,20261003,1,52531,0,feed,,,,
1791023008,921,1,1367988,20261003,1,52531,0,feed,,,,
1791023008,921,0,1368087,20261003,12,17371,73,feed,,,,
1791023008,921,0,1368770,20261003,1,51544,0,feed,,,,
1791023008,921,1,1368838,20261003,1,52531,0,feed,,,,
1791023008,921,0,1369423,20261003,1,51544,0,feed,,,,
1791023008,922,0,1312178,20261003,18,57327,98,feed,19320,17,35,17760
1791023008,922,1,1312498,20261003,1,56100,0,feed,22200,0,34,22200
1791023008,922,1,1313829,20261003,18,16933,-123,feed,19440,17,34,17760
1791023008,922,0,1314244,20261003,1,57314,0,feed,21360,0,35,21360
1791023008,922,0,1314524,20261003,1,57314,0,feed,22260,0,35,22260
1791023008,922,0,1314802,20261003,1,57314,0,feed,19560,0,35,19560
1791023008,922,1,1315465,20261003,12,16997,-78,feed,19800,11,34,18660
1791023008,922,1,1316069,20261003,1,56100,0,feed,21300,0,34,21300
1791023008,922,1,1316207,20261003,1,56100,0,feed,19560,0,34,19560
1791023008,923,0,1264599,20261003,1,56897,0,feed,21900,0,22,21900
1791023008,923,1,1268409,20261003,1,57278,0,feed,22620,0,23,22620
1791023008,923,1,1269805,20261003,1,57278,0,feed,20640,0,23,20640
1791023008,923,0,1269973,20261003,1,56897,0,feed,20700,0,22,20700
1791023008,923,0,1270047,20261003,20,9089,229,feed,19200,19,22,17580
1791023008,923,0,1271835,20261003,1,56897,0,feed,19500,0,22,19500
1791023008,923,1,1273616,20261003,8,56400,-41,feed,19440,7,23,18840
1791023008,924,1,1337446,20261003,3,9173,142,feed,19320,2,41,19140
1791023008,924,0,1338409,20261003,1,56873,0,feed,22020,0,40,22020
1791023008,924,0,1338548,20261003,1,56873,0,feed,20220,0,40,20220
1791023008,924,1,1338557,20261003,1,56823,0,feed,20940,0,41,20940
1791023008,924,1,1339379,20261003,32,81079,147,feed,19260,31,41,15900
1791023008,924,0,1339681,20261003,1,56873,0,feed,19440,0,40,19440
1791023008,924,0,1339771,20261003,1,56873,0,feed,21120,0,40,21120
1791023008,924,1,1339813,20261003,1,56823,0,feed,22740,0,41,22740
1791023008,924,1,1340068,20261003,1,56823,0,feed,20040,0,41,20040
1791023008,924,0,1340215,20261003,39,9089,36,feed,19380,38,40,15240
1791023008,924,0,1340282,20261003,1,56873,0,feed,22860,0,40,22860
1791023008,924,0,1340380,20261003,12,784,30,feed,19440,11,40,18540
1791023008,924,1,1340453,20261003,14,56908,89,feed,19380,13,41,18240
1791023008,924,0,1340752,20261003,20,56928,20,feed,19380,19,40,17640
1791023008,924,1,1340875,20261003,1,56823,0,feed,21840,0,41,21840
1791023008,925,1,1332396,20261003,1,57541,0,feed,22260,0,35,22260
1791023008,925,1,1333024,20261003,1,57541,0,feed,21360,0,35,21360
1791023008,925,0,1333578,20261003,1,53703,0,feed,19380,0,35,19380
1791023008,925,1,1334308,20261003,8,16116,192,feed,19260,7,35,18660
1791023008,925,0,1334615,20261003,1,53703,0,feed,22680,0,35,22680
1791023008,925,0,1334986,20261003,1,53703,0,feed,21780,0,35,21780
1791023008,925,0,1334991,20261003,14,42216,180,feed,19200,13,35,18240
1791023008,925,1,1335384,20261003,1,57541,0,feed,19860,0,35,19860
1791023008,925,1,1335605,20261003,29,1139,50,feed,19380,28,35,16260
1791023008,925,0,1335737,20261003,1,53703,0,feed,20880,0,35,20880
1791023911,10,0,1325586,20261003,1,19337,0,feed,22860,0,49,22860
1791023911,10,1,1325603,20261003,1,57165,0,feed,,,,
1791023911,10,1,1325926,20261003,2,17165,66,feed,20280,1,33,20220
1791023911,10,1,1325942,20261003,1,57448,0,feed,23400,0,43,23400
1791023911,10,0,1329168,20261003,1,19337,0,feed,21360,0,60,21360
1791023911,11,1,1318651,20261003,1,49304,0,feed,,,,
1791023911,11,1,1333457,20261003,20,14633,248,feed,20040,19,79,19500
1791023911,11,1,1352588,20261003,1,49304,0,feed,23640,0,79,23640
1791023911,11,1,1369121,20261003,43,17982,466,feed,,,,
1791023911,11,0,1369148,20261003,1,51828,0,feed,,,,
1791023911,11,0,1369329,20261003,23,51795,43,feed,,,,
1791023911,14,1,1331138,20261003,22,8286,115,feed,20220,21,82,19500
1791023911,14,0,1331751,20261003,1,4345,0,feed,23220,0,80,23220
1791023911,14,1,1358689,20261003,1,50153,0,feed,23640,0,82,23640
1791023911,14,0,1359826,20261003,28,15610,153,feed,20160,27,80,19140
1791023911,17,0,1131869,20261003,1,57458,0,feed,22860,0,63,22860
1791023911,17,1,1321194,20261003,8,15520,20,feed,20280,7,65,19920
1791023911,17,0,1323369,20261003,1,57458,0,feed,21120,0,63,21120
1791023911,17,1,1334330,20261003,1,17192,0,feed,22020,0,65,22020
1791023911,17,1,1367244,20261003,1,17192,0,feed,,,,
1791023911,17,0,1369463,20261003,32,1325,199,feed,,,,
1791023911,18,0,1361020,20261003,7,1444,60,feed,20280,6,51,19860
1791023911,18,1,1364270,20261003,1,56800,0,feed,,,,
1791023911,18,0,1367077,20261003,1,51852,0,feed,,,,
1791023911,18,0,1367478,20261003,1,51852,0,feed,,,,
1791023911,18,0,1367493,20261003,38,52309,335,feed,,,,
1791023911,18,1,1367736,20261003,37,1347,25,feed,,,,
1791023911,18,0,1367989,20261003,1,51852,0,feed,,,,
1791023911,18,0,1368315,20261003,1,57131,0,feed,,,,
1791023911,18,1,1368372,20261003,1,56800,0,feed,,,,
1791023911,18,1,1368611,20261003,1,56800,0,feed,,,,
1791023911,18,1,1368865,20261003,6,17982,186,feed,,,,
1791023911,2,1,1267562,20261003,1,50670,0,feed,22560,0,34,22560
1791023911,2,1,1274713,20261003,19,56910,184,feed,20100,18,34,18960
1791023911,2,0,1318533,20261003,9,80927,135,feed,20160,8,34,19680
1791023911,2,0,1331994,20261003,1,57469,0,feed,23340,0,41,23340
1791023911,2,0,1333032,20261003,1,57469,0,feed,21480,0,41,21480
1791023911,215,1,1265287,20261003,1,5020,0,feed,22560,0,27,22560
1791023911,215,0,1267487,20261003,1,49979,107,feed,20640,0,30,20640
1791023911,219,0,1303782,20261003,1,57340,0,feed,22560,0,74,22560
1791023911,219,1,1311915,20261003,1,5020,0,feed,22500,0,71,22500
1791023911,22,1,1356719,20261003,1,56825,0,feed,21060,0,87,21060
1791023911,22,1,1357959,20261003,1,56825,0,feed,,,,
1791023911,22,0,1365028,20261003,1,4558,0,feed,,,,
1791023911,22,0,1365656,20261003,3,4662,-96,feed,,,,
1791023911,22,0,1367267,20261003,1,4558,0,feed,,,,
1791023911,22,1,1367416,20261003,45,15446,104,feed,,,,
1791023911,22,0,1368057,20261003,40,57194,124,feed,,,,
1791023911,22,1,1368812,20261003,21,11646,-70,feed,,,,
1791023911,22,1,1368879,20261003,1,56825,0,feed,,,,
1791023911,223,0,1361400,20261003,1,57691,0,feed,22560,0,33,22560
1791023911,223,1,1363081,20261003,1,5020,0,feed,22260,0,34,22260
1791023911,25,0,1325022,20261003,1,19337,0,feed,22680,0,92,22680
1791023911,25,1,1325879,20261003,1,57166,0,feed,20940,0,89,20940
1791023911,27,0,1368823,20261003,1,52857,0,feed,,,,
1791023911,3,0,1180125,20261003,37,18556,-5,feed,20340,36,64,18180
1791023911,3,0,1294585,20261003,1,54097,0,feed,21720,0,64,21720
1791023911,3,1,1321710,20261003,1,56100,0,feed,21960,0,64,21960
1791023911,3,0,1322590,20261003,1,54097,0,feed,23460,0,65,23460
1791023911,3,1,1322860,20261003,30,866,506,feed,19800,29,65,18300
1791023911,3,1,1323332,20261003,1,56100,0,feed,23640,0,65,23640
1791023911,3,1,1323618,20261003,2,2611,106,feed,20220,1,65,20040
1791023911,323,0,1135065,20261003,1,51116,0,feed,23040,0,23,23040
1791023911,323,1,1137363,20261003,1,57508,0,feed,21120,0,25,21120
1791023911,345,1,1133227,20261003,1,57508,36,feed,21900,0,15,21900
1791023911,345,0,1137643,20261003,1,56879,0,feed,21600,0,15,21600
1791023911,36,1,1177722,20261003,1,50160,0,feed,20820,0,50,20820
1791023911,36,0,1177805,20261003,1,57537,0,feed,,,,
1791023911,36,1,1178660,20261003,38,41127,-65,feed,,,,
1791023911,36,0,1180417,20261003,1,57537,0,feed,20580,0,53,20580
1791023911,36,1,1367113,20261003,1,50160,0,feed,,,,
1791023911,36,0,1368734,20261003,31,6241,316,feed,,,,
1791023911,38,1,1349332,20261003,1,16494,0,feed,,,,
1791023911,38,0,1349537,20261003,1,48213,0,feed,,,,
1791023911,38,0,1350999,20261003,71,57204,-127,feed,,,,
1791023911,38,1,1353164,20261003,1,42032,0,feed,,,,
1791023911,38,0,1354181,20261003,22,4808,208,feed,,,,
1791023911,38,0,1354873,20261003,106,56111,317,feed,,,,
1791023911,38,1,1355670,20261003,17,12562,202,feed,,,,
1791023911,38,1,1367051,20261003,70,3558,24,feed,,,,
1791023911,38,0,1367608,20261003,1,48213,0,feed,,,,
1791023911,4,0,1132936,20261003,36,40259,73,feed,20220,35,89,19020
1791023911,4,1,1356509,20261003,1,14153,0,feed,23880,0,85,23880
1791023911,4,1,1357342,20261003,26,14937,-38,feed,20340,25,85,19500
1791023911,4,1,1360580,20261003,1,14153,0,feed,22140,0,90,22140
1791023911,4,0,1360582,20261003,1,50231,0,feed,23160,0,89,23160
1791023911,4,0,1368258,20261003,1,50231,0,feed,,,,
1791023911,5,0,1367165,20261003,18,797,192,feed,,,,
1791023911,5,0,1367203,20261003,1,51212,0,feed,,,,
1791023911,5,1,1367795,20261003,1,51846,0,feed,,,,
1791023911,515,1,1351663,20261003,1,56877,0,feed,22560,0,49,22560
1791023911,515,1,1352997,20261003,1,56877,0,feed,23580,0,49,23580
1791023911,534,0,1343689,20261003,1,56725,0,feed,22620,0,35,22620
1791023911,534,1,1345509,20261003,1,51824,0,feed,22500,0,32,22500
1791023911,538,0,1131894,20261003,1,53704,0,feed,23400,0,42,23400
1791023911,54,0,1320443,20261003,22,57455,517,feed,19800,21,25,18120
1791023911,54,0,1346538,20261003,8,56939,149,feed,20160,7,46,19560
1791023911,54,0,1347643,20261003,1,56875,0,feed,22320,0,25,22320
1791023911,54,1,1354430,20261003,1,42319,66,feed,20220,0,47,20220
1791023911,54,0,1359180,20261003,1,56875,0,feed,21060,0,25,21060
1791023911,54,1,1359341,20261003,1,56100,0,feed,23700,0,27,23700
1791023911,54,1,1359664,20261003,21,48548,269,feed,20220,20,27,18240
1791023911,54,1,1359849,20261003,4,57417,31,feed,20340,3,27,19980
1791023911,540,1,881239,20261003,1,56879,0,feed,23220,0,48,23220
1791023911,546,1,1131417,20261003,1,51824,0,feed,22860,0,31,22860
1791023911,546,0,1137821,20261003,1,56725,0,feed,22560,0,33,22560
1791023911,61,0,1364707,20261003,7,17953,-14,feed,,,,
1791023911,61,1,1364848,20261003,70,17921,-51,feed,,,,
1791023911,61,1,1365293,20261003,25,41057,-43,feed,,,,
1791023911,61,1,1366316,20261003,1,52761,0,feed,,,,
1791023911,61,0,1366395,20261003,1,17905,0,feed,,,,
1791023911,61,0,1366891,20261003,1,17905,0,feed,,,,
1791023911,61,1,1367559,20261003,1,52761,0,feed,,,,
1791023911,61,0,1369100,20261003,48,49670,99,feed,,,,
1791023911,62,0,1349339,20261003,16,53900,134,feed,20160,15,86,19800
1791023911,62,1,1354974,20261003,1,49141,0,feed,22860,0,91,22860
1791023911,62,0,1359990,20261003,1,328,0,feed,21900,0,86,21900
1791023911,62,1,1360353,20261003,42,47040,255,feed,20040,41,83,18060
1791023911,62,1,1362669,20261003,23,10467,-76,feed,20340,22,83,19560
1791023911,62,0,1363784,20261003,1,328,0,feed,23700,0,86,23700
1791023911,62,1,1368245,20261003,1,49141,0,feed,,,,
1791023911,62,0,1368282,20261003,72,46709,-43,feed,,,,
1791023911,63,0,1346603,20261003,14,56943,136,feed,,,,
1791023911,63,1,1347772,20261003,6,13628,92,feed,,,,
1791023911,63,1,1368428,20261003,1,51114,0,feed,,,,
1791023911,63,0,1369075,20261003,1,15795,0,feed,,,,
1791023911,64,0,1358471,20261003,34,12963,553,feed,19740,33,78,18360
1791023911,64,1,1358491,20261003,1,52015,0,feed,21480,0,76,21480
1791023911,64,1,1359200,20261003,71,11859,-169,feed,20340,70,76,17880
1791023911,64,0,1359715,20261003,1,52761,0,feed,21360,0,78,21360
1791023911,645,1,1207815,20261003,1,53293,0,feed,,,,
1791023911,65,1,1349340,20261003,1,57690,0,feed,23520,0,38,23520
1791023911,65,1,1349632,20261003,2,3958,404,feed,19920,1,38,19680
1791023911,65,1,1351111,20261003,1,57690,0,feed,21480,0,38,21480
1791023911,65,0,1351400,20261003,3,80985,253,feed,21600,2,40,21480
1791023911,65,0,1351558,20261003,3,80985,71,feed,23400,2,40,23280
1791023911,68,0,1363096,20261003,1,53340,0,feed,22200,0,131,22200
1791023911,68,1,1363239,20261003,86,10031,242,feed,20040,85,103,17760
1791023911,68,1,1366827,20261003,9,49945,114,feed,,,,
1791023911,68,1,1369082,20261003,1,57511,0,feed,,,,
1791023911,68,0,1369150,20261003,28,9877,38,feed,,,,
1791023911,686,1,1172304,20261003,1,56939,0,feed,21960,0,4,21960
1791023911,686,0,1331376,20261003,2,57622,-27,feed,21300,1,3,20220
1791023911,686,1,1335581,20261003,3,57622,6,feed,20640,2,4,19440
1791023911,686,0,1335796,20261003,1,47705,0,feed,22800,0,3,22800
1791023911,7,0,1356026,20261003,1,51779,0,feed,23580,0,64,23580
1791023911,7,0,1356051,20261003,1,51779,0,feed,21840,0,64,21840
1791023911,7,1,1358182,20261003,2,17681,20,feed,20280,1,63,20220
1791023911,7,0,1358889,20261003,37,13243,-7,feed,20340,36,67,18360
1791023911,7,0,1359381,20261003,3,19437,78,feed,20220,2,64,20040
1791023911,7,1,1360685,20261003,1,17679,0,feed,23100,0,60,23100
1791023911,71,1,1269219,20261003,1,51291,0,feed,22260,0,60,22260
1791023911,716,1,1136367,20261003,1,8728,682,feed,20520,0,50,20520
1791023911,716,0,1137589,20261003,1,50154,203,feed,22200,0,51,22200
1791023911,722,0,1184389,20261003,1,56827,0,feed,23700,0,51,23700
1791023911,724,0,1132223,20261003,6,52727,78,feed,20220,5,33,20100
1791023911,724,1,1132932,20261003,1,53222,0,feed,21720,0,35,21720
1791023911,724,0,1136135,20261003,1,51846,0,feed,23700,0,33,23700
1791023911,725,1,1313104,20261003,1,56775,0,feed,22500,0,49,22500
1791023911,725,0,1313978,20261003,1,57580,0,feed,23340,0,50,23340
1791023911,74,1,1359531,20261003,10,12898,-22,feed,20340,9,61,19800
1791023911,74,1,1359864,20261003,1,13667,0,feed,22740,0,61,22740
1791023911,74,0,1359900,20261003,12,11767,18,feed,20280,11,59,19440
1791023911,74,0,1359985,20261003,1,51546,0,feed,22140,0,59,22140
1791023911,87,1,1303812,20261003,1,57690,0,feed,20640,0,70,20640
1791023911,87,1,1304686,20261003,1,57690,0,feed,22440,0,70,22440
1791023911,87,0,1349992,20261003,1,51892,0,feed,23640,0,71,23640
1791023911,87,0,1351243,20261003,3,13157,23,feed,20160,2,71,20040
1791023911,87,0,1354810,20261003,1,51892,0,feed,21840,0,71,21840
1791023911,9,0,1360478,20261003,1,52552,0,feed,22740,0,100,22740
1791023911,9,0,1360500,20261003,16,7415,64,feed,20220,15,87,19860
1791023911,9,1,1364704,20261003,1,51551,0,feed,,,,
1791023911,9,1,1368468,20261003,32,57497,185,feed,,,,
1791023911,901,1,877070,20261003,3,56336,0,feed,20880,2,20,20700
1791023911,901,1,879000,20261003,8,51419,60,feed,20220,7,13,19260
1791023911,901,1,886827,20261003,3,56336,120,feed,20220,2,20,20040
1791023911,901,0,894011,20261003,14,51426,120,feed,20220,13,20,18420
1791023911,901,0,897947,20261003,2,51437,0,feed,20400,1,20,20220
1791023911,901,1,901576,20261003,11,51415,60,feed,20220,10,20,19140
1791023911,901,0,903885,20261003,4,53280,240,feed,20040,3,20,19740
1791023911,902,1,882333,20261003,15,56040,0,feed,20400,14,24,18660
1791023911,902,1,882461,20261003,2,56027,0,feed,20400,1,24,20280
1791023911,902,0,883557,20261003,3,56336,0,feed,21060,2,24,20880
1791023911,902,1,893627,20261003,5,56030,240,feed,20100,4,24,19560
1791023911,902,0,895771,20261003,5,51409,120,feed,20280,4,24,19920
1791023911,902,0,904726,20261003,14,56008,120,feed,20160,13,24,18540
1791023911,902,1,977814,20261003,20,51424,60,feed,20280,19,24,17760
1791023911,903,1,1263994,20261003,1,56874,1074,feed,22320,0,6,22320
1791023911,903,0,1264922,20261003,2,56979,3643,feed,16740,1,6,16620
1791023911,903,0,1267047,20261003,1,57285,2087,feed,20220,0,6,20220
1791023911,903,1,1268813,20261003,1,56874,2765,feed,18540,0,6,18540
1791023911,904,1,1267982,20261003,1,56800,0,feed,,,,
1791023911,904,1,1268165,20261003,1,56800,0,feed,23460,0,12,23460
1791023911,904,1,1274207,20261003,5,53301,101,feed,20280,4,12,19860
1791023911,904,0,1364315,20261003,2,56829,-7,feed,,,,
1791023911,904,0,1364751,20261003,1,56830,0,feed,,,,
1791023911,904,0,1366134,20261003,1,56830,0,feed,,,,
1791023911,904,0,1367137,20261003,6,48084,65,feed,,,,
1791023911,904,1,1367524,20261003,12,56830,181,feed,,,,
1791023911,904,1,1367966,20261003,9,56832,181,feed,,,,
1791023911,904,0,1368153,20261003,9,53311,340,feed,,,,
1791023911,904,0,1368503,20261003,1,56830,0,feed,,,,
1791023911,904,0,1368778,20261003,1,56830,0,feed,,,,
1791023911,904,1,1368791,20261003,1,56800,0,feed,,,,
1791023911,904,1,1369184,20261003,1,56800,0,feed,,,,
1791023911,905,1,1343963,20261003,8,57427,-35,feed,20340,7,16,19440
1791023911,905,0,1344223,20261003,1,52761,0,feed,20400,0,16,20400
1791023911,905,0,1344311,20261003,14,57438,-124,feed,20400,13,16,18600
1791023911,905,0,1344388,20261003,1,52761,0,feed,22200,0,16,22200
1791023911,905,0,1344857,20261003,1,52761,0,feed,23100,0,16,23100
1791023911,905,1,1345077,20261003,1,57441,0,feed,21240,0,16,21240
1791023911,905,1,1345329,20261003,1,57441,0,feed,23040,0,16,23040
1791023911,921,0,1364283,20261003,1,51544,0,feed,,,,
1791023911,921,1,1364385,20261003,1,52531,0,feed,,,,
1791023911,921,1,1364389,20261003,20,51544,410,feed,,,,
1791023911,921,0,1365678,20261003,1,51544,0,feed,,,,
1791023911,921,1,1367011,20261003,2,50015,103,feed,,,,
1791023911,921,0,1367940,20261003,1,51544,0,feed,,,,
1791023911,921,1,1367988,20261003,1,52531,0,feed,,,,
1791023911,921,0,1368770,20261003,8,56114,70,feed,,,,
1791023911,921,1,1368838,20261003,1,52531,0,feed,,,,
1791023911,921,0,1369423,20261003,1,51544,0,feed,,,,
1791023911,922,1,1312096,20261003,1,56100,0,feed,23040,0,34,23040
1791023911,922,0,1312178,20261003,31,3142,-298,feed,20640,30,35,17760
1791023911,922,1,1312498,20261003,1,56100,0,feed,22200,0,34,22200
1791023911,922,0,1313444,20261003,1,57314,0,feed,23160,0,35,23160
1791023911,922,1,1313829,20261003,25,16871,204,feed,20100,24,34,17760
1791023911,922,0,1314244,20261003,1,57314,0,feed,21360,0,35,21360
1791023911,922,0,1314524,20261003,1,57314,0,feed,22260,0,35,22260
1791023911,922,0,1314802,20261003,9,16857,82,feed,20220,8,35,19560
1791023911,922,1,1315465,20261003,18,16933,-84,feed,20340,17,34,18660
1791023911,922,1,1316069,20261003,1,56100,0,feed,21300,0,34,21300
1791023911,922,1,1316207,20261003,12,16997,-237,feed,20700,11,34,19560
1791023911,923,0,1262923,20261003,1,56897,0,feed,23100,0,22,23100
1791023911,923,0,1264599,20261003,1,56897,0,feed,21900,0,22,21900
1791023911,923,1,1268409,20261003,1,57278,0,feed,22620,0,23,22620
1791023911,923,1,1269805,20261003,1,57278,0,feed,20640,0,23,20640
1791023911,923,0,1269973,20261003,1,56897,0,feed,20700,0,22,20700
1791023911,923,1,1270042,20261003,1,57278,0,feed,23820,0,23,23820
1791023911,923,0,1270047,20261003,21,56826,1073,feed,19260,20,22,17580
1791023911,923,0,1271835,20261003,9,17840,94,feed,20220,8,22,19500
1791023911,923,1,1273616,20261003,18,17905,62,feed,20340,17,23,18840
1791023911,924,1,1337446,20261003,15,56317,-4,feed,20400,14,41,19140
1791023911,924,0,1338208,20261003,1,56873,0,feed,23580,0,40,23580
1791023911,924,0,1338409,20261003,1,56873,0,feed,22020,0,40,22020
1791023911,924,0,1338548,20261003,2,4513,48,feed,20340,1,40,20220
1791023911,924,1,1338557,20261003,1,56823,0,feed,20940,0,41,20940
1791023911,924,0,1339681,20261003,11,779,86,feed,20280,10,40,19440
1791023911,924,0,1339771,20261003,1,56873,0,feed,21120,0,40,21120
1791023911,924,1,1339813,20261003,1,56823,0,feed,22740,0,41,22740
1791023911,924,1,1339921,20261003,1,56823,0,feed,23640,0,41,23640
1791023911,924,1,1340068,20261003,4,9577,10,feed,20340,3,41,20040
1791023911,924,0,1340282,20261003,1,56873,0,feed,22860,0,40,22860
1791023911,924,0,1340380,20261003,20,56928,85,feed,20280,19,40,18540
1791023911,924,1,1340453,20261003,21,56909,274,feed,20100,20,41,18240
1791023911,924,0,1340752,20261003,30,56949,-45,feed,20340,29,40,17640
1791023911,924,1,1340875,20261003,1,56823,0,feed,21840,0,41,21840
1791023911,925,1,1332396,20261003,1,57541,0,feed,22260,0,35,22260
1791023911,925,1,1333024,20261003,1,57541,0,feed,21360,0,35,21360
1791023911,925,0,1333578,20261003,12,57539,147,feed,20160,11,35,19380
1791023911,925,1,1334308,20261003,18,17932,254,feed,20160,17,35,18660
1791023911,925,0,1334615,20261003,1,53703,0,feed,22680,0,35,22680
1791023911,925,0,1334722,20261003,1,53703,0,feed,23400,0,35,23400
1791023911,925,0,1334986,20261003,1,53703,0,feed,21780,0,35,21780
1791023911,925,0,1334991,20261003,24,17951,268,feed,20100,23,35,18240
1791023911,925,1,1335342,20261003,1,57541,0,feed,23160,0,35,23160
1791023911,925,1,1335384,20261003,6,16154,30,feed,20340,5,35,19860
1791023911,925,0,1335737,20261003,1,53703,0,feed,20880,0,35,20880
1791024807,10,0,1325586,20261003,1,19337,0,feed,22860,0,49,22860
1791024807,10,1,1325603,20261003,2,49384,112,feed,,,,
1791024807,10,1,1325926,20261003,23,53966,-66,feed,21300,22,33,20220
1791024807,10,1,1325942,20261003,1,57448,0,feed,23400,0,43,23400
1791024807,10,0,1326215,20261003,1,19337,0,feed,,,,
1791024807,10,1,1327342,20261003,1,57165,0,feed,23940,0,64,23940
1791024807,10,0,1329168,20261003,1,19337,0,feed,21360,0,60,21360
1791024807,11,1,1318651,20261003,1,49304,0,feed,,,,
1791024807,11,1,1333457,20261003,41,17978,325,feed,20940,40,79,19500
1791024807,11,1,1352588,20261003,1,49304,0,feed,23640,0,79,23640
1791024807,11,0,1367545,20261003,1,51828,0,feed,,,,
1791024807,11,1,1369121,20261003,61,17716,578,feed,,,,
1791024807,11,0,1369148,20261003,1,51828,0,feed,,,,
1791024807,11,0,1369329,20261003,39,17994,-1,feed,,,,
1791024807,14,1,1331138,20261003,37,17882,-305,feed,21000,36,82,19500
1791024807,14,0,1331751,20261003,1,4345,0,feed,23220,0,80,23220
1791024807,14,1,1358689,20261003,1,50153,0,feed,23640,0,82,23640
1791024807,14,0,1359826,20261003,45,17901,254,feed,20940,44,80,19140
1791024807,17,0,1131869,20261003,1,57458,0,feed,22860,0,63,22860
1791024807,17,1,1321194,20261003,21,17980,-168,feed,21000,20,65,19920
1791024807,17,0,1323369,20261003,1,57458,72,feed,21120,0,63,21120
1791024807,17,0,1324662,20261003,1,57458,0,feed,24600,0,63,24600
1791024807,17,1,1334330,20261003,1,17192,0,feed,22020,0,65,22020
1791024807,17,1,1367244,20261003,1,17192,0,feed,,,,
1791024807,17,0,1369463,20261003,46,17994,108,feed,,,,
1791024807,18,0,1361020,20261003,29,1880,-101,feed,21240,28,51,19860
1791024807,18,1,1364270,20261003,1,56800,0,feed,,,,
1791024807,18,1,1365183,20261003,1,56800,0,feed,,,,
1791024807,18,0,1367077,20261003,1,51852,133,feed,,,,
1791024807,18,0,1367478,20261003,1,51852,0,feed,,,,
1791024807,18,0,1367493,20261003,47,17994,559,feed,,,,
1791024807,18,0,1367989,20261003,1,51852,0,feed,,,,
1791024807,18,0,1368315,20261003,1,57131,0,feed,,,,
1791024807,18,1,1368372,20261003,1,56800,0,feed,,,,
1791024807,18,1,1368611,20261003,1,56800,0,feed,,,,
1791024807,18,1,1368865,20261003,23,1219,153,feed,,,,
1791024807,18,0,1368999,20261003,1,57131,0,feed,,,,
1791024807,2,1,1267562,20261003,1,50670,0,feed,22560,0,34,22560
1791024807,2,0,1318533,20261003,27,13235,186,feed,21000,26,34,19680
1791024807,2,0,1331994,20261003,1,57469,0,feed,23340,0,41,23340
1791024807,2,0,1333032,20261003,1,57469,0,feed,21480,0,41,21480
1791024807,2,1,1361487,20261003,1,57618,0,feed,24360,0,42,24360
1791024807,215,1,1265287,20261003,1,5020,0,feed,22560,0,27,22560
1791024807,215,0,1267487,20261003,11,57699,70,feed,21120,10,30,20640
1791024807,215,0,1273955,20261003,1,49979,0,feed,24240,0,30,24240
1791024807,219,0,1303782,20261003,1,57340,0,feed,22560,0,74,22560
1791024807,219,1,1311915,20261003,1,5020,0,feed,22500,0,71,22500
1791024807,22,1,1356719,20261003,4,50142,24,feed,21180,3,87,21060
1791024807,22,1,1357959,20261003,1,56825,0,feed,,,,
1791024807,22,0,1364296,20261003,1,4558,0,feed,,,,
1791024807,22,0,1365028,20261003,1,4558,0,feed,,,,
1791024807,22,0,1365656,20261003,26,12562,-66,feed,,,,
1791024807,22,0,1367267,20261003,1,4558,0,feed,,,,
1791024807,22,0,1368057,20261003,53,53765,-417,feed,,,,
1791024807,22,1,1368812,20261003,32,17907,-558,feed,,,,
1791024807,22,1,1368879,20261003,1,56825,0,feed,,,,
1791024807,22,1,1368894,20261003,1,56825,0,feed,,,,
1791024807,223,0,1361400,20261003,1,57691,0,feed,22560,0,33,22560
1791024807,223,0,1362168,20261003,1,57691,0,feed,24360,0,33,24360
1791024807,223,1,1363081,20261003,1,5020,0,feed,22260,0,34,22260
1791024807,25,0,1325022,20261003,1,19337,0,feed,22680,0,92,22680
1791024807,25,1,1325879,20261003,2,57119,113,feed,21120,1,89,20940
1791024807,25,1,1325958,20261003,1,57166,0,feed,24420,0,89,24420
1791024807,27,1,1362663,20261003,1,51367,0,feed,24540,0,21,24540
1791024807,27,0,1368823,20261003,1,52857,0,feed,,,,
1791024807,3,0,1294585,20261003,1,54097,0,feed,21720,0,64,21720
1791024807,3,1,1321710,20261003,1,56100,0,feed,21960,0,64,21960
1791024807,3,0,1322590,20261003,1,54097,0,feed,23460,0,65,23460
1791024807,3,1,1322860,20261003,51,54046,649,feed,20580,50,65,18300
1791024807,3,1,1323618,20261003,14,80933,341,feed,20880,13,65,20040
1791024807,323,1,1131845,20261003,1,57508,0,feed,24600,0,25,24600
1791024807,323,0,1135065,20261003,1,51116,0,feed,23040,0,23,23040
1791024807,323,1,1137363,20261003,2,57439,69,feed,21180,1,25,21120
1791024807,345,1,1133227,20261003,1,57508,0,feed,21900,0,15,21900
1791024807,345,0,1137643,20261003,1,56879,74,feed,21600,0,15,21600
1791024807,36,1,1177722,20261003,8,1115,142,feed,21060,7,50,20820
1791024807,36,0,1177805,20261003,1,57537,0,feed,,,,
1791024807,36,0,1178165,20261003,1,57537,0,feed,24180,0,53,24180
1791024807,36,1,1178660,20261003,48,50143,429,feed,,,,
1791024807,36,0,1180417,20261003,19,50601,-50,feed,21300,18,53,20580
1791024807,36,1,1362274,20261003,1,50160,0,feed,24420,0,50,24420
1791024807,36,1,1367113,20261003,1,50160,0,feed,,,,
1791024807,38,1,1349332,20261003,1,16494,0,feed,,,,
1791024807,38,0,1349537,20261003,1,48213,69,feed,,,,
1791024807,38,0,1350999,20261003,92,51543,181,feed,,,,
1791024807,38,1,1353164,20261003,1,42032,130,feed,,,,
1791024807,38,1,1353688,20261003,1,42032,0,feed,,,,
1791024807,38,0,1354181,20261003,49,4850,11,feed,,,,
1791024807,38,0,1355206,20261003,1,48213,0,feed,,,,
1791024807,38,1,1355670,20261003,40,16836,-93,feed,,,,
1791024807,38,1,1367051,20261003,101,48313,-85,feed,,,,
1791024807,38,0,1367608,20261003,1,48213,0,feed,,,,
1791024807,4,0,1132936,20261003,52,53099,-47,feed,21120,51,89,19020
1791024807,4,0,1157630,20261003,1,50231,0,feed,24780,0,87,24780
1791024807,4,1,1356509,20261003,1,14153,0,feed,23880,0,85,23880
1791024807,4,1,1357342,20261003,40,17923,-246,feed,21120,39,85,19500
1791024807,4,1,1360580,20261003,1,14153,0,feed,22140,0,90,22140
1791024807,4,0,1360582,20261003,1,50231,0,feed,23160,0,89,23160
1791024807,4,0,1368258,20261003,1,50231,0,feed,,,,
1791024807,5,0,1367165,20261003,35,53941,306,feed,,,,
1791024807,5,0,1367203,20261003,1,51212,0,feed,,,,
1791024807,5,1,1367795,20261003,1,51846,0,feed,,,,
1791024807,515,1,1351663,20261003,1,56877,0,feed,22560,0,49,22560
1791024807,515,1,1352997,20261003,1,56877,0,feed,23580,0,49,23580
1791024807,515,1,1353990,20261003,1,56877,0,feed,24480,0,49,24480
1791024807,534,0,1343689,20261003,1,56725,0,feed,22620,0,35,22620
1791024807,534,0,1345447,20261003,1,56725,0,feed,24420,0,35,24420
1791024807,534,1,1345509,20261003,1,51824,0,feed,22500,0,32,22500
1791024807,534,1,1345791,20261003,1,51824,0,feed,24300,0,32,24300
1791024807,538,0,1131894,20261003,1,53704,0,feed,23400,0,42,23400
1791024807,538,1,1318379,20261003,1,56880,0,feed,24480,0,40,24480
1791024807,539,0,895456,20261003,1,56725,0,feed,24060,0,41,24060
1791024807,54,0,1346282,20261003,1,56875,0,feed,24120,0,46,24120
1791024807,54,0,1346538,20261003,19,10236,138,feed,21120,18,46,19560
1791024807,54,1,1346892,20261003,1,42319,0,feed,24000,0,47,24000
1791024807,54,0,1347643,20261003,1,56875,0,feed,22320,0,25,22320
1791024807,54,1,1354430,20261003,12,12934,-23,feed,21240,11,47,20220
1791024807,54,0,1359180,20261003,4,56597,12,feed,21180,3,25,21060
1791024807,54,1,1359341,20261003,1,56100,0,feed,23700,0,27,23700
1791024807,54,1,1359849,20261003,15,57019,305,feed,20940,14,27,19980
1791024807,540,1,881239,20261003,1,56879,0,feed,23220,0,48,23220
1791024807,546,1,1131417,20261003,1,51824,0,feed,22860,0,31,22860
1791024807,546,1,1137241,20261003,1,51824,0,feed,24660,0,31,24660
1791024807,546,0,1137821,20261003,1,56725,0,feed,22560,0,33,22560
1791024807,61,0,1364707,20261003,30,10628,-7,feed,,,,
1791024807,61,1,1365293,20261003,40,3980,73,feed,,,,
1791024807,61,1,1366316,20261003,1,52761,0,feed,,,,
1791024807,61,0,1366395,20261003,1,17905,0,feed,,,,
1791024807,61,0,1366891,20261003,1,17905,0,feed,,,,
1791024807,61,1,1367559,20261003,8,40160,196,feed,,,,
1791024807,61,1,1368168,20261003,1,52761,0,feed,,,,
1791024807,61,0,1369100,20261003,67,53981,83,feed,,,,
1791024807,62,0,1349339,20261003,49,2611,30,feed,21180,48,86,19800
1791024807,62,1,1354974,20261003,1,49141,0,feed,22860,0,91,22860
1791024807,62,0,1359990,20261003,1,328,0,feed,21900,0,86,21900
1791024807,62,1,1360353,20261003,80,260,84,feed,21120,79,83,18060
1791024807,62,1,1362669,20261003,36,11912,19,feed,21180,35,83,19560
1791024807,62,0,1363784,20261003,1,328,0,feed,23700,0,86,23700
1791024807,62,1,1368245,20261003,1,49141,0,feed,,,,
1791024807,63,1,1268320,20261003,1,51114,0,feed,,,,
1791024807,63,0,1346603,20261003,35,42114,76,feed,,,,
1791024807,63,1,1347772,20261003,20,43282,151,feed,,,,
1791024807,63,0,1348368,20261003,1,15795,0,feed,,,,
1791024807,63,1,1368428,20261003,1,51114,0,feed,,,,
1791024807,63,0,1369075,20261003,1,15795,0,feed,,,,
1791024807,64,1,1342539,20261003,1,42157,0,feed,23820,0,43,23820
1791024807,64,0,1358471,20261003,68,3866,554,feed,20640,67,78,18360
1791024807,64,1,1358491,20261003,1,52015,41,feed,21480,0,76,21480
1791024807,64,0,1359576,20261003,1,52761,0,feed,24660,0,43,24660
1791024807,64,0,1359715,20261003,1,52761,0,feed,21360,0,78,21360
1791024807,645,1,1207815,20261003,1,53293,0,feed,,,,
1791024807,65,1,1349632,20261003,36,80981,81,feed,21120,35,38,19680
1791024807,65,1,1351111,20261003,1,57690,0,feed,21480,0,38,21480
1791024807,65,0,1351400,20261003,3,80985,129,feed,21600,2,40,21480
1791024807,65,0,1351558,20261003,3,80985,71,feed,23400,2,40,23280
1791024807,68,0,1363096,20261003,1,53340,0,feed,22200,0,131,22200
1791024807,68,1,1366827,20261003,25,49993,84,feed,,,,
1791024807,68,1,1369082,20261003,1,57511,0,feed,,,,
1791024807,68,0,1369150,20261003,55,57625,7,feed,,,,
1791024807,686,1,1172304,20261003,1,56939,0,feed,21960,0,4,21960
1791024807,686,0,1331376,20261003,2,57622,-39,feed,21300,1,3,20220
1791024807,686,1,1335581,20261003,4,47705,-26,feed,21720,3,4,19440
1791024807,686,0,1335796,20261003,1,47705,0,feed,22800,0,3,22800
1791024807,7,0,1356026,20261003,1,51779,0,feed,23580,0,64,23580
1791024807,7,0,1356051,20261003,1,51779,0,feed,21840,0,64,21840
1791024807,7,1,1358182,20261003,17,17882,132,feed,21000,16,63,20220
1791024807,7,1,1358852,20261003,1,17679,0,feed,24660,0,60,24660
1791024807,7,0,1358889,20261003,50,53765,-66,feed,21000,49,67,18360
1791024807,7,0,1359381,20261003,19,16298,12,feed,21180,18,64,20040
1791024807,7,1,1360685,20261003,1,17679,0,feed,23100,0,60,23100
1791024807,71,0,1264727,20261003,1,9715,0,feed,24120,0,58,24120
1791024807,71,1,1268612,20261003,1,51291,0,feed,24060,0,60,24060
1791024807,71,1,1269219,20261003,1,51291,0,feed,22260,0,60,22260
1791024807,716,1,1136367,20261003,1,8728,888,feed,20520,0,50,20520
1791024807,716,1,1137235,20261003,1,8728,0,feed,24120,0,50,24120
1791024807,716,0,1137589,20261003,1,50154,409,feed,22200,0,51,22200
1791024807,722,0,1184389,20261003,1,56827,0,feed,23700,0,51,23700
1791024807,724,0,1132223,20261003,33,53222,142,feed,21060,32,33,20100
1791024807,724,1,1132932,20261003,1,53222,0,feed,21720,0,35,21720
1791024807,724,0,1136135,20261003,1,51846,0,feed,23700,0,33,23700
1791024807,725,1,1313104,20261003,1,56775,0,feed,22500,0,49,22500
1791024807,725,0,1313978,20261003,1,57580,0,feed,23340,0,50,23340
1791024807,74,1,1358995,20261003,1,13667,0,feed,24540,0,61,24540
1791024807,74,1,1359531,20261003,23,43282,103,feed,21120,22,61,19800
1791024807,74,0,1359674,20261003,1,51546,0,feed,23940,0,59,23940
1791024807,74,1,1359864,20261003,1,13667,0,feed,22740,0,61,22740
1791024807,74,0,1359900,20261003,33,11834,90,feed,21180,32,59,19440
1791024807,74,0,1359985,20261003,1,51546,0,feed,22140,0,59,22140
1791024807,87,1,1304686,20261003,1,57690,0,feed,22440,0,70,22440
1791024807,87,1,1352490,20261003,1,57690,0,feed,24000,0,70,24000
1791024807,87,0,1354810,20261003,1,51892,0,feed,21840,0,71,21840
1791024807,9,0,1360478,20261003,1,52552,0,feed,22740,0,100,22740
1791024807,9,0,1360500,20261003,37,17907,91,feed,21000,36,87,19860
1791024807,9,1,1364704,20261003,1,51551,0,feed,,,,
1791024807,9,1,1365790,20261003,1,51551,0,feed,,,,
1791024807,9,1,1368468,20261003,48,53765,44,feed,,,,
1791024807,9,0,1368559,20261003,1,52552,0,feed,,,,
1791024807,901,1,877070,20261003,5,51409,120,feed,21060,4,20,20700
1791024807,901,0,883130,20261003,1,51405,0,feed,21840,0,20,21840
1791024807,901,1,886827,20261003,10,51414,300,feed,21000,9,20,20040
1791024807,901,1,888824,20261003,3,56336,0,feed,21660,2,20,21480
1791024807,901,0,890110,20261003,4,51423,60,feed,21120,3,7,20760
1791024807,901,0,897947,20261003,7,51433,180,feed,21060,6,20,20220
1791024807,901,1,901576,20261003,17,53279,120,feed,21060,16,20,19140
1791024807,901,0,903885,20261003,11,51429,180,feed,21060,10,20,19740
1791024807,902,1,882333,20261003,20,51424,60,feed,21180,19,24,18660
1791024807,902,1,882461,20261003,9,56034,0,feed,21240,8,24,20280
1791024807,902,0,883557,20261003,3,56336,120,feed,21060,2,24,20880
1791024807,902,1,893627,20261003,13,56038,180,feed,21060,12,24,19560
1791024807,902,0,895771,20261003,11,56005,120,feed,21120,10,24,19920
1791024807,902,1,895918,20261003,4,56029,0,feed,21180,3,24,20820
1791024807,902,0,904726,20261003,22,56016,0,feed,21180,21,24,18540
1791024807,902,0,967227,20261003,3,56336,0,feed,22020,2,24,21840
1791024807,903,1,1263994,20261003,1,56874,1126,feed,22320,0,6,22320
1791024807,903,0,1264906,20261003,1,57285,118,feed,24360,0,6,24360
1791024807,903,0,1264922,20261003,6,56874,3592,feed,17700,5,6,16620
1791024807,903,0,1267047,20261003,1,57285,2133,feed,20220,0,6,20220
1791024807,903,1,1268813,20261003,1,56874,2812,feed,18540,0,6,18540
1791024807,904,1,1267982,20261003,5,53301,19,feed,,,,
1791024807,904,1,1268165,20261003,1,56800,0,feed,23460,0,12,23460
1791024807,904,1,1274207,20261003,10,56884,83,feed,21240,9,12,19860
1791024807,904,0,1364315,20261003,5,56828,245,feed,,,,
1791024807,904,0,1364751,20261003,1,56830,0,feed,,,,
1791024807,904,0,1366134,20261003,1,56830,0,feed,,,,
1791024807,904,0,1367137,20261003,12,19260,47,feed,,,,
1791024807,904,1,1367966,20261003,12,56830,191,feed,,,,
1791024807,904,1,1368368,20261003,1,56800,0,feed,,,,
1791024807,904,0,1368503,20261003,2,56829,-19,feed,,,,
1791024807,904,0,1368778,20261003,1,56830,0,feed,,,,
1791024807,904,1,1368791,20261003,1,56800,0,feed,,,,
1791024807,904,1,1369184,20261003,1,56800,0,feed,,,,
1791024807,904,0,1369203,20261003,1,56830,0,feed,,,,
1791024807,905,1,1343963,20261003,14,11863,-125,feed,21360,13,16,19440
1791024807,905,0,1344095,20261003,1,52761,0,feed,24000,0,16,24000
1791024807,905,0,1344223,20261003,4,57455,485,feed,20700,3,16,20400
1791024807,905,1,1344290,20261003,1,57441,0,feed,23940,0,16,23940
1791024807,905,0,1344311,20261003,16,57441,492,feed,20700,15,16,18600
1791024807,905,0,1344388,20261003,1,52761,0,feed,22200,0,16,22200
1791024807,905,0,1344857,20261003,1,52761,0,feed,23100,0,16,23100
1791024807,905,1,1345077,20261003,1,57441,12,feed,21240,0,16,21240
1791024807,905,1,1345329,20261003,1,57441,0,feed,23040,0,16,23040
1791024807,921,0,1364283,20261003,1,51544,0,feed,,,,
1791024807,921,1,1364385,20261003,1,52531,0,feed,,,,
1791024807,921,1,1364534,20261003,1,52531,0,feed,,,,
1791024807,921,0,1365678,20261003,8,56114,45,feed,,,,
1791024807,921,1,1367011,20261003,11,17318,298,feed,,,,
1791024807,921,0,1367940,20261003,1,51544,0,feed,,,,
1791024807,921,1,1367988,20261003,1,52531,0,feed,,,,
1791024807,921,0,1368770,20261003,19,50013,165,feed,,,,
1791024807,921,1,1368838,20261003,1,52531,0,feed,,,,
1791024807,921,0,1368929,20261003,1,51544,0,feed,,,,
1791024807,921,0,1369423,20261003,1,51544,0,feed,,,,
1791024807,922,1,1312096,20261003,1,56100,0,feed,23040,0,34,23040
1791024807,922,1,1312498,20261003,1,56100,0,feed,22200,0,34,22200
1791024807,922,0,1313260,20261003,1,57314,0,feed,24060,0,35,24060
1791024807,922,0,1313444,20261003,1,57314,0,feed,23160,0,35,23160
1791024807,922,1,1313808,20261003,1,56100,0,feed,23940,0,34,23940
1791024807,922,1,1313829,20261003,33,57353,311,feed,20880,32,34,17760
1791024807,922,0,1314244,20261003,1,57314,0,feed,21360,0,35,21360
1791024807,922,0,1314524,20261003,1,57314,0,feed,22260,0,35,22260
1791024807,922,0,1314802,20261003,18,57327,118,feed,21120,17,35,19560
1791024807,922,1,1315465,20261003,28,57358,-68,feed,21240,27,34,18660
1791024807,922,1,1316069,20261003,1,56100,0,feed,21300,0,34,21300
1791024807,922,1,1316207,20261003,18,16933,-31,feed,21240,17,34,19560
1791024807,923,0,1262923,20261003,1,56897,0,feed,23100,0,22,23100
1791024807,923,0,1264599,20261003,1,56897,0,feed,21900,0,22,21900
1791024807,923,1,1268409,20261003,1,57278,0,feed,22620,0,23,22620
1791024807,923,1,1269805,20261003,6,56528,138,feed,21060,5,23,20640
1791024807,923,0,1269973,20261003,6,17856,49,feed,21240,5,22,20700
1791024807,923,1,1270042,20261003,1,57278,0,feed,23820,0,23,23820
1791024807,923,0,1271835,20261003,21,56826,125,feed,21180,20,22,19500
1791024807,923,0,1340294,20261003,1,56897,0,feed,24300,0,22,24300
1791024807,924,1,1337446,20261003,22,56910,98,feed,21120,21,41,19140
1791024807,924,0,1337481,20261003,1,56873,0,feed,24300,0,40,24300
1791024807,924,0,1338208,20261003,1,56873,0,feed,23580,0,40,23580
1791024807,924,0,1338409,20261003,1,56873,0,feed,22020,0,40,22020
1791024807,924,0,1338548,20261003,13,56923,-18,feed,21240,12,40,20220
1791024807,924,1,1338557,20261003,2,9087,223,feed,21000,1,41,20940
1791024807,924,0,1339681,20261003,20,56928,80,feed,21180,19,40,19440
1791024807,924,0,1339771,20261003,2,4513,93,feed,21240,1,40,21120
1791024807,924,1,1339813,20261003,1,56823,0,feed,22740,0,41,22740
1791024807,924,1,1339921,20261003,1,56823,0,feed,23640,0,41,23640
1791024807,924,1,1340068,20261003,13,11161,69,feed,21120,12,41,20040
1791024807,924,0,1340282,20261003,1,56873,0,feed,22860,0,40,22860
1791024807,924,0,1340380,20261003,29,43275,105,feed,21180,28,40,18540
1791024807,924,1,1340453,20261003,27,80139,588,feed,20700,26,41,18240
1791024807,924,0,1340752,20261003,40,56823,-138,feed,21240,39,40,17640
1791024807,924,1,1340875,20261003,1,56823,0,feed,21840,0,41,21840
1791024807,924,1,1340953,20261003,1,56823,0,feed,24480,0,41,24480
1791024807,925,1,1332396,20261003,1,57541,0,feed,22260,0,35,22260
1791024807,925,1,1333024,20261003,1,57541,0,feed,21360,0,35,21360
1791024807,925,0,1333578,20261003,21,53099,-70,feed,21120,20,35,19380
1791024807,925,1,1334308,20261003,29,1139,73,feed,21180,28,35,18660
1791024807,925,1,1334472,20261003,1,57541,0,feed,24060,0,35,24060
1791024807,925,0,1334615,20261003,1,53703,0,feed,22680,0,35,22680
1791024807,925,0,1334722,20261003,1,53703,0,feed,23400,0,35,23400
1791024807,925,0,1334986,20261003,1,53703,0,feed,21780,0,35,21780
1791024807,925,0,1334991,20261003,34,15882,275,feed,21000,33,35,18240
1791024807,925,0,1335043,20261003,1,53703,0,feed,24120,0,35,24120
1791024807,925,1,1335342,20261003,1,57541,0,feed,23160,0,35,23160
1791024807,925,1,1335384,20261003,15,17923,17,feed,21120,14,35,19860
1791024807,925,0,1335737,20261003,2,4369,276,feed,20940,1,35,20880
1791025710,10,0,1325586,20261003,1,19337,0,feed,22860,0,49,22860
1791025710,10,1,1325603,20261003,18,17154,247,feed,,,,
1791025710,10,1,1325926,20261003,33,19337,58,feed,22020,32,33,20220
1791025710,10,1,1325942,20261003,1,57448,0,feed,23400,0,43,23400
1791025710,10,0,1326215,20261003,1,19337,0,feed,,,,
1791025710,10,1,1327342,20261003,1,57165,0,feed,23940,0,64,23940
1791025710,10,0,1329168,20261003,9,17996,255,feed,21840,8,60,21360
1791025710,10,1,1330480,20261003,1,57165,0,feed,25320,0,53,25320
1791025710,11,1,1318651,20261003,1,49304,253,feed,,,,
1791025710,11,1,1319832,20261003,1,49304,0,feed,,,,
1791025710,11,1,1333457,20261003,48,53462,68,feed,22020,47,79,19500
1791025710,11,1,1352588,20261003,1,49304,0,feed,23640,0,79,23640
1791025710,11,0,1367545,20261003,1,51828,0,feed,,,,
1791025710,11,0,1369148,20261003,1,51828,0,feed,,,,
1791025710,11,0,1369329,20261003,45,14691,177,feed,,,,
1791025710,14,1,1331138,20261003,47,15660,194,feed,21900,46,82,19500
1791025710,14,0,1331569,20261003,1,4345,0,feed,25020,0,80,25020
1791025710,14,0,1331751,20261003,1,4345,0,feed,23220,0,80,23220
1791025710,14,1,1331963,20261003,1,50153,0,feed,25440,0,82,25440
1791025710,14,1,1358689,20261003,1,50153,0,feed,23640,0,82,23640
1791025710,14,0,1359826,20261003,53,16342,92,feed,22020,52,80,19140
1791025710,17,0,1131869,20261003,1,57458,0,feed,22860,0,63,22860
1791025710,17,1,1318246,20261003,1,17192,0,feed,,,,
1791025710,17,1,1321194,20261003,28,1202,74,feed,22080,27,65,19920
1791025710,17,0,1323369,20261003,13,5775,328,feed,21780,12,63,21120
1791025710,17,0,1324662,20261003,1,57458,0,feed,24600,0,63,24600
1791025710,17,1,1334330,20261003,3,57446,-43,feed,22140,2,65,22020
1791025710,17,1,1367244,20261003,1,17192,0,feed,,,,
1791025710,17,0,1369463,20261003,52,14954,-64,feed,,,,
1791025710,18,0,1361020,20261003,42,1914,-356,feed,22140,41,51,19860
1791025710,18,1,1364270,20261003,1,56800,0,feed,,,,
1791025710,18,1,1365183,20261003,1,56800,0,feed,,,,
1791025710,18,0,1367077,20261003,22,1863,-50,feed,,,,
1791025710,18,0,1367478,20261003,1,51852,0,feed,,,,
1791025710,18,0,1367989,20261003,4,620,127,feed,,,,
1791025710,18,0,1368311,20261003,1,51852,0,feed,,,,
1791025710,18,0,1368315,20261003,4,1399,-157,feed,,,,
1791025710,18,1,1368372,20261003,5,17980,194,feed,,,,
1791025710,18,1,1368611,20261003,1,56800,0,feed,,,,
1791025710,18,1,1368678,20261003,1,56800,0,feed,,,,
1791025710,18,1,1368865,20261003,41,1347,-153,feed,,,,
1791025710,18,0,1368999,20261003,1,57131,0,feed,,,,
1791025710,2,1,1267562,20261003,1,50670,0,feed,22560,0,34,22560
1791025710,2,0,1331522,20261003,1,57469,0,feed,25140,0,41,25140
1791025710,2,0,1331994,20261003,1,57469,0,feed,23340,0,41,23340
1791025710,2,0,1333032,20261003,12,52239,24,feed,22080,11,41,21480
1791025710,2,1,1361487,20261003,1,57618,0,feed,24360,0,42,24360
1791025710,215,1,1265287,20261003,1,5020,0,feed,22560,0,27,22560
1791025710,215,0,1267487,20261003,30,5020,41,feed,22080,29,30,20640
1791025710,215,0,1273955,20261003,1,49979,0,feed,24240,0,30,24240
1791025710,219,0,1303782,20261003,1,57340,62,feed,22560,0,74,22560
1791025710,219,1,1311915,20261003,1,5020,0,feed,22500,0,71,22500
1791025710,22,1,1356719,20261003,22,11641,-61,feed,22260,21,87,21060
1791025710,22,1,1357959,20261003,1,56825,0,feed,,,,
1791025710,22,0,1364296,20261003,1,4558,0,feed,,,,
1791025710,22,0,1365028,20261003,6,51564,94,feed,,,,
1791025710,22,0,1365656,20261003,43,13219,-33,feed,,,,
1791025710,22,0,1367267,20261003,1,4558,0,feed,,,,
1791025710,22,0,1368057,20261003,62,11183,2,feed,,,,
1791025710,22,1,1368812,20261003,45,16435,-21,feed,,,,
1791025710,22,1,1368879,20261003,1,56825,0,feed,,,,
1791025710,22,1,1368894,20261003,1,56825,0,feed,,,,
1791025710,22,0,1368944,20261003,1,4558,0,feed,,,,
1791025710,223,0,1361400,20261003,1,57691,0,feed,22560,0,33,22560
1791025710,223,0,1362168,20261003,1,57691,0,feed,24360,0,33,24360
1791025710,223,1,1363081,20261003,1,5020,0,feed,22260,0,34,22260
1791025710,25,0,1325022,20261003,1,19337,0,feed,22680,0,92,22680
1791025710,25,1,1325879,20261003,15,13987,323,feed,21780,14,89,20940
1791025710,25,1,1325958,20261003,1,57166,0,feed,24420,0,89,24420
1791025710,27,0,1350298,20261003,1,52857,0,feed,,,,
1791025710,27,1,1362663,20261003,1,51367,0,feed,24540,0,21,24540
1791025710,27,0,1368823,20261003,9,1889,181,feed,,,,
1791025710,3,0,1294585,20261003,4,57011,-96,feed,22140,3,64,21720
1791025710,3,0,1321470,20261003,1,54097,0,feed,25260,0,64,25260
1791025710,3,1,1321710,20261003,2,2611,133,feed,22140,1,64,21960
1791025710,3,0,1322590,20261003,1,54097,0,feed,23460,0,65,23460
1791025710,3,1,1323332,20261003,1,56100,0,feed,23640,0,65,23640
1791025710,3,1,1323618,20261003,36,879,328,feed,21780,35,65,20040
1791025710,3,1,1329338,20261003,1,56100,0,feed,25200,0,65,25200
1791025710,30,0,1218781,20261003,1,40238,0,feed,24840,0,48,24840
1791025710,323,1,1131845,20261003,1,57508,0,feed,24600,0,25,24600
1791025710,323,0,1135065,20261003,1,51116,0,feed,23040,0,23,23040
1791025710,323,1,1137363,20261003,21,2450,-2,feed,22080,20,25,21120
1791025710,345,1,1133227,20261003,2,53873,158,feed,22380,1,15,21900
1791025710,345,0,1134463,20261003,1,56879,0,feed,25200,0,15,25200
1791025710,345,1,1135441,20261003,1,57508,0,feed,25440,0,15,25440
1791025710,345,0,1137643,20261003,8,56939,88,feed,22200,7,15,21600
1791025710,36,1,1177722,20261003,37,41126,140,feed,22080,36,50,20820
1791025710,36,0,1177805,20261003,1,57537,0,feed,,,,
1791025710,36,0,1178165,20261003,1,57537,0,feed,24180,0,53,24180
1791025710,36,0,1180417,20261003,37,6249,74,feed,22020,36,53,20580
1791025710,36,1,1362274,20261003,1,50160,0,feed,24420,0,50,24420
1791025710,36,1,1367113,20261003,1,50160,0,feed,,,,
1791025710,38,1,1349332,20261003,1,16494,0,feed,,,,
1791025710,38,0,1349537,20261003,2,52523,901,feed,,,,
1791025710,38,1,1353164,20261003,24,12582,56,feed,,,,
1791025710,38,1,1353688,20261003,1,42032,0,feed,,,,
1791025710,38,0,1354181,20261003,71,57204,-81,feed,,,,
1791025710,38,0,1355206,20261003,1,48213,0,feed,,,,
1791025710,38,1,1355670,20261003,62,3552,114,feed,,,,
1791025710,38,0,1367608,20261003,1,48213,0,feed,,,,
1791025710,4,0,1132936,20261003,58,15477,-42,feed,22140,57,89,19020
1791025710,4,0,1157630,20261003,1,50231,0,feed,24780,0,87,24780
1791025710,4,1,1356509,20261003,1,14153,0,feed,23880,0,85,23880
1791025710,4,1,1357342,20261003,45,102,-46,feed,22140,44,85,19500
1791025710,4,1,1360580,20261003,1,14153,0,feed,22140,0,90,22140
1791025710,4,0,1360582,20261003,1,50231,0,feed,23160,0,89,23160
1791025710,4,0,1368258,20261003,16,3372,100,feed,,,,
1791025710,5,0,1367165,20261003,42,8919,213,feed,,,,
1791025710,5,0,1367203,20261003,1,51212,0,feed,,,,
1791025710,5,1,1367795,20261003,12,9589,14,feed,,,,
1791025710,5,1,1369245,20261003,1,51846,0,feed,,,,
1791025710,515,0,1351391,20261003,1,53704,0,feed,24960,0,49,24960
1791025710,515,1,1351663,20261003,1,56877,0,feed,22560,0,49,22560
1791025710,515,1,1351908,20261003,1,56877,0,feed,25380,0,49,25380
1791025710,515,1,1352997,20261003,1,56877,0,feed,23580,0,49,23580
1791025710,515,1,1353990,20261003,1,56877,0,feed,24480,0,49,24480
1791025710,534,0,1343689,20261003,1,56725,0,feed,22620,0,35,22620
1791025710,534,0,1345447,20261003,1,56725,0,feed,24420,0,35,24420
1791025710,534,1,1345509,20261003,1,51824,0,feed,22500,0,32,22500
1791025710,534,1,1345791,20261003,1,51824,0,feed,24300,0,32,24300
1791025710,538,0,1131894,20261003,1,53704,0,feed,23400,0,42,23400
1791025710,538,1,1318379,20261003,1,56880,0,feed,24480,0,40,24480
1791025710,539,1,879155,20261003,1,56880,0,feed,24780,0,38,24780
1791025710,539,0,895456,20261003,1,56725,0,feed,24060,0,41,24060
1791025710,54,0,1346282,20261003,1,56875,0,feed,24120,0,46,24120
1791025710,54,0,1346538,20261003,23,57418,473,feed,21660,22,46,19560
1791025710,54,1,1346892,20261003,1,42319,0,feed,24000,0,47,24000
1791025710,54,0,1347643,20261003,1,56875,0,feed,22320,0,25,22320
1791025710,54,1,1354430,20261003,22,43282,89,feed,22020,21,47,20220
1791025710,54,0,1359180,20261003,10,13096,75,feed,22080,9,25,21060
1791025710,54,1,1359341,20261003,1,56100,0,feed,23700,0,27,23700
1791025710,54,1,1359849,20261003,21,48548,164,feed,21960,20,27,19980
1791025710,540,0,1136315,20261003,1,53052,0,feed,25440,0,51,25440
1791025710,540,1,881239,20261003,1,56879,0,feed,23220,0,48,23220
1791025710,546,1,1131417,20261003,1,51824,0,feed,22860,0,31,22860
1791025710,546,1,1137241,20261003,1,51824,0,feed,24660,0,31,24660
1791025710,546,0,1137821,20261003,1,56725,0,feed,22560,0,33,22560
1791025710,61,0,1364707,20261003,48,49670,108,feed,,,,
1791025710,61,1,1365293,20261003,68,17917,4,feed,,,,
1791025710,61,1,1366316,20261003,1,52761,0,feed,,,,
1791025710,61,0,1366395,20261003,4,17948,166,feed,,,,
1791025710,61,0,1366891,20261003,1,17905,0,feed,,,,
1791025710,61,1,1367559,20261003,23,5379,90,feed,,,,
1791025710,61,0,1367765,20261003,1,17905,0,feed,,,,
1791025710,61,1,1368168,20261003,1,52761,0,feed,,,,
1791025710,61,0,1369100,20261003,75,52759,298,feed,,,,
1791025710,62,0,1349339,20261003,59,49895,43,feed,22020,58,86,19800
1791025710,62,1,1349394,20261003,1,49141,0,feed,24900,0,83,24900
1791025710,62,1,1354974,20261003,1,49141,0,feed,22860,0,91,22860
1791025710,62,0,1359990,20261003,6,332,43,feed,22080,5,86,21900
1791025710,62,1,1362669,20261003,40,45128,228,feed,21780,39,83,19560
1791025710,62,0,1363784,20261003,1,328,0,feed,23700,0,86,23700
1791025710,62,1,1368245,20261003,23,10467,-90,feed,,,,
1791025710,62,0,1368581,20261003,1,328,0,feed,,,,
1791025710,63,1,1268320,20261003,1,51114,0,feed,,,,
1791025710,63,0,1346603,20261003,43,3155,15,feed,,,,
1791025710,63,1,1347772,20261003,32,3276,13,feed,,,,
1791025710,63,0,1348368,20261003,1,15795,0,feed,,,,
1791025710,63,1,1368428,20261003,1,51114,0,feed,,,,
1791025710,63,0,1369075,20261003,1,15795,0,feed,,,,
1791025710,64,1,1342539,20261003,1,42157,0,feed,23820,0,43,23820
1791025710,64,1,1358491,20261003,13,3874,211,feed,21900,12,76,21480
1791025710,64,1,1359566,20261003,1,52015,0,feed,24840,0,76,24840
1791025710,64,0,1359576,20261003,1,52761,0,feed,24660,0,43,24660
1791025710,64,0,1359715,20261003,8,11776,135,feed,22020,7,78,21360
1791025710,645,1,1207815,20261003,1,53293,0,feed,,,,
1791025710,65,1,1351111,20261003,9,45387,131,feed,21960,8,38,21480
1791025710,65,0,1351400,20261003,5,10695,206,feed,21900,4,40,21480
1791025710,65,0,1351558,20261003,3,80985,71,feed,23400,2,40,23280
1791025710,65,1,1354530,20261003,1,57690,0,feed,25320,0,38,25320
1791025710,68,0,1356050,20261003,1,53340,0,feed,25200,0,118,25200
1791025710,68,0,1361913,20261003,2,9806,132,feed,25080,1,87,25080
1791025710,68,0,1363096,20261003,1,53340,0,feed,22200,0,131,22200
1791025710,68,1,1366827,20261003,40,9903,132,feed,,,,
1791025710,68,1,1369082,20261003,1,57511,0,feed,,,,
1791025710,68,0,1369150,20261003,62,18022,-96,feed,,,,
1791025710,686,1,1172304,20261003,2,70103,-351,feed,22560,1,4,21960
1791025710,686,0,1331155,20261003,1,47705,0,feed,25620,0,3,25620
1791025710,686,1,1334842,20261003,1,56939,0,feed,24840,0,4,24840
1791025710,686,0,1335796,20261003,1,47705,0,feed,22800,0,3,22800
1791025710,7,0,1356026,20261003,1,51779,0,feed,23580,0,64,23580
1791025710,7,0,1356051,20261003,3,19437,157,feed,22020,2,64,21840
1791025710,7,0,1357335,20261003,1,51779,0,feed,25380,0,64,25380
1791025710,7,1,1358182,20261003,25,42452,17,feed,22140,24,63,20220
1791025710,7,1,1358852,20261003,1,17679,0,feed,24660,0,60,24660
1791025710,7,0,1358889,20261003,56,17653,30,feed,22080,55,67,18360
1791025710,7,0,1359381,20261003,38,13235,72,feed,22020,37,64,20040
1791025710,7,1,1360685,20261003,1,17679,0,feed,23100,0,60,23100
1791025710,71,0,1264727,20261003,1,9715,0,feed,24120,0,58,24120
1791025710,71,1,1268612,20261003,1,51291,0,feed,24060,0,60,24060
1791025710,71,1,1269219,20261003,1,51291,0,feed,22260,0,60,22260
1791025710,716,1,1136367,20261003,24,9497,955,feed,21120,23,50,20520
1791025710,716,1,1137235,20261003,1,8728,0,feed,24120,0,50,24120
1791025710,716,0,1137589,20261003,1,50154,555,feed,22200,0,51,22200
1791025710,72,0,1342904,20261003,1,57615,0,feed,24840,0,54,24840
1791025710,722,1,1184005,20261003,1,11486,0,feed,25140,0,14,25140
1791025710,722,0,1184389,20261003,1,56827,0,feed,23700,0,51,23700
1791025710,724,1,1132932,20261003,12,42071,-110,feed,22140,11,35,21720
1791025710,724,1,1135735,20261003,1,53222,0,feed,25320,0,35,25320
1791025710,724,0,1136135,20261003,1,51846,0,feed,23700,0,33,23700
1791025710,725,1,1313104,20261003,1,56775,0,feed,22500,0,49,22500
1791025710,725,0,1313978,20261003,1,57580,0,feed,23340,0,50,23340
1791025710,74,1,1358995,20261003,1,13667,0,feed,24540,0,61,24540
1791025710,74,1,1359531,20261003,33,10364,135,feed,21960,32,61,19800
1791025710,74,0,1359674,20261003,1,51546,0,feed,23940,0,59,23940
1791025710,74,1,1359864,20261003,1,13667,0,feed,22740,0,61,22740
1791025710,74,0,1359900,20261003,41,53982,-154,feed,22140,40,59,19440
1791025710,74,0,1359985,20261003,1,51546,0,feed,22140,0,59,22140
1791025710,87,1,1303812,20261003,39,18909,18,feed,22080,38,70,20640
1791025710,87,1,1304686,20261003,1,57690,0,feed,22440,0,70,22440
1791025710,87,0,1349992,20261003,1,51892,0,feed,23640,0,71,23640
1791025710,87,0,1351529,20261003,1,51892,0,feed,25320,0,71,25320
1791025710,87,1,1352490,20261003,1,57690,0,feed,24000,0,70,24000
1791025710,87,0,1354810,20261003,5,56603,88,feed,22020,4,71,21840
1791025710,9,0,1360478,20261003,1,52552,0,feed,22740,0,100,22740
1791025710,9,0,1360500,20261003,47,80925,206,feed,21960,46,87,19860
1791025710,9,1,1364704,20261003,1,51551,0,feed,,,,
1791025710,9,1,1365790,20261003,1,51551,0,feed,,,,
1791025710,9,1,1368468,20261003,62,49562,59,feed,,,,
1791025710,9,0,1368559,20261003,1,52552,0,feed,,,,
1791025710,901,1,877070,20261003,12,51416,180,feed,21900,11,20,20700
1791025710,901,0,883130,20261003,2,51437,120,feed,22020,1,20,21840
1791025710,901,1,886827,20261003,16,51420,360,feed,21780,15,20,20040
1791025710,901,1,888824,20261003,7,51411,0,feed,22080,6,20,21480
1791025710,901,1,893021,20261003,3,56336,0,feed,22380,2,20,22200
1791025710,901,0,897947,20261003,13,51427,180,feed,21900,12,20,20220
1791025710,901,0,902014,20261003,1,51405,0,feed,22560,0,20,22560
1791025710,901,0,903885,20261003,17,51423,180,feed,21900,16,20,19740
1791025710,902,1,881418,20261003,5,56030,60,feed,22080,4,24,21540
1791025710,902,1,882461,20261003,16,56041,-60,feed,22200,15,24,20280
1791025710,902,0,883557,20261003,10,56004,180,feed,21960,9,24,20880
1791025710,902,1,893627,20261003,19,56330,300,feed,21960,18,24,19560
1791025710,902,0,895771,20261003,18,56012,60,feed,22020,17,24,19920
1791025710,902,1,895918,20261003,12,56037,0,feed,22140,11,24,20820
1791025710,902,0,898768,20261003,3,56336,0,feed,22800,2,24,22620
1791025710,902,1,900937,20261003,2,56027,60,feed,22020,1,24,21900
1791025710,902,1,904349,20261003,1,56026,0,feed,22260,0,24,22260
1791025710,902,0,967227,20261003,4,51408,60,feed,22140,3,24,21840
1791025710,904,1,1267982,20261003,10,56884,1,feed,,,,
1791025710,904,1,1268165,20261003,1,56800,0,feed,23460,0,12,23460
1791025710,904,1,1274207,20261003,12,56830,459,feed,21960,11,12,19860
1791025710,904,0,1364315,20261003,9,53311,390,feed,,,,
1791025710,904,0,1364751,20261003,1,56830,0,feed,,,,
1791025710,904,0,1366134,20261003,1,56830,0,feed,,,,
1791025710,904,1,1368368,20261003,1,56800,0,feed,,,,
1791025710,904,0,1368503,20261003,6,48084,179,feed,,,,
1791025710,904,0,1368778,20261003,2,56829,-15,feed,,,,
1791025710,904,1,1368791,20261003,5,53301,141,feed,,,,
1791025710,904,0,1368817,20261003,1,56830,0,feed,,,,
1791025710,904,1,1368992,20261003,1,56800,0,feed,,,,
1791025710,904,1,1369184,20261003,1,56800,0,feed,,,,
1791025710,904,0,1369203,20261003,1,56830,0,feed,,,,
1791025710,905,0,1344095,20261003,1,52761,0,feed,24000,0,16,24000
1791025710,905,0,1344223,20261003,12,57434,239,feed,21900,11,16,20400
1791025710,905,1,1344290,20261003,1,57441,0,feed,23940,0,16,23940
1791025710,905,0,1344329,20261003,1,52761,0,feed,24900,0,16,24900
1791025710,905,0,1344388,20261003,1,52761,0,feed,22200,0,16,22200
1791025710,905,1,1344728,20261003,1,57441,0,feed,24840,0,16,24840
1791025710,905,0,1344857,20261003,1,52761,0,feed,23100,0,16,23100
1791025710,905,1,1345077,20261003,7,57429,96,feed,22080,6,16,21240
1791025710,905,1,1345329,20261003,1,57441,0,feed,23040,0,16,23040
1791025710,921,0,1364283,20261003,8,56114,38,feed,,,,
1791025710,921,1,1364385,20261003,1,52531,0,feed,,,,
1791025710,921,1,1364534,20261003,1,52531,0,feed,,,,
1791025710,921,0,1364777,20261003,1,51544,0,feed,,,,
1791025710,921,0,1365678,20261003,19,50013,152,feed,,,,
1791025710,921,0,1367025,20261003,1,51544,0,feed,,,,
1791025710,921,1,1367469,20261003,1,52531,0,feed,,,,
1791025710,921,0,1367940,20261003,1,51544,0,feed,,,,
1791025710,921,1,1367988,20261003,1,52531,0,feed,,,,
1791025710,921,1,1368838,20261003,7,15116,301,feed,,,,
1791025710,921,0,1368929,20261003,1,51544,0,feed,,,,
1791025710,921,0,1369423,20261003,1,51544,0,feed,,,,
1791025710,922,1,1312096,20261003,1,56100,0,feed,23040,0,34,23040
1791025710,922,1,1312498,20261003,1,56100,0,feed,22200,0,34,22200
1791025710,922,0,1313260,20261003,1,57314,0,feed,24060,0,35,24060
1791025710,922,0,1313444,20261003,1,57314,0,feed,23160,0,35,23160
1791025710,922,1,1313532,20261003,1,56100,0,feed,24840,0,34,24840
1791025710,922,1,1313808,20261003,1,56100,0,feed,23940,0,34,23940
1791025710,922,0,1314244,20261003,9,16857,111,feed,22020,8,35,21360
1791025710,922,0,1314524,20261003,1,57314,0,feed,22260,0,35,22260
1791025710,922,0,1314802,20261003,31,3142,-236,feed,22500,30,35,19560
1791025710,922,1,1314879,20261003,1,56100,0,feed,25620,0,34,25620
1791025710,922,0,1315961,20261003,1,57314,0,feed,25500,0,35,25500
1791025710,922,1,1316069,20261003,5,11863,441,feed,21720,4,34,21300
1791025710,922,1,1316207,20261003,26,47529,144,feed,22020,25,34,19560
1791025710,923,0,1262923,20261003,1,56897,0,feed,23100,0,22,23100
1791025710,923,0,1264599,20261003,2,17897,61,feed,22020,1,22,21900
1791025710,923,1,1267901,20261003,1,57278,0,feed,24960,0,23,24960
1791025710,923,1,1268409,20261003,1,57278,0,feed,22620,0,23,22620
1791025710,923,1,1269805,20261003,18,17905,63,feed,22140,17,23,20640
1791025710,923,0,1269973,20261003,16,9673,149,feed,21960,15,22,20700
1791025710,923,1,1270042,20261003,1,57278,0,feed,23820,0,23,23820
1791025710,923,0,1276181,20261003,1,56897,0,feed,25140,0,22,25140
1791025710,923,0,1340294,20261003,1,56897,0,feed,24300,0,22,24300
1791025710,924,1,1337086,20261003,1,56823,0,feed,25200,0,41,25200
1791025710,924,1,1337446,20261003,32,81079,90,feed,22020,31,41,19140
1791025710,924,0,1337481,20261003,1,56873,0,feed,24300,0,40,24300
1791025710,924,0,1338208,20261003,1,56873,0,feed,23580,0,40,23580
1791025710,924,0,1338409,20261003,2,4513,95,feed,22140,1,40,22020
1791025710,924,0,1338548,20261003,21,56929,-58,feed,22140,20,40,20220
1791025710,924,1,1338557,20261003,13,11161,133,feed,22020,12,41,20940
1791025710,924,0,1339420,20261003,1,56873,0,feed,25020,0,40,25020
1791025710,924,0,1339681,20261003,27,8919,278,feed,21900,26,40,19440
1791025710,924,0,1339771,20261003,12,784,46,feed,22080,11,40,21120
1791025710,924,1,1339813,20261003,1,56823,0,feed,22740,0,41,22740
1791025710,924,1,1339921,20261003,1,56823,0,feed,23640,0,41,23640
1791025710,924,1,1340068,20261003,17,17906,540,feed,21540,16,41,20040
1791025710,924,0,1340282,20261003,1,56873,0,feed,22860,0,40,22860
1791025710,924,0,1340380,20261003,39,9089,12,feed,22080,38,40,18540
1791025710,924,1,1340453,20261003,36,444,623,feed,21480,35,41,18240
1791025710,924,1,1340875,20261003,3,9173,159,feed,22020,2,41,21840
1791025710,924,1,1340953,20261003,1,56823,0,feed,24480,0,41,24480
1791025710,925,0,1271836,20261003,1,53703,0,feed,25560,0,35,25560
1791025710,925,1,1332396,20261003,1,57541,0,feed,22260,0,35,22260
1791025710,925,1,1333024,20261003,9,16119,85,feed,22020,8,35,21360
1791025710,925,0,1333578,20261003,27,16130,-84,feed,22140,26,35,19380
1791025710,925,0,1334038,20261003,1,53703,0,feed,24840,0,35,24840
1791025710,925,1,1334209,20261003,1,57541,0,feed,24960,0,35,24960
1791025710,925,1,1334472,20261003,1,57541,0,feed,24060,0,35,24060
1791025710,925,0,1334615,20261003,1,53703,0,feed,22680,0,35,22680
1791025710,925,0,1334722,20261003,1,53703,0,feed,23400,0,35,23400
1791025710,925,0,1334986,20261003,4,1255,75,feed,22020,3,35,21780
1791025710,925,0,1334991,20261003,35,57541,1030,feed,21060,34,35,18240
1791025710,925,0,1335043,20261003,1,53703,0,feed,24120,0,35,24120
1791025710,925,1,1335342,20261003,1,57541,0,feed,23160,0,35,23160
1791025710,925,1,1335384,20261003,19,1096,20,feed,22080,18,35,19860
1791025710,925,0,1335737,20261003,15,50195,185,feed,22020,14,35,20880
1791026614,10,0,1325586,20261003,4,1920,20,feed,22980,3,49,22860
1791026614,10,1,1325603,20261003,42,12282,15,feed,,,,
1791026614,10,1,1325685,20261003,1,57165,0,feed,26040,0,64,26040
1791026614,10,1,1325942,20261003,1,57448,0,feed,23400,0,43,23400
1791026614,10,0,1326215,20261003,1,19337,0,feed,,,,
1791026614,10,0,1327171,20261003,1,19337,0,feed,26460,0,49,26460
1791026614,10,1,1327342,20261003,1,57165,0,feed,23940,0,64,23940
1791026614,10,0,1329168,20261003,29,17169,147,feed,22920,28,60,21360
1791026614,10,1,1330480,20261003,1,57165,0,feed,25320,0,53,25320
1791026614,11,1,1318651,20261003,26,12802,374,feed,,,,
1791026614,11,1,1319832,20261003,1,49304,0,feed,,,,
1791026614,11,1,1333457,20261003,74,17729,145,feed,22860,73,79,19500
1791026614,11,1,1352588,20261003,1,49304,0,feed,23640,0,79,23640
1791026614,11,0,1366133,20261003,1,51828,0,feed,,,,
1791026614,11,0,1367545,20261003,1,51828,0,feed,,,,
1791026614,11,0,1369148,20261003,21,17754,131,feed,,,,
1791026614,11,0,1369329,20261003,69,80995,173,feed,,,,
1791026614,14,1,1331138,20261003,67,15575,200,feed,22800,66,82,19500
1791026614,14,0,1331569,20261003,1,4345,0,feed,25020,0,80,25020
1791026614,14,0,1331751,20261003,1,4345,0,feed,23220,0,80,23220
1791026614,14,1,1331963,20261003,1,50153,0,feed,25440,0,82,25440
1791026614,14,1,1358689,20261003,1,50153,0,feed,23640,0,82,23640
1791026614,14,0,1359826,20261003,72,8368,201,feed,22800,71,80,19140
1791026614,17,0,1131869,20261003,2,3566,64,feed,22980,1,63,22860
1791026614,17,1,1318246,20261003,1,17192,0,feed,,,,
1791026614,17,1,1321194,20261003,42,4673,301,feed,22740,41,65,19920
1791026614,17,0,1323369,20261003,33,1327,401,feed,22620,32,63,21120
1791026614,17,0,1324662,20261003,1,57458,0,feed,24600,0,63,24600
1791026614,17,0,1333883,20261003,1,57458,0,feed,26340,0,63,26340
1791026614,17,1,1334330,20261003,19,17976,19,feed,22980,18,65,22020
1791026614,17,1,1367244,20261003,1,17192,0,feed,,,,
1791026614,18,0,1361345,20261003,1,57131,0,feed,25620,0,84,25620
1791026614,18,1,1364270,20261003,1,56800,0,feed,,,,
1791026614,18,1,1365183,20261003,1,56800,0,feed,,,,
1791026614,18,0,1367077,20261003,38,52309,2,feed,,,,
1791026614,18,0,1367478,20261003,1,51852,0,feed,,,,
1791026614,18,0,1367989,20261003,22,1863,-52,feed,,,,
1791026614,18,0,1368311,20261003,1,51852,0,feed,,,,
1791026614,18,0,1368315,20261003,38,620,-43,feed,,,,
1791026614,18,1,1368372,20261003,20,81114,217,feed,,,,
1791026614,18,1,1368611,20261003,3,17976,89,feed,,,,
1791026614,18,1,1368678,20261003,1,56800,0,feed,,,,
1791026614,18,0,1368999,20261003,1,57131,0,feed,,,,
1791026614,18,1,1369355,20261003,1,56800,0,feed,,,,
1791026614,2,1,1267562,20261003,3,13207,377,feed,22740,2,34,22560
1791026614,2,0,1331522,20261003,1,57469,0,feed,25140,0,41,25140
1791026614,2,0,1331994,20261003,1,57469,0,feed,23340,0,41,23340
1791026614,2,0,1333032,20261003,28,13225,100,feed,22920,27,41,21480
1791026614,2,1,1361487,20261003,1,57618,0,feed,24360,0,42,24360
1791026614,2,1,1361732,20261003,1,57618,0,feed,26160,0,42,26160
1791026614,215,1,1265287,20261003,9,57716,14,feed,22980,8,27,22560
1791026614,215,1,1273522,20261003,1,5020,0,feed,26160,0,27,26160
1791026614,215,0,1273955,20261003,1,49979,0,feed,24240,0,30,24240
1791026614,219,0,1303536,20261003,1,57340,0,feed,26160,0,74,26160
1791026614,219,0,1303782,20261003,9,40147,254,feed,22740,8,74,22560
1791026614,219,1,1311113,20261003,1,5020,0,feed,26100,0,71,26100
1791026614,219,1,1311915,20261003,11,7737,11,feed,22980,10,71,22500
1791026614,22,1,1356719,20261003,35,17907,-46,feed,23040,34,87,21060
1791026614,22,1,1357959,20261003,1,56825,0,feed,,,,
1791026614,22,0,1364296,20261003,1,4558,0,feed,,,,
1791026614,22,0,1365028,20261003,29,19502,138,feed,,,,
1791026614,22,0,1365656,20261003,53,17902,200,feed,,,,
1791026614,22,0,1366038,20261003,1,4558,0,feed,,,,
1791026614,22,0,1367267,20261003,1,4558,93,feed,,,,
1791026614,22,0,1368057,20261003,81,11241,-68,feed,,,,
1791026614,22,1,1368394,20261003,1,56825,0,feed,,,,
1791026614,22,1,1368812,20261003,59,12565,-81,feed,,,,
1791026614,22,1,1368879,20261003,13,11629,-47,feed,,,,
1791026614,22,1,1368894,20261003,1,56825,0,feed,,,,
1791026614,22,0,1368944,20261003,1,4558,0,feed,,,,
1791026614,223,0,1361400,20261003,2,4019,379,feed,22620,1,33,22560
1791026614,223,1,1362113,20261003,1,5020,0,feed,25860,0,34,25860
1791026614,223,0,1362168,20261003,1,57691,0,feed,24360,0,33,24360
1791026614,223,1,1363081,20261003,6,80858,340,feed,22680,5,34,22260
1791026614,25,0,1324948,20261003,1,19337,0,feed,26280,0,92,26280
1791026614,25,0,1325022,20261003,3,1920,85,feed,22860,2,92,22680
1791026614,25,1,1325879,20261003,41,14139,245,feed,22740,40,89,20940
1791026614,25,1,1325958,20261003,1,57166,139,feed,24420,0,89,24420
1791026614,27,0,1350298,20261003,1,52857,0,feed,,,,
1791026614,27,1,1362663,20261003,1,51367,0,feed,24540,0,21,24540
1791026614,3,0,1294585,20261003,16,49881,-82,feed,23040,15,64,21720
1791026614,3,0,1321470,20261003,1,54097,0,feed,25260,0,64,25260
1791026614,3,1,1321710,20261003,17,836,231,feed,22800,16,64,21960
1791026614,3,0,1322590,20261003,1,54097,0,feed,23460,0,65,23460
1791026614,3,1,1323332,20261003,1,56100,0,feed,23640,0,65,23640
1791026614,3,1,1323618,20261003,55,19304,419,feed,22620,54,65,20040
1791026614,3,1,1329338,20261003,1,56100,0,feed,25200,0,65,25200
1791026614,30,1,1213378,20261003,1,15882,0,feed,25620,0,44,25620
1791026614,30,0,1218781,20261003,1,40238,0,feed,24840,0,48,24840
1791026614,32,0,1332088,20261003,1,50155,0,feed,26100,0,59,26100
1791026614,323,1,1131845,20261003,1,57508,0,feed,24600,0,25,24600
1791026614,323,0,1135065,20261003,1,51116,0,feed,23040,0,23,23040
1791026614,323,0,1136188,20261003,1,51116,0,feed,26040,0,23,26040
1791026614,345,1,1133227,20261003,4,371,141,feed,22860,3,15,21900
1791026614,345,0,1134463,20261003,1,56879,0,feed,25200,0,15,25200
1791026614,345,1,1135441,20261003,1,57508,0,feed,25440,0,15,25440
1791026614,345,0,1137643,20261003,11,417,93,feed,22920,10,15,21600
1791026614,36,0,1177805,20261003,19,50601,-16,feed,,,,
1791026614,36,0,1178165,20261003,1,57537,0,feed,24180,0,53,24180
1791026614,36,1,1362274,20261003,1,50160,0,feed,24420,0,50,24420
1791026614,36,1,1363924,20261003,1,50160,0,feed,26220,0,50,26220
1791026614,36,1,1367113,20261003,5,1109,267,feed,,,,
1791026614,36,0,1367240,20261003,1,57537,0,feed,,,,
1791026614,38,1,1349332,20261003,1,16494,0,feed,,,,
1791026614,38,0,1349537,20261003,40,52266,427,feed,,,,
1791026614,38,0,1351901,20261003,1,48213,0,feed,,,,
1791026614,38,1,1353164,20261003,41,169,54,feed,,,,
1791026614,38,1,1353688,20261003,1,42032,0,feed,,,,
1791026614,38,0,1354181,20261003,92,51543,10,feed,,,,
1791026614,38,0,1355206,20261003,1,48213,0,feed,,,,
1791026614,38,1,1355670,20261003,96,48311,-76,feed,,,,
1791026614,38,0,1367608,20261003,2,52523,34,feed,,,,
1791026614,4,0,1132936,20261003,78,16014,149,feed,22860,77,89,19020
1791026614,4,0,1157630,20261003,1,50231,0,feed,24780,0,87,24780
1791026614,4,1,1356509,20261003,1,14153,0,feed,23880,0,85,23880
1791026614,4,1,1357342,20261003,67,139,-6,feed,23040,66,85,19500
1791026614,4,1,1359383,20261003,1,14153,0,feed,25680,0,90,25680
1791026614,4,1,1360580,20261003,13,42298,578,feed,22440,12,90,22140
1791026614,4,0,1360582,20261003,1,50231,0,feed,23160,0,89,23160
1791026614,4,0,1368258,20261003,38,170,171,feed,,,,
1791026614,48,0,1304033,20261003,1,19301,0,feed,25500,0,61,25500
1791026614,48,1,1352114,20261003,1,50152,0,feed,25860,0,61,25860
1791026614,5,0,1367165,20261003,77,8974,-30,feed,,,,
1791026614,5,0,1367203,20261003,1,51212,0,feed,,,,
1791026614,5,1,1367795,20261003,41,51791,11,feed,,,,
1791026614,5,1,1369245,20261003,1,51846,0,feed,,,,
1791026614,515,0,1351391,20261003,1,53704,0,feed,24960,0,49,24960
1791026614,515,1,1351663,20261003,11,709,70,feed,22920,10,49,22560
1791026614,515,1,1351908,20261003,1,56877,0,feed,25380,0,49,25380
1791026614,515,1,1352997,20261003,1,56877,0,feed,23580,0,49,23580
1791026614,515,1,1353990,20261003,1,56877,0,feed,24480,0,49,24480
1791026614,515,0,1354091,20261003,1,53704,0,feed,25860,0,49,25860
1791026614,515,1,1354754,20261003,1,56877,0,feed,26280,0,49,26280
1791026614,534,0,1343689,20261003,5,2082,259,feed,22740,4,35,22620
1791026614,534,1,1343788,20261003,1,51824,0,feed,26100,0,32,26100
1791026614,534,0,1344604,20261003,1,56725,0,feed,26220,0,35,26220
1791026614,534,0,1345447,20261003,1,56725,0,feed,24420,0,35,24420
1791026614,534,1,1345509,20261003,7,3351,264,feed,22740,6,32,22500
1791026614,534,1,1345791,20261003,1,51824,0,feed,24300,0,32,24300
1791026614,538,0,1131894,20261003,1,53704,364,feed,23400,0,42,23400
1791026614,538,1,1318379,20261003,1,56880,0,feed,24480,0,40,24480
1791026614,538,1,1319019,20261003,1,56880,0,feed,26280,0,40,26280
1791026614,539,0,1136603,20261003,1,56725,0,feed,25860,0,41,25860
1791026614,539,1,879155,20261003,1,56880,0,feed,24780,0,38,24780
1791026614,539,0,895456,20261003,1,56725,0,feed,24060,0,41,24060
1791026614,539,1,896945,20261003,1,56880,0,feed,26580,0,38,26580
1791026614,54,0,1132872,20261003,1,56875,0,feed,25920,0,25,25920
1791026614,54,0,1346282,20261003,1,56875,0,feed,24120,0,46,24120
1791026614,54,0,1346538,20261003,37,12960,449,feed,22620,36,46,19560
1791026614,54,1,1346892,20261003,1,42319,0,feed,24000,0,47,24000
1791026614,54,0,1347643,20261003,8,56939,304,feed,22920,7,25,22320
1791026614,54,1,1354430,20261003,35,57019,205,feed,22860,34,47,20220
1791026614,54,0,1359180,20261003,22,57455,139,feed,22920,21,25,21060
1791026614,54,1,1359341,20261003,1,56100,0,feed,23700,0,27,23700
1791026614,540,0,1136315,20261003,1,53052,0,feed,25440,0,51,25440
1791026614,540,1,881239,20261003,1,56879,0,feed,23220,0,48,23220
1791026614,546,1,1131417,20261003,2,1616,61,feed,22920,1,31,22860
1791026614,546,1,1137241,20261003,1,51824,0,feed,24660,0,31,24660
1791026614,546,0,1137821,20261003,9,52296,-60,feed,23040,8,33,22560
1791026614,546,0,880880,20261003,1,56725,0,feed,26160,0,33,26160
1791026614,61,1,1364571,20261003,1,52761,0,feed,,,,
1791026614,61,0,1364707,20261003,64,80716,139,feed,,,,
1791026614,61,1,1366316,20261003,9,80956,101,feed,,,,
1791026614,61,0,1366395,20261003,28,10624,39,feed,,,,
1791026614,61,0,1366891,20261003,1,17905,0,feed,,,,
1791026614,61,1,1367559,20261003,37,5613,256,feed,,,,
1791026614,61,0,1367765,20261003,1,17905,0,feed,,,,
1791026614,61,1,1368168,20261003,1,52761,0,feed,,,,
1791026614,615,0,1166764,20261003,1,43380,0,feed,26220,0,42,26220
1791026614,62,0,1349339,20261003,77,45401,160,feed,22860,76,86,19800
1791026614,62,1,1349394,20261003,1,49141,0,feed,24900,0,83,24900
1791026614,62,1,1354974,20261003,4,46964,108,feed,22920,3,91,22860
1791026614,62,0,1359990,20261003,41,6334,21,feed,22980,40,86,21900
1791026614,62,1,1362669,20261003,73,254,243,feed,22740,72,83,19560
1791026614,62,0,1363784,20261003,1,328,0,feed,23700,0,86,23700
1791026614,62,1,1368245,20261003,36,11912,16,feed,,,,
1791026614,62,0,1368581,20261003,1,328,0,feed,,,,
1791026614,63,1,1268320,20261003,1,51114,0,feed,,,,
1791026614,63,0,1346885,20261003,1,15795,0,feed,,,,
1791026614,63,1,1347772,20261003,51,16952,82,feed,,,,
1791026614,63,1,1348120,20261003,1,51114,0,feed,,,,
1791026614,63,0,1348368,20261003,1,15795,0,feed,,,,
1791026614,63,1,1368428,20261003,7,13586,80,feed,,,,
1791026614,63,0,1369075,20261003,7,56250,214,feed,,,,
1791026614,64,1,1342539,20261003,1,42157,0,feed,23820,0,43,23820
1791026614,64,0,1357549,20261003,1,52761,0,feed,26100,0,78,26100
1791026614,64,1,1358491,20261003,44,12971,263,feed,22740,43,76,21480
1791026614,64,1,1359566,20261003,1,52015,0,feed,24840,0,76,24840
1791026614,64,0,1359576,20261003,1,52761,0,feed,24660,0,43,24660
1791026614,64,0,1359715,20261003,35,42427,201,feed,22800,34,78,21360
1791026614,645,1,1207815,20261003,7,48749,-15,feed,,,,
1791026614,645,0,1337929,20261003,1,6990,0,feed,,,,
1791026614,645,1,1340341,20261003,1,53293,0,feed,,,,
1791026614,65,1,1351111,20261003,37,80982,4,feed,22980,36,38,21480
1791026614,65,0,1351400,20261003,40,57690,-4,feed,23040,39,40,21480
1791026614,65,0,1351558,20261003,3,80985,71,feed,23400,2,40,23280
1791026614,65,1,1354530,20261003,1,57690,0,feed,25320,0,38,25320
1791026614,67,1,1358213,20261003,1,56100,0,feed,26280,0,65,26280
1791026614,68,0,1356050,20261003,1,53340,0,feed,25200,0,118,25200
1791026614,68,0,1361913,20261003,2,9806,132,feed,25080,1,87,25080
1791026614,68,0,1363096,20261003,29,9698,26,feed,22980,28,131,22200
1791026614,68,1,1366827,20261003,74,9967,96,feed,,,,
1791026614,68,1,1369082,20261003,1,57511,0,feed,,,,
1791026614,686,1,1172304,20261003,3,57622,-187,feed,23160,2,4,21960
1791026614,686,0,1331155,20261003,1,47705,0,feed,25620,0,3,25620
1791026614,686,1,1334842,20261003,1,56939,0,feed,24840,0,4,24840
1791026614,686,0,1335796,20261003,1,47705,199,feed,22800,0,3,22800
1791026614,7,0,1356026,20261003,1,51779,0,feed,23580,0,64,23580
1791026614,7,0,1356051,20261003,18,16297,93,feed,22920,17,64,21840
1791026614,7,1,1357249,20261003,1,17679,0,feed,26460,0,60,26460
1791026614,7,0,1357335,20261003,1,51779,0,feed,25380,0,64,25380
1791026614,7,1,1358182,20261003,44,16601,-28,feed,23040,43,63,20220
1791026614,7,1,1358852,20261003,1,17679,0,feed,24660,0,60,24660
1791026614,7,0,1359381,20261003,55,17656,20,feed,22980,54,64,20040
1791026614,7,1,1360685,20261003,1,17679,0,feed,23100,0,60,23100
1791026614,71,0,1264727,20261003,1,9715,0,feed,24120,0,58,24120
1791026614,71,1,1266361,20261003,1,51291,0,feed,25860,0,60,25860
1791026614,71,0,1267561,20261003,1,9715,0,feed,26220,0,58,26220
1791026614,71,1,1268612,20261003,1,51291,0,feed,24060,0,60,24060
1791026614,71,1,1269219,20261003,20,53785,70,feed,22920,19,60,22260
1791026614,716,0,1137213,20261003,1,50154,0,feed,25800,0,51,25800
1791026614,716,1,1137235,20261003,1,8728,0,feed,24120,0,50,24120
1791026614,716,0,1137589,20261003,8,8495,501,feed,22500,7,51,22200
1791026614,72,0,1342904,20261003,1,57615,0,feed,24840,0,54,24840
1791026614,722,1,1184005,20261003,1,11486,0,feed,25140,0,14,25140
1791026614,722,0,1184389,20261003,1,56827,0,feed,23700,0,51,23700
1791026614,722,1,1185035,20261003,1,57636,0,feed,26520,0,53,26520
1791026614,724,1,1135735,20261003,1,53222,0,feed,25320,0,35,25320
1791026614,724,0,1136135,20261003,1,51846,0,feed,23700,0,33,23700
1791026614,725,1,1313104,20261003,11,57598,31,feed,23160,10,49,22500
1791026614,725,0,1313978,20261003,1,57580,0,feed,23340,0,50,23340
1791026614,725,1,1316658,20261003,1,56775,0,feed,26100,0,49,26100
1791026614,74,0,1358069,20261003,1,51546,0,feed,25740,0,59,25740
1791026614,74,1,1358995,20261003,1,13667,0,feed,24540,0,61,24540
1791026614,74,1,1359469,20261003,1,13667,0,feed,26340,0,61,26340
1791026614,74,1,1359531,20261003,54,49392,198,feed,22800,53,61,19800
1791026614,74,0,1359674,20261003,1,51546,0,feed,23940,0,59,23940
1791026614,74,1,1359864,20261003,4,49635,69,feed,22920,3,61,22740
1791026614,74,0,1359985,20261003,14,11770,1,feed,23040,13,59,22140
1791026614,87,1,1303812,20261003,69,13148,-71,feed,23040,68,70,20640
1791026614,87,1,1304686,20261003,9,51373,193,feed,22860,8,70,22440
1791026614,87,1,1305398,20261003,1,57690,0,feed,25800,0,70,25800
1791026614,87,0,1349992,20261003,1,51892,0,feed,23640,0,71,23640
1791026614,87,0,1351529,20261003,1,51892,0,feed,25320,0,71,25320
1791026614,87,1,1352490,20261003,1,57690,0,feed,24000,0,70,24000
1791026614,87,0,1354810,20261003,41,18796,10,feed,22980,40,71,21840
1791026614,9,0,1360478,20261003,7,3001,58,feed,22980,6,100,22740
1791026614,9,0,1360500,20261003,66,16465,428,feed,22560,65,87,19860
1791026614,9,1,1364704,20261003,19,19396,-56,feed,,,,
1791026614,9,1,1365790,20261003,1,51551,0,feed,,,,
1791026614,9,1,1367498,20261003,1,51551,0,feed,,,,
1791026614,9,0,1368117,20261003,1,40247,0,feed,,,,
1791026614,9,1,1368468,20261003,93,8073,136,feed,,,,
1791026614,9,0,1368559,20261003,1,52552,0,feed,,,,
1791026614,901,1,877070,20261003,19,51422,240,feed,22860,18,20,20700
1791026614,901,0,883130,20261003,9,51431,180,feed,22920,8,20,21840
1791026614,901,1,885207,20261003,3,56336,0,feed,23820,2,20,23640
1791026614,901,1,888824,20261003,15,51419,0,feed,23100,14,20,21480
1791026614,901,1,893021,20261003,9,51413,60,feed,23040,8,20,22200
1791026614,901,0,897403,20261003,1,51405,0,feed,23280,0,20,23280
1791026614,901,0,902014,20261003,4,53280,180,feed,22860,3,20,22560
1791026614,901,1,902265,20261003,3,56336,0,feed,23100,2,20,22920
1791026614,902,1,878714,20261003,1,56026,0,feed,23640,0,24,23640
1791026614,902,1,881418,20261003,13,56038,0,feed,23040,12,24,21540
1791026614,902,1,882461,20261003,22,56332,0,feed,23040,21,24,20280
1791026614,902,0,883557,20261003,17,56011,240,feed,22860,16,24,20880
1791026614,902,1,894001,20261003,1,56026,0,feed,22980,0,24,22980
1791026614,902,0,894669,20261003,3,56336,0,feed,23520,2,24,23340
1791026614,902,1,895918,20261003,17,56042,120,feed,22860,16,24,20820
1791026614,902,0,898768,20261003,5,51409,0,feed,22980,4,24,22620
1791026614,902,1,900937,20261003,8,56033,300,feed,22740,7,24,21900
1791026614,902,1,904349,20261003,6,56031,180,feed,22860,5,24,22260
1791026614,902,0,967227,20261003,9,56003,360,feed,22740,8,24,21840
1791026614,903,1,1263994,20261003,3,48977,219,feed,22980,2,6,22320
1791026614,903,0,1264906,20261003,1,57285,0,feed,24360,0,6,24360
1791026614,903,0,1275557,20261003,1,57285,0,feed,26160,0,6,26160
1791026614,903,1,1276084,20261003,1,56874,0,feed,25920,0,6,25920
1791026614,904,1,1268165,20261003,1,56800,0,feed,23460,0,12,23460
1791026614,904,1,1271789,20261003,1,56800,0,feed,26160,0,12,26160
1791026614,904,0,1364751,20261003,1,56830,0,feed,,,,
1791026614,904,0,1365530,20261003,1,56830,0,feed,,,,
1791026614,904,0,1366134,20261003,2,56829,-78,feed,,,,
1791026614,904,1,1368368,20261003,1,56800,0,feed,,,,
1791026614,904,0,1368503,20261003,11,53314,191,feed,,,,
1791026614,904,0,1368778,20261003,6,48084,98,feed,,,,
1791026614,904,1,1368791,20261003,8,52719,296,feed,,,,
1791026614,904,0,1368817,20261003,1,56830,0,feed,,,,
1791026614,904,1,1368992,20261003,1,56800,0,feed,,,,
1791026614,904,1,1369184,20261003,5,53301,91,feed,,,,
1791026614,904,0,1369203,20261003,1,56830,0,feed,,,,
1791026614,905,0,1344095,20261003,1,52761,0,feed,24000,0,16,24000
1791026614,905,1,1344290,20261003,1,57441,0,feed,23940,0,16,23940
1791026614,905,0,1344329,20261003,1,52761,0,feed,24900,0,16,24900
1791026614,905,0,1344388,20261003,7,57424,22,feed,23040,6,16,22200
1791026614,905,0,1344494,20261003,1,52761,0,feed,25800,0,16,25800
1791026614,905,1,1344690,20261003,1,57441,0,feed,25740,0,16,25740
1791026614,905,1,1344728,20261003,1,57441,0,feed,24840,0,16,24840
1791026614,905,0,1344857,20261003,1,52761,0,feed,23100,0,16,23100
1791026614,905,1,1345077,20261003,13,57417,18,feed,22980,12,16,21240
1791026614,905,1,1345329,20261003,1,57441,0,feed,23040,0,16,23040
1791026614,921,0,1364283,20261003,20,52531,-63,feed,,,,
1791026614,921,1,1364385,20261003,1,52531,0,feed,,,,
1791026614,921,1,1364534,20261003,1,52531,0,feed,,,,
1791026614,921,0,1364777,20261003,1,51544,0,feed,,,,
1791026614,921,0,1366182,20261003,1,51544,0,feed,,,,
1791026614,921,0,1367025,20261003,1,51544,0,feed,,,,
1791026614,921,1,1367469,20261003,1,52531,0,feed,,,,
1791026614,921,0,1367940,20261003,1,51544,0,feed,,,,
1791026614,921,1,1367988,20261003,9,17307,207,feed,,,,
1791026614,921,1,1368238,20261003,1,52531,0,feed,,,,
1791026614,921,1,1368838,20261003,19,16607,379,feed,,,,
1791026614,921,0,1368929,20261003,1,51544,0,feed,,,,
1791026614,921,0,1369423,20261003,8,56114,31,feed,,,,
1791026614,922,0,1311219,20261003,1,57314,0,feed,26160,0,35,26160
1791026614,922,1,1312096,20261003,1,56100,0,feed,23040,0,34,23040
1791026614,922,1,1312498,20261003,12,16997,-121,feed,23400,11,34,22200
1791026614,922,0,1313260,20261003,1,57314,0,feed,24060,0,35,24060
1791026614,922,0,1313444,20261003,1,57314,0,feed,23160,0,35,23160
1791026614,922,1,1313532,20261003,1,56100,0,feed,24840,0,34,24840
1791026614,922,1,1313808,20261003,1,56100,0,feed,23940,0,34,23940
1791026614,922,0,1314244,20261003,16,57325,258,feed,22740,15,35,21360
1791026614,922,0,1314524,20261003,9,16857,72,feed,22920,8,35,22260
1791026614,922,1,1314879,20261003,1,56100,0,feed,25620,0,34,25620
1791026614,922,0,1315961,20261003,1,57314,0,feed,25500,0,35,25500
1791026614,922,1,1316069,20261003,18,16933,32,feed,23040,17,34,21300
1791026614,922,1,1316207,20261003,34,57314,254,feed,22740,33,34,19560
1791026614,922,1,1316963,20261003,1,56100,0,feed,26400,0,34,26400
1791026614,923,0,1262923,20261003,1,56897,0,feed,23100,0,22,23100
1791026614,923,0,1264599,20261003,14,56401,-18,feed,23040,13,22,21900
1791026614,923,1,1266175,20261003,1,57278,0,feed,26220,0,23,26220
1791026614,923,1,1267901,20261003,1,57278,0,feed,24960,0,23,24960
1791026614,923,1,1268409,20261003,6,56528,-13,feed,23040,5,23,22620
1791026614,923,0,1269973,20261003,21,56826,645,feed,22380,20,22,20700
1791026614,923,1,1270042,20261003,1,57278,0,feed,23820,0,23,23820
1791026614,923,0,1270936,20261003,1,56897,0,feed,26040,0,22,26040
1791026614,923,0,1276181,20261003,1,56897,0,feed,25140,0,22,25140
1791026614,923,0,1340294,20261003,1,56897,0,feed,24300,0,22,24300
1791026614,924,0,1336669,20261003,1,56873,0,feed,25740,0,40,25740
1791026614,924,1,1337086,20261003,1,56823,0,feed,25200,0,41,25200
1791026614,924,0,1337481,20261003,1,56873,0,feed,24300,0,40,24300
1791026614,924,0,1338208,20261003,1,56873,0,feed,23580,0,40,23580
1791026614,924,0,1338409,20261003,12,784,83,feed,22980,11,40,22020
1791026614,924,0,1338548,20261003,30,56949,0,feed,23040,29,40,20220
1791026614,924,1,1338557,20261003,23,56911,41,feed,22980,22,41,20940
1791026614,924,0,1339420,20261003,1,56873,0,feed,25020,0,40,25020
1791026614,924,0,1339681,20261003,33,56951,588,feed,22440,32,40,19440
1791026614,924,0,1339771,20261003,21,56929,-41,feed,23040,20,40,21120
1791026614,924,1,1339813,20261003,3,9173,79,feed,22920,2,41,22740
1791026614,924,1,1339921,20261003,1,56823,0,feed,23640,0,41,23640
1791026614,924,1,1340068,20261003,24,56912,901,feed,22140,23,41,20040
1791026614,924,1,1340191,20261003,1,56823,0,feed,25920,0,41,25920
1791026614,924,0,1340282,20261003,2,4513,98,feed,22980,1,40,22860
1791026614,924,1,1340875,20261003,14,56908,60,feed,22980,13,41,21840
1791026614,924,1,1340953,20261003,1,56823,0,feed,24480,0,41,24480
1791026614,924,0,1341119,20261003,1,56873,0,feed,26460,0,40,26460
1791026614,925,0,1271836,20261003,1,53703,0,feed,25560,0,35,25560
1791026614,925,0,1275013,20261003,1,53703,0,feed,26220,0,35,26220
1791026614,925,1,1332396,20261003,9,16119,91,feed,22920,8,35,22260
1791026614,925,1,1333024,20261003,20,1100,-76,feed,23100,19,35,21360
1791026614,925,1,1333394,20261003,1,57541,0,feed,25860,0,35,25860
1791026614,925,0,1333578,20261003,35,57541,141,feed,22860,34,35,19380
1791026614,925,0,1334038,20261003,1,53703,0,feed,24840,0,35,24840
1791026614,925,1,1334209,20261003,1,57541,0,feed,24960,0,35,24960
1791026614,925,1,1334472,20261003,1,57541,0,feed,24060,0,35,24060
1791026614,925,0,1334615,20261003,6,1287,2,feed,23040,5,35,22680
1791026614,925,0,1334722,20261003,1,53703,0,feed,23400,0,35,23400
1791026614,925,0,1334986,20261003,16,1327,-33,feed,23040,15,35,21780
1791026614,925,0,1335043,20261003,1,53703,0,feed,24120,0,35,24120
1791026614,925,1,1335342,20261003,1,57541,0,feed,23160,0,35,23160
1791026614,925,1,1335384,20261003,30,52177,-52,feed,23040,29,35,19860
1791026614,925,0,1335737,20261003,25,15477,115,feed,22920,24,35,20880
1791026614,94,0,1186967,20261003,1,51200,0,feed,25980,0,15,25980
1791027509,10,0,1325586,20261003,14,14954,185,feed,23760,13,49,22860
1791027509,10,1,1325603,20261003,53,19337,200,feed,,,,
1791027509,10,1,1325685,20261003,1,57165,0,feed,26040,0,64,26040
1791027509,10,1,1325831,20261003,1,57165,0,feed,27120,0,53,27120
1791027509,10,1,1325942,20261003,12,17165,148,feed,23760,11,43,23400
1791027509,10,0,1326215,20261003,1,19337,0,feed,,,,
1791027509,10,0,1327171,20261003,1,19337,0,feed,26460,0,49,26460
1791027509,10,1,1327342,20261003,1,57165,0,feed,23940,0,64,23940
1791027509,10,0,1329168,20261003,50,14027,197,feed,23700,49,60,21360
1791027509,10,1,1330480,20261003,1,57165,0,feed,25320,0,53,25320
1791027509,11,1,1318651,20261003,43,17982,463,feed,,,,
1791027509,11,1,1319832,20261003,1,49304,0,feed,,,,
1791027509,11,1,1352588,20261003,10,40882,59,feed,23820,9,79,23640
1791027509,11,0,1366133,20261003,1,51828,0,feed,,,,
1791027509,11,0,1367545,20261003,1,51828,0,feed,,,,
1791027509,11,1,1368811,20261003,1,49304,0,feed,,,,
1791027509,11,0,1369148,20261003,39,17994,292,feed,,,,
1791027509,14,0,1331569,20261003,1,4345,0,feed,25020,0,80,25020
1791027509,14,0,1331751,20261003,18,15578,26,feed,23880,17,80,23220
1791027509,14,1,1331963,20261003,1,50153,0,feed,25440,0,82,25440
1791027509,14,1,1332463,20261003,1,50153,0,feed,27180,0,82,27180
1791027509,14,0,1332502,20261003,1,4345,0,feed,26820,0,80,26820
1791027509,14,1,1358689,20261003,7,8378,20,feed,23880,6,82,23640
1791027509,17,0,1131869,20261003,14,5778,374,feed,23520,13,63,22860
1791027509,17,1,1317951,20261003,1,17192,0,feed,27240,0,65,27240
1791027509,17,1,1318246,20261003,1,17192,0,feed,,,,
1791027509,17,0,1323369,20261003,47,17996,441,feed,23520,46,63,21120
1791027509,17,0,1324662,20261003,1,57458,0,feed,24600,0,63,24600
1791027509,17,0,1333883,20261003,1,57458,0,feed,26340,0,63,26340
1791027509,17,1,1334330,20261003,31,4667,120,feed,23760,30,65,22020
1791027509,17,1,1367244,20261003,2,17195,31,feed,,,,
1791027509,18,0,1361017,20261003,1,51852,0,feed,27240,0,51,27240
1791027509,18,0,1361345,20261003,1,57131,0,feed,25620,0,84,25620
1791027509,18,1,1364270,20261003,3,17976,102,feed,,,,
1791027509,18,1,1365183,20261003,1,56800,0,feed,,,,
1791027509,18,0,1367077,20261003,49,17998,104,feed,,,,
1791027509,18,1,1367384,20261003,1,56800,0,feed,,,,
1791027509,18,0,1367478,20261003,4,620,110,feed,,,,
1791027509,18,0,1367989,20261003,38,52309,-71,feed,,,,
1791027509,18,0,1368311,20261003,1,51852,0,feed,,,,
1791027509,18,0,1368315,20261003,54,57377,75,feed,,,,
1791027509,18,1,1368372,20261003,36,1341,147,feed,,,,
1791027509,18,1,1368611,20261003,13,1204,299,feed,,,,
1791027509,18,1,1368678,20261003,1,56800,0,feed,,,,
1791027509,18,0,1368895,20261003,1,57131,0,feed,,,,
1791027509,18,0,1368999,20261003,1,57131,0,feed,,,,
1791027509,18,1,1369355,20261003,1,56800,0,feed,,,,
1791027509,2,1,1267562,20261003,17,56137,294,feed,23640,16,34,22560
1791027509,2,0,1331522,20261003,1,57469,0,feed,25140,0,41,25140
1791027509,2,0,1331994,20261003,9,80927,42,feed,23880,8,41,23340
1791027509,2,0,1333032,20261003,36,16116,259,feed,23580,35,41,21480
1791027509,2,1,1361487,20261003,1,57618,0,feed,24360,0,42,24360
1791027509,2,1,1361732,20261003,1,57618,0,feed,26160,0,42,26160
1791027509,2,0,1362530,20261003,1,57469,0,feed,26880,0,41,26880
1791027509,215,1,1265287,20261003,26,57723,25,feed,23880,25,27,22560
1791027509,215,1,1273522,20261003,1,5020,0,feed,26160,0,27,26160
1791027509,215,0,1273955,20261003,1,49979,0,feed,24240,0,30,24240
1791027509,219,0,1303536,20261003,1,57340,0,feed,26160,0,74,26160
1791027509,219,0,1303782,20261003,33,53659,-74,feed,23940,32,74,22560
1791027509,219,1,1311113,20261003,1,5020,0,feed,26100,0,71,26100
1791027509,219,1,1311915,20261003,32,49846,136,feed,23760,31,71,22500
1791027509,22,1,1356719,20261003,53,15619,-8,feed,23940,52,87,21060
1791027509,22,1,1357692,20261003,1,56825,0,feed,27180,0,84,27180
1791027509,22,1,1357959,20261003,3,11351,142,feed,,,,
1791027509,22,0,1364296,20261003,1,4558,0,feed,,,,
1791027509,22,0,1365028,20261003,44,16325,191,feed,,,,
1791027509,22,0,1365656,20261003,66,11199,83,feed,,,,
1791027509,22,0,1366038,20261003,1,4558,0,feed,,,,
1791027509,22,0,1367267,20261003,22,19491,202,feed,,,,
1791027509,22,1,1368394,20261003,1,56825,0,feed,,,,
1791027509,22,1,1368812,20261003,78,15429,45,feed,,,,
1791027509,22,1,1368879,20261003,20,11644,410,feed,,,,
1791027509,22,1,1368894,20261003,1,56825,0,feed,,,,
1791027509,22,0,1368944,20261003,1,4558,0,feed,,,,
1791027509,223,0,1361400,20261003,15,49142,679,feed,23220,14,33,22560
1791027509,223,1,1362113,20261003,1,5020,0,feed,25860,0,34,25860
1791027509,223,0,1362168,20261003,1,57691,7,feed,24360,0,33,24360
1791027509,223,1,1363081,20261003,24,45332,240,feed,23640,23,34,22260
1791027509,25,0,1324948,20261003,1,19337,0,feed,26280,0,92,26280
1791027509,25,0,1325022,20261003,9,17998,645,feed,23280,8,92,22680
1791027509,25,1,1325879,20261003,68,15785,103,feed,23820,67,89,20940
1791027509,25,1,1325958,20261003,1,57166,169,feed,24420,0,89,24420
1791027509,27,0,1350298,20261003,1,52857,0,feed,,,,
1791027509,27,1,1362663,20261003,1,51367,0,feed,24540,0,21,24540
1791027509,3,0,1294585,20261003,37,18556,-13,feed,23940,36,64,21720
1791027509,3,0,1321470,20261003,1,54097,0,feed,25260,0,64,25260
1791027509,3,1,1321710,20261003,36,881,300,feed,23580,35,64,21960
1791027509,3,0,1322590,20261003,5,17876,-68,feed,24000,4,65,23460
1791027509,3,0,1323136,20261003,1,54097,0,feed,27060,0,65,27060
1791027509,3,1,1323332,20261003,4,41241,-34,feed,23940,3,65,23640
1791027509,3,1,1324397,20261003,1,56100,0,feed,26820,0,64,26820
1791027509,3,1,1329338,20261003,1,56100,0,feed,25200,0,65,25200
1791027509,30,1,1213378,20261003,1,15882,0,feed,25620,0,44,25620
1791027509,30,0,1218781,20261003,1,40238,0,feed,24840,0,48,24840
1791027509,32,0,1332088,20261003,1,50155,0,feed,26100,0,59,26100
1791027509,32,1,1368017,20261003,1,57685,0,feed,,,,
1791027509,323,1,1131845,20261003,1,57508,0,feed,24600,0,25,24600
1791027509,323,0,1135065,20261003,18,57041,-2,feed,23880,17,23,23040
1791027509,323,0,1136188,20261003,1,51116,0,feed,26040,0,23,26040
1791027509,345,1,1133227,20261003,9,48548,-11,feed,24060,8,15,21900
1791027509,345,0,1134463,20261003,1,56879,0,feed,25200,0,15,25200
1791027509,345,1,1135441,20261003,1,57508,0,feed,25440,0,15,25440
1791027509,345,0,1137643,20261003,15,57508,43,feed,24000,14,15,21600
1791027509,36,0,1177805,20261003,40,6203,-43,feed,,,,
1791027509,36,0,1178165,20261003,1,57537,0,feed,24180,0,53,24180
1791027509,36,1,1362274,20261003,1,50160,0,feed,24420,0,50,24420
1791027509,36,1,1363924,20261003,1,50160,0,feed,26220,0,50,26220
1791027509,36,1,1367113,20261003,29,6073,238,feed,,,,
1791027509,36,0,1367240,20261003,1,57537,0,feed,,,,
1791027509,38,1,1349332,20261003,19,12571,114,feed,,,,
1791027509,38,1,1349414,20261003,1,16494,0,feed,,,,
1791027509,38,0,1349537,20261003,65,57355,384,feed,,,,
1791027509,38,0,1351901,20261003,1,48213,0,feed,,,,
1791027509,38,1,1353164,20261003,62,3544,236,feed,,,,
1791027509,38,1,1353688,20261003,1,42032,0,feed,,,,
1791027509,38,0,1355206,20261003,1,48213,0,feed,,,,
1791027509,38,0,1367608,20261003,25,51029,94,feed,,,,
1791027509,4,0,1157630,20261003,1,50231,0,feed,24780,0,87,24780
1791027509,4,1,1356509,20261003,1,14153,12,feed,23880,0,85,23880
1791027509,4,1,1357342,20261003,83,41216,161,feed,23760,82,85,19500
1791027509,4,1,1359006,20261003,1,14153,0,feed,27480,0,85,27480
1791027509,4,1,1359383,20261003,1,14153,0,feed,25680,0,90,25680
1791027509,4,0,1360168,20261003,1,50231,0,feed,26640,0,89,26640
1791027509,4,1,1360580,20261003,35,17916,519,feed,23400,34,90,22140
1791027509,4,0,1360582,20261003,23,1009,-42,feed,23940,22,89,23160
1791027509,4,0,1368258,20261003,52,17948,157,feed,,,,
1791027509,48,0,1304033,20261003,1,19301,0,feed,25500,0,61,25500
1791027509,48,1,1352114,20261003,1,50152,0,feed,25860,0,61,25860
1791027509,5,0,1367203,20261003,23,52300,183,feed,,,,
1791027509,5,0,1367363,20261003,1,51212,0,feed,,,,
1791027509,5,1,1367795,20261003,57,56912,16,feed,,,,
1791027509,5,1,1369245,20261003,1,51846,0,feed,,,,
1791027509,515,1,1351098,20261003,1,56877,0,feed,27180,0,49,27180
1791027509,515,0,1351391,20261003,1,53704,0,feed,24960,0,49,24960
1791027509,515,1,1351663,20261003,41,2186,21,feed,23880,40,49,22560
1791027509,515,1,1351908,20261003,1,56877,0,feed,25380,0,49,25380
1791027509,515,0,1352103,20261003,1,53704,0,feed,26760,0,49,26760
1791027509,515,1,1352997,20261003,8,704,20,feed,23880,7,49,23580
1791027509,515,1,1353990,20261003,1,56877,0,feed,24480,0,49,24480
1791027509,515,0,1354091,20261003,1,53704,0,feed,25860,0,49,25860
1791027509,515,1,1354754,20261003,1,56877,0,feed,26280,0,49,26280
1791027509,534,1,1343788,20261003,1,51824,0,feed,26100,0,32,26100
1791027509,534,0,1344604,20261003,1,56725,0,feed,26220,0,35,26220
1791027509,534,0,1345447,20261003,1,56725,0,feed,24420,0,35,24420
1791027509,534,1,1345509,20261003,32,56725,189,feed,23700,31,32,22500
1791027509,534,1,1345791,20261003,1,51824,0,feed,24300,0,32,24300
1791027509,538,0,1131894,20261003,2,44369,419,feed,23520,1,42,23400
1791027509,538,0,1135114,20261003,1,53704,0,feed,27000,0,42,27000
1791027509,538,1,1318379,20261003,1,56880,0,feed,24480,0,40,24480
1791027509,538,1,1319019,20261003,1,56880,0,feed,26280,0,40,26280
1791027509,539,0,1136603,20261003,1,56725,0,feed,25860,0,41,25860
1791027509,539,1,879155,20261003,1,56880,0,feed,24780,0,38,24780
1791027509,54,0,1132872,20261003,1,56875,0,feed,25920,0,25,25920
1791027509,54,0,1346282,20261003,1,56875,0,feed,24120,0,46,24120
1791027509,54,1,1346892,20261003,1,42319,0,feed,24000,0,47,24000
1791027509,54,0,1347643,20261003,14,13107,370,feed,23580,13,25,22320
1791027509,54,1,1348005,20261003,1,42319,0,feed,27360,0,47,27360
1791027509,54,1,1353102,20261003,1,56100,0,feed,27300,0,27,27300
1791027509,54,1,1354430,20261003,41,48548,182,feed,23880,40,47,20220
1791027509,54,1,1359341,20261003,3,57456,-66,feed,24000,2,27,23700
1791027509,540,0,1136315,20261003,1,53052,0,feed,25440,0,51,25440
1791027509,540,1,881239,20261003,12,48628,100,feed,23820,11,48,23220
1791027509,540,1,893327,20261003,1,56879,0,feed,26820,0,48,26820
1791027509,546,1,1137241,20261003,1,51824,0,feed,24660,0,31,24660
1791027509,546,0,880880,20261003,1,56725,0,feed,26160,0,33,26160
1791027509,61,1,1364571,20261003,1,52761,0,feed,,,,
1791027509,61,0,1364707,20261003,68,53983,968,feed,,,,
1791027509,61,1,1366316,20261003,24,41055,33,feed,,,,
1791027509,61,0,1366395,20261003,52,51128,-1,feed,,,,
1791027509,61,0,1366634,20261003,1,17905,0,feed,,,,
1791027509,61,0,1366891,20261003,7,17953,-26,feed,,,,
1791027509,61,1,1367559,20261003,61,14941,238,feed,,,,
1791027509,61,0,1367765,20261003,1,17905,0,feed,,,,
1791027509,61,1,1368168,20261003,1,52761,0,feed,,,,
1791027509,615,0,1166764,20261003,1,43380,0,feed,26220,0,42,26220
1791027509,62,1,1349394,20261003,1,49141,0,feed,24900,0,83,24900
1791027509,62,0,1354903,20261003,1,328,0,feed,27300,0,86,27300
1791027509,62,1,1354974,20261003,30,46701,14,feed,23880,29,91,22860
1791027509,62,0,1359990,20261003,60,80932,-27,feed,24060,59,86,21900
1791027509,62,1,1362435,20261003,1,49141,0,feed,26700,0,83,26700
1791027509,62,0,1363784,20261003,6,332,-27,feed,23880,5,86,23700
1791027509,62,1,1368245,20261003,58,6272,21,feed,,,,
1791027509,62,0,1368581,20261003,1,328,0,feed,,,,
1791027509,63,1,1268320,20261003,1,51114,0,feed,,,,
1791027509,63,0,1346885,20261003,1,15795,0,feed,,,,
1791027509,63,1,1348120,20261003,1,51114,0,feed,,,,
1791027509,63,0,1348368,20261003,1,15795,0,feed,,,,
1791027509,63,1,1368428,20261003,21,11859,48,feed,,,,
1791027509,63,0,1369075,20261003,25,3126,280,feed,,,,
1791027509,64,1,1342539,20261003,1,42157,0,feed,23820,0,43,23820
1791027509,64,0,1357549,20261003,1,52761,0,feed,26100,0,78,26100
1791027509,64,1,1358491,20261003,68,11819,380,feed,23520,67,76,21480
1791027509,64,1,1359178,20261003,1,42157,0,feed,27060,0,43,27060
1791027509,64,1,1359566,20261003,1,52015,0,feed,24840,0,76,24840
1791027509,64,0,1359576,20261003,1,52761,13,feed,24660,0,43,24660
1791027509,64,1,1359588,20261003,1,52015,0,feed,27360,0,65,27360
1791027509,64,0,1359715,20261003,70,49747,122,feed,23760,69,78,21360
1791027509,645,1,1207815,20261003,15,6658,115,feed,,,,
1791027509,645,0,1337929,20261003,1,6990,0,feed,,,,
1791027509,645,1,1340341,20261003,1,53293,0,feed,,,,
1791027509,65,1,1349340,20261003,2,3958,212,feed,23760,1,38,23520
1791027509,65,0,1350143,20261003,3,80985,59,feed,25440,2,40,25320
1791027509,65,1,1350622,20261003,1,57690,0,feed,27000,0,38,27000
1791027509,65,0,1351558,20261003,8,10700,129,feed,23760,7,40,23280
1791027509,65,0,1351922,20261003,3,80985,40,feed,27240,2,40,27120
1791027509,65,1,1354530,20261003,1,57690,0,feed,25320,0,38,25320
1791027509,67,1,1358213,20261003,1,56100,0,feed,26280,0,65,26280
1791027509,68,0,1356050,20261003,1,53340,0,feed,25200,0,118,25200
1791027509,68,0,1361913,20261003,2,9806,132,feed,25080,1,87,25080
1791027509,68,1,1363087,20261003,1,11904,0,feed,26700,0,61,26700
1791027509,68,0,1363096,20261003,65,51470,43,feed,23880,64,131,22200
1791027509,68,1,1366827,20261003,117,9676,-2,feed,,,,
1791027509,68,1,1367646,20261003,1,57511,0,feed,,,,
1791027509,68,1,1369082,20261003,1,57511,0,feed,,,,
1791027509,686,1,1172304,20261003,4,47705,-222,feed,24540,3,4,21960
1791027509,686,0,1331155,20261003,1,47705,0,feed,25620,0,3,25620
1791027509,686,1,1334842,20261003,1,56939,20,feed,24840,0,4,24840
1791027509,686,0,1335796,20261003,2,57622,196,feed,24180,1,3,22800
1791027509,7,0,1356026,20261003,7,15446,13,feed,23880,6,64,23580
1791027509,7,0,1356051,20261003,39,13225,59,feed,23880,38,64,21840
1791027509,7,1,1357249,20261003,1,17679,0,feed,26460,0,60,26460
1791027509,7,0,1357335,20261003,1,51779,0,feed,25380,0,64,25380
1791027509,7,1,1358182,20261003,53,52739,21,feed,23880,52,63,20220
1791027509,7,1,1358852,20261003,1,17679,0,feed,24660,0,60,24660
1791027509,7,0,1359569,20261003,1,51779,0,feed,27180,0,64,27180
1791027509,7,1,1360685,20261003,16,19315,76,feed,23820,15,60,23100
1791027509,71,0,1264727,20261003,1,9715,0,feed,24120,0,58,24120
1791027509,71,1,1266361,20261003,1,51291,0,feed,25860,0,60,25860
1791027509,71,0,1267561,20261003,1,9715,0,feed,26220,0,58,26220
1791027509,71,1,1268612,20261003,1,51291,0,feed,24060,0,60,24060
1791027509,71,1,1269219,20261003,36,2798,121,feed,23760,35,60,22260
1791027509,716,0,1137213,20261003,1,50154,0,feed,25800,0,51,25800
1791027509,716,1,1137235,20261003,1,8728,0,feed,24120,0,50,24120
1791027509,716,0,1137589,20261003,47,8723,257,feed,23640,46,51,22200
1791027509,72,0,1342904,20261003,1,57615,0,feed,24840,0,54,24840
1791027509,72,0,1343423,20261003,1,57615,0,feed,26640,0,54,26640
1791027509,721,0,1183639,20261003,1,51845,0,feed,27300,0,43,27300
1791027509,721,1,1289226,20261003,1,9522,0,feed,27000,0,41,27000
1791027509,722,1,1184005,20261003,1,11486,0,feed,25140,0,14,25140
1791027509,722,0,1184389,20261003,2,11353,-11,feed,23820,1,51,23700
1791027509,722,0,1184725,20261003,1,56827,0,feed,27300,0,51,27300
1791027509,722,1,1185035,20261003,1,57636,0,feed,26520,0,53,26520
1791027509,724,1,1130986,20261003,1,53222,0,feed,27120,0,35,27120
1791027509,724,1,1135735,20261003,1,53222,0,feed,25320,0,35,25320
1791027509,724,0,1135938,20261003,1,51846,0,feed,27000,0,33,27000
1791027509,724,0,1136135,20261003,6,52727,82,feed,23820,5,33,23700
1791027509,725,0,1312779,20261003,1,57580,0,feed,26940,0,50,26940
1791027509,725,1,1313104,20261003,36,49381,-61,feed,23940,35,49,22500
1791027509,725,0,1313978,20261003,9,52707,21,feed,23940,8,50,23340
1791027509,725,1,1316658,20261003,1,56775,0,feed,26100,0,49,26100
1791027509,74,0,1358069,20261003,1,51546,0,feed,25740,0,59,25740
1791027509,74,1,1358995,20261003,1,13667,0,feed,24540,0,61,24540
1791027509,74,1,1359469,20261003,1,13667,0,feed,26340,0,61,26340
1791027509,74,0,1359674,20261003,1,51546,0,feed,23940,0,59,23940
1791027509,74,1,1359864,20261003,23,43282,162,feed,24060,22,61,22740
1791027509,74,0,1359985,20261003,32,10238,78,feed,23820,31,59,22140
1791027509,802,1,1195528,20261003,1,42622,0,feed,26520,0,45,26520
1791027509,87,1,1304686,20261003,37,18905,57,feed,23820,36,70,22440
1791027509,87,1,1305398,20261003,1,57690,0,feed,25800,0,70,25800
1791027509,87,0,1349992,20261003,6,13143,81,feed,23820,5,71,23640
1791027509,87,0,1350383,20261003,1,51892,0,feed,27120,0,71,27120
1791027509,87,0,1351529,20261003,1,51892,0,feed,25320,0,71,25320
1791027509,87,1,1352490,20261003,1,57690,0,feed,24000,0,70,24000
1791027509,87,0,1354810,20261003,65,51368,-76,feed,23940,64,71,21840
1791027509,9,0,1360478,20261003,37,56571,130,feed,23760,36,100,22740
1791027509,9,1,1364704,20261003,42,15344,-51,feed,,,,
1791027509,9,1,1365790,20261003,1,51551,0,feed,,,,
1791027509,9,1,1366959,20261003,1,51551,0,feed,,,,
1791027509,9,1,1367498,20261003,1,51551,0,feed,,,,
1791027509,9,0,1368117,20261003,1,40247,0,feed,,,,
1791027509,9,0,1368559,20261003,1,52552,0,feed,,,,
1791027509,901,0,883130,20261003,15,56330,180,feed,23760,14,20,21840
1791027509,901,1,885207,20261003,3,56336,60,feed,23820,2,20,23640
1791027509,901,1,888824,20261003,20,51405,60,feed,23880,19,20,21480
1791027509,901,1,893021,20261003,16,51420,60,feed,23940,15,20,22200
1791027509,901,0,895953,20261003,1,51405,0,feed,24000,0,20,24000
1791027509,901,0,897403,20261003,5,51435,300,feed,23760,4,20,23280
1791027509,901,0,902014,20261003,10,51430,180,feed,23760,9,20,22560
1791027509,901,1,902265,20261003,9,51413,180,feed,23760,8,20,22920
1791027509,902,1,878714,20261003,3,56028,60,feed,23880,2,24,23640
1791027509,902,1,881418,20261003,18,56043,120,feed,23760,17,24,21540
1791027509,902,0,885867,20261003,3,56336,0,feed,24240,2,24,24060
1791027509,902,0,889403,20261003,3,56336,0,feed,24960,2,24,24780
1791027509,902,1,892152,20261003,1,56026,0,feed,25140,0,24,25140
1791027509,902,1,894001,20261003,9,56034,60,feed,23940,8,24,22980
1791027509,902,0,894669,20261003,7,56001,120,feed,24000,6,24,23340
1791027509,902,0,898768,20261003,11,56005,60,feed,23820,10,24,22620
1791027509,902,1,900937,20261003,16,56041,180,feed,23820,15,24,21900
1791027509,902,1,904349,20261003,14,56039,180,feed,23880,13,24,22260
1791027509,902,0,967227,20261003,15,56009,420,feed,23580,14,24,21840
1791027509,903,0,1264906,20261003,1,57285,0,feed,24360,0,6,24360
1791027509,903,0,1275557,20261003,1,57285,0,feed,26160,0,6,26160
1791027509,903,1,1276084,20261003,1,56874,0,feed,25920,0,6,25920
1791027509,904,1,1266741,20261003,1,56800,0,feed,,,,
1791027509,904,1,1268165,20261003,4,53299,207,feed,23700,3,12,23460
1791027509,904,1,1271789,20261003,1,56800,0,feed,26160,0,12,26160
1791027509,904,0,1364751,20261003,2,56829,-9,feed,,,,
1791027509,904,0,1365530,20261003,1,56830,0,feed,,,,
1791027509,904,0,1366134,20261003,6,48084,201,feed,,,,
1791027509,904,1,1368368,20261003,1,56800,0,feed,,,,
1791027509,904,0,1368778,20261003,11,53314,160,feed,,,,
1791027509,904,1,1368791,20261003,12,56830,483,feed,,,,
1791027509,904,0,1368817,20261003,1,56830,0,feed,,,,
1791027509,904,0,1368948,20261003,1,56830,0,feed,,,,
1791027509,904,1,1368992,20261003,1,56800,0,feed,,,,
1791027509,904,1,1369184,20261003,9,56832,120,feed,,,,
1791027509,904,0,1369203,20261003,1,56830,0,feed,,,,
1791027509,905,0,1344095,20261003,1,52761,0,feed,24000,0,16,24000
1791027509,905,1,1344290,20261003,1,57441,0,feed,23940,0,16,23940
1791027509,905,0,1344329,20261003,1,52761,0,feed,24900,0,16,24900
1791027509,905,0,1344388,20261003,14,57438,-74,feed,24000,13,16,22200
1791027509,905,0,1344494,20261003,1,52761,0,feed,25800,0,16,25800
1791027509,905,1,1344690,20261003,1,57441,0,feed,25740,0,16,25740
1791027509,905,1,1344728,20261003,1,57441,0,feed,24840,0,16,24840
1791027509,905,0,1344857,20261003,7,57424,15,feed,23940,6,16,23100
1791027509,905,0,1344976,20261003,1,52761,0,feed,26700,0,16,26700
1791027509,905,1,1345329,20261003,8,57427,-34,feed,23940,7,16,23040
1791027509,905,1,1345360,20261003,1,57441,0,feed,26640,0,16,26640
1791027509,921,1,1364385,20261003,8,56122,255,feed,,,,
1791027509,921,1,1364534,20261003,1,52531,0,feed,,,,
1791027509,921,0,1364777,20261003,1,51544,0,feed,,,,
1791027509,921,0,1366182,20261003,1,51544,0,feed,,,,
1791027509,921,0,1367025,20261003,1,51544,0,feed,,,,
1791027509,921,1,1367469,20261003,1,52531,0,feed,,,,
1791027509,921,0,1367940,20261003,8,56114,116,feed,,,,
1791027509,921,1,1367988,20261003,20,51544,107,feed,,,,
1791027509,921,1,1368062,20261003,1,52531,0,feed,,,,
1791027509,921,1,1368238,20261003,1,52531,0,feed,,,,
1791027509,921,0,1368907,20261003,1,51544,0,feed,,,,
1791027509,921,0,1368929,20261003,1,51544,0,feed,,,,
1791027509,921,0,1369423,20261003,19,50013,81,feed,,,,
1791027509,922,0,1311219,20261003,1,57314,0,feed,26160,0,35,26160
1791027509,922,1,1312096,20261003,12,16997,176,feed,24240,11,34,23040
1791027509,922,1,1312498,20261003,18,16933,-2,feed,23940,17,34,22200
1791027509,922,0,1313079,20261003,1,57314,0,feed,26880,0,35,26880
1791027509,922,0,1313260,20261003,1,57314,0,feed,24060,0,35,24060
1791027509,922,0,1313444,20261003,9,16857,82,feed,23820,8,35,23160
1791027509,922,1,1313532,20261003,1,56100,0,feed,24840,0,34,24840
1791027509,922,1,1313808,20261003,1,56100,0,feed,23940,0,34,23940
1791027509,922,0,1314244,20261003,31,3142,-56,feed,24300,30,35,21360
1791027509,922,0,1314524,20261003,17,57326,206,feed,23700,16,35,22260
1791027509,922,1,1314879,20261003,1,56100,0,feed,25620,0,34,25620
1791027509,922,0,1315961,20261003,1,57314,0,feed,25500,0,35,25500
1791027509,922,1,1316069,20261003,25,16871,315,feed,23700,24,34,21300
1791027509,922,1,1316443,20261003,1,56100,0,feed,27180,0,34,27180
1791027509,922,1,1316963,20261003,1,56100,0,feed,26400,0,34,26400
1791027509,922,0,1317039,20261003,1,57314,0,feed,24780,0,35,24780
1791027509,923,0,1262923,20261003,7,17853,214,feed,23700,6,22,23100
1791027509,923,0,1264599,20261003,21,56826,308,feed,23580,20,22,21900
1791027509,923,1,1266175,20261003,1,57278,0,feed,26220,0,23,26220
1791027509,923,1,1267901,20261003,1,57278,0,feed,24960,0,23,24960
1791027509,923,1,1268409,20261003,15,17847,148,feed,23820,14,23,22620
1791027509,923,0,1268664,20261003,1,56897,0,feed,26880,0,22,26880
1791027509,923,1,1270042,20261003,2,56826,-2,feed,23880,1,23,23820
1791027509,923,0,1270936,20261003,1,56897,0,feed,26040,0,22,26040
1791027509,923,0,1276181,20261003,1,56897,0,feed,25140,0,22,25140
1791027509,923,1,1339286,20261003,1,57278,0,feed,27420,0,23,27420
1791027509,923,0,1340294,20261003,1,56897,0,feed,24300,0,22,24300
1791027509,924,0,1336669,20261003,1,56873,0,feed,25740,0,40,25740
1791027509,924,1,1337086,20261003,1,56823,0,feed,25200,0,41,25200
1791027509,924,0,1337481,20261003,1,56873,0,feed,24300,0,40,24300
1791027509,924,0,1338208,20261003,4,47447,42,feed,23880,3,40,23580
1791027509,924,0,1338409,20261003,21,56929,-47,feed,23940,20,40,22020
1791027509,924,1,1338497,20261003,1,56823,0,feed,26640,0,41,26640
1791027509,924,0,1338548,20261003,40,56823,58,feed,23940,39,40,20220
1791027509,924,1,1338557,20261003,32,81079,91,feed,23880,31,41,20940
1791027509,924,0,1339420,20261003,1,56873,0,feed,25020,0,40,25020
1791027509,924,0,1339771,20261003,28,8920,193,feed,23760,27,40,21120
1791027509,924,1,1339801,20261003,1,56823,0,feed,27360,0,41,27360
1791027509,924,1,1339813,20261003,14,56908,48,feed,23880,13,41,22740
1791027509,924,1,1339921,20261003,4,9577,4,feed,23940,3,41,23640
1791027509,924,1,1340068,20261003,32,81079,1026,feed,22920,31,41,20040
1791027509,924,1,1340191,20261003,1,56823,0,feed,25920,0,41,25920
1791027509,924,0,1340282,20261003,13,56923,2,feed,23880,12,40,22860
1791027509,924,0,1340345,20261003,1,56873,0,feed,27180,0,40,27180
1791027509,924,1,1340875,20261003,21,56909,218,feed,23700,20,41,21840
1791027509,924,1,1340953,20261003,1,56823,0,feed,24480,0,41,24480
1791027509,924,0,1341119,20261003,1,56873,0,feed,26460,0,40,26460
1791027509,925,0,1271836,20261003,1,53703,0,feed,25560,0,35,25560
1791027509,925,0,1275013,20261003,1,53703,0,feed,26220,0,35,26220
1791027509,925,1,1332396,20261003,19,1096,36,feed,23880,18,35,22260
1791027509,925,1,1333024,20261003,28,57461,58,feed,23820,27,35,21360
1791027509,925,1,1333394,20261003,1,57541,0,feed,25860,0,35,25860
1791027509,925,1,1333922,20261003,1,57541,0,feed,27300,0,35,27300
1791027509,925,0,1334038,20261003,1,53703,0,feed,24840,0,35,24840
1791027509,925,1,1334209,20261003,1,57541,0,feed,24960,0,35,24960
1791027509,925,1,1334472,20261003,1,57541,0,feed,24060,0,35,24060
1791027509,925,0,1334536,20261003,1,53703,0,feed,26940,0,35,26940
1791027509,925,0,1334615,20261003,16,1327,28,feed,23940,15,35,22680
1791027509,925,0,1334722,20261003,8,57460,15,feed,23880,7,35,23400
1791027509,925,1,1334788,20261003,1,57541,0,feed,26580,0,35,26580
1791027509,925,0,1334986,20261003,25,15477,112,feed,23820,24,35,21780
1791027509,925,0,1335043,20261003,1,53703,0,feed,24120,0,35,24120
1791027509,925,1,1335342,20261003,10,16124,-21,feed,23940,9,35,23160
1791027509,925,0,1335737,20261003,34,15882,176,feed,23700,33,35,20880
1791027509,94,0,1186967,20261003,1,51200,0,feed,25980,0,15,25980
1791027509,94,1,1341112,20261003,1,56100,0,feed,,,,
1791028407,10,0,1325586,20261003,32,17160,194,feed,24600,31,49,22860
1791028407,10,1,1325685,20261003,1,57165,0,feed,26040,0,64,26040
1791028407,10,1,1325831,20261003,1,57165,0,feed,27120,0,53,27120
1791028407,10,1,1325942,20261003,29,17227,144,feed,24660,28,43,23400
1791028407,10,0,1326215,20261003,2,19277,134,feed,,,,
1791028407,10,0,1327171,20261003,1,19337,0,feed,26460,0,49,26460
1791028407,10,1,1327342,20261003,18,14240,70,feed,24720,17,64,23940
1791028407,10,0,1329456,20261003,1,19337,0,feed,28200,0,60,28200
1791028407,10,1,1330480,20261003,1,57165,0,feed,25320,0,53,25320
1791028407,10,1,1368985,20261003,1,57165,0,feed,,,,
1791028407,11,1,1318651,20261003,64,17719,439,feed,,,,
1791028407,11,1,1319832,20261003,1,49304,0,feed,,,,
1791028407,11,1,1352588,20261003,33,14678,163,feed,24660,32,79,23640
1791028407,11,0,1366133,20261003,1,51828,0,feed,,,,
1791028407,11,0,1367545,20261003,21,17754,148,feed,,,,
1791028407,11,0,1367555,20261003,1,51828,0,feed,,,,
1791028407,11,1,1368811,20261003,1,49304,0,feed,,,,
1791028407,11,0,1369148,20261003,52,14660,482,feed,,,,
1791028407,14,0,1331569,20261003,1,4345,0,feed,25020,0,80,25020
1791028407,14,0,1331751,20261003,34,15630,193,feed,24600,33,80,23220
1791028407,14,1,1331963,20261003,1,50153,0,feed,25440,0,82,25440
1791028407,14,1,1332463,20261003,1,50153,0,feed,27180,0,82,27180
1791028407,14,0,1332502,20261003,1,4345,0,feed,26820,0,80,26820
1791028407,14,1,1358689,20261003,29,16401,138,feed,24660,28,82,23640
1791028407,17,0,1131869,20261003,31,50195,646,feed,24180,30,63,22860
1791028407,17,1,1317951,20261003,1,17192,0,feed,27240,0,65,27240
1791028407,17,1,1318246,20261003,1,17192,0,feed,,,,
1791028407,17,0,1323369,20261003,59,15501,495,feed,24300,58,63,21120
1791028407,17,0,1324662,20261003,3,49499,21,feed,24780,2,63,24600
1791028407,17,0,1333883,20261003,1,57458,0,feed,26340,0,63,26340
1791028407,17,1,1334330,20261003,47,56129,388,feed,24420,46,65,22020
1791028407,17,1,1367244,20261003,19,17976,9,feed,,,,
1791028407,17,0,1367673,20261003,1,57458,0,feed,,,,
1791028407,18,0,1361017,20261003,1,51852,0,feed,27240,0,51,27240
1791028407,18,0,1361345,20261003,1,57131,0,feed,25620,0,84,25620
1791028407,18,1,1364270,20261003,16,14850,11,feed,,,,
1791028407,18,1,1365183,20261003,3,17976,76,feed,,,,
1791028407,18,1,1366496,20261003,1,56800,0,feed,,,,
1791028407,18,1,1367384,20261003,1,56800,0,feed,,,,
1791028407,18,0,1367478,20261003,21,57377,71,feed,,,,
1791028407,18,0,1367989,20261003,50,19317,24,feed,,,,
1791028407,18,0,1368311,20261003,1,51852,0,feed,,,,
1791028407,18,0,1368315,20261003,69,1889,163,feed,,,,
1791028407,18,1,1368372,20261003,51,51842,311,feed,,,,
1791028407,18,1,1368611,20261003,28,1227,509,feed,,,,
1791028407,18,1,1368678,20261003,1,56800,0,feed,,,,
1791028407,18,0,1368895,20261003,1,57131,0,feed,,,,
1791028407,18,0,1368999,20261003,34,1432,197,feed,,,,
1791028407,18,1,1369355,20261003,1,56800,0,feed,,,,
1791028407,2,0,1331522,20261003,1,57469,0,feed,25140,0,41,25140
1791028407,2,0,1331994,20261003,26,13243,178,feed,24660,25,41,23340
1791028407,2,1,1361487,20261003,8,16136,33,feed,24780,7,42,24360
1791028407,2,1,1361535,20261003,1,57618,0,feed,27960,0,42,27960
1791028407,2,1,1361732,20261003,1,57618,0,feed,26160,0,42,26160
1791028407,2,0,1362530,20261003,1,57469,0,feed,26880,0,41,26880
1791028407,215,0,1265096,20261003,1,49979,0,feed,27840,0,30,27840
1791028407,215,1,1273522,20261003,1,5020,0,feed,26160,0,27,26160
1791028407,215,0,1273955,20261003,11,57699,56,feed,24720,10,30,24240
1791028407,219,0,1303536,20261003,1,57340,0,feed,26160,0,74,26160
1791028407,219,0,1303782,20261003,55,12299,28,feed,24780,54,74,22560
1791028407,219,1,1311113,20261003,1,5020,0,feed,26100,0,71,26100
1791028407,219,1,1311915,20261003,57,57433,-59,feed,24840,56,71,22500
1791028407,22,1,1356719,20261003,70,19476,-62,feed,24840,69,87,21060
1791028407,22,1,1357692,20261003,1,56825,0,feed,27180,0,84,27180
1791028407,22,1,1357959,20261003,15,51287,493,feed,,,,
1791028407,22,0,1364296,20261003,19,19479,92,feed,,,,
1791028407,22,0,1365028,20261003,58,57195,144,feed,,,,
1791028407,22,0,1366038,20261003,1,4558,0,feed,,,,
1791028407,22,0,1367267,20261003,41,19426,-19,feed,,,,
1791028407,22,1,1368123,20261003,1,56825,0,feed,,,,
1791028407,22,1,1368394,20261003,1,56825,0,feed,,,,
1791028407,22,1,1368879,20261003,32,17907,590,feed,,,,
1791028407,22,1,1368894,20261003,2,11345,18,feed,,,,
1791028407,22,0,1368944,20261003,1,4558,0,feed,,,,
1791028407,22,0,1369270,20261003,1,4558,0,feed,,,,
1791028407,223,0,1361400,20261003,30,53120,741,feed,24180,29,33,22560
1791028407,223,0,1361983,20261003,1,57691,0,feed,27960,0,33,27960
1791028407,223,1,1362113,20261003,1,5020,0,feed,25860,0,34,25860
1791028407,223,0,1362168,20261003,8,45284,4,feed,24780,7,33,24360
1791028407,223,1,1362920,20261003,1,5020,0,feed,27660,0,34,27660
1791028407,25,0,1324948,20261003,1,19337,0,feed,26280,0,92,26280
1791028407,25,0,1325022,20261003,28,15734,631,feed,24180,27,92,22680
1791028407,25,1,1325879,20261003,86,17984,10,feed,24780,85,89,20940
1791028407,25,1,1325958,20261003,2,57119,374,feed,24600,1,89,24420
1791028407,25,1,1326293,20261003,1,57166,0,feed,28020,0,89,28020
1791028407,27,1,1349382,20261003,1,51367,0,feed,28080,0,21,28080
1791028407,27,0,1350298,20261003,1,52857,0,feed,,,,
1791028407,27,1,1362663,20261003,4,40954,119,feed,24720,3,21,24540
1791028407,3,0,1294585,20261003,60,11912,11,feed,24840,59,64,21720
1791028407,3,0,1321470,20261003,1,54097,0,feed,25260,0,64,25260
1791028407,3,1,1321710,20261003,51,13211,536,feed,24240,50,64,21960
1791028407,3,0,1322590,20261003,16,49881,51,feed,24780,15,65,23460
1791028407,3,0,1323136,20261003,1,54097,0,feed,27060,0,65,27060
1791028407,3,1,1323332,20261003,21,5594,20,feed,24780,20,65,23640
1791028407,3,1,1323352,20261003,1,56100,0,feed,28140,0,65,28140
1791028407,3,1,1324397,20261003,1,56100,0,feed,26820,0,64,26820
1791028407,3,1,1329338,20261003,1,56100,0,feed,25200,0,65,25200
1791028407,30,1,1213071,20261003,1,15882,0,feed,27420,0,44,27420
1791028407,30,1,1213378,20261003,1,15882,0,feed,25620,0,44,25620
1791028407,30,0,1218781,20261003,1,40238,0,feed,24840,0,48,24840
1791028407,32,0,1331601,20261003,1,50155,0,feed,,,,
1791028407,32,0,1332088,20261003,1,50155,0,feed,26100,0,59,26100
1791028407,32,1,1368017,20261003,1,57685,0,feed,,,,
1791028407,323,1,1131845,20261003,4,57036,37,feed,24780,3,25,24600
1791028407,323,0,1134004,20261003,1,51116,0,feed,27840,0,23,27840
1791028407,323,1,1134558,20261003,1,57508,0,feed,28320,0,25,28320
1791028407,323,0,1136188,20261003,1,51116,0,feed,26040,0,23,26040
1791028407,345,0,1134463,20261003,1,56879,0,feed,25200,0,15,25200
1791028407,345,1,1135441,20261003,1,57508,0,feed,25440,0,15,25440
1791028407,36,0,1178165,20261003,19,50601,-76,feed,24900,18,53,24180
1791028407,36,1,1220779,20261003,1,50160,0,feed,28020,0,50,28020
1791028407,36,1,1362274,20261003,10,1116,6,feed,24780,9,50,24420
1791028407,36,0,1363268,20261003,1,57537,0,feed,27780,0,53,27780
1791028407,36,1,1363924,20261003,1,50160,0,feed,26220,0,50,26220
1791028407,36,0,1367240,20261003,1,57537,0,feed,,,,
1791028407,38,1,1349332,20261003,38,169,52,feed,,,,
1791028407,38,1,1349414,20261003,1,16494,0,feed,,,,
1791028407,38,0,1349537,20261003,85,51562,300,feed,,,,
1791028407,38,0,1349639,20261003,1,48213,0,feed,,,,
1791028407,38,0,1351901,20261003,1,48213,0,feed,,,,
1791028407,38,1,1353164,20261003,88,3608,187,feed,,,,
1791028407,38,1,1353688,20261003,5,56127,2,feed,,,,
1791028407,38,0,1355206,20261003,1,48213,60,feed,,,,
1791028407,38,0,1367608,20261003,51,4852,-39,feed,,,,
1791028407,38,1,1368131,20261003,1,42032,0,feed,,,,
1791028407,4,0,1157630,20261003,1,50231,15,feed,24780,0,87,24780
1791028407,4,0,1159065,20261003,1,50231,0,feed,28140,0,87,28140
1791028407,4,1,1356509,20261003,27,16045,23,feed,24780,26,85,23880
1791028407,4,1,1359006,20261003,1,14153,0,feed,27480,0,85,27480
1791028407,4,1,1359383,20261003,1,14153,0,feed,25680,0,90,25680
1791028407,4,0,1360168,20261003,1,50231,0,feed,26640,0,89,26640
1791028407,4,1,1360580,20261003,53,40668,347,feed,24480,52,90,22140
1791028407,4,0,1360582,20261003,43,175,24,feed,24780,42,89,23160
1791028407,4,0,1368258,20261003,68,42307,288,feed,,,,
1791028407,46,1,1277051,20261003,1,51550,0,feed,27900,0,59,27900
1791028407,48,0,1304033,20261003,1,19301,0,feed,25500,0,61,25500
1791028407,48,1,1352114,20261003,1,50152,0,feed,25860,0,61,25860
1791028407,5,0,1367203,20261003,39,2875,199,feed,,,,
1791028407,5,0,1367363,20261003,1,51212,0,feed,,,,
1791028407,5,1,1369245,20261003,1,51846,0,feed,,,,
1791028407,515,1,1351098,20261003,1,56877,0,feed,27180,0,49,27180
1791028407,515,0,1351391,20261003,1,53704,0,feed,24960,0,49,24960
1791028407,515,1,1351908,20261003,1,56877,0,feed,25380,0,49,25380
1791028407,515,0,1352103,20261003,1,53704,0,feed,26760,0,49,26760
1791028407,515,1,1352996,20261003,1,56877,0,feed,28080,0,49,28080
1791028407,515,1,1352997,20261003,41,2186,77,feed,24720,40,49,23580
1791028407,515,1,1353990,20261003,8,704,42,feed,24780,7,49,24480
1791028407,515,0,1354091,20261003,1,53704,0,feed,25860,0,49,25860
1791028407,515,1,1354754,20261003,1,56877,0,feed,26280,0,49,26280
1791028407,515,0,1355088,20261003,1,53704,0,feed,27660,0,49,27660
1791028407,534,1,1343788,20261003,1,51824,0,feed,26100,0,32,26100
1791028407,534,0,1344117,20261003,1,56725,0,feed,28020,0,35,28020
1791028407,534,0,1344604,20261003,1,56725,0,feed,26220,0,35,26220
1791028407,534,0,1345447,20261003,8,53773,139,feed,24660,7,35,24420
1791028407,534,1,1345791,20261003,10,3355,63,feed,24660,9,32,24300
1791028407,534,1,1345857,20261003,1,51824,0,feed,27900,0,32,27900
1791028407,538,0,1131894,20261003,18,1054,361,feed,24420,17,42,23400
1791028407,538,0,1135114,20261003,1,53704,0,feed,27000,0,42,27000
1791028407,538,1,1318379,20261003,2,43732,277,feed,24540,1,40,24480
1791028407,538,1,1319019,20261003,1,56880,0,feed,26280,0,40,26280
1791028407,539,0,1136603,20261003,1,56725,0,feed,25860,0,41,25860
1791028407,539,1,879155,20261003,1,56880,0,feed,24780,0,38,24780
1791028407,539,1,892839,20261003,1,56880,0,feed,28380,0,38,28380
1791028407,54,0,1132872,20261003,1,56875,0,feed,25920,0,25,25920
1791028407,54,0,1346282,20261003,8,56939,197,feed,24720,7,46,24120
1791028407,54,0,1346471,20261003,1,56875,0,feed,27720,0,46,27720
1791028407,54,1,1346892,20261003,10,12972,-105,feed,24900,9,47,24000
1791028407,54,1,1348005,20261003,1,42319,0,feed,27360,0,47,27360
1791028407,54,1,1353102,20261003,1,56100,0,feed,27300,0,27,27300
1791028407,54,1,1359341,20261003,16,13128,116,feed,24720,15,27,23700
1791028407,540,0,1136315,20261003,1,53052,0,feed,25440,0,51,25440
1791028407,540,1,881239,20261003,37,6370,79,feed,24720,36,48,23220
1791028407,540,1,893327,20261003,1,56879,0,feed,26820,0,48,26820
1791028407,546,1,1133968,20261003,1,51824,0,feed,28260,0,31,28260
1791028407,546,1,1137241,20261003,3,1617,68,feed,24720,2,31,24660
1791028407,546,0,880880,20261003,1,56725,0,feed,26160,0,33,26160
1791028407,61,1,1364571,20261003,1,52761,0,feed,,,,
1791028407,61,0,1364707,20261003,75,52759,1174,feed,,,,
1791028407,61,1,1366316,20261003,40,3980,89,feed,,,,
1791028407,61,0,1366395,20261003,65,80958,134,feed,,,,
1791028407,61,0,1366634,20261003,1,17905,0,feed,,,,
1791028407,61,0,1366891,20261003,28,10624,-3,feed,,,,
1791028407,61,0,1367765,20261003,1,17905,0,feed,,,,
1791028407,61,1,1368168,20261003,9,80956,29,feed,,,,
1791028407,61,1,1368603,20261003,1,52761,0,feed,,,,
1791028407,615,0,1166764,20261003,1,43380,0,feed,26220,0,42,26220
1791028407,615,1,1347073,20261003,1,3540,145,feed,28320,0,76,28320
1791028407,62,1,1349394,20261003,1,49141,0,feed,24900,0,83,24900
1791028407,62,0,1354903,20261003,1,328,0,feed,27300,0,86,27300
1791028407,62,1,1354974,20261003,44,11912,9,feed,24780,43,91,22860
1791028407,62,0,1359990,20261003,76,46713,132,feed,24660,75,86,21900
1791028407,62,1,1360619,20261003,1,49141,0,feed,28200,0,91,28200
1791028407,62,1,1362435,20261003,1,49141,0,feed,26700,0,83,26700
1791028407,62,0,1363784,20261003,39,6331,-48,feed,24780,38,86,23700
1791028407,62,0,1368581,20261003,1,328,0,feed,,,,
1791028407,63,1,1268320,20261003,5,13627,160,feed,,,,
1791028407,63,0,1346885,20261003,1,15795,0,feed,,,,
1791028407,63,0,1347332,20261003,1,15795,0,feed,,,,
1791028407,63,1,1348120,20261003,1,51114,0,feed,,,,
1791028407,63,1,1348190,20261003,1,51114,0,feed,,,,
1791028407,63,0,1348368,20261003,12,18675,-21,feed,,,,
1791028407,63,1,1368428,20261003,39,3084,-1,feed,,,,
1791028407,63,0,1369075,20261003,40,11838,441,feed,,,,
1791028407,64,1,1342539,20261003,31,11811,23,feed,24780,30,43,23820
1791028407,64,1,1343234,20261003,1,52015,0,feed,28140,0,76,28140
1791028407,64,0,1357549,20261003,1,52761,0,feed,26100,0,78,26100
1791028407,64,0,1358435,20261003,1,52761,0,feed,27660,0,78,27660
1791028407,64,1,1359178,20261003,1,42157,0,feed,27060,0,43,27060
1791028407,64,1,1359566,20261003,1,52015,0,feed,24840,0,76,24840
1791028407,64,0,1359576,20261003,1,52761,134,feed,24660,0,43,24660
1791028407,64,1,1359588,20261003,1,52015,0,feed,27360,0,65,27360
1791028407,645,1,1207815,20261003,38,52901,176,feed,,,,
1791028407,645,0,1337929,20261003,1,6990,0,feed,,,,
1791028407,645,1,1340341,20261003,1,53293,0,feed,,,,
1791028407,65,1,1349340,20261003,34,10746,63,feed,24720,33,38,23520
1791028407,65,0,1350143,20261003,3,80985,59,feed,25440,2,40,25320
1791028407,65,1,1350622,20261003,1,57690,0,feed,27000,0,38,27000
1791028407,65,0,1351558,20261003,40,57690,-8,feed,24840,39,40,23280
1791028407,65,0,1351922,20261003,3,80985,40,feed,27240,2,40,27120
1791028407,65,1,1354530,20261003,1,57690,0,feed,25320,0,38,25320
1791028407,67,0,1270586,20261003,1,53723,0,feed,27900,0,65,27900
1791028407,67,1,1358213,20261003,1,56100,0,feed,26280,0,65,26280
1791028407,67,1,1368614,20261003,1,56100,0,feed,,,,
1791028407,68,0,1356050,20261003,1,53340,0,feed,25200,0,118,25200
1791028407,68,0,1361913,20261003,2,9806,132,feed,25080,1,87,25080
1791028407,68,1,1363087,20261003,1,11904,0,feed,26700,0,61,26700
1791028407,68,0,1363096,20261003,93,2605,54,feed,24780,92,131,22200
1791028407,68,1,1367360,20261003,1,57511,0,feed,,,,
1791028407,68,0,1367488,20261003,2,9806,132,feed,,,,
1791028407,68,1,1367646,20261003,1,57511,0,feed,,,,
1791028407,68,1,1369082,20261003,21,40156,0,feed,,,,
1791028407,686,1,1171517,20261003,1,56939,0,feed,27660,0,4,27660
1791028407,686,0,1331155,20261003,1,47705,0,feed,25620,0,3,25620
1791028407,686,1,1334842,20261003,1,56939,52,feed,24840,0,4,24840
1791028407,686,0,1335796,20261003,3,56939,52,feed,24840,2,3,22800
1791028407,7,0,1356026,20261003,18,16297,139,feed,24660,17,64,23580
1791028407,7,0,1356051,20261003,52,16342,118,feed,24660,51,64,21840
1791028407,7,1,1357249,20261003,1,17679,0,feed,26460,0,60,26460
1791028407,7,0,1357335,20261003,1,51779,0,feed,25380,0,64,25380
1791028407,7,1,1358852,20261003,3,17685,83,feed,24720,2,60,24660
1791028407,7,1,1359429,20261003,1,17679,0,feed,28260,0,60,28260
1791028407,7,0,1359569,20261003,1,51779,0,feed,27180,0,64,27180
1791028407,7,1,1360685,20261003,32,41978,-149,feed,24900,31,60,23100
1791028407,71,0,1264727,20261003,17,9733,18,feed,24660,16,58,24120
1791028407,71,1,1266361,20261003,1,51291,0,feed,25860,0,60,25860
1791028407,71,0,1267561,20261003,1,9715,0,feed,26220,0,58,26220
1791028407,71,1,1268612,20261003,14,49699,226,feed,24480,13,60,24060
1791028407,71,0,1286572,20261003,1,9715,0,feed,28020,0,58,28020
1791028407,71,1,1363660,20261003,1,51291,0,feed,27660,0,60,27660
1791028407,716,0,1137213,20261003,1,50154,0,feed,25800,0,51,25800
1791028407,716,1,1137235,20261003,24,9497,62,feed,24720,23,50,24120
1791028407,716,1,1137784,20261003,1,8728,0,feed,27720,0,50,27720
1791028407,72,0,1342904,20261003,1,57615,65,feed,24840,0,54,24840
1791028407,72,0,1342975,20261003,1,57615,0,feed,28320,0,54,28320
1791028407,72,0,1343423,20261003,1,57615,0,feed,26640,0,54,26640
1791028407,721,0,1183639,20261003,1,51845,0,feed,27300,0,43,27300
1791028407,721,1,1289226,20261003,1,9522,0,feed,27000,0,41,27000
1791028407,722,1,1184005,20261003,1,11486,0,feed,25140,0,14,25140
1791028407,722,0,1184389,20261003,29,56404,-1,feed,24780,28,51,23700
1791028407,722,0,1184725,20261003,1,56827,0,feed,27300,0,51,27300
1791028407,722,1,1185035,20261003,1,57636,0,feed,26520,0,53,26520
1791028407,724,1,1130986,20261003,1,53222,0,feed,27120,0,35,27120
1791028407,724,1,1135735,20261003,1,53222,0,feed,25320,0,35,25320
1791028407,724,0,1135938,20261003,1,51846,0,feed,27000,0,33,27000
1791028407,724,0,1136135,20261003,31,9054,202,feed,24600,30,33,23700
1791028407,725,0,1312779,20261003,1,57580,0,feed,26940,0,50,26940
1791028407,725,1,1313104,20261003,48,57733,106,feed,24720,47,49,22500
1791028407,725,0,1313978,20261003,35,48359,73,feed,24660,34,50,23340
1791028407,725,1,1316658,20261003,1,56775,0,feed,26100,0,49,26100
1791028407,74,0,1358069,20261003,1,51546,0,feed,25740,0,59,25740
1791028407,74,1,1358995,20261003,6,56051,-31,feed,24840,5,61,24540
1791028407,74,0,1359251,20261003,1,51546,0,feed,27540,0,59,27540
1791028407,74,1,1359469,20261003,1,13667,0,feed,26340,0,61,26340
1791028407,74,0,1359674,20261003,13,11768,22,feed,24780,12,59,23940
1791028407,74,1,1359864,20261003,28,47485,412,feed,24420,27,61,22740
1791028407,74,0,1359985,20261003,46,49609,-58,feed,24840,45,59,22140
1791028407,74,1,1360346,20261003,1,13667,0,feed,28140,0,61,28140
1791028407,802,1,1195528,20261003,1,42622,67,feed,26520,0,45,26520
1791028407,87,1,1304686,20261003,67,13140,85,feed,24720,66,70,22440
1791028407,87,1,1305398,20261003,1,57690,0,feed,25800,0,70,25800
1791028407,87,1,1305499,20261003,1,57690,0,feed,27780,0,70,27780
1791028407,87,0,1349992,20261003,37,18792,79,feed,24720,36,71,23640
1791028407,87,0,1350383,20261003,1,51892,0,feed,27120,0,71,27120
1791028407,87,0,1351529,20261003,1,51892,0,feed,25320,0,71,25320
1791028407,87,1,1352490,20261003,16,40810,95,feed,24720,15,70,24000
1791028407,9,0,1358009,20261003,1,52552,0,feed,27960,0,100,27960
1791028407,9,0,1360478,20261003,56,15346,255,feed,24540,55,100,22740
1791028407,9,1,1364704,20261003,65,7333,-52,feed,,,,
1791028407,9,1,1365790,20261003,12,17576,121,feed,,,,
1791028407,9,1,1366959,20261003,1,51551,0,feed,,,,
1791028407,9,1,1367498,20261003,1,51551,0,feed,,,,
1791028407,9,0,1368117,20261003,1,40247,0,feed,,,,
1791028407,9,0,1368559,20261003,10,3006,68,feed,,,,
1791028407,901,0,882747,20261003,1,51405,0,feed,25440,0,20,25440
1791028407,901,0,883688,20261003,2,51437,60,feed,24900,1,20,24720
1791028407,901,1,885207,20261003,11,51415,180,feed,24720,10,20,23640
1791028407,901,1,894362,20261003,3,56336,0,feed,25260,2,20,25080
1791028407,901,0,895953,20261003,6,51434,180,feed,24720,5,20,24000
1791028407,901,0,897403,20261003,11,51429,240,feed,24600,10,20,23280
1791028407,901,0,902014,20261003,15,56330,420,feed,24480,14,20,22560
1791028407,901,1,902265,20261003,16,51420,180,feed,24660,15,20,22920
1791028407,902,1,878714,20261003,11,56036,0,feed,24840,10,24,23640
1791028407,902,0,885867,20261003,8,56002,60,feed,24840,7,24,24060
1791028407,902,0,889403,20261003,3,56336,0,feed,24960,2,24,24780
1791028407,902,0,890837,20261003,3,56336,0,feed,25680,2,24,25500
1791028407,902,1,892152,20261003,1,56026,0,feed,25140,0,24,25140
1791028407,902,1,894001,20261003,15,56040,120,feed,24720,14,24,22980
1791028407,902,0,894669,20261003,12,56006,240,feed,24660,11,24,23340
1791028407,902,0,898768,20261003,18,56012,120,feed,24720,17,24,22620
1791028407,902,1,900937,20261003,20,51424,420,feed,24420,19,24,21900
1791028407,902,1,903655,20261003,4,56029,60,feed,24780,3,24,24420
1791028407,902,1,904349,20261003,19,56330,360,feed,24660,18,24,22260
1791028407,903,0,1264906,20261003,5,56511,-12,feed,25080,4,6,24360
1791028407,903,0,1267569,20261003,1,57285,0,feed,27960,0,6,27960
1791028407,903,1,1273379,20261003,1,56874,0,feed,27720,0,6,27720
1791028407,903,0,1275557,20261003,1,57285,0,feed,26160,0,6,26160
1791028407,903,1,1276084,20261003,1,56874,0,feed,25920,0,6,25920
1791028407,904,1,1266741,20261003,1,56800,0,feed,,,,
1791028407,904,1,1268165,20261003,8,52719,284,feed,24540,7,12,23460
1791028407,904,1,1271789,20261003,1,56800,0,feed,26160,0,12,26160
1791028407,904,0,1364751,20261003,6,48084,138,feed,,,,
1791028407,904,0,1365530,20261003,1,56830,0,feed,,,,
1791028407,904,0,1366134,20261003,10,53313,263,feed,,,,
1791028407,904,1,1367422,20261003,1,56800,0,feed,,,,
1791028407,904,1,1368368,20261003,5,53301,43,feed,,,,
1791028407,904,0,1368817,20261003,1,56830,0,feed,,,,
1791028407,904,0,1368821,20261003,1,56830,0,feed,,,,
1791028407,904,0,1368948,20261003,1,56830,0,feed,,,,
1791028407,904,1,1368992,20261003,1,56800,0,feed,,,,
1791028407,904,1,1369184,20261003,12,56830,259,feed,,,,
1791028407,904,0,1369203,20261003,2,56829,-53,feed,,,,
1791028407,905,0,1344095,20261003,6,57422,150,feed,24720,5,16,24000
1791028407,905,1,1344290,20261003,7,57429,96,feed,24780,6,16,23940
1791028407,905,0,1344329,20261003,1,52761,0,feed,24900,0,16,24900
1791028407,905,0,1344494,20261003,1,52761,0,feed,25800,0,16,25800
1791028407,905,1,1344690,20261003,1,57441,0,feed,25740,0,16,25740
1791028407,905,1,1344728,20261003,1,57441,0,feed,24840,0,16,24840
1791028407,905,0,1344857,20261003,13,57436,66,feed,24780,12,16,23100
1791028407,905,0,1344976,20261003,1,52761,0,feed,26700,0,16,26700
1791028407,905,1,1345329,20261003,14,11863,-197,feed,24960,13,16,23040
1791028407,905,1,1345360,20261003,1,57441,0,feed,26640,0,16,26640
1791028407,905,1,1345395,20261003,1,57441,0,feed,27540,0,16,27540
1791028407,905,0,1345575,20261003,1,52761,0,feed,27600,0,16,27600
1791028407,921,1,1364385,20261003,18,56128,412,feed,,,,
1791028407,921,1,1364534,20261003,8,56122,181,feed,,,,
1791028407,921,0,1364777,20261003,1,51544,0,feed,,,,
1791028407,921,0,1366182,20261003,1,51544,0,feed,,,,
1791028407,921,0,1367025,20261003,1,51544,0,feed,,,,
1791028407,921,0,1367258,20261003,1,51544,0,feed,,,,
1791028407,921,1,1367469,20261003,1,52531,0,feed,,,,
1791028407,921,0,1367940,20261003,16,56119,356,feed,,,,
1791028407,921,1,1368062,20261003,1,52531,0,feed,,,,
1791028407,921,1,1368115,20261003,1,52531,0,feed,,,,
1791028407,921,1,1368238,20261003,1,52531,0,feed,,,,
1791028407,921,0,1368907,20261003,1,51544,0,feed,,,,
1791028407,921,0,1368929,20261003,2,53362,536,feed,,,,
1791028407,922,0,1311219,20261003,1,57314,0,feed,26160,0,35,26160
1791028407,922,0,1311468,20261003,1,57314,0,feed,27600,0,35,27600
1791028407,922,1,1312096,20261003,18,16933,80,feed,24780,17,34,23040
1791028407,922,1,1312498,20261003,26,47529,88,feed,24720,25,34,22200
1791028407,922,0,1313079,20261003,1,57314,0,feed,26880,0,35,26880
1791028407,922,0,1313260,20261003,10,16863,75,feed,24780,9,35,24060
1791028407,922,0,1313444,20261003,19,57333,10,feed,24840,18,35,23160
1791028407,922,1,1313532,20261003,1,56100,0,feed,24840,0,34,24840
1791028407,922,1,1313808,20261003,12,16997,-133,feed,25140,11,34,23940
1791028407,922,1,1313979,20261003,1,56100,0,feed,27900,0,34,27900
1791028407,922,0,1314524,20261003,24,16996,359,feed,24420,23,35,22260
1791028407,922,1,1314879,20261003,1,56100,0,feed,25620,0,34,25620
1791028407,922,0,1315911,20261003,1,57314,0,feed,28320,0,35,28320
1791028407,922,0,1315961,20261003,1,57314,0,feed,25500,0,35,25500
1791028407,922,1,1316069,20261003,33,57353,333,feed,24480,32,34,21300
1791028407,922,1,1316443,20261003,1,56100,0,feed,27180,0,34,27180
1791028407,922,1,1316963,20261003,1,56100,0,feed,26400,0,34,26400
1791028407,922,0,1317039,20261003,1,57314,57,feed,24780,0,35,24780
1791028407,923,1,1262753,20261003,1,57278,0,feed,28320,0,23,28320
1791028407,923,0,1262923,20261003,20,9089,143,feed,24720,19,22,23100
1791028407,923,1,1266175,20261003,1,57278,0,feed,26220,0,23,26220
1791028407,923,1,1267901,20261003,1,57278,0,feed,24960,0,23,24960
1791028407,923,1,1268409,20261003,21,17910,394,feed,24420,20,23,22620
1791028407,923,0,1268664,20261003,1,56897,0,feed,26880,0,22,26880
1791028407,923,1,1270042,20261003,10,11098,235,feed,24540,9,23,23820
1791028407,923,0,1270936,20261003,1,56897,0,feed,26040,0,22,26040
1791028407,923,0,1276181,20261003,1,56897,0,feed,25140,0,22,25140
1791028407,923,1,1339286,20261003,1,57278,0,feed,27420,0,23,27420
1791028407,923,0,1340294,20261003,4,17902,176,feed,24600,3,22,24300
1791028407,923,0,1340991,20261003,1,56897,0,feed,27780,0,22,27780
1791028407,924,0,1336669,20261003,1,56873,0,feed,25740,0,40,25740
1791028407,924,1,1337086,20261003,1,56823,0,feed,25200,0,41,25200
1791028407,924,0,1337481,20261003,7,639,25,feed,24780,6,40,24300
1791028407,924,0,1338208,20261003,14,56924,83,feed,24720,13,40,23580
1791028407,924,0,1338409,20261003,29,43275,20,feed,24780,28,40,22020
1791028407,924,1,1338497,20261003,1,56823,0,feed,26640,0,41,26640
1791028407,924,0,1339420,20261003,1,56873,0,feed,25020,0,40,25020
1791028407,924,0,1339771,20261003,39,9089,41,feed,24780,38,40,21120
1791028407,924,1,1339801,20261003,1,56823,0,feed,27360,0,41,27360
1791028407,924,1,1339813,20261003,17,17906,542,feed,24240,16,41,22740
1791028407,924,1,1339921,20261003,13,11161,121,feed,24720,12,41,23640
1791028407,924,1,1340068,20261003,41,56873,1038,feed,23760,40,41,20040
1791028407,924,1,1340191,20261003,1,56823,0,feed,25920,0,41,25920
1791028407,924,0,1340282,20261003,21,56929,-64,feed,24840,20,40,22860
1791028407,924,0,1340345,20261003,1,56873,0,feed,27180,0,40,27180
1791028407,924,1,1340875,20261003,29,56917,284,feed,24600,28,41,21840
1791028407,924,1,1340953,20261003,2,9087,306,feed,24540,1,41,24480
1791028407,924,0,1341119,20261003,1,56873,0,feed,26460,0,40,26460
1791028407,924,0,1341360,20261003,1,56873,0,feed,27900,0,40,27900
1791028407,924,1,1342265,20261003,1,56823,0,feed,28080,0,41,28080
1791028407,925,0,1271836,20261003,1,53703,0,feed,25560,0,35,25560
1791028407,925,0,1273285,20261003,1,53703,0,feed,27660,0,35,27660
1791028407,925,0,1275013,20261003,1,53703,0,feed,26220,0,35,26220
1791028407,925,1,1332396,20261003,28,57461,96,feed,24720,27,35,22260
1791028407,925,1,1333394,20261003,1,57541,0,feed,25860,0,35,25860
1791028407,925,1,1333922,20261003,1,57541,0,feed,27300,0,35,27300
1791028407,925,0,1334038,20261003,1,53703,0,feed,24840,0,35,24840
1791028407,925,1,1334209,20261003,1,57541,0,feed,24960,0,35,24960
1791028407,925,1,1334472,20261003,9,16119,81,feed,24720,8,35,24060
1791028407,925,0,1334536,20261003,1,53703,0,feed,26940,0,35,26940
1791028407,925,0,1334615,20261003,25,15477,135,feed,24720,24,35,22680
1791028407,925,0,1334722,20261003,18,17936,-119,feed,24900,17,35,23400
1791028407,925,1,1334788,20261003,1,57541,0,feed,26580,0,35,26580
1791028407,925,0,1334986,20261003,35,57541,130,feed,24660,34,35,21780
1791028407,925,0,1335043,20261003,9,6195,153,feed,24660,8,35,24120
1791028407,925,1,1335342,20261003,19,1096,83,feed,24780,18,35,23160
1791028407,925,1,1335575,20261003,1,57541,0,feed,28020,0,35,28020
1791028407,925,0,1335632,20261003,1,53703,0,feed,28320,0,35,28320
1791028407,94,0,1186967,20261003,1,51200,0,feed,25980,0,15,25980
1791028407,94,1,1341112,20261003,1,56100,0,feed,,,,
1791028407,94,0,1347990,20261003,1,51200,0,feed,,,,
1791029310,10,0,1325586,20261003,49,57165,203,feed,25500,48,49,22860
1791029310,10,1,1325685,20261003,1,57165,0,feed,26040,0,64,26040
1791029310,10,1,1325831,20261003,1,57165,0,feed,27120,0,53,27120
1791029310,10,1,1325942,20261003,43,19337,225,feed,25560,42,43,23400
1791029310,10,1,1326077,20261003,1,57165,0,feed,,,,
1791029310,10,0,1326215,20261003,13,14952,204,feed,,,,
1791029310,10,0,1327171,20261003,1,19337,0,feed,26460,0,49,26460
1791029310,10,1,1327342,20261003,43,17195,111,feed,25620,42,64,23940
1791029310,10,0,1329456,20261003,1,19337,0,feed,28200,0,60,28200
1791029310,10,1,1330480,20261003,6,40236,23,feed,25680,5,53,25320
1791029310,10,1,1368985,20261003,1,57165,0,feed,,,,
1791029310,11,1,1319832,20261003,11,14604,15,feed,,,,
1791029310,11,1,1333584,20261003,1,49304,0,feed,28800,0,79,28800
1791029310,11,1,1352588,20261003,46,1197,196,feed,25500,45,79,23640
1791029310,11,0,1366133,20261003,1,51828,0,feed,,,,
1791029310,11,0,1367545,20261003,37,17990,378,feed,,,,
1791029310,11,0,1367555,20261003,1,51828,0,feed,,,,
1791029310,11,1,1368811,20261003,1,49304,0,feed,,,,
1791029310,11,0,1369148,20261003,77,11664,607,feed,,,,
1791029310,14,1,1331025,20261003,1,50153,0,feed,28980,0,82,28980
1791029310,14,0,1331569,20261003,19,15581,-114,feed,25740,18,80,25020
1791029310,14,0,1331751,20261003,50,19313,215,feed,25500,49,80,23220
1791029310,14,1,1331963,20261003,7,8378,16,feed,25680,6,82,25440
1791029310,14,0,1332360,20261003,1,4345,0,feed,28620,0,80,28620
1791029310,14,1,1332463,20261003,1,50153,0,feed,27180,0,82,27180
1791029310,14,0,1332502,20261003,1,4345,0,feed,26820,0,80,26820
1791029310,14,1,1358689,20261003,45,15655,253,feed,25440,44,82,23640
1791029310,17,0,1131869,20261003,39,1905,1040,feed,24720,38,63,22860
1791029310,17,1,1317951,20261003,1,17192,149,feed,27240,0,65,27240
1791029310,17,1,1318246,20261003,1,17192,74,feed,,,,
1791029310,17,1,1318412,20261003,1,17192,0,feed,29040,0,65,29040
1791029310,17,0,1324662,20261003,24,5805,111,feed,25620,23,63,24600
1791029310,17,0,1333883,20261003,1,57458,0,feed,26340,0,63,26340
1791029310,17,1,1334330,20261003,62,4789,490,feed,25200,61,65,22020
1791029310,17,1,1367244,20261003,31,4667,86,feed,,,,
1791029310,17,0,1367673,20261003,1,57458,0,feed,,,,
1791029310,18,0,1361017,20261003,1,51852,0,feed,27240,0,51,27240
1791029310,18,0,1361345,20261003,4,1399,10,feed,25680,3,84,25620
1791029310,18,1,1364270,20261003,32,135,297,feed,,,,
1791029310,18,1,1365183,20261003,14,81077,140,feed,,,,
1791029310,18,1,1366496,20261003,1,56800,0,feed,,,,
1791029310,18,0,1366999,20261003,1,57131,0,feed,,,,
1791029310,18,1,1367384,20261003,1,56800,0,feed,,,,
1791029310,18,0,1367478,20261003,38,52309,-12,feed,,,,
1791029310,18,1,1367855,20261003,1,56800,0,feed,,,,
1791029310,18,0,1368311,20261003,4,620,162,feed,,,,
1791029310,18,0,1368315,20261003,80,17994,259,feed,,,,
1791029310,18,1,1368611,20261003,47,444,697,feed,,,,
1791029310,18,1,1368678,20261003,3,17976,52,feed,,,,
1791029310,18,0,1368895,20261003,1,57131,0,feed,,,,
1791029310,18,0,1368999,20261003,53,1854,273,feed,,,,
1791029310,18,0,1369255,20261003,1,51852,0,feed,,,,
1791029310,18,1,1369355,20261003,1,56800,0,feed,,,,
1791029310,2,0,1331522,20261003,8,81077,151,feed,25560,7,41,25140
1791029310,2,0,1331994,20261003,36,16116,202,feed,25500,35,41,23340
1791029310,2,0,1332712,20261003,1,57469,0,feed,28680,0,41,28680
1791029310,2,1,1361487,20261003,20,56703,98,feed,25620,19,42,24360
1791029310,2,1,1361535,20261003,1,57618,0,feed,27960,0,42,27960
1791029310,2,1,1361732,20261003,1,57618,0,feed,26160,0,42,26160
1791029310,2,0,1362530,20261003,1,57469,0,feed,26880,0,41,26880
1791029310,215,0,1265096,20261003,1,49979,0,feed,27840,0,30,27840
1791029310,215,1,1273522,20261003,1,5020,0,feed,26160,0,27,26160
1791029310,215,0,1273955,20261003,30,5020,95,feed,25680,29,30,24240
1791029310,219,0,1303536,20261003,1,57340,0,feed,26160,0,74,26160
1791029310,219,1,1311113,20261003,1,5020,0,feed,26100,0,71,26100
1791029310,22,1,1357692,20261003,1,56825,0,feed,27180,0,84,27180
1791029310,22,1,1357959,20261003,27,51791,667,feed,,,,
1791029310,22,0,1364296,20261003,37,15625,-162,feed,,,,
1791029310,22,0,1365028,20261003,71,11415,392,feed,,,,
1791029310,22,0,1366038,20261003,1,4558,0,feed,,,,
1791029310,22,0,1366517,20261003,1,4558,0,feed,,,,
1791029310,22,0,1367267,20261003,55,2875,96,feed,,,,
1791029310,22,1,1368123,20261003,1,56825,0,feed,,,,
1791029310,22,1,1368394,20261003,1,56825,0,feed,,,,
1791029310,22,1,1368879,20261003,47,40467,797,feed,,,,
1791029310,22,1,1368894,20261003,19,11641,-70,feed,,,,
1791029310,22,0,1368944,20261003,12,19436,-28,feed,,,,
1791029310,22,0,1369270,20261003,1,4558,0,feed,,,,
1791029310,223,0,1361983,20261003,1,57691,0,feed,27960,0,33,27960
1791029310,223,1,1362113,20261003,1,5020,0,feed,25860,0,34,25860
1791029310,223,0,1362168,20261003,27,18239,153,feed,25560,26,33,24360
1791029310,223,1,1362920,20261003,1,5020,0,feed,27660,0,34,27660
1791029310,25,0,1324948,20261003,1,19337,0,feed,26280,0,92,26280
1791029310,25,0,1325022,20261003,59,14082,472,feed,25260,58,92,22680
1791029310,25,1,1325958,20261003,22,57231,129,feed,25560,21,89,24420
1791029310,25,1,1326293,20261003,1,57166,0,feed,28020,0,89,28020
1791029310,27,1,1349382,20261003,1,51367,0,feed,28080,0,21,28080
1791029310,27,0,1350298,20261003,11,14331,81,feed,,,,
1791029310,27,0,1369466,20261003,1,52857,0,feed,,,,
1791029310,3,0,1321117,20261003,1,54097,0,feed,28860,0,64,28860
1791029310,3,0,1321470,20261003,4,57011,40,feed,25680,3,64,25260
1791029310,3,0,1322590,20261003,38,53040,-73,feed,25740,37,65,23460
1791029310,3,0,1323136,20261003,1,54097,0,feed,27060,0,65,27060
1791029310,3,1,1323332,20261003,45,16094,-45,feed,25740,44,65,23640
1791029310,3,1,1323352,20261003,1,56100,0,feed,28140,0,65,28140
1791029310,3,1,1324397,20261003,1,56100,0,feed,26820,0,64,26820
1791029310,30,0,1212106,20261003,1,40238,0,feed,28440,0,48,28440
1791029310,30,1,1213071,20261003,1,15882,0,feed,27420,0,44,27420
1791029310,30,1,1213378,20261003,1,15882,0,feed,25620,0,44,25620
1791029310,30,1,1214617,20261003,1,15882,0,feed,29220,0,44,29220
1791029310,30,0,1218781,20261003,17,57644,379,feed,25320,16,48,24840
1791029310,32,0,1331601,20261003,1,50155,0,feed,,,,
1791029310,32,0,1332088,20261003,1,50155,111,feed,26100,0,59,26100
1791029310,32,1,1365346,20261003,1,57685,0,feed,,,,
1791029310,32,1,1368017,20261003,1,57685,0,feed,,,,
1791029310,323,1,1131845,20261003,23,51131,45,feed,25740,22,25,24600
1791029310,323,1,1132330,20261003,1,57508,0,feed,29220,0,25,29220
1791029310,323,0,1134004,20261003,1,51116,0,feed,27840,0,23,27840
1791029310,323,1,1134558,20261003,1,57508,0,feed,28320,0,25,28320
1791029310,323,0,1136188,20261003,1,51116,0,feed,26040,0,23,26040
1791029310,345,1,1134141,20261003,1,57508,0,feed,28920,0,15,28920
1791029310,345,0,1134463,20261003,8,56939,37,feed,25800,7,15,25200
1791029310,345,1,1135441,20261003,2,53873,32,feed,25920,1,15,25440
1791029310,345,0,1137191,20261003,1,56879,0,feed,28800,0,15,28800
1791029310,36,0,1178165,20261003,35,6246,194,feed,25500,34,53,24180
1791029310,36,1,1220779,20261003,1,50160,0,feed,28020,0,50,28020
1791029310,36,1,1362274,20261003,32,51438,169,feed,25560,31,50,24420
1791029310,36,0,1363268,20261003,1,57537,0,feed,27780,0,53,27780
1791029310,36,1,1363924,20261003,1,50160,0,feed,26220,0,50,26220
1791029310,36,0,1367240,20261003,1,57537,0,feed,,,,
1791029310,38,1,1349332,20261003,58,3542,320,feed,,,,
1791029310,38,1,1349414,20261003,1,16494,0,feed,,,,
1791029310,38,0,1349537,20261003,107,16493,297,feed,,,,
1791029310,38,0,1349639,20261003,1,48213,0,feed,,,,
1791029310,38,1,1353688,20261003,25,56383,-28,feed,,,,
1791029310,38,0,1355206,20261003,25,51029,112,feed,,,,
1791029310,38,0,1367608,20261003,70,40668,15,feed,,,,
1791029310,38,1,1368131,20261003,1,42032,0,feed,,,,
1791029310,4,0,1157630,20261003,20,19358,92,feed,25620,19,87,24780
1791029310,4,0,1159065,20261003,1,50231,0,feed,28140,0,87,28140
1791029310,4,1,1356509,20261003,41,17925,169,feed,25560,40,85,23880
1791029310,4,1,1356771,20261003,1,14153,0,feed,29280,0,90,29280
1791029310,4,1,1359006,20261003,1,14153,0,feed,27480,0,85,27480
1791029310,4,1,1359383,20261003,1,14153,0,feed,25680,0,90,25680
1791029310,4,0,1360168,20261003,1,50231,0,feed,26640,0,89,26640
1791029310,4,1,1360580,20261003,82,1047,197,feed,25500,81,90,22140
1791029310,4,0,1360582,20261003,58,15477,-68,feed,25740,57,89,23160
1791029310,46,0,1270543,20261003,1,220,0,feed,28860,0,62,28860
1791029310,46,1,1277051,20261003,1,51550,0,feed,27900,0,59,27900
1791029310,48,0,1304033,20261003,1,19301,200,feed,25500,0,61,25500
1791029310,48,1,1352114,20261003,1,50152,0,feed,25860,0,61,25860
1791029310,48,0,1354143,20261003,1,19301,0,feed,29100,0,61,29100
1791029310,5,0,1367203,20261003,59,8939,438,feed,,,,
1791029310,5,0,1367363,20261003,1,51212,0,feed,,,,
1791029310,5,1,1367813,20261003,1,51846,0,feed,,,,
1791029310,5,1,1369245,20261003,8,9575,207,feed,,,,
1791029310,515,1,1351098,20261003,1,56877,0,feed,27180,0,49,27180
1791029310,515,0,1351391,20261003,29,4429,52,feed,25680,28,49,24960
1791029310,515,1,1351908,20261003,8,704,67,feed,25680,7,49,25380
1791029310,515,0,1352103,20261003,1,53704,0,feed,26760,0,49,26760
1791029310,515,1,1352996,20261003,1,56877,0,feed,28080,0,49,28080
1791029310,515,0,1353967,20261003,1,53704,0,feed,28560,0,49,28560
1791029310,515,1,1353990,20261003,39,50326,165,feed,25560,38,49,24480
1791029310,515,0,1354091,20261003,1,53704,0,feed,25860,0,49,25860
1791029310,515,1,1354295,20261003,1,56877,0,feed,28980,0,49,28980
1791029310,515,1,1354754,20261003,1,56877,0,feed,26280,0,49,26280
1791029310,515,0,1355088,20261003,1,53704,0,feed,27660,0,49,27660
1791029310,534,1,1343788,20261003,1,51824,0,feed,26100,0,32,26100
1791029310,534,0,1344117,20261003,1,56725,0,feed,28020,0,35,28020
1791029310,534,0,1344604,20261003,1,56725,0,feed,26220,0,35,26220
1791029310,534,1,1345857,20261003,1,51824,0,feed,27900,0,32,27900
1791029310,538,0,1131894,20261003,42,56880,242,feed,25500,41,42,23400
1791029310,538,0,1132277,20261003,1,53704,0,feed,28800,0,42,28800
1791029310,538,0,1135114,20261003,1,53704,0,feed,27000,0,42,27000
1791029310,538,1,1318379,20261003,24,44366,171,feed,25560,23,40,24480
1791029310,538,1,1319019,20261003,1,56880,0,feed,26280,0,40,26280
1791029310,539,0,1136603,20261003,1,56725,0,feed,25860,0,41,25860
1791029310,539,1,879155,20261003,27,51823,197,feed,25560,26,38,24780
1791029310,539,1,892839,20261003,1,56880,0,feed,28380,0,38,28380
1791029310,54,0,1132872,20261003,1,56875,0,feed,25920,0,25,25920
1791029310,54,0,1346282,20261003,17,11739,155,feed,25560,16,46,24120
1791029310,54,0,1346471,20261003,1,56875,0,feed,27720,0,46,27720
1791029310,54,1,1346892,20261003,22,43282,57,feed,25860,21,47,24000
1791029310,54,1,1348005,20261003,1,42319,0,feed,27360,0,47,27360
1791029310,54,1,1353102,20261003,1,56100,0,feed,27300,0,27,27300
1791029310,54,1,1359341,20261003,21,48548,47,feed,25680,20,27,23700
1791029310,540,0,1136315,20261003,5,56106,39,feed,25680,4,51,25440
1791029310,540,0,1138304,20261003,1,53052,0,feed,29040,0,51,29040
1791029310,540,1,883185,20261003,1,56879,0,feed,28620,0,48,28620
1791029310,540,1,893327,20261003,1,56879,0,feed,26820,0,48,26820
1791029310,546,1,1133968,20261003,1,51824,0,feed,28260,0,31,28260
1791029310,546,1,1137241,20261003,30,2075,-216,feed,25740,29,31,24660
1791029310,546,0,880880,20261003,1,56725,241,feed,26160,0,33,26160
1791029310,61,1,1364571,20261003,1,52761,0,feed,,,,
1791029310,61,1,1364671,20261003,1,52761,0,feed,,,,
1791029310,61,0,1365086,20261003,1,17905,0,feed,,,,
1791029310,61,1,1366316,20261003,68,17917,51,feed,,,,
1791029310,61,0,1366634,20261003,1,17905,0,feed,,,,
1791029310,61,0,1366891,20261003,50,49672,24,feed,,,,
1791029310,61,0,1367765,20261003,2,53099,371,feed,,,,
1791029310,61,1,1368168,20261003,24,41055,69,feed,,,,
1791029310,61,1,1368603,20261003,1,52761,0,feed,,,,
1791029310,615,0,1166764,20261003,1,43380,0,feed,26220,0,42,26220
1791029310,615,1,1347073,20261003,1,3540,143,feed,28320,0,76,28320
1791029310,62,0,1349165,20261003,1,328,0,feed,29100,0,86,29100
1791029310,62,1,1349394,20261003,25,10470,-200,feed,25740,24,83,24900
1791029310,62,0,1354903,20261003,1,328,0,feed,27300,0,86,27300
1791029310,62,1,1354974,20261003,63,6268,79,feed,25620,62,91,22860
1791029310,62,1,1360619,20261003,1,49141,0,feed,28200,0,91,28200
1791029310,62,1,1362435,20261003,1,49141,0,feed,26700,0,83,26700
1791029310,62,0,1363784,20261003,59,49895,58,feed,25620,58,86,23700
1791029310,62,0,1368581,20261003,8,334,-48,feed,,,,
1791029310,63,1,1268320,20261003,20,43282,294,feed,,,,
1791029310,63,0,1346389,20261003,1,15795,0,feed,,,,
1791029310,63,0,1346885,20261003,1,15795,0,feed,,,,
1791029310,63,0,1347332,20261003,1,15795,0,feed,,,,
1791029310,63,1,1348120,20261003,1,51114,0,feed,,,,
1791029310,63,1,1348190,20261003,1,51114,0,feed,,,,
1791029310,63,0,1348368,20261003,30,3134,26,feed,,,,
1791029310,63,1,1368428,20261003,59,15795,-155,feed,,,,
1791029310,64,1,1343234,20261003,1,52015,0,feed,28140,0,76,28140
1791029310,64,0,1357549,20261003,1,52761,0,feed,26100,0,78,26100
1791029310,64,0,1358435,20261003,1,52761,0,feed,27660,0,78,27660
1791029310,64,1,1359178,20261003,1,42157,0,feed,27060,0,43,27060
1791029310,64,1,1359566,20261003,25,49775,101,feed,25620,24,76,24840
1791029310,64,0,1359576,20261003,8,11776,310,feed,25380,7,43,24660
1791029310,64,1,1359588,20261003,1,52015,0,feed,27360,0,65,27360
1791029310,64,0,1360098,20261003,1,52761,0,feed,28560,0,43,28560
1791029310,645,0,1337929,20261003,1,6990,0,feed,,,,
1791029310,645,1,1340341,20261003,1,53293,0,feed,,,,
1791029310,65,0,1349759,20261003,3,80985,63,feed,28920,2,40,28800
1791029310,65,0,1350143,20261003,4,10693,-14,feed,25740,3,40,25320
1791029310,65,1,1350622,20261003,1,57690,0,feed,27000,0,38,27000
1791029310,65,1,1351571,20261003,1,57690,0,feed,28800,0,38,28800
1791029310,65,0,1351922,20261003,3,80985,40,feed,27240,2,40,27120
1791029310,65,1,1354530,20261003,1,57690,370,feed,25320,0,38,25320
1791029310,67,0,1270586,20261003,1,53723,0,feed,27900,0,65,27900
1791029310,67,1,1358213,20261003,1,56100,0,feed,26280,0,65,26280
1791029310,67,1,1368614,20261003,1,56100,0,feed,,,,
1791029310,68,0,1276150,20261003,2,9806,86,feed,28620,1,59,28620
1791029310,68,0,1356050,20261003,14,9754,-60,feed,25740,13,118,25200
1791029310,68,1,1363087,20261003,1,11904,0,feed,26700,0,61,26700
1791029310,68,0,1363096,20261003,106,18022,60,feed,25680,105,131,22200
1791029310,68,1,1367360,20261003,1,57511,0,feed,,,,
1791029310,68,0,1367488,20261003,2,9806,132,feed,,,,
1791029310,68,1,1367646,20261003,1,57511,0,feed,,,,
1791029310,68,0,1368075,20261003,1,53340,0,feed,,,,
1791029310,68,1,1369082,20261003,43,9906,-71,feed,,,,
1791029310,686,1,1171517,20261003,1,56939,0,feed,27660,0,4,27660
1791029310,686,0,1331155,20261003,1,47705,77,feed,25620,0,3,25620
1791029310,686,1,1334842,20261003,3,57622,-3,feed,26040,2,4,24840
1791029310,686,0,1335558,20261003,1,47705,0,feed,28500,0,3,28500
1791029310,7,0,1356026,20261003,39,13225,125,feed,25620,38,64,23580
1791029310,7,1,1357249,20261003,1,17679,0,feed,26460,0,60,26460
1791029310,7,0,1357335,20261003,3,19437,153,feed,25560,2,64,25380
1791029310,7,0,1358761,20261003,1,51779,0,feed,28860,0,64,28860
1791029310,7,1,1358852,20261003,19,19320,142,feed,25560,18,60,24660
1791029310,7,1,1359429,20261003,1,17679,0,feed,28260,0,60,28260
1791029310,7,0,1359569,20261003,1,51779,0,feed,27180,0,64,27180
1791029310,7,1,1360685,20261003,47,51545,-226,feed,25920,46,60,23100
1791029310,71,0,1264727,20261003,37,50330,118,feed,25620,36,58,24120
1791029310,71,1,1266361,20261003,1,51291,0,feed,25860,0,60,25860
1791029310,71,0,1267561,20261003,1,9715,0,feed,26220,0,58,26220
1791029310,71,1,1268612,20261003,40,47046,-32,feed,25740,39,60,24060
1791029310,71,0,1286572,20261003,1,9715,0,feed,28020,0,58,28020
1791029310,71,1,1363660,20261003,1,51291,0,feed,27660,0,60,27660
1791029310,716,0,1137213,20261003,1,50154,0,feed,25800,0,51,25800
1791029310,716,1,1137784,20261003,1,8728,0,feed,27720,0,50,27720
1791029310,72,1,1241205,20261003,1,13667,0,feed,28440,0,51,28440
1791029310,72,0,1342904,20261003,26,11834,-217,feed,25920,25,54,24840
1791029310,72,0,1342975,20261003,1,57615,0,feed,28320,0,54,28320
1791029310,72,0,1343423,20261003,1,57615,0,feed,26640,0,54,26640
1791029310,721,1,1180924,20261003,1,9522,0,feed,28800,0,41,28800
1791029310,721,0,1183526,20261003,1,51845,0,feed,29160,0,43,29160
1791029310,721,0,1183639,20261003,1,51845,0,feed,27300,0,43,27300
1791029310,721,1,1289226,20261003,1,9522,0,feed,27000,0,41,27000
1791029310,722,1,1184005,20261003,14,56827,-9,feed,25740,13,14,25140
1791029310,722,0,1184725,20261003,1,56827,0,feed,27300,0,51,27300
1791029310,722,1,1185035,20261003,1,57636,0,feed,26520,0,53,26520
1791029310,722,0,1187439,20261003,1,56827,0,feed,28800,0,11,28800
1791029310,723,1,1183220,20261003,1,53224,0,feed,,,,
1791029310,724,1,1130986,20261003,1,53222,0,feed,27120,0,35,27120
1791029310,724,1,1131506,20261003,1,53222,0,feed,28920,0,35,28920
1791029310,724,0,1131523,20261003,1,51846,0,feed,28800,0,33,28800
1791029310,724,1,1135735,20261003,12,42071,-43,feed,25740,11,35,25320
1791029310,724,0,1135938,20261003,1,51846,0,feed,27000,0,33,27000
1791029310,725,0,1312779,20261003,1,57580,0,feed,26940,0,50,26940
1791029310,725,1,1316658,20261003,1,56775,0,feed,26100,0,49,26100
1791029310,74,0,1355795,20261003,1,51546,0,feed,29280,0,59,29280
1791029310,74,0,1358069,20261003,1,51546,0,feed,25740,0,59,25740
1791029310,74,1,1358995,20261003,23,43282,81,feed,25860,22,61,24540
1791029310,74,0,1359251,20261003,1,51546,0,feed,27540,0,59,27540
1791029310,74,1,1359469,20261003,1,13667,0,feed,26340,0,61,26340
1791029310,74,0,1359674,20261003,31,10236,120,feed,25620,30,59,23940
1791029310,74,1,1359864,20261003,47,11742,433,feed,25260,46,61,22740
1791029310,74,1,1360346,20261003,1,13667,0,feed,28140,0,61,28140
1791029310,802,0,1195013,20261003,1,57169,0,feed,29040,0,46,29040
1791029310,802,1,1195528,20261003,1,42622,0,feed,26520,0,45,26520
1791029310,804,0,1261569,20261003,1,14153,0,feed,28800,0,32,28800
1791029310,805,0,1212210,20261003,1,56775,0,feed,29040,0,72,29040
1791029310,83,1,1351655,20261003,1,52532,0,feed,28500,0,41,28500
1791029310,87,1,1305398,20261003,1,57690,0,feed,25800,0,70,25800
1791029310,87,1,1305499,20261003,1,57690,0,feed,27780,0,70,27780
1791029310,87,0,1349518,20261003,1,51892,0,feed,28920,0,71,28920
1791029310,87,0,1349992,20261003,64,10622,20,feed,25680,63,71,23640
1791029310,87,0,1350383,20261003,1,51892,0,feed,27120,0,71,27120
1791029310,87,0,1351529,20261003,6,13143,196,feed,25500,5,71,25320
1791029310,87,1,1352490,20261003,49,11754,-103,feed,25740,48,70,24000
1791029310,9,0,1358009,20261003,1,52552,0,feed,27960,0,100,27960
1791029310,9,0,1360478,20261003,79,16465,428,feed,25260,78,100,22740
1791029310,9,1,1364704,20261003,96,52552,-150,feed,,,,
1791029310,9,1,1365790,20261003,39,56137,206,feed,,,,
1791029310,9,1,1366959,20261003,1,51551,0,feed,,,,
1791029310,9,1,1367498,20261003,1,51551,0,feed,,,,
1791029310,9,1,1367916,20261003,1,51551,0,feed,,,,
1791029310,9,0,1368117,20261003,1,40247,0,feed,,,,
1791029310,9,0,1368559,20261003,43,3047,73,feed,,,,
1791029310,901,0,882747,20261003,2,51437,120,feed,25620,1,20,25440
1791029310,901,0,883688,20261003,6,51434,240,feed,25440,5,20,24720
1791029310,901,1,885207,20261003,17,53279,120,feed,25560,16,20,23640
1791029310,901,0,895953,20261003,12,51428,240,feed,25440,11,20,24000
1791029310,901,0,897403,20261003,18,56332,240,feed,25560,17,20,23280
1791029310,901,1,901577,20261003,3,56336,0,feed,25980,2,20,25800
1791029310,901,0,903982,20261003,1,51405,0,feed,26160,0,20,26160
1791029310,901,1,976337,20261003,9,51413,780,feed,25200,8,20,24360
1791029310,902,1,878714,20261003,17,56042,60,feed,25680,16,24,23640
1791029310,902,1,880385,20261003,1,56026,0,feed,26580,0,24,26580
1791029310,902,0,885867,20261003,14,56008,120,feed,25680,13,24,24060
1791029310,902,0,890837,20261003,3,56336,120,feed,25680,2,24,25500
1791029310,902,1,892152,20261003,5,56030,60,feed,25680,4,24,25140
1791029310,902,1,894001,20261003,20,51424,180,feed,25500,19,24,22980
1791029310,902,0,894669,20261003,20,56014,0,feed,25680,19,24,23340
1791029310,902,0,898768,20261003,24,56018,120,feed,25560,23,24,22620
1791029310,902,1,903655,20261003,12,56037,60,feed,25740,11,24,24420
1791029310,902,0,905061,20261003,3,56336,0,feed,26400,2,24,26220
1791029310,903,0,1264906,20261003,6,56874,62,feed,25560,5,6,24360
1791029310,903,0,1267569,20261003,1,57285,0,feed,27960,0,6,27960
1791029310,903,1,1273379,20261003,1,56874,0,feed,27720,0,6,27720
1791029310,903,0,1275557,20261003,1,57285,0,feed,26160,0,6,26160
1791029310,903,1,1276084,20261003,1,56874,0,feed,25920,0,6,25920
1791029310,904,1,1266741,20261003,1,56800,0,feed,,,,
1791029310,904,1,1268165,20261003,12,56830,528,feed,25560,11,12,23460
1791029310,904,1,1271789,20261003,1,56800,0,feed,26160,0,12,26160
1791029310,904,0,1364751,20261003,12,19260,54,feed,,,,
1791029310,904,0,1365530,20261003,1,56830,0,feed,,,,
1791029310,904,0,1366151,20261003,1,56830,0,feed,,,,
1791029310,904,1,1367422,20261003,1,56800,0,feed,,,,
1791029310,904,1,1368368,20261003,10,56884,11,feed,,,,
1791029310,904,1,1368435,20261003,1,56800,0,feed,,,,
1791029310,904,0,1368817,20261003,3,56831,299,feed,,,,
1791029310,904,0,1368821,20261003,1,56830,0,feed,,,,
1791029310,904,0,1368948,20261003,1,56830,0,feed,,,,
1791029310,904,1,1368992,20261003,5,53301,67,feed,,,,
1791029310,904,0,1369203,20261003,5,56828,223,feed,,,,
1791029310,905,0,1344095,20261003,14,57438,-58,feed,25800,13,16,24000
1791029310,905,1,1344290,20261003,14,11863,-245,feed,25860,13,16,23940
1791029310,905,0,1344329,20261003,7,57424,-50,feed,25740,6,16,24900
1791029310,905,0,1344494,20261003,1,52761,0,feed,25800,0,16,25800
1791029310,905,1,1344690,20261003,1,57441,0,feed,25740,0,16,25740
1791029310,905,1,1344728,20261003,7,57429,22,feed,25680,6,16,24840
1791029310,905,0,1344857,20261003,16,57441,500,feed,25200,15,16,23100
1791029310,905,0,1344976,20261003,1,52761,0,feed,26700,0,16,26700
1791029310,905,1,1345360,20261003,1,57441,0,feed,26640,0,16,26640
1791029310,905,1,1345395,20261003,1,57441,0,feed,27540,0,16,27540
1791029310,905,0,1345575,20261003,1,52761,0,feed,27600,0,16,27600
1791029310,905,0,1345720,20261003,1,52761,0,feed,28500,0,16,28500
1791029310,905,1,1345824,20261003,1,57441,0,feed,28440,0,16,28440
1791029310,921,1,1364534,20261003,20,51544,-30,feed,,,,
1791029310,921,1,1364641,20261003,1,52531,0,feed,,,,
1791029310,921,0,1364777,20261003,1,51544,12,feed,,,,
1791029310,921,0,1366182,20261003,1,51544,0,feed,,,,
1791029310,921,0,1366875,20261003,1,51544,0,feed,,,,
1791029310,921,0,1367025,20261003,8,56114,108,feed,,,,
1791029310,921,0,1367258,20261003,1,51544,0,feed,,,,
1791029310,921,1,1367469,20261003,5,18523,425,feed,,,,
1791029310,921,1,1368062,20261003,1,52531,0,feed,,,,
1791029310,921,1,1368115,20261003,1,52531,0,feed,,,,
1791029310,921,1,1368238,20261003,1,52531,0,feed,,,,
1791029310,921,0,1368907,20261003,1,51544,0,feed,,,,
1791029310,921,0,1368929,20261003,,,,canceled,,,,
1791029310,922,0,1311219,20261003,1,57314,0,feed,26160,0,35,26160
1791029310,922,0,1311468,20261003,1,57314,0,feed,27600,0,35,27600
1791029310,922,1,1312096,20261003,24,16882,369,feed,25320,23,34,23040
1791029310,922,0,1313079,20261003,1,57314,0,feed,26880,0,35,26880
1791029310,922,1,1313080,20261003,1,56100,0,feed,28560,0,34,28560
1791029310,922,0,1313260,20261003,18,57327,112,feed,25620,17,35,24060
1791029310,922,0,1313444,20261003,31,3142,-400,feed,26160,30,35,23160
1791029310,922,1,1313532,20261003,12,16997,31,feed,26040,11,34,24840
1791029310,922,1,1313808,20261003,19,57337,-150,feed,25800,18,34,23940
1791029310,922,1,1313979,20261003,1,56100,0,feed,27900,0,34,27900
1791029310,922,0,1314524,20261003,35,56099,200,feed,25560,34,35,22260
1791029310,922,1,1314831,20261003,1,56100,0,feed,29220,0,34,29220
1791029310,922,0,1314847,20261003,1,57314,0,feed,29040,0,35,29040
1791029310,922,1,1314879,20261003,1,56100,76,feed,25620,0,34,25620
1791029310,922,0,1315911,20261003,1,57314,0,feed,28320,0,35,28320
1791029310,922,0,1315961,20261003,3,57354,159,feed,25560,2,35,25500
1791029310,922,1,1316443,20261003,1,56100,0,feed,27180,0,34,27180
1791029310,922,1,1316963,20261003,1,56100,0,feed,26400,0,34,26400
1791029310,922,0,1317039,20261003,12,16884,14,feed,25800,11,35,24780
1791029310,923,1,1262753,20261003,1,57278,0,feed,28320,0,23,28320
1791029310,923,0,1262923,20261003,21,56826,906,feed,24780,20,22,23100
1791029310,923,1,1266175,20261003,1,57278,0,feed,26220,0,23,26220
1791029310,923,1,1267901,20261003,11,52664,2,feed,25740,10,23,24960
1791029310,923,0,1268664,20261003,1,56897,0,feed,26880,0,22,26880
1791029310,923,1,1268740,20261003,1,57278,0,feed,29220,0,23,29220
1791029310,923,1,1270042,20261003,17,56317,490,feed,25200,16,23,23820
1791029310,923,0,1270936,20261003,1,56897,0,feed,26040,0,22,26040
1791029310,923,0,1275401,20261003,1,56897,0,feed,28680,0,22,28680
1791029310,923,0,1276181,20261003,6,17856,-98,feed,25740,5,22,25140
1791029310,923,1,1339286,20261003,1,57278,0,feed,27420,0,23,27420
1791029310,923,0,1340294,20261003,13,11099,322,feed,25380,12,22,24300
1791029310,923,0,1340991,20261003,1,56897,0,feed,27780,0,22,27780
1791029310,924,0,1336669,20261003,1,56873,0,feed,25740,0,40,25740
1791029310,924,1,1336850,20261003,1,56823,0,feed,28740,0,41,28740
1791029310,924,1,1337086,20261003,5,9589,145,feed,25560,4,41,25200
1791029310,924,0,1337481,20261003,16,56925,-29,feed,25740,15,40,24300
1791029310,924,0,1338208,20261003,23,17900,-55,feed,25800,22,40,23580
1791029310,924,0,1338409,20261003,39,9089,103,feed,25680,38,40,22020
1791029310,924,1,1338497,20261003,1,56823,0,feed,26640,0,41,26640
1791029310,924,0,1339420,20261003,6,56922,261,feed,25440,5,40,25020
1791029310,924,1,1339801,20261003,1,56823,0,feed,27360,0,41,27360
1791029310,924,1,1339813,20261003,25,56913,801,feed,24960,24,41,22740
1791029310,924,1,1339921,20261003,21,56909,247,feed,25500,20,41,23640
1791029310,924,1,1340191,20261003,1,56823,0,feed,25920,0,41,25920
1791029310,924,0,1340282,20261003,30,56949,15,feed,25740,29,40,22860
1791029310,924,0,1340302,20261003,1,56873,0,feed,28620,0,40,28620
1791029310,924,0,1340345,20261003,1,56873,0,feed,27180,0,40,27180
1791029310,924,1,1340875,20261003,38,56920,335,feed,25380,37,41,21840
1791029310,924,1,1340953,20261003,7,9611,709,feed,25020,6,41,24480
1791029310,924,0,1341119,20261003,1,56873,0,feed,26460,0,40,26460
1791029310,924,0,1341360,20261003,1,56873,0,feed,27900,0,40,27900
1791029310,924,1,1342265,20261003,1,56823,0,feed,28080,0,41,28080
1791029310,925,0,1271836,20261003,2,4369,89,feed,25620,1,35,25560
1791029310,925,0,1273285,20261003,1,53703,0,feed,27660,0,35,27660
1791029310,925,0,1275013,20261003,1,53703,0,feed,26220,0,35,26220
1791029310,925,1,1333394,20261003,1,57541,0,feed,25860,0,35,25860
1791029310,925,1,1333922,20261003,1,57541,0,feed,27300,0,35,27300
1791029310,925,0,1334038,20261003,13,1316,-52,feed,25800,12,35,24840
1791029310,925,1,1334209,20261003,8,16116,130,feed,25560,7,35,24960
1791029310,925,1,1334472,20261003,19,1096,-142,feed,25740,18,35,24060
1791029310,925,0,1334536,20261003,1,53703,0,feed,26940,0,35,26940
1791029310,925,0,1334615,20261003,35,57541,153,feed,25560,34,35,22680
1791029310,925,0,1334722,20261003,28,16136,-17,feed,25740,27,35,23400
1791029310,925,1,1334788,20261003,1,57541,0,feed,26580,0,35,26580
1791029310,925,0,1335043,20261003,17,1330,198,feed,25500,16,35,24120
1791029310,925,0,1335271,20261003,1,53703,0,feed,29040,0,35,29040
1791029310,925,1,1335342,20261003,30,52177,17,feed,25740,29,35,23160
1791029310,925,1,1335505,20261003,1,57541,0,feed,28740,0,35,28740
1791029310,925,1,1335575,20261003,1,57541,0,feed,28020,0,35,28020
1791029310,925,0,1335632,20261003,1,53703,0,feed,28320,0,35,28320
1791029310,94,1,1185711,20261003,1,56100,0,feed,28440,0,16,28440
1791029310,94,0,1186967,20261003,1,51200,0,feed,25980,0,15,25980
1791029310,94,1,1341112,20261003,1,56100,0,feed,,,,
1791029310,94,0,1347990,20261003,1,51200,0,feed,,,,
1791030210,10,0,1325424,20261003,1,19337,0,feed,29640,0,49,29640
1791030210,10,1,1325685,20261003,10,14022,19,feed,26580,9,64,26040
1791030210,10,1,1325831,20261003,1,57165,0,feed,27120,0,53,27120
1791030210,10,1,1326077,20261003,1,57165,0,feed,,,,
1791030210,10,1,1326155,20261003,1,57165,0,feed,29640,0,64,29640
1791030210,10,0,1326215,20261003,33,17156,153,feed,,,,
1791030210,10,0,1327171,20261003,1,19337,138,feed,26460,0,49,26460
1791030210,10,1,1327342,20261003,59,17982,105,feed,26580,58,64,23940
1791030210,10,0,1329456,20261003,1,19337,0,feed,28200,0,60,28200
1791030210,10,1,1330480,20261003,26,17179,-126,feed,26640,25,53,25320
1791030210,10,1,1368985,20261003,1,57165,0,feed,,,,
1791030210,11,1,1319832,20261003,35,14685,128,feed,,,,
1791030210,11,1,1333584,20261003,1,49304,0,feed,28800,0,79,28800
1791030210,11,1,1352588,20261003,70,17725,199,feed,26400,69,79,23640
1791030210,11,0,1365010,20261003,1,51828,0,feed,,,,
1791030210,11,0,1366133,20261003,23,51795,102,feed,,,,
1791030210,11,0,1367545,20261003,50,14668,556,feed,,,,
1791030210,11,0,1367555,20261003,1,51828,0,feed,,,,
1791030210,11,1,1368811,20261003,1,49304,0,feed,,,,
1791030210,14,1,1331025,20261003,1,50153,0,feed,28980,0,82,28980
1791030210,14,0,1331569,20261003,32,15625,252,feed,26340,31,80,25020
1791030210,14,0,1331751,20261003,66,8338,374,feed,26220,65,80,23220
1791030210,14,1,1331963,20261003,32,57011,-45,feed,26640,31,82,25440
1791030210,14,0,1332360,20261003,1,4345,0,feed,28620,0,80,28620
1791030210,14,1,1332463,20261003,1,50153,0,feed,27180,0,82,27180
1791030210,14,0,1332502,20261003,1,4345,0,feed,26820,0,80,26820
1791030210,14,1,1358689,20261003,64,15583,338,feed,26280,63,82,23640
1791030210,17,0,1131869,20261003,49,19315,1189,feed,25440,48,63,22860
1791030210,17,1,1317951,20261003,1,17192,361,feed,27240,0,65,27240
1791030210,17,1,1318246,20261003,16,12282,257,feed,,,,
1791030210,17,1,1318412,20261003,1,17192,0,feed,29040,0,65,29040
1791030210,17,0,1324422,20261003,1,57458,0,feed,29820,0,63,29820
1791030210,17,0,1324662,20261003,39,1905,134,feed,26520,38,63,24600
1791030210,17,0,1333883,20261003,3,49499,87,feed,26520,2,63,26340
1791030210,17,1,1367244,20261003,51,5734,142,feed,,,,
1791030210,17,0,1367673,20261003,1,57458,0,feed,,,,
1791030210,18,0,1361017,20261003,1,51852,0,feed,27240,0,51,27240
1791030210,18,0,1361345,20261003,38,620,103,feed,26640,37,84,25620
1791030210,18,1,1365183,20261003,36,1341,10,feed,,,,
1791030210,18,1,1366496,20261003,1,56800,0,feed,,,,
1791030210,18,0,1366999,20261003,1,57131,0,feed,,,,
1791030210,18,1,1367384,20261003,1,56800,0,feed,,,,
1791030210,18,0,1367478,20261003,49,17998,76,feed,,,,
1791030210,18,1,1367843,20261003,1,56800,0,feed,,,,
1791030210,18,1,1367855,20261003,1,56800,0,feed,,,,
1791030210,18,0,1368311,20261003,22,1863,4,feed,,,,
1791030210,18,1,1368611,20261003,73,51854,330,feed,,,,
1791030210,18,1,1368678,20261003,13,1204,318,feed,,,,
1791030210,18,0,1368895,20261003,1,57131,0,feed,,,,
1791030210,18,0,1368999,20261003,71,52309,98,feed,,,,
1791030210,18,0,1369255,20261003,1,51852,0,feed,,,,
1791030210,18,1,1369355,20261003,4,17978,-19,feed,,,,
1791030210,2,0,1331522,20261003,26,13243,158,feed,26460,25,41,25140
1791030210,2,0,1332712,20261003,1,57469,0,feed,28680,0,41,28680
1791030210,2,0,1333277,20261003,1,57469,0,feed,29580,0,41,29580
1791030210,2,1,1361487,20261003,38,4667,-69,feed,26640,37,42,24360
1791030210,2,1,1361535,20261003,1,57618,0,feed,27960,0,42,27960
1791030210,2,1,1361732,20261003,9,16137,-32,feed,26640,8,42,26160
1791030210,2,0,1362530,20261003,1,57469,0,feed,26880,0,41,26880
1791030210,2,1,1363769,20261003,1,57618,0,feed,29760,0,42,29760
1791030210,215,0,1265096,20261003,1,49979,0,feed,27840,0,30,27840
1791030210,215,1,1269764,20261003,1,5020,0,feed,29760,0,27,29760
1791030210,215,1,1273522,20261003,7,57720,162,feed,26460,6,27,26160
1791030210,219,0,1303185,20261003,1,57340,0,feed,29760,0,74,29760
1791030210,219,0,1303536,20261003,14,2287,89,feed,26520,13,74,26160
1791030210,219,1,1311113,20261003,2,53119,480,feed,26160,1,71,26100
1791030210,219,1,1311569,20261003,1,5020,0,feed,29700,0,71,29700
1791030210,22,1,1357692,20261003,1,56825,0,feed,27180,0,84,27180
1791030210,22,1,1357780,20261003,1,56825,0,feed,,,,
1791030210,22,1,1357959,20261003,40,19318,913,feed,,,,
1791030210,22,0,1364296,20261003,52,17901,-92,feed,,,,
1791030210,22,0,1366038,20261003,2,4559,132,feed,,,,
1791030210,22,0,1366517,20261003,1,4558,0,feed,,,,
1791030210,22,0,1367267,20261003,70,11412,197,feed,,,,
1791030210,22,1,1368123,20261003,1,56825,0,feed,,,,
1791030210,22,1,1368394,20261003,16,11629,-157,feed,,,,
1791030210,22,1,1368879,20261003,64,19488,692,feed,,,,
1791030210,22,1,1368894,20261003,32,17907,34,feed,,,,
1791030210,22,0,1368944,20261003,34,15313,-28,feed,,,,
1791030210,22,0,1369165,20261003,1,4558,0,feed,,,,
1791030210,22,0,1369270,20261003,1,4558,0,feed,,,,
1791030210,223,0,1361983,20261003,1,57691,0,feed,27960,0,33,27960
1791030210,223,1,1362113,20261003,10,17282,43,feed,26580,9,34,25860
1791030210,223,0,1362168,20261003,33,5020,480,feed,26160,32,33,24360
1791030210,223,0,1362666,20261003,1,57691,0,feed,29760,0,33,29760
1791030210,223,1,1362920,20261003,1,5020,0,feed,27660,0,34,27660
1791030210,25,0,1324948,20261003,3,1920,147,feed,26460,2,92,26280
1791030210,25,0,1325022,20261003,78,13982,636,feed,25980,77,92,22680
1791030210,25,1,1325958,20261003,49,14153,130,feed,26460,48,89,24420
1791030210,25,1,1326293,20261003,1,57166,0,feed,28020,0,89,28020
1791030210,25,0,1326888,20261003,1,19337,0,feed,29880,0,92,29880
1791030210,27,1,1349382,20261003,1,51367,0,feed,28080,0,21,28080
1791030210,27,0,1369466,20261003,1,52857,0,feed,,,,
1791030210,3,0,1321117,20261003,1,54097,0,feed,28860,0,64,28860
1791030210,3,0,1321470,20261003,16,49881,136,feed,26580,15,64,25260
1791030210,3,1,1321969,20261003,1,56100,0,feed,30120,0,64,30120
1791030210,3,0,1322590,20261003,55,973,61,feed,26580,54,65,23460
1791030210,3,0,1323136,20261003,1,54097,0,feed,27060,0,65,27060
1791030210,3,1,1323332,20261003,58,19308,311,feed,26340,57,65,23640
1791030210,3,1,1323352,20261003,1,56100,0,feed,28140,0,65,28140
1791030210,3,1,1324397,20261003,1,56100,0,feed,26820,0,64,26820
1791030210,30,0,1212106,20261003,1,40238,0,feed,28440,0,48,28440
1791030210,30,1,1213071,20261003,1,15882,0,feed,27420,0,44,27420
1791030210,30,1,1213378,20261003,10,48320,71,feed,26520,9,44,25620
1791030210,30,1,1214617,20261003,1,15882,0,feed,29220,0,44,29220
1791030210,30,0,1218781,20261003,35,57547,332,feed,26280,34,48,24840
1791030210,32,0,1331601,20261003,1,50155,0,feed,,,,
1791030210,32,0,1332088,20261003,7,8378,346,feed,26280,6,59,26100
1791030210,32,0,1332305,20261003,1,50155,0,feed,,,,
1791030210,32,1,1365346,20261003,1,57685,0,feed,,,,
1791030210,32,1,1368017,20261003,1,57685,0,feed,,,,
1791030210,323,0,1132200,20261003,1,51116,0,feed,29640,0,23,29640
1791030210,323,1,1132330,20261003,1,57508,0,feed,29220,0,25,29220
1791030210,323,0,1134004,20261003,1,51116,0,feed,27840,0,23,27840
1791030210,323,1,1134558,20261003,1,57508,0,feed,28320,0,25,28320
1791030210,323,0,1136188,20261003,14,2472,-21,feed,26640,13,23,26040
1791030210,345,1,1134141,20261003,1,57508,0,feed,28920,0,15,28920
1791030210,345,0,1134463,20261003,12,420,45,feed,26580,11,15,25200
1791030210,345,1,1135441,20261003,6,375,129,feed,26460,5,15,25440
1791030210,345,0,1137191,20261003,1,56879,0,feed,28800,0,15,28800
1791030210,36,0,1178165,20261003,53,50160,386,feed,26220,52,53,24180
1791030210,36,1,1220779,20261003,1,50160,0,feed,28020,0,50,28020
1791030210,36,1,1221282,20261003,1,50160,0,feed,29820,0,50,29820
1791030210,36,0,1362765,20261003,1,57537,0,feed,29580,0,53,29580
1791030210,36,0,1363268,20261003,1,57537,0,feed,27780,0,53,27780
1791030210,36,1,1363924,20261003,11,1117,42,feed,26580,10,50,26220
1791030210,36,0,1367240,20261003,19,50601,-139,feed,,,,
1791030210,38,1,1349332,20261003,82,51026,262,feed,,,,
1791030210,38,1,1349414,20261003,1,16494,0,feed,,,,
1791030210,38,0,1349639,20261003,1,48213,0,feed,,,,
1791030210,38,0,1351901,20261003,2,52523,68,feed,,,,
1791030210,38,1,1353688,20261003,42,57357,65,feed,,,,
1791030210,38,0,1354833,20261003,1,48213,0,feed,,,,
1791030210,38,0,1355206,20261003,49,4850,35,feed,,,,
1791030210,38,0,1367608,20261003,88,12577,195,feed,,,,
1791030210,38,1,1368131,20261003,1,42032,0,feed,,,,
1791030210,4,0,1157630,20261003,42,20031,15,feed,26580,41,87,24780
1791030210,4,0,1159065,20261003,1,50231,0,feed,28140,0,87,28140
1791030210,4,1,1356509,20261003,60,40277,27,feed,26580,59,85,23880
1791030210,4,1,1356771,20261003,1,14153,0,feed,29280,0,90,29280
1791030210,4,0,1358682,20261003,1,50231,0,feed,29400,0,89,29400
1791030210,4,1,1359006,20261003,1,14153,0,feed,27480,0,85,27480
1791030210,4,1,1359383,20261003,26,14937,48,feed,26580,25,90,25680
1791030210,4,0,1360168,20261003,1,50231,0,feed,26640,0,89,26640
1791030210,4,0,1360582,20261003,80,16004,-47,feed,26640,79,89,23160
1791030210,46,0,1270543,20261003,1,220,0,feed,28860,0,62,28860
1791030210,46,1,1277051,20261003,1,51550,0,feed,27900,0,59,27900
1791030210,48,0,1304033,20261003,20,57693,356,feed,26280,19,61,25500
1791030210,48,1,1348922,20261003,1,50152,0,feed,29400,0,61,29400
1791030210,48,1,1352114,20261003,26,19585,10,feed,26580,25,61,25860
1791030210,48,0,1354143,20261003,1,19301,0,feed,29100,0,61,29100
1791030210,5,0,1367363,20261003,5,779,-50,feed,,,,
1791030210,5,0,1367768,20261003,1,51212,0,feed,,,,
1791030210,5,1,1367813,20261003,1,51846,0,feed,,,,
1791030210,5,1,1369245,20261003,41,51791,29,feed,,,,
1791030210,515,0,1350683,20261003,1,53704,0,feed,29460,0,49,29460
1791030210,515,1,1351098,20261003,1,56877,0,feed,27180,0,49,27180
1791030210,515,1,1351908,20261003,38,4363,189,feed,26400,37,49,25380
1791030210,515,0,1352103,20261003,1,53704,0,feed,26760,0,49,26760
1791030210,515,1,1352996,20261003,1,56877,0,feed,28080,0,49,28080
1791030210,515,1,1353223,20261003,1,56877,0,feed,29880,0,49,29880
1791030210,515,0,1353967,20261003,1,53704,0,feed,28560,0,49,28560
1791030210,515,0,1354091,20261003,28,655,15,feed,26580,27,49,25860
1791030210,515,1,1354295,20261003,1,56877,0,feed,28980,0,49,28980
1791030210,515,1,1354754,20261003,7,703,18,feed,26580,6,49,26280
1791030210,515,0,1355088,20261003,1,53704,0,feed,27660,0,49,27660
1791030210,534,1,1343788,20261003,5,3347,346,feed,26280,4,32,26100
1791030210,534,0,1344117,20261003,1,56725,0,feed,28020,0,35,28020
1791030210,534,1,1344342,20261003,1,51824,0,feed,29700,0,32,29700
1791030210,534,0,1344434,20261003,1,56725,0,feed,29820,0,35,29820
1791030210,534,0,1344604,20261003,8,53773,160,feed,26460,7,35,26220
1791030210,534,1,1345857,20261003,1,51824,0,feed,27900,0,32,27900
1791030210,538,0,1132277,20261003,1,53704,0,feed,28800,0,42,28800
1791030210,538,0,1135114,20261003,1,53704,0,feed,27000,0,42,27000
1791030210,538,1,1318336,20261003,1,56880,0,feed,29880,0,40,29880
1791030210,538,1,1319019,20261003,1,56880,311,feed,26280,0,40,26280
1791030210,539,0,1136603,20261003,24,3666,-141,feed,26640,23,41,25860
1791030210,539,0,879515,20261003,1,56725,30,feed,29460,0,41,29460
1791030210,539,1,892839,20261003,1,56880,0,feed,28380,0,38,28380
1791030210,54,1,1132240,20261003,1,56100,0,feed,30000,0,27,30000
1791030210,54,0,1132872,20261003,8,56939,99,feed,26520,7,25,25920
1791030210,54,0,1133608,20261003,1,56875,0,feed,29520,0,25,29520
1791030210,54,0,1346282,20261003,27,53984,146,feed,26460,26,46,24120
1791030210,54,0,1346471,20261003,1,56875,0,feed,27720,0,46,27720
1791030210,54,1,1346892,20261003,29,10359,252,feed,26340,28,47,24000
1791030210,54,1,1347987,20261003,1,42319,0,feed,29160,0,47,29160
1791030210,54,1,1348005,20261003,1,42319,0,feed,27360,0,47,27360
1791030210,54,1,1353102,20261003,1,56100,0,feed,27300,0,27,27300
1791030210,540,0,1136315,20261003,26,41164,128,feed,26460,25,51,25440
1791030210,540,0,1138304,20261003,1,53052,0,feed,29040,0,51,29040
1791030210,540,1,883185,20261003,1,56879,0,feed,28620,0,48,28620
1791030210,540,1,893327,20261003,1,56879,0,feed,26820,0,48,26820
1791030210,546,1,1133968,20261003,1,51824,0,feed,28260,0,31,28260
1791030210,546,0,880880,20261003,6,57532,74,feed,26520,5,33,26160
1791030210,546,0,885448,20261003,1,56725,0,feed,29760,0,33,29760
1791030210,61,1,1364571,20261003,13,80957,6,feed,,,,
1791030210,61,1,1364671,20261003,1,52761,0,feed,,,,
1791030210,61,0,1365086,20261003,1,17905,0,feed,,,,
1791030210,61,0,1366634,20261003,1,17905,0,feed,,,,
1791030210,61,0,1366891,20261003,70,43282,-28,feed,,,,
1791030210,61,0,1367765,20261003,23,7230,223,feed,,,,
1791030210,61,1,1368168,20261003,38,4260,251,feed,,,,
1791030210,61,1,1368603,20261003,1,52761,0,feed,,,,
1791030210,615,0,1166764,20261003,9,49496,101,feed,26460,8,42,26220
1791030210,615,1,1347073,20261003,1,3540,0,feed,28320,0,76,28320
1791030210,62,0,1349165,20261003,1,328,0,feed,29100,0,86,29100
1791030210,62,1,1349394,20261003,37,57623,-73,feed,26640,36,83,24900
1791030210,62,0,1354903,20261003,1,328,0,feed,27300,0,86,27300
1791030210,62,1,1360619,20261003,1,49141,0,feed,28200,0,91,28200
1791030210,62,1,1362435,20261003,1,49141,0,feed,26700,0,83,26700
1791030210,62,0,1363784,20261003,77,45401,16,feed,26580,76,86,23700
1791030210,62,0,1368581,20261003,42,6336,-33,feed,,,,
1791030210,63,1,1268320,20261003,33,3179,314,feed,,,,
1791030210,63,1,1274289,20261003,1,51114,0,feed,,,,
1791030210,63,0,1346389,20261003,1,15795,0,feed,,,,
1791030210,63,0,1346885,20261003,10,16956,101,feed,,,,
1791030210,63,0,1347332,20261003,1,15795,0,feed,,,,
1791030210,63,1,1348120,20261003,7,13586,156,feed,,,,
1791030210,63,1,1348190,20261003,1,51114,0,feed,,,,
1791030210,63,0,1348368,20261003,42,3152,24,feed,,,,
1791030210,64,1,1342583,20261003,1,52015,0,feed,29460,0,76,29460
1791030210,64,1,1343234,20261003,1,52015,0,feed,28140,0,76,28140
1791030210,64,0,1357549,20261003,7,57215,42,feed,26580,6,78,26100
1791030210,64,0,1358435,20261003,1,52761,0,feed,27660,0,78,27660
1791030210,64,0,1358440,20261003,1,52761,0,feed,29460,0,78,29460
1791030210,64,1,1359178,20261003,1,42157,0,feed,27060,0,43,27060
1791030210,64,1,1359566,20261003,60,81103,-18,feed,26640,59,76,24840
1791030210,64,0,1359576,20261003,37,10415,374,feed,26220,36,43,24660
1791030210,64,1,1359588,20261003,1,52015,0,feed,27360,0,65,27360
1791030210,64,0,1360098,20261003,1,52761,0,feed,28560,0,43,28560
1791030210,645,1,1208148,20261003,1,53293,0,feed,,,,
1791030210,645,0,1337929,20261003,6,6997,-39,feed,,,,
1791030210,645,1,1340341,20261003,7,48749,92,feed,,,,
1791030210,645,0,1342044,20261003,1,6990,0,feed,,,,
1791030210,65,0,1349759,20261003,3,80985,63,feed,28920,2,40,28800
1791030210,65,0,1350143,20261003,35,576,11,feed,26580,34,40,25320
1791030210,65,1,1350622,20261003,1,57690,0,feed,27000,0,38,27000
1791030210,65,1,1351571,20261003,1,57690,0,feed,28800,0,38,28800
1791030210,65,0,1351922,20261003,3,80985,242,feed,27240,2,40,27120
1791030210,65,1,1354530,20261003,23,10728,441,feed,26160,22,38,25320
1791030210,67,0,1270586,20261003,1,53723,0,feed,27900,0,65,27900
1791030210,67,1,1351909,20261003,1,56100,0,feed,,,,
1791030210,67,1,1358213,20261003,2,2611,223,feed,26460,1,65,26280
1791030210,67,0,1359981,20261003,1,53723,0,feed,29700,0,65,29700
1791030210,67,1,1368614,20261003,1,56100,0,feed,,,,
1791030210,68,0,1276150,20261003,2,9806,86,feed,28620,1,59,28620
1791030210,68,0,1356050,20261003,55,9820,-69,feed,26640,54,118,25200
1791030210,68,1,1363087,20261003,1,11904,0,feed,26700,0,61,26700
1791030210,68,0,1363096,20261003,131,57511,187,feed,26400,130,131,22200
1791030210,68,0,1363191,20261003,2,9806,38,feed,29520,1,87,29520
1791030210,68,1,1367360,20261003,1,57511,0,feed,,,,
1791030210,68,0,1367488,20261003,2,9806,132,feed,,,,
1791030210,68,1,1367646,20261003,1,57511,0,feed,,,,
1791030210,68,0,1368075,20261003,1,53340,0,feed,,,,
1791030210,68,1,1369082,20261003,73,9966,-2,feed,,,,
1791030210,686,1,1171517,20261003,1,56939,0,feed,27660,0,4,27660
1791030210,686,0,1331155,20261003,2,57622,-343,feed,27000,1,3,25620
1791030210,686,1,1334842,20261003,4,47705,-349,feed,27420,3,4,24840
1791030210,686,0,1335558,20261003,1,47705,0,feed,28500,0,3,28500
1791030210,7,0,1356026,20261003,56,17658,-219,feed,26640,55,64,23580
1791030210,7,1,1357249,20261003,3,17685,107,feed,26520,2,60,26460
1791030210,7,0,1357335,20261003,18,16297,148,feed,26460,17,64,25380
1791030210,7,1,1357950,20261003,1,17679,0,feed,30060,0,60,30060
1791030210,7,0,1358761,20261003,1,51779,0,feed,28860,0,64,28860
1791030210,7,1,1358852,20261003,32,41978,169,feed,26460,31,60,24660
1791030210,7,1,1359429,20261003,1,17679,0,feed,28260,0,60,28260
1791030210,7,0,1359569,20261003,1,51779,0,feed,27180,0,64,27180
1791030210,71,1,1266361,20261003,14,49699,224,feed,26280,13,60,25860
1791030210,71,0,1267561,20261003,10,9724,57,feed,26520,9,58,26220
1791030210,71,0,1267604,20261003,1,9715,0,feed,29820,0,58,29820
1791030210,71,1,1275684,20261003,1,51291,0,feed,29400,0,60,29400
1791030210,71,0,1286572,20261003,1,9715,0,feed,28020,0,58,28020
1791030210,71,1,1363660,20261003,1,51291,0,feed,27660,0,60,27660
1791030210,716,0,1136877,20261003,1,50154,0,feed,29400,0,51,29400
1791030210,716,0,1137213,20261003,25,45369,-49,feed,26640,24,51,25800
1791030210,716,1,1137784,20261003,1,8728,0,feed,27720,0,50,27720
1791030210,72,1,1241205,20261003,1,13667,0,feed,28440,0,51,28440
1791030210,72,0,1342904,20261003,31,13730,18,feed,26580,30,54,24840
1791030210,72,0,1342975,20261003,1,57615,0,feed,28320,0,54,28320
1791030210,72,0,1343423,20261003,1,57615,210,feed,26640,0,54,26640
1791030210,721,1,1180924,20261003,1,9522,0,feed,28800,0,41,28800
1791030210,721,0,1183526,20261003,1,51845,0,feed,29160,0,43,29160
1791030210,721,0,1183639,20261003,1,51845,0,feed,27300,0,43,27300
1791030210,721,1,1289226,20261003,1,9522,0,feed,27000,0,41,27000
1791030210,722,1,1177444,20261003,1,57636,0,feed,30000,0,53,30000
1791030210,722,1,1181165,20261003,1,11486,0,feed,29520,0,14,29520
1791030210,722,0,1184725,20261003,1,56827,0,feed,27300,0,51,27300
1791030210,722,1,1185035,20261003,1,57636,72,feed,26520,0,53,26520
1791030210,722,0,1187439,20261003,1,56827,0,feed,28800,0,11,28800
1791030210,723,1,1183220,20261003,1,53224,0,feed,,,,
1791030210,724,1,1130986,20261003,1,53222,0,feed,27120,0,35,27120
1791030210,724,1,1131506,20261003,1,53222,0,feed,28920,0,35,28920
1791030210,724,0,1131523,20261003,1,51846,0,feed,28800,0,33,28800
1791030210,724,1,1132983,20261003,1,53222,0,feed,29820,0,35,29820
1791030210,724,0,1134855,20261003,1,51846,0,feed,29700,0,33,29700
1791030210,724,0,1135938,20261003,1,51846,0,feed,27000,0,33,27000
1791030210,725,1,1312574,20261003,1,56775,0,feed,29700,0,49,29700
1791030210,725,0,1312779,20261003,1,57580,0,feed,26940,0,50,26940
1791030210,725,1,1316658,20261003,9,10938,113,feed,26400,8,49,26100
1791030210,74,0,1355795,20261003,1,51546,0,feed,29280,0,59,29280
1791030210,74,1,1356106,20261003,1,13667,0,feed,29880,0,61,29880
1791030210,74,0,1358069,20261003,14,11770,-73,feed,26640,13,59,25740
1791030210,74,1,1358995,20261003,34,10366,146,feed,26460,33,61,24540
1791030210,74,0,1359251,20261003,1,51546,0,feed,27540,0,59,27540
1791030210,74,1,1359469,20261003,6,56051,-23,feed,26640,5,61,26340
1791030210,74,0,1359674,20261003,44,49606,101,feed,26580,43,59,23940
1791030210,74,1,1359864,20261003,61,51546,574,feed,26100,60,61,22740
1791030210,74,1,1360346,20261003,1,13667,0,feed,28140,0,61,28140
1791030210,80,1,1316824,20261003,1,50689,0,feed,29520,0,38,29520
1791030210,802,0,1195013,20261003,1,57169,0,feed,29040,0,46,29040
1791030210,802,1,1195528,20261003,1,42622,70,feed,26520,0,45,26520
1791030210,804,0,1261569,20261003,1,14153,0,feed,28800,0,32,28800
1791030210,805,0,1212210,20261003,1,56775,0,feed,29040,0,72,29040
1791030210,805,1,1215683,20261003,1,50716,0,feed,29460,0,72,29460
1791030210,827,1,1313446,20261003,1,57167,0,feed,29760,0,51,29760
1791030210,83,0,1265376,20261003,1,53725,0,feed,29340,0,44,29340
1791030210,83,1,1351655,20261003,1,52532,0,feed,28500,0,41,28500
1791030210,87,1,1305398,20261003,18,18578,26,feed,26580,17,70,25800
1791030210,87,1,1305499,20261003,1,57690,0,feed,27780,0,70,27780
1791030210,87,0,1349518,20261003,1,51892,0,feed,28920,0,71,28920
1791030210,87,0,1350383,20261003,1,51892,0,feed,27120,0,71,27120
1791030210,87,0,1351529,20261003,39,18794,8,feed,26580,38,71,25320
1791030210,87,1,1355430,20261003,1,57690,0,feed,29580,0,70,29580
1791030210,9,0,1356090,20261003,1,40247,0,feed,29520,0,112,29520
1791030210,9,0,1358009,20261003,1,52552,0,feed,27960,0,100,27960
1791030210,9,1,1365790,20261003,51,2878,276,feed,,,,
1791030210,9,1,1366959,20261003,1,51551,0,feed,,,,
1791030210,9,1,1367498,20261003,7,51555,226,feed,,,,
1791030210,9,1,1367916,20261003,1,51551,0,feed,,,,
1791030210,9,0,1368117,20261003,19,3001,457,feed,,,,
1791030210,9,0,1368559,20261003,60,80925,133,feed,,,,
1791030210,901,0,876908,20261003,1,51405,0,feed,26880,0,20,26880
1791030210,901,0,882747,20261003,8,51432,180,feed,26400,7,20,25440
1791030210,901,0,883688,20261003,13,51427,240,feed,26400,12,20,24720
1791030210,901,1,883894,20261003,3,56336,0,feed,26700,2,20,26520
1791030210,901,0,895953,20261003,18,56332,360,feed,26280,17,20,24000
1791030210,901,0,903982,20261003,4,53280,180,feed,26460,3,20,26160
1791030210,901,1,976337,20261003,16,51420,900,feed,26100,15,20,24360
1791030210,902,1,880385,20261003,1,56026,0,feed,26580,0,24,26580
1791030210,902,1,883692,20261003,1,56026,0,feed,27300,0,24,27300
1791030210,902,0,885867,20261003,22,56016,-60,feed,26700,21,24,24060
1791030210,902,0,891927,20261003,3,56336,0,feed,27120,2,24,26940
1791030210,902,1,892152,20261003,13,56038,0,feed,26640,12,24,25140
1791030210,902,1,903655,20261003,17,56042,120,feed,26460,16,24,24420
1791030210,903,1,1262783,20261003,1,56874,0,feed,29520,0,6,29520
1791030210,903,0,1267569,20261003,1,57285,0,feed,27960,0,6,27960
1791030210,903,0,1271793,20261003,1,57285,0,feed,29760,0,6,29760
1791030210,903,1,1273379,20261003,1,56874,0,feed,27720,0,6,27720
1791030210,903,0,1275557,20261003,5,56511,-3,feed,26880,4,6,26160
1791030210,903,1,1276084,20261003,3,48977,111,feed,26580,2,6,25920
1791030210,904,1,1266741,20261003,1,56800,0,feed,,,,
1791030210,904,1,1271789,20261003,5,53301,7,feed,26580,4,12,26160
1791030210,904,1,1274056,20261003,1,56800,0,feed,29760,0,12,29760
1791030210,904,0,1365530,20261003,2,56829,6,feed,,,,
1791030210,904,0,1366151,20261003,1,56830,0,feed,,,,
1791030210,904,1,1367422,20261003,1,56800,0,feed,,,,
1791030210,904,0,1367723,20261003,1,56830,0,feed,,,,
1791030210,904,1,1368368,20261003,12,56830,166,feed,,,,
1791030210,904,1,1368435,20261003,1,56800,0,feed,,,,
1791030210,904,0,1368817,20261003,6,48084,154,feed,,,,
1791030210,904,0,1368821,20261003,1,56830,0,feed,,,,
1791030210,904,0,1368948,20261003,1,56830,0,feed,,,,
1791030210,904,1,1368992,20261003,9,56832,103,feed,,,,
1791030210,904,0,1369203,20261003,9,53311,352,feed,,,,
1791030210,905,0,1344329,20261003,14,57438,-99,feed,26700,13,16,24900
1791030210,905,0,1344494,20261003,7,57424,-66,feed,26640,6,16,25800
1791030210,905,1,1344690,20261003,7,57429,6,feed,26580,6,16,25740
1791030210,905,1,1344728,20261003,14,11863,-204,feed,26760,13,16,24840
1791030210,905,0,1344976,20261003,1,52761,0,feed,26700,0,16,26700
1791030210,905,1,1345360,20261003,1,57441,0,feed,26640,0,16,26640
1791030210,905,1,1345395,20261003,1,57441,0,feed,27540,0,16,27540
1791030210,905,0,1345575,20261003,1,52761,0,feed,27600,0,16,27600
1791030210,905,0,1345720,20261003,1,52761,0,feed,28500,0,16,28500
1791030210,905,1,1345824,20261003,1,57441,0,feed,28440,0,16,28440
1791030210,905,0,1345882,20261003,1,52761,0,feed,29400,0,16,29400
1791030210,905,1,1345894,20261003,1,57441,0,feed,29340,0,16,29340
1791030210,921,1,1364641,20261003,1,52531,0,feed,,,,
1791030210,921,0,1364777,20261003,9,56115,75,feed,,,,
1791030210,921,1,1366169,20261003,1,52531,0,feed,,,,
1791030210,921,0,1366182,20261003,1,51544,10,feed,,,,
1791030210,921,0,1366875,20261003,1,51544,0,feed,,,,
1791030210,921,0,1367025,20261003,17,56120,293,feed,,,,
1791030210,921,0,1367258,20261003,1,51544,0,feed,,,,
1791030210,921,1,1367469,20261003,16,56126,572,feed,,,,
1791030210,921,1,1368062,20261003,1,52531,264,feed,,,,
1791030210,921,1,1368115,20261003,1,52531,0,feed,,,,
1791030210,921,1,1368238,20261003,6,15114,373,feed,,,,
1791030210,921,0,1368907,20261003,1,51544,0,feed,,,,
1791030210,921,0,1368929,20261003,,,,canceled,,,,
1791030210,921,0,1369262,20261003,1,51544,0,feed,,,,
1791030210,922,0,1311219,20261003,7,57356,-91,feed,26700,6,35,26160
1791030210,922,0,1311468,20261003,1,57314,0,feed,27600,0,35,27600
1791030210,922,1,1312096,20261003,29,57357,837,feed,25860,28,34,23040
1791030210,922,0,1313079,20261003,1,57314,0,feed,26880,0,35,26880
1791030210,922,1,1313080,20261003,1,56100,0,feed,28560,0,34,28560
1791030210,922,0,1313260,20261003,31,3142,-264,feed,27060,30,35,24060
1791030210,922,1,1313532,20261003,19,57337,-118,feed,26700,18,34,24840
1791030210,922,1,1313808,20261003,28,57358,-90,feed,26640,27,34,23940
1791030210,922,1,1313979,20261003,1,56100,0,feed,27900,0,34,27900
1791030210,922,0,1314786,20261003,1,57314,0,feed,29760,0,35,29760
1791030210,922,1,1314831,20261003,1,56100,0,feed,29220,0,34,29220
1791030210,922,0,1314847,20261003,1,57314,0,feed,29040,0,35,29040
1791030210,922,1,1314879,20261003,12,16997,-29,feed,26820,11,34,25620
1791030210,922,0,1315911,20261003,1,57314,0,feed,28320,0,35,28320
1791030210,922,0,1315961,20261003,12,16884,183,feed,26520,11,35,25500
1791030210,922,1,1316438,20261003,1,56100,0,feed,29880,0,34,29880
1791030210,922,1,1316443,20261003,1,56100,0,feed,27180,0,34,27180
1791030210,922,1,1316963,20261003,2,57419,11,feed,26580,1,34,26400
1791030210,922,0,1317039,20261003,21,57332,7,feed,26580,20,35,24780
1791030210,923,1,1262753,20261003,1,57278,0,feed,28320,0,23,28320
1791030210,923,1,1266175,20261003,5,9577,39,feed,26580,4,23,26220
1791030210,923,1,1267369,20261003,1,57278,0,feed,30060,0,23,30060
1791030210,923,1,1267901,20261003,18,17905,100,feed,26580,17,23,24960
1791030210,923,0,1268664,20261003,1,56897,0,feed,26880,0,22,26880
1791030210,923,1,1268740,20261003,1,57278,0,feed,29220,0,23,29220
1791030210,923,0,1270936,20261003,6,17856,-43,feed,26640,5,22,26040
1791030210,923,0,1274274,20261003,1,56897,0,feed,29580,0,22,29580
1791030210,923,0,1275401,20261003,1,56897,0,feed,28680,0,22,28680
1791030210,923,0,1276181,20261003,18,9658,41,feed,26580,17,22,25140
1791030210,923,1,1339286,20261003,1,57278,0,feed,27420,0,23,27420
1791030210,923,0,1340991,20261003,1,56897,0,feed,27780,0,22,27780
1791030210,924,0,1336669,20261003,11,779,-40,feed,26640,10,40,25740
1791030210,924,1,1336850,20261003,1,56823,0,feed,28740,0,41,28740
1791030210,924,1,1337086,20261003,15,56317,133,feed,26460,14,41,25200
1791030210,924,0,1337195,20261003,1,56873,0,feed,30060,0,40,30060
1791030210,924,0,1337481,20261003,24,17902,-28,feed,26640,23,40,24300
1791030210,924,0,1338208,20261003,32,56950,-45,feed,26640,31,40,23580
1791030210,924,1,1338497,20261003,1,56823,0,feed,26640,0,41,26640
1791030210,924,1,1338867,20261003,1,56823,0,feed,29400,0,41,29400
1791030210,924,0,1339420,20261003,16,56925,249,feed,26460,15,40,25020
1791030210,924,1,1339801,20261003,1,56823,0,feed,27360,0,41,27360
1791030210,924,1,1339813,20261003,34,436,769,feed,25980,33,41,22740
1791030210,924,1,1339921,20261003,29,56917,209,feed,26400,28,41,23640
1791030210,924,1,1340191,20261003,9,56905,-10,feed,26640,8,41,25920
1791030210,924,0,1340282,20261003,40,56823,-74,feed,26640,39,40,22860
1791030210,924,0,1340302,20261003,1,56873,0,feed,28620,0,40,28620
1791030210,924,0,1340345,20261003,1,56873,0,feed,27180,0,40,27180
1791030210,924,1,1340953,20261003,16,17905,752,feed,25980,15,41,24480
1791030210,924,0,1341119,20261003,1,56873,130,feed,26460,0,40,26460
1791030210,924,0,1341360,20261003,1,56873,0,feed,27900,0,40,27900
1791030210,924,0,1342026,20261003,1,56873,26,feed,29340,0,40,29340
1791030210,924,1,1342119,20261003,1,56823,0,feed,30060,0,41,30060
1791030210,924,1,1342265,20261003,1,56823,0,feed,28080,0,41,28080
1791030210,925,0,1271836,20261003,15,50195,18,feed,26700,14,35,25560
1791030210,925,0,1273285,20261003,1,53703,0,feed,27660,0,35,27660
1791030210,925,0,1275013,20261003,5,1259,76,feed,26520,4,35,26220
1791030210,925,1,1332423,20261003,1,57541,0,feed,30120,0,35,30120
1791030210,925,1,1333394,20261003,7,16112,261,feed,26400,6,35,25860
1791030210,925,0,1333856,20261003,1,53703,0,feed,29760,0,35,29760
1791030210,925,1,1333922,20261003,1,57541,0,feed,27300,0,35,27300
1791030210,925,0,1334038,20261003,22,17947,13,feed,26640,21,35,24840
1791030210,925,1,1334209,20261003,17,17927,272,feed,26340,16,35,24960
1791030210,925,1,1334472,20261003,29,1139,-137,feed,26640,28,35,24060
1791030210,925,0,1334536,20261003,1,53703,0,feed,26940,0,35,26940
1791030210,925,1,1334788,20261003,2,15881,-91,feed,26700,1,35,26580
1791030210,925,0,1335043,20261003,26,12281,337,feed,26280,25,35,24120
1791030210,925,0,1335271,20261003,1,53703,0,feed,29040,0,35,29040
1791030210,925,1,1335505,20261003,1,57541,0,feed,28740,0,35,28740
1791030210,925,1,1335575,20261003,1,57541,0,feed,28020,0,35,28020
1791030210,925,0,1335632,20261003,1,53703,0,feed,28320,0,35,28320
1791030210,925,1,1335851,20261003,1,57541,0,feed,29400,0,35,29400
1791030210,94,1,1185711,20261003,1,56100,0,feed,28440,0,16,28440
1791030210,94,0,1186967,20261003,9,18665,126,feed,26880,8,15,25980
1791030210,94,0,1347990,20261003,1,51200,0,feed,,,,
1791032013,10,0,1325424,20261003,1,19337,0,feed,29640,0,49,29640
1791032013,10,1,1325685,20261003,54,53966,-79,feed,28500,53,64,26040
1791032013,10,1,1325831,20261003,25,17175,3,feed,28380,24,53,27120
1791032013,10,1,1326077,20261003,1,57165,0,feed,,,,
1791032013,10,1,1326155,20261003,1,57165,0,feed,29640,0,64,29640
1791032013,10,1,1326235,20261003,1,57165,0,feed,31440,0,64,31440
1791032013,10,0,1326911,20261003,1,19337,0,feed,31500,0,49,31500
1791032013,10,0,1327171,20261003,28,17174,318,feed,28080,27,49,26460
1791032013,10,0,1329456,20261003,5,17988,-12,feed,28440,4,60,28200
1791032013,10,0,1345684,20261003,1,19337,0,feed,30600,0,60,30600
1791032013,10,1,1368333,20261003,1,57165,0,feed,,,,
1791032013,10,1,1368985,20261003,7,14283,80,feed,,,,
1791032013,11,1,1317736,20261003,1,49304,0,feed,,,,
1791032013,11,1,1319832,20261003,74,17729,138,feed,,,,
1791032013,11,1,1333584,20261003,1,49304,0,feed,28800,0,79,28800
1791032013,11,1,1353882,20261003,1,49304,0,feed,31500,0,79,31500
1791032013,11,0,1364493,20261003,1,51828,0,feed,,,,
1791032013,11,0,1365010,20261003,1,51828,0,feed,,,,
1791032013,11,0,1366133,20261003,60,14636,217,feed,,,,
1791032013,11,0,1367555,20261003,27,17761,-21,feed,,,,
1791032013,11,0,1368798,20261003,1,51828,0,feed,,,,
1791032013,11,1,1368811,20261003,38,17916,96,feed,,,,
1791032013,14,1,1331025,20261003,1,50153,0,feed,28980,0,82,28980
1791032013,14,1,1331282,20261003,1,50153,0,feed,30720,0,82,30720
1791032013,14,0,1331569,20261003,66,8338,334,feed,28080,65,80,25020
1791032013,14,1,1331963,20261003,69,15567,83,feed,28320,68,82,25440
1791032013,14,0,1332360,20261003,1,4345,0,feed,28620,0,80,28620
1791032013,14,1,1332463,20261003,26,8312,334,feed,28080,25,82,27180
1791032013,14,0,1332502,20261003,36,15638,72,feed,28320,35,80,26820
1791032013,14,0,1333037,20261003,1,4345,0,feed,30420,0,80,30420
1791032013,17,1,1317951,20261003,13,17227,438,feed,27960,12,65,27240
1791032013,17,1,1318246,20261003,48,57292,258,feed,,,,
1791032013,17,1,1318412,20261003,1,17192,0,feed,29040,0,65,29040
1791032013,17,0,1324422,20261003,1,57458,0,feed,29820,0,63,29820
1791032013,17,0,1324662,20261003,63,17192,152,feed,28260,62,63,24600
1791032013,17,0,1333883,20261003,37,40342,284,feed,28140,36,63,26340
1791032013,17,0,1333898,20261003,1,57458,0,feed,31560,0,63,31560
1791032013,17,1,1335969,20261003,1,17192,0,feed,30840,0,65,30840
1791032013,17,0,1367673,20261003,3,49499,82,feed,,,,
1791032013,18,0,1361017,20261003,22,1863,-38,feed,28440,21,51,27240
1791032013,18,0,1361139,20261003,1,57131,0,feed,,,,
1791032013,18,0,1361345,20261003,71,52309,168,feed,28380,70,84,25620
1791032013,18,1,1365183,20261003,79,57127,129,feed,,,,
1791032013,18,1,1365623,20261003,1,56800,0,feed,,,,
1791032013,18,1,1366496,20261003,3,17976,215,feed,,,,
1791032013,18,1,1366899,20261003,1,56800,0,feed,,,,
1791032013,18,0,1366999,20261003,1,57131,0,feed,,,,
1791032013,18,1,1367384,20261003,17,42211,-32,feed,,,,
1791032013,18,0,1367743,20261003,1,51852,0,feed,,,,
1791032013,18,1,1367843,20261003,1,56800,0,feed,,,,
1791032013,18,1,1367855,20261003,1,56800,0,feed,,,,
1791032013,18,0,1368311,20261003,49,17998,56,feed,,,,
1791032013,18,1,1368678,20261003,47,444,668,feed,,,,
1791032013,18,0,1368895,20261003,39,56922,-58,feed,,,,
1791032013,18,0,1369255,20261003,1,51852,0,feed,,,,
1791032013,18,1,1369355,20261003,32,135,243,feed,,,,
1791032013,2,0,1319576,20261003,1,57469,0,feed,30420,0,34,30420
1791032013,2,0,1331067,20261003,1,57469,0,feed,31320,0,41,31320
1791032013,2,0,1332712,20261003,1,57469,0,feed,28680,0,41,28680
1791032013,2,0,1333277,20261003,1,57469,0,feed,29580,0,41,29580
1791032013,2,1,1361535,20261003,1,57618,421,feed,27960,0,42,27960
1791032013,2,1,1361732,20261003,36,80928,117,feed,28320,35,42,26160
1791032013,2,1,1362086,20261003,1,57618,0,feed,,,,
1791032013,2,0,1362530,20261003,26,13243,132,feed,28260,25,41,26880
1791032013,2,1,1363769,20261003,1,57618,0,feed,29760,0,42,29760
1791032013,215,0,1265096,20261003,10,57697,73,feed,28320,9,30,27840
1791032013,215,1,1269764,20261003,1,5020,0,feed,29760,0,27,29760
1791032013,215,0,1271377,20261003,1,49979,0,feed,31440,0,30,31440
1791032013,219,0,1303185,20261003,1,57340,0,feed,29760,0,74,29760
1791032013,219,0,1303536,20261003,56,52170,-30,feed,28440,55,74,26160
1791032013,219,1,1311113,20261003,57,57433,-100,feed,28440,56,71,26100
1791032013,219,1,1311569,20261003,1,5020,0,feed,29700,0,71,29700
1791032013,22,1,1357692,20261003,21,11646,27,feed,28380,20,84,27180
1791032013,22,1,1357780,20261003,1,56825,0,feed,,,,
1791032013,22,1,1357959,20261003,66,19480,1258,feed,,,,
1791032013,22,0,1365245,20261003,1,4558,0,feed,,,,
1791032013,22,0,1366038,20261003,38,15626,261,feed,,,,
1791032013,22,0,1366517,20261003,1,4558,359,feed,,,,
1791032013,22,1,1367544,20261003,1,56825,0,feed,,,,
1791032013,22,1,1368123,20261003,3,11351,2,feed,,,,
1791032013,22,1,1368394,20261003,46,57023,70,feed,,,,
1791032013,22,1,1368894,20261003,62,19496,200,feed,,,,
1791032013,22,0,1368944,20261003,62,11183,-45,feed,,,,
1791032013,22,1,1369027,20261003,1,56825,0,feed,,,,
1791032013,22,0,1369165,20261003,1,4558,0,feed,,,,
1791032013,22,0,1369270,20261003,14,4444,257,feed,,,,
1791032013,223,1,1360923,20261003,1,5020,0,feed,31260,0,34,31260
1791032013,223,0,1361983,20261003,4,52224,313,feed,28080,3,33,27960
1791032013,223,0,1362666,20261003,1,57691,0,feed,29760,0,33,29760
1791032013,223,1,1362920,20261003,10,17282,32,feed,28380,9,34,27660
1791032013,25,0,1324948,20261003,36,15743,244,feed,28140,35,92,26280
1791032013,25,1,1325654,20261003,1,57166,0,feed,31620,0,89,31620
1791032013,25,1,1325958,20261003,85,17982,62,feed,28320,84,89,24420
1791032013,25,1,1326293,20261003,2,57119,249,feed,28200,1,89,28020
1791032013,25,0,1326888,20261003,1,19337,0,feed,29880,0,92,29880
1791032013,27,1,1349382,20261003,7,15618,33,feed,28440,6,21,28080
1791032013,27,1,1368218,20261003,1,51367,0,feed,,,,
1791032013,27,0,1369466,20261003,1,52857,0,feed,,,,
1791032013,3,0,1321117,20261003,1,54097,0,feed,28860,0,64,28860
1791032013,3,1,1322705,20261003,1,56100,0,feed,31920,0,64,31920
1791032013,3,0,1323136,20261003,16,49881,57,feed,28380,15,65,27060
1791032013,3,1,1323352,20261003,2,2611,129,feed,28320,1,65,28140
1791032013,3,1,1324397,20261003,30,870,191,feed,28260,29,64,26820
1791032013,3,1,1369528,20261003,1,56100,0,feed,,,,
1791032013,30,0,1212106,20261003,1,40238,0,feed,28440,0,48,28440
1791032013,30,1,1212213,20261003,1,15882,0,feed,30960,0,44,30960
1791032013,30,1,1213071,20261003,11,48321,29,feed,28380,10,44,27420
1791032013,30,1,1214617,20261003,1,15882,0,feed,29220,0,44,29220
1791032013,30,0,1215064,20261003,1,40238,0,feed,30240,0,48,30240
1791032013,32,0,1331601,20261003,18,12761,-82,feed,,,,
1791032013,32,0,1332116,20261003,1,50155,0,feed,,,,
1791032013,32,0,1332305,20261003,1,50155,0,feed,,,,
1791032013,32,1,1364965,20261003,1,57685,0,feed,,,,
1791032013,32,1,1365346,20261003,1,57685,0,feed,,,,
1791032013,32,1,1368017,20261003,27,57621,255,feed,,,,
1791032013,323,0,1132200,20261003,1,51116,0,feed,29640,0,23,29640
1791032013,323,1,1132330,20261003,1,57508,0,feed,29220,0,25,29220
1791032013,323,1,1133674,20261003,1,57508,0,feed,31020,0,25,31020
1791032013,323,0,1134004,20261003,11,3199,64,feed,28320,10,23,27840
1791032013,323,1,1134558,20261003,2,57439,46,feed,28380,1,25,28320
1791032013,323,0,1136212,20261003,1,51116,0,feed,31560,0,23,31560
1791032013,345,1,1134141,20261003,1,57508,0,feed,28920,0,15,28920
1791032013,345,0,1137191,20261003,1,56879,0,feed,28800,0,15,28800
1791032013,36,0,1185999,20261003,1,57537,0,feed,31380,0,53,31380
1791032013,36,1,1220779,20261003,6,1111,199,feed,28200,5,50,28020
1791032013,36,1,1221282,20261003,1,50160,0,feed,29820,0,50,29820
1791032013,36,1,1362326,20261003,1,50160,0,feed,31620,0,50,31620
1791032013,36,0,1362765,20261003,1,57537,0,feed,29580,0,53,29580
1791032013,36,0,1363268,20261003,19,50601,-47,feed,28500,18,53,27780
1791032013,38,1,1349414,20261003,33,17530,334,feed,,,,
1791032013,38,0,1349639,20261003,6,48209,-102,feed,,,,
1791032013,38,0,1351532,20261003,1,48213,0,feed,,,,
1791032013,38,0,1351901,20261003,47,4848,181,feed,,,,
1791032013,38,1,1353688,20261003,88,3608,131,feed,,,,
1791032013,38,1,1354748,20261003,1,16494,0,feed,,,,
1791032013,38,0,1354833,20261003,1,48213,0,feed,,,,
1791032013,38,0,1355206,20261003,92,51543,25,feed,,,,
1791032013,38,1,1355347,20261003,1,42032,0,feed,,,,
1791032013,38,1,1368131,20261003,3,56126,95,feed,,,,
1791032013,4,0,1157630,20261003,78,16004,-166,feed,28440,77,87,24780
1791032013,4,0,1159065,20261003,9,3357,-58,feed,28440,8,87,28140
1791032013,4,1,1356771,20261003,1,14153,0,feed,29280,0,90,29280
1791032013,4,0,1358191,20261003,1,50231,0,feed,31380,0,89,31380
1791032013,4,0,1358682,20261003,1,50231,0,feed,29400,0,89,29400
1791032013,4,1,1359006,20261003,24,16044,137,feed,28260,23,85,27480
1791032013,4,1,1359383,20261003,59,40669,-59,feed,28440,58,90,25680
1791032013,4,0,1360168,20261003,46,17936,65,feed,28380,45,89,26640
1791032013,4,0,1360468,20261003,1,50231,0,feed,30480,0,53,30480
1791032013,4,1,1360574,20261003,1,14153,0,feed,31020,0,85,31020
1791032013,46,1,1266877,20261003,1,51550,0,feed,31500,0,59,31500
1791032013,46,0,1270543,20261003,1,220,0,feed,28860,0,62,28860
1791032013,46,1,1277051,20261003,7,15285,323,feed,28080,6,59,27900
1791032013,46,0,1288147,20261003,1,220,0,feed,30660,0,62,30660
1791032013,48,1,1348922,20261003,1,50152,0,feed,29400,0,61,29400
1791032013,48,1,1352114,20261003,61,19301,189,feed,28200,60,61,25860
1791032013,48,0,1354143,20261003,1,19301,0,feed,29100,0,61,29100
1791032013,5,0,1367363,20261003,43,8920,-105,feed,,,,
1791032013,5,0,1367768,20261003,1,51212,0,feed,,,,
1791032013,5,1,1367813,20261003,1,51846,0,feed,,,,
1791032013,5,1,1369245,20261003,75,69,139,feed,,,,
1791032013,515,1,1350270,20261003,1,56877,0,feed,31620,0,49,31620
1791032013,515,0,1350683,20261003,1,53704,0,feed,29460,0,49,29460
1791032013,515,1,1351098,20261003,43,2190,11,feed,28380,42,49,27180
1791032013,515,0,1352230,20261003,1,53704,0,feed,31260,0,49,31260
1791032013,515,1,1352996,20261003,8,704,68,feed,28380,7,49,28080
1791032013,515,1,1353223,20261003,1,56877,0,feed,29880,0,49,29880
1791032013,515,1,1353893,20261003,1,56877,0,feed,30780,0,49,30780
1791032013,515,0,1353967,20261003,1,53704,0,feed,28560,0,49,28560
1791032013,515,1,1354295,20261003,1,56877,0,feed,28980,0,49,28980
1791032013,515,0,1354351,20261003,1,53704,0,feed,30360,0,49,30360
1791032013,515,0,1355088,20261003,29,4429,46,feed,28380,28,49,27660
1791032013,534,0,1344117,20261003,8,53773,148,feed,28260,7,35,28020
1791032013,534,1,1344342,20261003,1,51824,0,feed,29700,0,32,29700
1791032013,534,0,1344416,20261003,1,56725,0,feed,31620,0,35,31620
1791032013,534,0,1344434,20261003,1,56725,0,feed,29820,0,35,29820
1791032013,534,1,1345027,20261003,1,51824,0,feed,31500,0,32,31500
1791032013,534,1,1345857,20261003,10,3355,39,feed,28320,9,32,27900
1791032013,538,0,1132277,20261003,1,53704,0,feed,28800,0,42,28800
1791032013,538,0,1135114,20261003,21,51975,251,feed,28140,20,42,27000
1791032013,538,1,1318024,20261003,1,56880,0,feed,31680,0,40,31680
1791032013,538,1,1318336,20261003,1,56880,0,feed,29880,0,40,29880
1791032013,538,1,1319019,20261003,38,50601,316,feed,28080,37,40,26280
1791032013,539,0,879515,20261003,1,56725,0,feed,29460,0,41,29460
1791032013,539,1,887554,20261003,1,56880,0,feed,31980,0,38,31980
1791032013,539,1,892839,20261003,1,56880,6,feed,28380,0,38,28380
1791032013,54,1,1132240,20261003,1,56100,0,feed,30000,0,27,30000
1791032013,54,1,1132796,20261003,1,56100,0,feed,31800,0,27,31800
1791032013,54,0,1132872,20261003,24,57420,441,feed,27960,23,25,25920
1791032013,54,0,1133608,20261003,1,56875,0,feed,29520,0,25,29520
1791032013,54,0,1346471,20261003,8,56939,99,feed,28320,7,46,27720
1791032013,54,1,1346892,20261003,47,56875,394,feed,28020,46,47,24000
1791032013,54,1,1347987,20261003,1,42319,0,feed,29160,0,47,29160
1791032013,54,1,1348005,20261003,12,12934,9,feed,28440,11,47,27360
1791032013,54,1,1353102,20261003,15,57019,161,feed,28320,14,27,27300
1791032013,54,0,1354169,20261003,1,56875,0,feed,31320,0,46,31320
1791032013,54,1,1360814,20261003,1,42319,0,feed,30960,0,47,30960
1791032013,540,0,1135740,20261003,1,53052,0,feed,30840,0,51,30840
1791032013,540,0,1138304,20261003,1,53052,0,feed,29040,0,51,29040
1791032013,540,1,883185,20261003,1,56879,0,feed,28620,0,48,28620
1791032013,540,1,893327,20261003,41,41122,-67,feed,28440,40,48,26820
1791032013,546,1,1133968,20261003,2,1616,62,feed,28320,1,31,28260
1791032013,546,1,1137938,20261003,1,51824,0,feed,31860,0,31,31860
1791032013,546,0,885448,20261003,1,56725,0,feed,29760,0,33,29760
1791032013,61,1,1364571,20261003,44,10653,2,feed,,,,
1791032013,61,1,1364671,20261003,1,52761,0,feed,,,,
1791032013,61,0,1365086,20261003,1,17905,0,feed,,,,
1791032013,61,0,1366634,20261003,29,47076,19,feed,,,,
1791032013,61,1,1367080,20261003,1,52761,0,feed,,,,
1791032013,61,0,1367765,20261003,63,81104,336,feed,,,,
1791032013,61,1,1368168,20261003,73,17905,469,feed,,,,
1791032013,61,0,1368425,20261003,1,17905,0,feed,,,,
1791032013,61,1,1368603,20261003,14,80817,-114,feed,,,,
1791032013,615,0,1166764,20261003,41,3539,1034,feed,27840,40,42,26220
1791032013,615,0,1346064,20261003,1,41157,0,feed,31980,0,76,31980
1791032013,615,1,1346165,20261003,1,3540,0,feed,31920,0,76,31920
1791032013,615,1,1347073,20261003,1,3540,628,feed,28320,0,76,28320
1791032013,62,0,1349165,20261003,1,328,0,feed,29100,0,86,29100
1791032013,62,0,1349320,20261003,1,328,0,feed,30900,0,86,30900
1791032013,62,1,1352537,20261003,1,49141,0,feed,30240,0,83,30240
1791032013,62,0,1354903,20261003,42,6336,-95,feed,28440,41,86,27300
1791032013,62,0,1359971,20261003,1,2611,0,feed,31380,0,67,31380
1791032013,62,1,1360619,20261003,4,46964,154,feed,28260,3,91,28200
1791032013,62,1,1362435,20261003,36,11912,83,feed,28380,35,83,26700
1791032013,62,0,1368581,20261003,79,50574,-158,feed,,,,
1791032013,63,1,1262710,20261003,1,51114,0,feed,,,,
1791032013,63,1,1269139,20261003,1,51114,0,feed,,,,
1791032013,63,1,1274289,20261003,1,51114,0,feed,,,,
1791032013,63,0,1346389,20261003,1,15795,0,feed,,,,
1791032013,63,0,1346885,20261003,43,3155,-6,feed,,,,
1791032013,63,0,1347332,20261003,11,18673,84,feed,,,,
1791032013,63,1,1348120,20261003,36,3078,153,feed,,,,
1791032013,63,1,1348190,20261003,9,49914,90,feed,,,,
1791032013,63,0,1348647,20261003,1,15795,0,feed,,,,
1791032013,63,0,1368837,20261003,1,15795,0,feed,,,,
1791032013,64,1,1342583,20261003,1,52015,0,feed,29460,0,76,29460
1791032013,64,1,1343234,20261003,7,49910,74,feed,28320,6,76,28140
1791032013,64,0,1357549,20261003,62,49843,-80,feed,28440,61,78,26100
1791032013,64,0,1358435,20261003,8,11776,130,feed,28380,7,78,27660
1791032013,64,0,1358440,20261003,1,52761,0,feed,29460,0,78,29460
1791032013,64,1,1359178,20261003,37,43282,215,feed,28440,36,43,27060
1791032013,64,0,1359236,20261003,1,52761,0,feed,31260,0,78,31260
1791032013,64,1,1359588,20261003,37,12927,35,feed,28380,36,65,27360
1791032013,64,0,1359712,20261003,1,52761,0,feed,30360,0,43,30360
1791032013,64,1,1359911,20261003,1,42157,0,feed,31380,0,43,31380
1791032013,64,0,1360098,20261003,1,52761,0,feed,28560,0,43,28560
1791032013,64,1,1360799,20261003,1,52015,0,feed,31140,0,76,31140
1791032013,645,1,1208148,20261003,1,53293,0,feed,,,,
1791032013,645,0,1337929,20261003,44,40325,114,feed,,,,
1791032013,645,1,1340341,20261003,37,41157,335,feed,,,,
1791032013,645,0,1342044,20261003,1,6990,0,feed,,,,
1791032013,65,1,1349743,20261003,1,57690,0,feed,30480,0,38,30480
1791032013,65,0,1349759,20261003,3,80985,63,feed,28920,2,40,28800
1791032013,65,0,1350137,20261003,3,80985,148,feed,30720,2,40,30600
1791032013,65,1,1350622,20261003,36,80981,-1,feed,28440,35,38,27000
1791032013,65,1,1351571,20261003,1,57690,0,feed,28800,0,38,28800
1791032013,65,0,1351922,20261003,23,10720,421,feed,27960,22,40,27120
1791032013,67,0,1270586,20261003,11,52061,1,feed,28380,10,65,27900
1791032013,67,1,1271715,20261003,1,56100,0,feed,31680,0,65,31680
1791032013,67,1,1351909,20261003,1,56100,0,feed,,,,
1791032013,67,1,1358213,20261003,42,52791,744,feed,27660,41,65,26280
1791032013,67,0,1359981,20261003,1,53723,0,feed,29700,0,65,29700
1791032013,67,1,1368614,20261003,3,1235,161,feed,,,,
1791032013,67,0,1369496,20261003,1,53723,0,feed,,,,
1791032013,68,0,1276150,20261003,2,9806,86,feed,28620,1,59,28620
1791032013,68,0,1356050,20261003,109,2607,-67,feed,28440,108,118,25200
1791032013,68,1,1363087,20261003,51,9966,-115,feed,28500,50,61,26700
1791032013,68,0,1363191,20261003,2,9806,38,feed,29520,1,87,29520
1791032013,68,1,1364071,20261003,1,11904,0,feed,30300,0,117,30300
1791032013,68,1,1367360,20261003,3,46692,-10,feed,,,,
1791032013,68,0,1367376,20261003,2,9806,50,feed,,,,
1791032013,68,1,1367646,20261003,21,40156,89,feed,,,,
1791032013,68,0,1368075,20261003,1,53340,0,feed,,,,
1791032013,686,1,1171517,20261003,3,57622,-140,feed,28860,2,4,27660
1791032013,686,0,1331453,20261003,1,47705,0,feed,31320,0,3,31320
1791032013,686,1,1335159,20261003,1,56939,0,feed,30540,0,4,30540
1791032013,686,0,1335558,20261003,1,47705,0,feed,28500,0,3,28500
1791032013,7,0,1356647,20261003,1,51779,0,feed,30600,0,64,30600
1791032013,7,1,1357249,20261003,35,16594,-82,feed,28440,34,60,26460
1791032013,7,0,1357335,20261003,55,17656,18,feed,28440,54,64,25380
1791032013,7,1,1357950,20261003,1,17679,0,feed,30060,0,60,30060
1791032013,7,0,1358761,20261003,1,51779,0,feed,28860,0,64,28860
1791032013,7,1,1359429,20261003,4,17688,18,feed,28380,3,60,28260
1791032013,7,0,1359569,20261003,22,16301,-147,feed,28440,21,64,27180
1791032013,7,1,1360783,20261003,1,17679,0,feed,31860,0,60,31860
1791032013,71,1,1266754,20261003,1,51291,0,feed,31200,0,60,31200
1791032013,71,0,1267604,20261003,1,9715,0,feed,29820,0,58,29820
1791032013,71,1,1275684,20261003,1,51291,0,feed,29400,0,60,29400
1791032013,71,0,1286572,20261003,6,48728,252,feed,28140,5,58,28020
1791032013,71,0,1361292,20261003,1,9715,0,feed,31320,0,75,31320
1791032013,71,1,1363660,20261003,18,18128,181,feed,28200,17,60,27660
1791032013,716,0,1136877,20261003,1,50154,0,feed,29400,0,51,29400
1791032013,716,1,1137091,20261003,1,8728,0,feed,31320,0,50,31320
1791032013,716,1,1137784,20261003,26,8535,15,feed,28380,25,50,27720
1791032013,72,1,1240513,20261003,1,13667,0,feed,30240,0,51,30240
1791032013,72,1,1241205,20261003,1,13667,0,feed,28440,0,51,28440
1791032013,72,0,1342749,20261003,1,57615,0,feed,31920,0,54,31920
1791032013,72,0,1342898,20261003,1,57615,0,feed,30120,0,54,30120
1791032013,72,0,1342975,20261003,1,57615,225,feed,28320,0,54,28320
1791032013,72,0,1343423,20261003,32,13732,-20,feed,28440,31,54,26640
1791032013,721,1,1180924,20261003,1,9522,0,feed,28800,0,41,28800
1791032013,721,1,1181860,20261003,1,9522,0,feed,30600,0,41,30600
1791032013,721,0,1183526,20261003,1,51845,0,feed,29160,0,43,29160
1791032013,721,0,1183639,20261003,37,9513,-43,feed,28440,36,43,27300
1791032013,721,0,1186726,20261003,1,51845,0,feed,30900,0,43,30900
1791032013,721,1,1289226,20261003,41,51845,52,feed,28380,40,41,27000
1791032013,722,1,1177444,20261003,1,57636,0,feed,30000,0,53,30000
1791032013,722,1,1181165,20261003,1,11486,0,feed,29520,0,14,29520
1791032013,722,0,1182378,20261003,1,56827,0,feed,30600,0,51,30600
1791032013,722,0,1184725,20261003,31,56418,-40,feed,28440,30,51,27300
1791032013,722,1,1185035,20261003,53,56827,-169,feed,28440,52,53,26520
1791032013,722,0,1187439,20261003,1,56827,0,feed,28800,0,11,28800
1791032013,723,0,1182074,20261003,1,51845,0,feed,,,,
1791032013,723,1,1183220,20261003,1,53224,0,feed,,,,
1791032013,724,1,1131506,20261003,1,53222,0,feed,28920,0,35,28920
1791032013,724,0,1131523,20261003,1,51846,0,feed,28800,0,33,28800
1791032013,724,1,1131724,20261003,1,53222,0,feed,31620,0,35,31620
1791032013,724,0,1131975,20261003,1,51846,0,feed,31500,0,33,31500
1791032013,724,1,1132983,20261003,1,53222,0,feed,29820,0,35,29820
1791032013,724,1,1134316,20261003,1,53222,0,feed,30720,0,35,30720
1791032013,724,0,1134855,20261003,1,51846,0,feed,29700,0,33,29700
1791032013,724,0,1135136,20261003,1,51846,0,feed,30600,0,33,30600
1791032013,725,1,1312574,20261003,1,56775,0,feed,29700,0,49,29700
1791032013,725,0,1312779,20261003,26,8781,243,feed,28140,25,50,26940
1791032013,725,0,1315971,20261003,1,57580,0,feed,30540,0,50,30540
1791032013,725,1,1316658,20261003,49,57580,-41,feed,28440,48,49,26100
1791032013,74,0,1355795,20261003,1,51546,0,feed,29280,0,59,29280
1791032013,74,1,1356106,20261003,1,13667,0,feed,29880,0,61,29880
1791032013,74,0,1358069,20261003,45,49608,-14,feed,28380,44,59,25740
1791032013,74,0,1359251,20261003,8,56112,187,feed,28200,7,59,27540
1791032013,74,1,1359469,20261003,33,10364,209,feed,28200,32,61,26340
1791032013,74,1,1359729,20261003,1,13667,0,feed,31680,0,61,31680
1791032013,74,1,1360346,20261003,6,56051,-65,feed,28440,5,61,28140
1791032013,74,0,1360675,20261003,1,51546,0,feed,31020,0,59,31020
1791032013,80,0,1313995,20261003,1,49979,0,feed,31320,0,42,31320
1791032013,80,1,1316824,20261003,1,50689,0,feed,29520,0,38,29520
1791032013,802,0,1195013,20261003,1,57169,0,feed,29040,0,46,29040
1791032013,802,1,1195528,20261003,45,57169,0,feed,28440,44,45,26520
1791032013,802,1,1206022,20261003,1,42622,1,feed,30120,0,45,30120
1791032013,804,0,1261569,20261003,1,14153,0,feed,28800,0,32,28800
1791032013,805,0,1212210,20261003,1,56775,0,feed,29040,0,72,29040
1791032013,805,1,1215683,20261003,1,50716,0,feed,29460,0,72,29460
1791032013,827,1,1313446,20261003,1,57167,0,feed,29760,0,51,29760
1791032013,83,0,1263947,20261003,1,53725,0,feed,31140,0,44,31140
1791032013,83,0,1265376,20261003,1,53725,0,feed,29340,0,44,29340
1791032013,83,1,1351655,20261003,1,52532,126,feed,28500,0,41,28500
1791032013,83,1,1355055,20261003,1,52532,0,feed,30480,0,41,30480
1791032013,87,1,1304405,20261003,1,57690,0,feed,31380,0,70,31380
1791032013,87,1,1305499,20261003,10,51361,123,feed,28320,9,70,27780
1791032013,87,0,1349518,20261003,1,51892,0,feed,28920,0,71,28920
1791032013,87,0,1349920,20261003,1,51892,0,feed,30720,0,71,30720
1791032013,87,0,1350383,20261003,42,43573,-65,feed,28440,41,71,27120
1791032013,87,1,1355430,20261003,1,57690,0,feed,29580,0,70,29580
1791032013,9,0,1356090,20261003,1,40247,0,feed,29520,0,112,29520
1791032013,9,0,1358009,20261003,14,3012,-43,feed,28440,13,100,27960
1791032013,9,1,1366959,20261003,21,17588,19,feed,,,,
1791032013,9,0,1367020,20261003,1,52552,0,feed,,,,
1791032013,9,1,1367498,20261003,34,17609,1355,feed,,,,
1791032013,9,1,1367916,20261003,1,51551,0,feed,,,,
1791032013,9,0,1368117,20261003,72,80925,214,feed,,,,
1791032013,9,1,1368858,20261003,1,51551,0,feed,,,,
1791032013,901,0,876908,20261003,12,51428,120,feed,28320,11,20,26880
1791032013,901,0,882394,20261003,2,51437,0,feed,28500,1,20,28320
1791032013,901,1,883894,20261003,15,51419,240,feed,28140,14,20,26520
1791032013,901,1,886027,20261003,4,51408,60,feed,28260,3,20,27960
1791032013,901,1,887070,20261003,3,56336,0,feed,28860,2,20,28680
1791032013,901,1,890381,20261003,11,51415,60,feed,28320,10,20,27240
1791032013,901,0,903982,20261003,16,51424,120,feed,28200,15,20,26160
1791032013,902,1,878992,20261003,4,56029,0,feed,28380,3,24,28020
1791032013,902,1,880385,20261003,15,56040,120,feed,28320,14,24,26580
1791032013,902,1,883692,20261003,10,56035,0,feed,28380,9,24,27300
1791032013,902,0,891927,20261003,12,56006,240,feed,28260,11,24,26940
1791032013,902,0,894571,20261003,3,56336,0,feed,29280,2,24,29100
1791032013,902,1,894931,20261003,1,56026,0,feed,28740,0,24,28740
1791032013,902,0,899151,20261003,7,56001,120,feed,28320,6,24,27660
1791032013,902,0,902787,20261003,3,56336,0,feed,28560,2,24,28380
1791032013,902,1,977985,20261003,19,56330,180,feed,28260,18,24,25860
1791032013,903,1,1262783,20261003,1,56874,0,feed,29520,0,6,29520
1791032013,903,0,1267569,20261003,4,48976,76,feed,28320,3,6,27960
1791032013,903,0,1269438,20261003,1,57285,0,feed,31560,0,6,31560
1791032013,903,0,1271793,20261003,1,57285,0,feed,29760,0,6,29760
1791032013,903,1,1273379,20261003,4,48179,-67,feed,28500,3,6,27720
1791032013,903,1,1276237,20261003,1,56874,0,feed,31320,0,6,31320
1791032013,904,1,1266741,20261003,10,56884,-18,feed,,,,
1791032013,904,1,1271789,20261003,12,56830,116,feed,28320,11,12,26160
1791032013,904,1,1274056,20261003,1,56800,0,feed,29760,0,12,29760
1791032013,904,0,1365530,20261003,9,53311,389,feed,,,,
1791032013,904,0,1366151,20261003,1,56830,0,feed,,,,
1791032013,904,0,1366804,20261003,1,56830,0,feed,,,,
1791032013,904,1,1367422,20261003,4,53299,197,feed,,,,
1791032013,904,0,1367662,20261003,1,56830,0,feed,,,,
1791032013,904,0,1367723,20261003,1,56830,0,feed,,,,
1791032013,904,1,1368435,20261003,1,56800,0,feed,,,,
1791032013,904,1,1368727,20261003,1,56800,0,feed,,,,
1791032013,904,0,1368821,20261003,3,56831,318,feed,,,,
1791032013,904,0,1368948,20261003,6,48084,106,feed,,,,
1791032013,904,1,1369189,20261003,1,56800,0,feed,,,,
1791032013,905,0,1343957,20261003,1,52761,0,feed,30300,0,16,30300
1791032013,905,1,1344816,20261003,1,57441,0,feed,30240,0,16,30240
1791032013,905,0,1344888,20261003,1,52761,0,feed,31200,0,16,31200
1791032013,905,0,1344976,20261003,14,57438,-187,feed,28500,13,16,26700
1791032013,905,1,1345344,20261003,1,57441,0,feed,31140,0,16,31140
1791032013,905,1,1345360,20261003,14,11863,-280,feed,28560,13,16,26640
1791032013,905,1,1345395,20261003,8,57427,-60,feed,28440,7,16,27540
1791032013,905,0,1345575,20261003,7,57424,-103,feed,28440,6,16,27600
1791032013,905,0,1345720,20261003,1,52761,0,feed,28500,0,16,28500
1791032013,905,1,1345824,20261003,1,57441,0,feed,28440,0,16,28440
1791032013,905,0,1345882,20261003,1,52761,0,feed,29400,0,16,29400
1791032013,905,1,1345894,20261003,1,57441,0,feed,29340,0,16,29340
1791032013,921,1,1364641,20261003,1,52531,0,feed,,,,
1791032013,921,0,1365372,20261003,1,51544,0,feed,,,,
1791032013,921,1,1366169,20261003,1,52531,0,feed,,,,
1791032013,921,0,1366182,20261003,20,52531,7,feed,,,,
1791032013,921,0,1366281,20261003,1,51544,0,feed,,,,
1791032013,921,0,1366875,20261003,1,51544,0,feed,,,,
1791032013,921,1,1367058,20261003,1,52531,0,feed,,,,
1791032013,921,0,1367258,20261003,1,51544,0,feed,,,,
1791032013,921,1,1367980,20261003,1,52531,0,feed,,,,
1791032013,921,1,1368062,20261003,,,,canceled,,,,
1791032013,921,1,1368115,20261003,6,15114,402,feed,,,,
1791032013,921,0,1368907,20261003,10,56116,-32,feed,,,,
1791032013,921,0,1368929,20261003,,,,canceled,,,,
1791032013,921,0,1369262,20261003,1,51544,0,feed,,,,
1791032013,922,0,1311219,20261003,24,16996,19,feed,28380,23,35,26160
1791032013,922,0,1311468,20261003,9,16857,152,feed,28320,8,35,27600
1791032013,922,1,1311599,20261003,1,56100,0,feed,31260,0,34,31260
1791032013,922,1,1311892,20261003,1,56100,0,feed,30540,0,34,30540
1791032013,922,1,1312027,20261003,1,56100,0,feed,31920,0,34,31920
1791032013,922,0,1313079,20261003,15,57331,186,feed,28260,14,35,26880
1791032013,922,1,1313080,20261003,1,56100,0,feed,28560,0,34,28560
1791032013,922,1,1313979,20261003,5,11863,94,feed,28320,4,34,27900
1791032013,922,0,1314032,20261003,1,57314,0,feed,30480,0,35,30480
1791032013,922,0,1314530,20261003,1,57314,0,feed,31920,0,35,31920
1791032013,922,0,1314786,20261003,1,57314,0,feed,29760,0,35,29760
1791032013,922,1,1314831,20261003,1,56100,0,feed,29220,0,34,29220
1791032013,922,0,1314847,20261003,1,57314,0,feed,29040,0,35,29040
1791032013,922,1,1314879,20261003,29,57357,-62,feed,28440,28,34,25620
1791032013,922,0,1315911,20261003,4,4862,-9,feed,28500,3,35,28320
1791032013,922,0,1315961,20261003,31,3142,-337,feed,28500,30,35,25500
1791032013,922,1,1316438,20261003,1,56100,0,feed,29880,0,34,29880
1791032013,922,1,1316443,20261003,13,17371,3,feed,28500,12,34,27180
1791032013,922,1,1316963,20261003,21,16904,-205,feed,28440,20,34,26400
1791032013,922,0,1317366,20261003,1,57314,0,feed,31200,0,35,31200
1791032013,923,1,1262753,20261003,3,9087,-63,feed,28440,2,23,28320
1791032013,923,0,1265790,20261003,1,56897,0,feed,31380,0,22,31380
1791032013,923,1,1267369,20261003,1,57278,0,feed,30060,0,23,30060
1791032013,923,1,1268277,20261003,1,57278,0,feed,31980,0,23,31980
1791032013,923,0,1268664,20261003,12,52671,418,feed,27960,11,22,26880
1791032013,923,1,1268740,20261003,1,57278,0,feed,29220,0,23,29220
1791032013,923,0,1274274,20261003,1,56897,0,feed,29580,0,22,29580
1791032013,923,0,1275401,20261003,1,56897,0,feed,28680,0,22,28680
1791032013,923,1,1339286,20261003,9,56834,381,feed,28080,8,23,27420
1791032013,923,0,1340494,20261003,1,56897,0,feed,30480,0,22,30480
1791032013,923,0,1340991,20261003,6,17856,190,feed,28380,5,22,27780
1791032013,923,1,1341692,20261003,1,57278,0,feed,31080,0,23,31080
1791032013,924,0,1336669,20261003,27,8919,-261,feed,28440,26,40,25740
1791032013,924,1,1336850,20261003,1,56823,0,feed,28740,0,41,28740
1791032013,924,1,1337086,20261003,31,56919,289,feed,28140,30,41,25200
1791032013,924,0,1337195,20261003,1,56873,0,feed,30060,0,40,30060
1791032013,924,1,1337487,20261003,1,56823,0,feed,30780,0,41,30780
1791032013,924,0,1338262,20261003,1,56873,0,feed,31440,0,40,31440
1791032013,924,1,1338497,20261003,16,17905,243,feed,28140,15,41,26640
1791032013,924,1,1338867,20261003,1,56823,0,feed,29400,0,41,29400
1791032013,924,0,1339420,20261003,33,56951,218,feed,28200,32,40,25020
1791032013,924,1,1339801,20261003,11,56906,199,feed,28200,10,41,27360
1791032013,924,0,1340031,20261003,1,56873,0,feed,30720,0,40,30720
1791032013,924,1,1340191,20261003,27,80139,-41,feed,28500,26,41,25920
1791032013,924,0,1340302,20261003,1,56873,0,feed,28620,0,40,28620
1791032013,924,0,1340345,20261003,14,56924,69,feed,28320,13,40,27180
1791032013,924,1,1340745,20261003,1,56823,0,feed,31500,0,41,31500
1791032013,924,1,1340953,20261003,34,436,810,feed,27780,33,41,24480
1791032013,924,0,1341119,20261003,21,56929,-47,feed,28440,20,40,26460
1791032013,924,0,1341360,20261003,5,620,159,feed,28260,4,40,27900
1791032013,924,0,1342026,20261003,1,56873,0,feed,29340,0,40,29340
1791032013,924,1,1342119,20261003,1,56823,0,feed,30060,0,41,30060
1791032013,924,1,1342265,20261003,3,9173,200,feed,28260,2,41,28080
1791032013,925,0,1271836,20261003,31,16143,304,feed,28140,30,35,25560
1791032013,925,0,1273285,20261003,10,6202,159,feed,28260,9,35,27660
1791032013,925,0,1275013,20261003,25,15477,46,feed,28380,24,35,26220
1791032013,925,1,1332065,20261003,1,57541,0,feed,30840,0,35,30840
1791032013,925,1,1332423,20261003,1,57541,0,feed,30120,0,35,30120
1791032013,925,1,1333394,20261003,23,1111,500,feed,27960,22,35,25860
1791032013,925,0,1333615,20261003,1,53703,0,feed,30480,0,35,30480
1791032013,925,0,1333671,20261003,1,53703,0,feed,31200,0,35,31200
1791032013,925,0,1333856,20261003,1,53703,0,feed,29760,0,35,29760
1791032013,925,1,1333922,20261003,12,17919,33,feed,28380,11,35,27300
1791032013,925,1,1334075,20261003,1,57541,0,feed,31500,0,35,31500
1791032013,925,0,1334536,20261003,18,17936,-10,feed,28440,17,35,26940
1791032013,925,1,1334788,20261003,21,50196,-38,feed,28500,20,35,26580
1791032013,925,0,1335271,20261003,1,53703,0,feed,29040,0,35,29040
1791032013,925,1,1335505,20261003,1,57541,0,feed,28740,0,35,28740
1791032013,925,1,1335575,20261003,5,16569,41,feed,28380,4,35,28020
1791032013,925,0,1335632,20261003,3,1250,33,feed,28440,2,35,28320
1791032013,925,1,1335851,20261003,1,57541,0,feed,29400,0,35,29400
1791032013,925,0,1335885,20261003,1,53703,0,feed,31920,0,35,31920
1791032013,94,0,1183455,20261003,1,51200,0,feed,31380,0,15,31380
1791032013,94,1,1185711,20261003,1,56100,0,feed,28440,0,16,28440
1791032013,94,1,1341112,20261003,16,51200,-117,feed,,,,
1791032013,94,0,1341213,20261003,1,51200,0,feed,,,,
1791032013,94,1,1347126,20261003,1,56100,0,feed,,,,
1791032013,94,0,1347990,20261003,8,17890,135,feed,,,,
1791032912,10,0,1325424,20261003,1,19337,0,feed,29640,0,49,29640
1791032912,10,1,1325685,20261003,64,19337,148,feed,29280,63,64,26040
1791032912,10,1,1325831,20261003,43,53966,-83,feed,29400,42,53,27120
1791032912,10,1,1326077,20261003,5,40231,111,feed,,,,
1791032912,10,1,1326155,20261003,1,57165,119,feed,29640,0,64,29640
1791032912,10,1,1326235,20261003,1,57165,0,feed,31440,0,64,31440
1791032912,10,0,1326911,20261003,1,19337,0,feed,31500,0,49,31500
1791032912,10,0,1327171,20261003,43,40228,589,feed,28740,42,49,26460
1791032912,10,0,1329456,20261003,16,17219,-24,feed,29340,15,60,28200
1791032912,10,1,1330696,20261003,1,57165,0,feed,32460,0,53,32460
1791032912,10,0,1345684,20261003,1,19337,0,feed,30600,0,60,30600
1791032912,10,0,1367261,20261003,1,19337,0,feed,,,,
1791032912,10,1,1368333,20261003,1,57165,0,feed,,,,
1791032912,10,1,1368985,20261003,31,17161,221,feed,,,,
1791032912,11,1,1317736,20261003,1,49304,0,feed,,,,
1791032912,11,1,1318718,20261003,1,49304,0,feed,,,,
1791032912,11,1,1333584,20261003,11,14604,214,feed,29100,10,79,28800
1791032912,11,1,1353882,20261003,1,49304,0,feed,31500,0,79,31500
1791032912,11,0,1364493,20261003,1,51828,0,feed,,,,
1791032912,11,0,1364891,20261003,1,51828,0,feed,,,,
1791032912,11,0,1365010,20261003,1,51828,0,feed,,,,
1791032912,11,0,1367555,20261003,41,17998,18,feed,,,,
1791032912,11,0,1368798,20261003,1,51828,0,feed,,,,
1791032912,11,1,1368811,20261003,47,53461,172,feed,,,,
1791032912,14,1,1331025,20261003,11,41982,35,feed,29280,10,82,28980
1791032912,14,0,1331063,20261003,1,4345,0,feed,32160,0,80,32160
1791032912,14,1,1331282,20261003,1,50153,0,feed,30720,0,82,30720
1791032912,14,1,1332127,20261003,1,50153,0,feed,32520,0,82,32520
1791032912,14,0,1332360,20261003,18,15578,11,feed,29280,17,80,28620
1791032912,14,1,1332463,20261003,47,15660,137,feed,29160,46,82,27180
1791032912,14,0,1332502,20261003,53,16342,-22,feed,29340,52,80,26820
1791032912,14,0,1333037,20261003,1,4345,0,feed,30420,0,80,30420
1791032912,17,1,1317951,20261003,26,1199,455,feed,28920,25,65,27240
1791032912,17,1,1318246,20261003,62,4789,374,feed,,,,
1791032912,17,1,1318412,20261003,6,57310,24,feed,29280,5,65,29040
1791032912,17,0,1324422,20261003,1,57458,0,feed,29820,0,63,29820
1791032912,17,0,1333883,20261003,50,56542,150,feed,29160,49,63,26340
1791032912,17,0,1333898,20261003,1,57458,0,feed,31560,0,63,31560
1791032912,17,1,1335969,20261003,1,17192,0,feed,30840,0,65,30840
1791032912,17,1,1367100,20261003,1,17192,0,feed,,,,
1791032912,17,0,1367673,20261003,24,5805,76,feed,,,,
1791032912,18,0,1361017,20261003,39,1900,-140,feed,29400,38,51,27240
1791032912,18,0,1361139,20261003,1,57131,0,feed,,,,
1791032912,18,0,1361345,20261003,81,17996,133,feed,29160,80,84,25620
1791032912,18,1,1365623,20261003,1,56800,0,feed,,,,
1791032912,18,1,1366496,20261003,13,1204,334,feed,,,,
1791032912,18,1,1366899,20261003,1,56800,0,feed,,,,
1791032912,18,0,1366999,20261003,5,1400,58,feed,,,,
1791032912,18,1,1367384,20261003,35,1339,54,feed,,,,
1791032912,18,0,1367589,20261003,1,57131,0,feed,,,,
1791032912,18,0,1367743,20261003,1,51852,0,feed,,,,
1791032912,18,1,1367843,20261003,1,56800,0,feed,,,,
1791032912,18,1,1367855,20261003,4,17978,149,feed,,,,
1791032912,18,0,1368895,20261003,55,1863,-69,feed,,,,
1791032912,18,1,1369195,20261003,1,56800,0,feed,,,,
1791032912,18,0,1369255,20261003,4,620,272,feed,,,,
1791032912,18,1,1369355,20261003,50,1361,316,feed,,,,
1791032912,18,0,1369467,20261003,1,51852,0,feed,,,,
1791032912,2,0,1319327,20261003,1,57469,0,feed,32220,0,34,32220
1791032912,2,0,1319576,20261003,1,57469,0,feed,30420,0,34,30420
1791032912,2,0,1331067,20261003,1,57469,0,feed,31320,0,41,31320
1791032912,2,0,1332712,20261003,12,52239,-59,feed,29340,11,41,28680
1791032912,2,0,1333277,20261003,1,57469,0,feed,29580,0,41,29580
1791032912,2,1,1361535,20261003,13,13211,526,feed,28800,12,42,27960
1791032912,2,1,1362086,20261003,1,57618,0,feed,,,,
1791032912,2,0,1362530,20261003,37,57734,135,feed,29160,36,41,26880
1791032912,2,1,1363769,20261003,1,57618,0,feed,29760,0,42,29760
1791032912,215,0,1265096,20261003,28,52041,127,feed,29160,27,30,27840
1791032912,215,1,1269764,20261003,1,5020,0,feed,29760,0,27,29760
1791032912,215,0,1271377,20261003,1,49979,0,feed,31440,0,30,31440
1791032912,219,0,1303185,20261003,1,57340,0,feed,29760,0,74,29760
1791032912,219,1,1311569,20261003,1,5020,0,feed,29700,0,71,29700
1791032912,22,1,1357692,20261003,35,18007,188,feed,29160,34,84,27180
1791032912,22,1,1357780,20261003,1,56825,0,feed,,,,
1791032912,22,0,1365015,20261003,1,4558,0,feed,,,,
1791032912,22,0,1365245,20261003,1,4558,0,feed,,,,
1791032912,22,0,1366038,20261003,54,17903,151,feed,,,,
1791032912,22,0,1366517,20261003,3,4662,425,feed,,,,
1791032912,22,1,1367544,20261003,1,56825,0,feed,,,,
1791032912,22,1,1368123,20261003,19,11641,-94,feed,,,,
1791032912,22,1,1368394,20261003,62,12565,-177,feed,,,,
1791032912,22,0,1368944,20261003,76,52675,177,feed,,,,
1791032912,22,1,1369027,20261003,1,56825,0,feed,,,,
1791032912,22,0,1369165,20261003,1,4558,0,feed,,,,
1791032912,22,0,1369270,20261003,36,15618,123,feed,,,,
1791032912,223,1,1360923,20261003,1,5020,0,feed,31260,0,34,31260
1791032912,223,0,1361983,20261003,22,48188,472,feed,28980,21,33,27960
1791032912,223,0,1362666,20261003,1,57691,0,feed,29760,0,33,29760
1791032912,223,1,1362920,20261003,26,45335,198,feed,29100,25,34,27660
1791032912,225,1,1131121,20261003,1,45174,0,feed,32280,0,20,32280
1791032912,227,1,1274259,20261003,1,45174,0,feed,32280,0,45,32280
1791032912,25,0,1324948,20261003,68,57222,124,feed,29220,67,92,26280
1791032912,25,1,1325654,20261003,1,57166,0,feed,31620,0,89,31620
1791032912,25,1,1326293,20261003,22,57231,166,feed,29160,21,89,28020
1791032912,25,0,1326888,20261003,1,19337,0,feed,29880,0,92,29880
1791032912,27,0,1363609,20261003,1,52857,0,feed,32400,0,23,32400
1791032912,27,1,1368218,20261003,1,51367,0,feed,,,,
1791032912,27,0,1369466,20261003,10,17713,185,feed,,,,
1791032912,3,1,1185296,20261003,1,56100,0,feed,32580,0,65,32580
1791032912,3,0,1185403,20261003,1,54097,0,feed,32100,0,64,32100
1791032912,3,0,1321117,20261003,5,17876,-196,feed,29400,4,64,28860
1791032912,3,1,1321969,20261003,1,56100,0,feed,30120,0,64,30120
1791032912,3,1,1322705,20261003,1,56100,0,feed,31920,0,64,31920
1791032912,3,0,1323136,20261003,34,926,215,feed,29100,33,65,27060
1791032912,3,1,1323352,20261003,16,80935,291,feed,29040,15,65,28140
1791032912,3,1,1324397,20261003,50,54046,174,feed,29160,49,64,26820
1791032912,3,1,1369528,20261003,1,56100,0,feed,,,,
1791032912,30,0,1212106,20261003,13,8305,512,feed,28800,12,48,28440
1791032912,30,1,1212213,20261003,1,15882,0,feed,30960,0,44,30960
1791032912,30,1,1213071,20261003,30,57645,-47,feed,29340,29,44,27420
1791032912,30,1,1213255,20261003,1,15882,0,feed,32760,0,44,32760
1791032912,30,1,1214617,20261003,1,15882,72,feed,29220,0,44,29220
1791032912,30,0,1215064,20261003,1,40238,0,feed,30240,0,48,30240
1791032912,30,0,1217801,20261003,1,40238,0,feed,32040,0,48,32040
1791032912,32,0,1331601,20261003,40,40635,-7,feed,,,,
1791032912,32,0,1332116,20261003,1,50155,0,feed,,,,
1791032912,32,0,1332305,20261003,1,50155,0,feed,,,,
1791032912,32,1,1364965,20261003,1,57685,0,feed,,,,
1791032912,32,1,1365346,20261003,2,3948,229,feed,,,,
1791032912,32,1,1366195,20261003,1,57685,0,feed,,,,
1791032912,32,1,1368017,20261003,48,12746,340,feed,,,,
1791032912,323,0,1132200,20261003,1,51116,31,feed,29640,0,23,29640
1791032912,323,1,1132330,20261003,2,57439,55,feed,29280,1,25,29220
1791032912,323,0,1133491,20261003,1,51116,0,feed,32700,0,23,32700
1791032912,323,1,1133674,20261003,1,57508,0,feed,31020,0,25,31020
1791032912,323,1,1134558,20261003,20,2446,85,feed,29220,19,25,28320
1791032912,323,1,1135512,20261003,1,57508,0,feed,32820,0,25,32820
1791032912,323,0,1136212,20261003,1,51116,0,feed,31560,0,23,31560
1791032912,345,1,1132958,20261003,1,57508,0,feed,32520,0,15,32520
1791032912,345,1,1134141,20261003,2,53873,75,feed,29400,1,15,28920
1791032912,345,0,1136184,20261003,1,56879,0,feed,32400,0,15,32400
1791032912,345,0,1137191,20261003,8,56939,65,feed,29400,7,15,28800
1791032912,36,0,1185999,20261003,1,57537,0,feed,31380,0,53,31380
1791032912,36,1,1220779,20261003,31,53705,199,feed,29160,30,50,28020
1791032912,36,1,1221282,20261003,1,50160,0,feed,29820,0,50,29820
1791032912,36,1,1362326,20261003,1,50160,0,feed,31620,0,50,31620
1791032912,36,0,1362765,20261003,1,57537,0,feed,29580,0,53,29580
1791032912,36,0,1363268,20261003,34,6245,182,feed,29100,33,53,27780
1791032912,38,1,1349414,20261003,53,3536,380,feed,,,,
1791032912,38,0,1349639,20261003,25,51029,225,feed,,,,
1791032912,38,0,1351532,20261003,1,48213,0,feed,,,,
1791032912,38,0,1351901,20261003,71,57204,-58,feed,,,,
1791032912,38,1,1354748,20261003,1,16494,0,feed,,,,
1791032912,38,0,1354833,20261003,1,48213,0,feed,,,,
1791032912,38,1,1355347,20261003,1,42032,0,feed,,,,
1791032912,38,1,1368131,20261003,25,56383,14,feed,,,,
1791032912,4,0,1159065,20261003,25,1857,8,feed,29280,24,87,28140
1791032912,4,1,1356771,20261003,1,14153,16,feed,29280,0,90,29280
1791032912,4,0,1358191,20261003,1,50231,0,feed,31380,0,89,31380
1791032912,4,0,1358682,20261003,1,50231,0,feed,29400,0,89,29400
1791032912,4,1,1359006,20261003,42,17927,77,feed,29280,41,85,27480
1791032912,4,1,1359383,20261003,85,1053,-104,feed,29340,84,90,25680
1791032912,4,1,1359891,20261003,1,14153,0,feed,32520,0,90,32520
1791032912,4,0,1360168,20261003,60,14955,37,feed,29280,59,89,26640
1791032912,4,0,1360423,20261003,1,50231,0,feed,32160,0,53,32160
1791032912,4,0,1360468,20261003,1,50231,0,feed,30480,0,53,30480
1791032912,4,1,1360574,20261003,1,14153,0,feed,31020,0,85,31020
1791032912,46,1,1266877,20261003,1,51550,0,feed,31500,0,59,31500
1791032912,46,0,1270543,20261003,15,997,8,feed,29280,14,62,28860
1791032912,46,1,1277051,20261003,39,183,210,feed,29100,38,59,27900
1791032912,46,0,1288147,20261003,1,220,0,feed,30660,0,62,30660
1791032912,48,0,1304579,20261003,1,19301,0,feed,32700,0,61,32700
1791032912,48,1,1348922,20261003,1,50152,0,feed,29400,0,61,29400
1791032912,48,0,1354143,20261003,5,17900,34,feed,29280,4,61,29100
1791032912,5,1,1367183,20261003,1,51846,0,feed,,,,
1791032912,5,0,1367363,20261003,74,9257,-191,feed,,,,
1791032912,5,0,1367768,20261003,1,51212,0,feed,,,,
1791032912,5,1,1367813,20261003,17,9611,207,feed,,,,
1791032912,515,1,1350270,20261003,1,56877,0,feed,31620,0,49,31620
1791032912,515,0,1350683,20261003,1,53704,0,feed,29460,0,49,29460
1791032912,515,0,1352230,20261003,1,53704,0,feed,31260,0,49,31260
1791032912,515,1,1352625,20261003,1,56877,0,feed,32520,0,49,32520
1791032912,515,1,1352996,20261003,45,1804,-44,feed,29340,44,49,28080
1791032912,515,1,1353223,20261003,1,56877,0,feed,29880,0,49,29880
1791032912,515,1,1353893,20261003,1,56877,0,feed,30780,0,49,30780
1791032912,515,0,1353967,20261003,25,649,67,feed,29220,24,49,28560
1791032912,515,1,1354295,20261003,2,4511,235,feed,29100,1,49,28980
1791032912,515,0,1354351,20261003,1,53704,0,feed,30360,0,49,30360
1791032912,515,0,1354827,20261003,1,53704,0,feed,32160,0,49,32160
1791032912,534,1,1344342,20261003,1,51824,0,feed,29700,0,32,29700
1791032912,534,0,1344416,20261003,1,56725,0,feed,31620,0,35,31620
1791032912,534,0,1344434,20261003,1,56725,0,feed,29820,0,35,29820
1791032912,534,1,1345027,20261003,1,51824,0,feed,31500,0,32,31500
1791032912,534,1,1345857,20261003,31,2069,128,feed,29160,30,32,27900
1791032912,538,0,1132277,20261003,6,1925,174,feed,29160,5,42,28800
1791032912,538,0,1133562,20261003,1,53704,0,feed,32400,0,42,32400
1791032912,538,0,1135114,20261003,41,52007,194,feed,29040,40,42,27000
1791032912,538,1,1318024,20261003,1,56880,0,feed,31680,0,40,31680
1791032912,538,1,1318336,20261003,1,56880,0,feed,29880,0,40,29880
1791032912,539,0,879515,20261003,1,56725,123,feed,29460,0,41,29460
1791032912,539,1,887554,20261003,1,56880,0,feed,31980,0,38,31980
1791032912,539,1,892839,20261003,29,1617,15,feed,29280,28,38,28380
1791032912,54,1,1132240,20261003,1,56100,0,feed,30000,0,27,30000
1791032912,54,0,1132790,20261003,1,56875,0,feed,32220,0,25,32220
1791032912,54,1,1132796,20261003,1,56100,0,feed,31800,0,27,31800
1791032912,54,0,1133608,20261003,1,56875,0,feed,29520,0,25,29520
1791032912,54,0,1346471,20261003,18,11740,148,feed,29220,17,46,27720
1791032912,54,1,1347038,20261003,1,42319,0,feed,32760,0,47,32760
1791032912,54,1,1347987,20261003,3,5287,-34,feed,29340,2,47,29160
1791032912,54,1,1348005,20261003,22,43282,193,feed,29220,21,47,27360
1791032912,54,1,1353102,20261003,21,48548,-16,feed,29340,20,27,27300
1791032912,54,0,1354169,20261003,1,56875,0,feed,31320,0,46,31320
1791032912,54,1,1360814,20261003,1,42319,0,feed,30960,0,47,30960
1791032912,540,0,1135740,20261003,1,53052,0,feed,30840,0,51,30840
1791032912,540,0,1138304,20261003,1,53052,254,feed,29040,0,51,29040
1791032912,540,1,883185,20261003,10,48626,194,feed,29100,9,48,28620
1791032912,540,1,891771,20261003,1,56879,0,feed,32220,0,48,32220
1791032912,546,1,1133968,20261003,28,2073,112,feed,29220,27,31,28260
1791032912,546,1,1137938,20261003,1,51824,0,feed,31860,0,31,31860
1791032912,546,0,885448,20261003,1,56725,0,feed,29760,0,33,29760
1791032912,61,1,1364571,20261003,65,15559,157,feed,,,,
1791032912,61,1,1364671,20261003,1,52761,0,feed,,,,
1791032912,61,0,1365086,20261003,5,17951,221,feed,,,,
1791032912,61,1,1365668,20261003,1,52761,0,feed,,,,
1791032912,61,0,1366634,20261003,48,49670,140,feed,,,,
1791032912,61,1,1367080,20261003,1,52761,0,feed,,,,
1791032912,61,0,1367765,20261003,71,11859,533,feed,,,,
1791032912,61,0,1368425,20261003,1,17905,0,feed,,,,
1791032912,61,1,1368603,20261003,26,81115,18,feed,,,,
1791032912,61,0,1368859,20261003,1,17905,0,feed,,,,
1791032912,615,0,1346064,20261003,1,41157,0,feed,31980,0,76,31980
1791032912,615,1,1346165,20261003,1,3540,0,feed,31920,0,76,31920
1791032912,615,1,1347073,20261003,24,5754,83,feed,29220,23,76,28320
1791032912,62,0,1349165,20261003,7,333,17,feed,29280,6,86,29100
1791032912,62,0,1349320,20261003,1,328,0,feed,30900,0,86,30900
1791032912,62,1,1349384,20261003,1,49141,0,feed,32040,0,83,32040
1791032912,62,1,1352537,20261003,1,49141,0,feed,30240,0,83,30240
1791032912,62,0,1354903,20261003,60,80932,-134,feed,29460,59,86,27300
1791032912,62,0,1359926,20261003,1,328,0,feed,32700,0,86,32700
1791032912,62,0,1359971,20261003,1,2611,0,feed,31380,0,67,31380
1791032912,62,1,1360619,20261003,27,46698,187,feed,29100,26,91,28200
1791032912,62,1,1362435,20261003,56,6270,77,feed,29220,55,83,26700
1791032912,63,1,1262710,20261003,1,51114,0,feed,,,,
1791032912,63,1,1269139,20261003,1,51114,0,feed,,,,
1791032912,63,1,1274289,20261003,1,51114,0,feed,,,,
1791032912,63,0,1346389,20261003,3,15798,36,feed,,,,
1791032912,63,1,1347243,20261003,1,51114,0,feed,,,,
1791032912,63,0,1347332,20261003,31,3135,-107,feed,,,,
1791032912,63,0,1348039,20261003,1,15795,0,feed,,,,
1791032912,63,1,1348120,20261003,56,15876,152,feed,,,,
1791032912,63,1,1348190,20261003,20,43282,253,feed,,,,
1791032912,63,0,1348647,20261003,1,15795,0,feed,,,,
1791032912,63,0,1368837,20261003,1,15795,0,feed,,,,
1791032912,64,1,1342583,20261003,1,52015,0,feed,29460,0,76,29460
1791032912,64,1,1343234,20261003,38,12878,42,feed,29280,37,76,28140
1791032912,64,0,1356049,20261003,1,52761,0,feed,32160,0,43,32160
1791032912,64,0,1358435,20261003,30,12958,166,feed,29160,29,78,27660
1791032912,64,0,1358440,20261003,1,52761,0,feed,29460,0,78,29460
1791032912,64,0,1359236,20261003,1,52761,0,feed,31260,0,78,31260
1791032912,64,1,1359588,20261003,59,43282,14,feed,29340,58,65,27360
1791032912,64,0,1359712,20261003,1,52761,0,feed,30360,0,43,30360
1791032912,64,1,1359911,20261003,1,42157,0,feed,31380,0,43,31380
1791032912,64,0,1360098,20261003,8,11776,125,feed,29280,7,43,28560
1791032912,64,1,1360712,20261003,1,52015,0,feed,32880,0,76,32880
1791032912,64,1,1360799,20261003,1,52015,0,feed,31140,0,76,31140
1791032912,645,1,1208148,20261003,1,53293,0,feed,,,,
1791032912,645,1,1340341,20261003,50,6776,456,feed,,,,
1791032912,645,0,1342044,20261003,1,6990,0,feed,,,,
1791032912,65,0,1349064,20261003,3,80985,128,feed,32460,2,40,32340
1791032912,65,1,1349743,20261003,1,57690,0,feed,30480,0,38,30480
1791032912,65,0,1349759,20261003,6,10696,81,feed,29220,5,40,28800
1791032912,65,1,1349914,20261003,1,57690,0,feed,32220,0,38,32220
1791032912,65,0,1350137,20261003,3,80985,128,feed,30720,2,40,30600
1791032912,65,1,1351571,20261003,7,3967,146,feed,29160,6,38,28800
1791032912,67,0,1270586,20261003,37,15057,10,feed,29280,36,65,27900
1791032912,67,1,1271715,20261003,1,56100,0,feed,31680,0,65,31680
1791032912,67,1,1351909,20261003,1,56100,0,feed,,,,
1791032912,67,1,1358213,20261003,65,53723,684,feed,28680,64,65,26280
1791032912,67,0,1359981,20261003,1,53723,0,feed,29700,0,65,29700
1791032912,67,1,1368614,20261003,26,15095,83,feed,,,,
1791032912,67,0,1369496,20261003,1,53723,0,feed,,,,
1791032912,68,0,1362641,20261003,2,9806,144,feed,32220,1,59,32220
1791032912,68,0,1363191,20261003,2,9806,38,feed,29520,1,87,29520
1791032912,68,0,1363418,20261003,1,53340,0,feed,32400,0,118,32400
1791032912,68,1,1364071,20261003,1,11904,0,feed,30300,0,117,30300
1791032912,68,1,1367360,20261003,21,40156,108,feed,,,,
1791032912,68,0,1367376,20261003,2,9806,50,feed,,,,
1791032912,68,0,1367488,20261003,51,2607,-45,feed,,,,
1791032912,68,1,1367646,20261003,34,2800,210,feed,,,,
1791032912,68,0,1368075,20261003,13,43288,18,feed,,,,
1791032912,68,1,1369146,20261003,1,57511,0,feed,,,,
1791032912,686,1,1171517,20261003,4,47705,-380,feed,30240,3,4,27660
1791032912,686,0,1331453,20261003,1,47705,0,feed,31320,0,3,31320
1791032912,686,1,1335159,20261003,1,56939,0,feed,30540,0,4,30540
1791032912,686,0,1335558,20261003,2,57622,-5,feed,29880,1,3,28500
1791032912,7,0,1356094,20261003,1,51779,0,feed,32340,0,64,32340
1791032912,7,0,1356647,20261003,1,51779,0,feed,30600,0,64,30600
1791032912,7,1,1357249,20261003,48,48897,4,feed,29340,47,60,26460
1791032912,7,1,1357950,20261003,1,17679,0,feed,30060,0,60,30060
1791032912,7,1,1359429,20261003,20,19322,9,feed,29280,19,60,28260
1791032912,7,0,1359569,20261003,40,13219,64,feed,29280,39,64,27180
1791032912,7,1,1360783,20261003,1,17679,0,feed,31860,0,60,31860
1791032912,71,1,1266754,20261003,1,51291,0,feed,31200,0,60,31200
1791032912,71,0,1267604,20261003,1,9715,0,feed,29820,0,58,29820
1791032912,71,1,1275684,20261003,1,51291,0,feed,29400,0,60,29400
1791032912,71,0,1286572,20261003,32,11903,47,feed,29280,31,58,28020
1791032912,71,0,1361292,20261003,1,9715,0,feed,31320,0,75,31320
1791032912,71,1,1363660,20261003,37,40128,89,feed,29220,36,60,27660
1791032912,716,0,1136877,20261003,1,50154,0,feed,29400,0,51,29400
1791032912,716,1,1137091,20261003,1,8728,0,feed,31320,0,50,31320
1791032912,72,1,1239871,20261003,1,13667,0,feed,32040,0,51,32040
1791032912,72,1,1240513,20261003,1,13667,0,feed,30240,0,51,30240
1791032912,72,1,1241205,20261003,19,13708,250,feed,29040,18,51,28440
1791032912,72,0,1342749,20261003,1,57615,0,feed,31920,0,54,31920
1791032912,72,0,1342898,20261003,1,57615,0,feed,30120,0,54,30120
1791032912,72,0,1342975,20261003,26,11834,186,feed,29520,25,54,28320
1791032912,721,1,1180924,20261003,10,9536,71,feed,29220,9,41,28800
1791032912,721,1,1181860,20261003,1,9522,0,feed,30600,0,41,30600
1791032912,721,0,1183526,20261003,5,9476,-64,feed,29340,4,43,29160
1791032912,721,0,1185414,20261003,1,51845,0,feed,32760,0,43,32760
1791032912,721,1,1186203,20261003,1,9522,0,feed,32400,0,41,32400
1791032912,721,0,1186726,20261003,1,51845,0,feed,30900,0,43,30900
1791032912,722,1,1177444,20261003,1,57636,0,feed,30000,0,53,30000
1791032912,722,0,1177596,20261003,1,56827,0,feed,32400,0,11,32400
1791032912,722,1,1181165,20261003,1,11486,0,feed,29520,0,14,29520
1791032912,722,0,1182378,20261003,1,56827,0,feed,30600,0,51,30600
1791032912,722,0,1187439,20261003,11,11486,-70,feed,29340,10,11,28800
1791032912,723,1,1179416,20261003,1,53224,0,feed,,,,
1791032912,723,0,1182074,20261003,1,51845,0,feed,,,,
1791032912,723,1,1183220,20261003,19,40454,73,feed,,,,
1791032912,724,1,1131506,20261003,12,42071,-70,feed,29340,11,35,28920
1791032912,724,0,1131523,20261003,18,52565,-42,feed,29340,17,33,28800
1791032912,724,1,1131724,20261003,1,53222,0,feed,31620,0,35,31620
1791032912,724,0,1131975,20261003,1,51846,0,feed,31500,0,33,31500
1791032912,724,1,1132983,20261003,1,53222,0,feed,29820,0,35,29820
1791032912,724,1,1134316,20261003,1,53222,0,feed,30720,0,35,30720
1791032912,724,1,1134468,20261003,1,53222,0,feed,32520,0,35,32520
1791032912,724,0,1134577,20261003,1,51846,0,feed,32400,0,33,32400
1791032912,724,0,1134855,20261003,1,51846,0,feed,29700,0,33,29700
1791032912,724,0,1135136,20261003,1,51846,0,feed,30600,0,33,30600
1791032912,725,1,1312574,20261003,1,56775,0,feed,29700,0,49,29700
1791032912,725,0,1312779,20261003,50,56775,269,feed,29100,49,50,26940
1791032912,725,0,1315971,20261003,1,57580,0,feed,30540,0,50,30540
1791032912,74,0,1355795,20261003,1,51546,22,feed,29280,0,59,29280
1791032912,74,1,1356106,20261003,1,13667,0,feed,29880,0,61,29880
1791032912,74,0,1359251,20261003,28,11740,285,feed,29040,27,59,27540
1791032912,74,1,1359469,20261003,57,56127,72,feed,29220,56,61,26340
1791032912,74,0,1359551,20261003,1,51546,0,feed,32820,0,59,32820
1791032912,74,1,1359729,20261003,1,13667,0,feed,31680,0,61,31680
1791032912,74,1,1360346,20261003,23,43282,158,feed,29460,22,61,28140
1791032912,74,0,1360675,20261003,1,51546,0,feed,31020,0,59,31020
1791032912,80,0,1313995,20261003,1,49979,0,feed,31320,0,42,31320
1791032912,80,1,1316824,20261003,1,50689,0,feed,29520,0,38,29520
1791032912,802,0,1195013,20261003,4,56057,84,feed,29220,3,46,29040
1791032912,802,0,1197663,20261003,1,57169,0,feed,32640,0,46,32640
1791032912,802,1,1206022,20261003,1,42622,160,feed,30120,0,45,30120
1791032912,804,0,1261508,20261003,1,14153,0,feed,32400,0,32,32400
1791032912,804,0,1261569,20261003,12,15952,154,feed,29040,11,32,28800
1791032912,805,0,1212210,20261003,2,40428,188,feed,29220,1,72,29040
1791032912,805,1,1215683,20261003,1,50716,0,feed,29460,0,72,29460
1791032912,805,0,1219010,20261003,1,56775,0,feed,32640,0,72,32640
1791032912,827,1,1313446,20261003,1,57167,0,feed,29760,0,51,29760
1791032912,83,0,1263947,20261003,1,53725,134,feed,31140,0,44,31140
1791032912,83,0,1265376,20261003,1,53725,0,feed,29340,0,44,29340
1791032912,83,1,1351655,20261003,1,52532,890,feed,28500,0,41,28500
1791032912,83,1,1353827,20261003,1,52532,0,feed,32280,0,41,32280
1791032912,83,1,1355055,20261003,1,52532,0,feed,30480,0,41,30480
1791032912,87,1,1304405,20261003,1,57690,0,feed,31380,0,70,31380
1791032912,87,1,1305499,20261003,36,18903,165,feed,29160,35,70,27780
1791032912,87,0,1349518,20261003,10,13072,42,feed,29280,9,71,28920
1791032912,87,0,1349920,20261003,1,51892,0,feed,30720,0,71,30720
1791032912,87,0,1350383,20261003,65,51368,-58,feed,29340,64,71,27120
1791032912,87,0,1351786,20261003,1,51892,0,feed,32580,0,71,32580
1791032912,87,1,1355430,20261003,1,57690,0,feed,29580,0,70,29580
1791032912,9,0,1356090,20261003,1,40247,0,feed,29520,0,112,29520
1791032912,9,0,1358009,20261003,46,3052,-134,feed,29400,45,100,27960
1791032912,9,1,1364535,20261003,1,51551,0,feed,,,,
1791032912,9,1,1366959,20261003,42,15344,35,feed,,,,
1791032912,9,0,1367020,20261003,1,52552,0,feed,,,,
1791032912,9,1,1367498,20261003,45,17899,1528,feed,,,,
1791032912,9,1,1367916,20261003,1,51551,69,feed,,,,
1791032912,9,0,1368117,20261003,95,16469,202,feed,,,,
1791032912,9,1,1368858,20261003,1,51551,0,feed,,,,
1791032912,901,0,882394,20261003,7,51433,120,feed,29160,6,20,28320
1791032912,901,1,886027,20261003,12,51416,240,feed,29160,11,20,27960
1791032912,901,1,887070,20261003,7,51411,60,feed,29280,6,20,28680
1791032912,901,0,887424,20261003,1,51405,0,feed,29760,0,20,29760
1791032912,901,1,890381,20261003,18,51421,0,feed,29280,17,20,27240
1791032912,901,0,899557,20261003,2,51437,120,feed,29220,1,20,29040
1791032912,901,1,904334,20261003,3,56336,0,feed,29580,2,20,29400
1791032912,902,1,878992,20261003,12,56037,0,feed,29340,11,24,28020
1791032912,902,1,879372,20261003,1,56026,0,feed,29460,0,24,29460
1791032912,902,1,880385,20261003,21,51423,180,feed,29220,20,24,26580
1791032912,902,1,883692,20261003,17,56042,-60,feed,29340,16,24,27300
1791032912,902,0,891927,20261003,18,56012,240,feed,29040,17,24,26940
1791032912,902,0,894571,20261003,4,51408,-60,feed,29400,3,24,29100
1791032912,902,1,894931,20261003,5,56030,0,feed,29280,4,24,28740
1791032912,902,0,899151,20261003,13,56007,240,feed,29100,12,24,27660
1791032912,902,0,902787,20261003,9,56003,120,feed,29280,8,24,28380
1791032912,902,0,984370,20261003,3,56336,0,feed,30000,2,24,29820
1791032912,903,1,1262783,20261003,1,56874,0,feed,29520,0,6,29520
1791032912,903,0,1267569,20261003,6,56874,11,feed,29220,5,6,27960
1791032912,903,0,1269438,20261003,1,57285,0,feed,31560,0,6,31560
1791032912,903,0,1271793,20261003,1,57285,0,feed,29760,0,6,29760
1791032912,903,1,1276237,20261003,1,56874,0,feed,31320,0,6,31320
1791032912,904,1,1264566,20261003,1,56800,0,feed,32460,0,12,32460
1791032912,904,1,1274056,20261003,1,56800,0,feed,29760,0,12,29760
1791032912,904,0,1365137,20261003,1,56830,0,feed,,,,
1791032912,904,0,1366151,20261003,3,56831,215,feed,,,,
1791032912,904,0,1366804,20261003,1,56830,0,feed,,,,
1791032912,904,1,1367422,20261003,8,52719,190,feed,,,,
1791032912,904,0,1367662,20261003,1,56830,0,feed,,,,
1791032912,904,0,1367723,20261003,1,56830,0,feed,,,,
1791032912,904,1,1368435,20261003,5,53301,79,feed,,,,
1791032912,904,1,1368727,20261003,1,56800,0,feed,,,,
1791032912,904,0,1368821,20261003,6,48084,111,feed,,,,
1791032912,904,0,1368948,20261003,11,53314,182,feed,,,,
1791032912,904,1,1369189,20261003,1,56800,0,feed,,,,
1791032912,905,0,1343818,20261003,1,52761,0,feed,32100,0,16,32100
1791032912,905,0,1343957,20261003,1,52761,0,feed,30300,0,16,30300
1791032912,905,1,1344391,20261003,1,57441,0,feed,32040,0,16,32040
1791032912,905,1,1344816,20261003,1,57441,0,feed,30240,0,16,30240
1791032912,905,0,1344888,20261003,1,52761,0,feed,31200,0,16,31200
1791032912,905,1,1345344,20261003,1,57441,0,feed,31140,0,16,31140
1791032912,905,1,1345395,20261003,14,11863,-133,feed,29460,13,16,27540
1791032912,905,0,1345575,20261003,14,57438,-185,feed,29400,13,16,27600
1791032912,905,0,1345720,20261003,7,57424,-43,feed,29340,6,16,28500
1791032912,905,1,1345824,20261003,8,57427,-43,feed,29340,7,16,28440
1791032912,905,0,1345882,20261003,1,52761,0,feed,29400,0,16,29400
1791032912,905,1,1345894,20261003,1,57441,0,feed,29340,0,16,29340
1791032912,921,1,1364641,20261003,5,18523,432,feed,,,,
1791032912,921,1,1365033,20261003,1,52531,0,feed,,,,
1791032912,921,0,1365372,20261003,1,51544,0,feed,,,,
1791032912,921,1,1366169,20261003,1,52531,0,feed,,,,
1791032912,921,0,1366281,20261003,1,51544,0,feed,,,,
1791032912,921,0,1366875,20261003,2,53362,-169,feed,,,,
1791032912,921,1,1367058,20261003,1,52531,0,feed,,,,
1791032912,921,0,1367258,20261003,9,56115,7,feed,,,,
1791032912,921,1,1367980,20261003,1,52531,0,feed,,,,
1791032912,921,1,1368062,20261003,,,,canceled,,,,
1791032912,921,1,1368115,20261003,17,56127,434,feed,,,,
1791032912,921,0,1368747,20261003,1,51544,0,feed,,,,
1791032912,921,0,1368907,20261003,20,52531,-17,feed,,,,
1791032912,921,0,1368929,20261003,,,,canceled,,,,
1791032912,921,0,1369262,20261003,1,51544,0,feed,,,,
1791032912,922,0,1311219,20261003,32,57455,-381,feed,29340,31,35,26160
1791032912,922,0,1311468,20261003,18,57327,189,feed,29220,17,35,27600
1791032912,922,1,1311599,20261003,1,56100,0,feed,31260,0,34,31260
1791032912,922,1,1311892,20261003,1,56100,0,feed,30540,0,34,30540
1791032912,922,1,1312027,20261003,1,56100,0,feed,31920,0,34,31920
1791032912,922,0,1313079,20261003,31,3142,-112,feed,30000,30,35,26880
1791032912,922,1,1313080,20261003,12,16997,63,feed,29760,11,34,28560
1791032912,922,1,1313979,20261003,14,57335,-85,feed,29340,13,34,27900
1791032912,922,0,1314032,20261003,1,57314,0,feed,30480,0,35,30480
1791032912,922,0,1314530,20261003,1,57314,0,feed,31920,0,35,31920
1791032912,922,0,1314542,20261003,1,57314,0,feed,32640,0,35,32640
1791032912,922,0,1314786,20261003,1,57314,0,feed,29760,0,35,29760
1791032912,922,1,1314831,20261003,1,56100,72,feed,29220,0,34,29220
1791032912,922,0,1314847,20261003,5,4866,8,feed,29340,4,35,29040
1791032912,922,1,1314975,20261003,1,56100,0,feed,32640,0,34,32640
1791032912,922,0,1315911,20261003,12,16884,14,feed,29400,11,35,28320
1791032912,922,1,1316438,20261003,1,56100,0,feed,29880,0,34,29880
1791032912,922,1,1316443,20261003,22,40954,70,feed,29280,21,34,27180
1791032912,922,1,1316963,20261003,30,3523,-123,feed,29400,29,34,26400
1791032912,922,0,1317366,20261003,1,57314,0,feed,31200,0,35,31200
1791032912,923,1,1262753,20261003,14,17839,14,feed,29400,13,23,28320
1791032912,923,0,1265790,20261003,1,56897,0,feed,31380,0,22,31380
1791032912,923,1,1267369,20261003,1,57278,0,feed,30060,0,23,30060
1791032912,923,1,1268277,20261003,1,57278,0,feed,31980,0,23,31980
1791032912,923,0,1268664,20261003,21,56826,644,feed,28680,20,22,26880
1791032912,923,1,1268740,20261003,2,56826,54,feed,29280,1,23,29220
1791032912,923,0,1268963,20261003,1,56897,0,feed,32220,0,22,32220
1791032912,923,0,1274274,20261003,1,56897,0,feed,29580,0,22,29580
1791032912,923,0,1275401,20261003,6,17856,152,feed,29280,5,22,28680
1791032912,923,1,1275570,20261003,1,57278,0,feed,32820,0,23,32820
1791032912,923,1,1339286,20261003,17,56317,646,feed,28800,16,23,27420
1791032912,923,0,1340494,20261003,1,56897,0,feed,30480,0,22,30480
1791032912,923,0,1340991,20261003,16,9673,210,feed,29100,15,22,27780
1791032912,923,1,1341692,20261003,1,57278,0,feed,31080,0,23,31080
1791032912,924,0,1336669,20261003,37,9658,-341,feed,29340,36,40,25740
1791032912,924,1,1336850,20261003,6,56903,124,feed,29220,5,41,28740
1791032912,924,1,1337086,20261003,41,56873,282,feed,29100,40,41,25200
1791032912,924,0,1337195,20261003,1,56873,0,feed,30060,0,40,30060
1791032912,924,1,1337487,20261003,1,56823,0,feed,30780,0,41,30780
1791032912,924,0,1338262,20261003,1,56873,0,feed,31440,0,40,31440
1791032912,924,1,1338497,20261003,25,56913,443,feed,28920,24,41,26640
1791032912,924,1,1338867,20261003,1,56823,0,feed,29400,0,41,29400
1791032912,924,1,1339801,20261003,20,17912,202,feed,29160,19,41,27360
1791032912,924,0,1340031,20261003,1,56873,0,feed,30720,0,40,30720
1791032912,924,1,1340191,20261003,35,441,41,feed,29280,34,41,25920
1791032912,924,0,1340302,20261003,10,81078,105,feed,29400,9,40,28620
1791032912,924,0,1340345,20261003,22,17897,145,feed,29280,21,40,27180
1791032912,924,1,1340745,20261003,1,56823,0,feed,31500,0,41,31500
1791032912,924,0,1340898,20261003,1,56873,0,feed,32880,0,40,32880
1791032912,924,0,1341119,20261003,29,43275,-142,feed,29340,28,40,26460
1791032912,924,0,1341360,20261003,16,56925,93,feed,29340,15,40,27900
1791032912,924,0,1342026,20261003,1,56873,23,feed,29340,0,40,29340
1791032912,924,1,1342119,20261003,1,56823,0,feed,30060,0,41,30060
1791032912,924,0,1342152,20261003,1,56873,0,feed,32160,0,40,32160
1791032912,924,1,1342265,20261003,11,56906,379,feed,28920,10,41,28080
1791032912,924,1,1342450,20261003,1,56823,0,feed,32220,0,41,32220
1791032912,925,0,1273285,20261003,19,17941,94,feed,29340,18,35,27660
1791032912,925,0,1275013,20261003,35,57541,75,feed,29220,34,35,26220
1791032912,925,1,1331708,20261003,1,57541,0,feed,32220,0,35,32220
1791032912,925,1,1332065,20261003,1,57541,0,feed,30840,0,35,30840
1791032912,925,1,1332423,20261003,1,57541,0,feed,30120,0,35,30120
1791032912,925,1,1333394,20261003,34,1156,596,feed,28800,33,35,25860
1791032912,925,0,1333615,20261003,1,53703,0,feed,30480,0,35,30480
1791032912,925,0,1333671,20261003,1,53703,0,feed,31200,0,35,31200
1791032912,925,0,1333840,20261003,1,53703,0,feed,32640,0,35,32640
1791032912,925,0,1333856,20261003,1,53703,0,feed,29760,0,35,29760
1791032912,925,1,1333922,20261003,22,42219,-82,feed,29340,21,35,27300
1791032912,925,1,1334075,20261003,1,57541,0,feed,31500,0,35,31500
1791032912,925,0,1334536,20261003,28,16136,38,feed,29340,27,35,26940
1791032912,925,1,1334788,20261003,32,1149,-148,feed,29400,31,35,26580
1791032912,925,0,1335271,20261003,5,1259,-65,feed,29340,4,35,29040
1791032912,925,1,1335505,20261003,7,16112,63,feed,29280,6,35,28740
1791032912,925,1,1335575,20261003,12,17919,214,feed,29100,11,35,28020
1791032912,925,0,1335632,20261003,13,1316,-211,feed,29340,12,35,28320
1791032912,925,1,1335851,20261003,1,57541,0,feed,29400,0,35,29400
1791032912,925,0,1335885,20261003,1,53703,0,feed,31920,0,35,31920
1791032912,94,0,1183455,20261003,1,51200,0,feed,31380,0,15,31380
1791032912,94,1,1185711,20261003,7,57088,352,feed,29280,6,16,28440
1791032912,94,1,1339808,20261003,1,56100,0,feed,,,,
1791032912,94,0,1341213,20261003,1,51200,0,feed,,,,
1791032912,94,1,1347126,20261003,1,56100,0,feed,,,,
1791032912,94,0,1347990,20261003,11,3142,304,feed,,,,
1791033812,10,0,1325424,20261003,8,17994,174,feed,30060,7,49,29640
1791033812,10,0,1325509,20261003,1,19337,0,feed,,,,
1791033812,10,1,1325831,20261003,53,19337,76,feed,30180,52,53,27120
1791033812,10,1,1326077,20261003,22,17165,196,feed,,,,
1791033812,10,1,1326155,20261003,6,40724,201,feed,30000,5,64,29640
1791033812,10,1,1326235,20261003,1,57165,0,feed,31440,0,64,31440
1791033812,10,1,1326652,20261003,1,57165,0,feed,33240,0,64,33240
1791033812,10,0,1326911,20261003,1,19337,0,feed,31500,0,49,31500
1791033812,10,0,1329456,20261003,33,17156,-21,feed,30240,32,60,28200
1791033812,10,1,1330696,20261003,1,57165,0,feed,32460,0,53,32460
1791033812,10,0,1345684,20261003,1,19337,0,feed,30600,0,60,30600
1791033812,10,0,1367261,20261003,1,19337,0,feed,,,,
1791033812,10,1,1368333,20261003,1,57165,0,feed,,,,
1791033812,10,1,1368985,20261003,50,17227,141,feed,,,,
1791033812,11,1,1317736,20261003,1,49304,0,feed,,,,
1791033812,11,1,1318718,20261003,1,49304,0,feed,,,,
1791033812,11,1,1333584,20261003,33,14678,303,feed,29940,32,79,28800
1791033812,11,1,1353882,20261003,1,49304,0,feed,31500,0,79,31500
1791033812,11,0,1364493,20261003,1,51828,0,feed,,,,
1791033812,11,0,1364891,20261003,1,51828,0,feed,,,,
1791033812,11,0,1365010,20261003,23,51795,166,feed,,,,
1791033812,11,0,1367555,20261003,60,14636,145,feed,,,,
1791033812,11,1,1367697,20261003,1,49304,0,feed,,,,
1791033812,11,0,1368798,20261003,1,51828,0,feed,,,,
1791033812,11,1,1368811,20261003,64,17719,445,feed,,,,
1791033812,14,1,1331025,20261003,29,16401,205,feed,30000,28,82,28980
1791033812,14,0,1331063,20261003,1,4345,0,feed,32160,0,80,32160
1791033812,14,1,1331282,20261003,1,50153,0,feed,30720,0,82,30720
1791033812,14,1,1332127,20261003,1,50153,0,feed,32520,0,82,32520
1791033812,14,0,1332360,20261003,35,56137,160,feed,30060,34,80,28620
1791033812,14,1,1332463,20261003,63,15587,327,feed,29880,62,82,27180
1791033812,14,0,1332502,20261003,75,8384,-55,feed,30240,74,80,26820
1791033812,14,0,1333037,20261003,1,4345,0,feed,30420,0,80,30420
1791033812,17,0,1132652,20261003,1,57458,0,feed,33360,0,63,33360
1791033812,17,1,1317951,20261003,39,3525,584,feed,29640,38,65,27240
1791033812,17,1,1318412,20261003,20,17978,72,feed,30180,19,65,29040
1791033812,17,0,1324422,20261003,2,3566,262,feed,29940,1,63,29820
1791033812,17,0,1333898,20261003,1,57458,0,feed,31560,0,63,31560
1791033812,17,1,1335969,20261003,1,17192,0,feed,30840,0,65,30840
1791033812,17,1,1367100,20261003,1,17192,0,feed,,,,
1791033812,17,0,1367673,20261003,39,1905,147,feed,,,,
1791033812,18,0,1361017,20261003,50,19317,-159,feed,30360,49,51,27240
1791033812,18,0,1361139,20261003,1,57131,0,feed,,,,
1791033812,18,1,1365623,20261003,1,56800,0,feed,,,,
1791033812,18,1,1366496,20261003,31,1231,389,feed,,,,
1791033812,18,1,1366899,20261003,1,56800,0,feed,,,,
1791033812,18,0,1366999,20261003,38,620,111,feed,,,,
1791033812,18,1,1367572,20261003,1,56800,0,feed,,,,
1791033812,18,0,1367589,20261003,1,57131,0,feed,,,,
1791033812,18,0,1367743,20261003,1,51852,0,feed,,,,
1791033812,18,1,1367843,20261003,5,17980,33,feed,,,,
1791033812,18,1,1367855,20261003,14,81077,115,feed,,,,
1791033812,18,0,1368895,20261003,72,1900,-144,feed,,,,
1791033812,18,1,1369195,20261003,1,56800,0,feed,,,,
1791033812,18,0,1369255,20261003,24,1872,-6,feed,,,,
1791033812,18,1,1369355,20261003,75,42515,79,feed,,,,
1791033812,18,0,1369467,20261003,1,51852,0,feed,,,,
1791033812,2,1,1275547,20261003,1,50670,0,feed,33000,0,34,33000
1791033812,2,0,1319327,20261003,1,57469,0,feed,32220,0,34,32220
1791033812,2,0,1319576,20261003,1,57469,0,feed,30420,0,34,30420
1791033812,2,0,1331067,20261003,1,57469,0,feed,31320,0,41,31320
1791033812,2,0,1332712,20261003,28,13225,10,feed,30240,27,41,28680
1791033812,2,0,1333277,20261003,12,52239,-65,feed,30240,11,41,29580
1791033812,2,1,1361126,20261003,1,57618,0,feed,33300,0,42,33300
1791033812,2,1,1361535,20261003,28,56910,534,feed,29700,27,42,27960
1791033812,2,1,1362086,20261003,1,57618,0,feed,,,,
1791033812,2,1,1363769,20261003,7,56699,95,feed,30120,6,42,29760
1791033812,2,0,1363982,20261003,1,57469,0,feed,33120,0,41,33120
1791033812,215,1,1268010,20261003,1,5020,0,feed,33360,0,27,33360
1791033812,215,1,1269764,20261003,8,57718,94,feed,30120,7,27,29760
1791033812,215,0,1271377,20261003,1,49979,0,feed,31440,0,30,31440
1791033812,219,0,1303185,20261003,15,53177,44,feed,30240,14,74,29760
1791033812,219,0,1304104,20261003,1,57340,0,feed,33360,0,74,33360
1791033812,219,1,1311569,20261003,6,7566,264,feed,29940,5,71,29700
1791033812,219,1,1313107,20261003,1,5020,0,feed,33300,0,71,33300
1791033812,22,1,1357692,20261003,51,81107,106,feed,30120,50,84,27180
1791033812,22,1,1357780,20261003,18,51287,-87,feed,,,,
1791033812,22,0,1365015,20261003,1,4558,0,feed,,,,
1791033812,22,0,1365245,20261003,1,4558,0,feed,,,,
1791033812,22,0,1366038,20261003,70,11412,178,feed,,,,
1791033812,22,0,1366517,20261003,22,19491,602,feed,,,,
1791033812,22,1,1367544,20261003,1,56825,0,feed,,,,
1791033812,22,1,1368123,20261003,32,17907,41,feed,,,,
1791033812,22,0,1368193,20261003,1,4558,0,feed,,,,
1791033812,22,1,1368394,20261003,85,4468,-59,feed,,,,
1791033812,22,1,1368672,20261003,1,56825,0,feed,,,,
1791033812,22,1,1369027,20261003,1,56825,0,feed,,,,
1791033812,22,0,1369165,20261003,3,4662,138,feed,,,,
1791033812,22,0,1369270,20261003,48,19294,175,feed,,,,
1791033812,223,1,1360923,20261003,1,5020,0,feed,31260,0,34,31260
1791033812,223,0,1361983,20261003,33,5020,492,feed,29760,32,33,27960
1791033812,223,0,1362089,20261003,1,57691,0,feed,33360,0,33,33360
1791033812,223,0,1362666,20261003,8,45284,44,feed,30180,7,33,29760
1791033812,223,1,1363749,20261003,1,5020,0,feed,33060,0,34,33060
1791033812,225,1,1131121,20261003,1,45174,0,feed,32280,0,20,32280
1791033812,227,1,1274259,20261003,1,45174,0,feed,32280,0,45,32280
1791033812,25,0,1324948,20261003,90,13923,-9,feed,30240,89,92,26280
1791033812,25,1,1325654,20261003,1,57166,0,feed,31620,0,89,31620
1791033812,25,1,1326293,20261003,48,14151,127,feed,30060,47,89,28020
1791033812,25,0,1326497,20261003,1,19337,0,feed,33480,0,92,33480
1791033812,25,0,1326888,20261003,3,1920,204,feed,30060,2,92,29880
1791033812,27,0,1363609,20261003,1,52857,0,feed,32400,0,23,32400
1791033812,27,1,1368218,20261003,1,51367,0,feed,,,,
1791033812,3,1,1185296,20261003,1,56100,0,feed,32580,0,65,32580
1791033812,3,0,1185403,20261003,1,54097,0,feed,32100,0,64,32100
1791033812,3,1,1188234,20261003,1,56100,0,feed,33720,0,64,33720
1791033812,3,0,1321117,20261003,17,16111,-24,feed,30240,16,64,28860
1791033812,3,1,1321969,20261003,1,56100,83,feed,30120,0,64,30120
1791033812,3,1,1322705,20261003,1,56100,0,feed,31920,0,64,31920
1791033812,3,0,1323136,20261003,53,80930,220,feed,30000,52,65,27060
1791033812,3,0,1323264,20261003,1,54097,0,feed,32940,0,65,32940
1791033812,3,1,1323352,20261003,37,881,275,feed,29940,36,65,28140
1791033812,3,1,1369528,20261003,1,56100,0,feed,,,,
1791033812,30,0,1212106,20261003,32,46493,507,feed,29700,31,48,28440
1791033812,30,1,1212213,20261003,1,15882,0,feed,30960,0,44,30960
1791033812,30,1,1213255,20261003,1,15882,0,feed,32760,0,44,32760
1791033812,30,1,1214617,20261003,10,48320,72,feed,30120,9,44,29220
1791033812,30,0,1215064,20261003,1,40238,0,feed,30240,0,48,30240
1791033812,30,0,1217801,20261003,1,40238,0,feed,32040,0,48,32040
1791033812,32,0,1331227,20261003,1,50155,0,feed,33300,0,59,33300
1791033812,32,0,1332116,20261003,1,50155,0,feed,,,,
1791033812,32,0,1332305,20261003,16,53154,44,feed,,,,
1791033812,32,1,1364965,20261003,1,57685,0,feed,,,,
1791033812,32,1,1365346,20261003,29,57446,164,feed,,,,
1791033812,32,1,1366195,20261003,1,57685,0,feed,,,,
1791033812,323,0,1132200,20261003,12,2469,81,feed,30120,11,23,29640
1791033812,323,1,1132330,20261003,22,48974,-19,feed,30240,21,25,29220
1791033812,323,0,1133491,20261003,1,51116,0,feed,32700,0,23,32700
1791033812,323,1,1133674,20261003,1,57508,0,feed,31020,0,25,31020
1791033812,323,1,1135512,20261003,1,57508,0,feed,32820,0,25,32820
1791033812,323,0,1136212,20261003,1,51116,0,feed,31560,0,23,31560
1791033812,345,1,1132958,20261003,1,57508,0,feed,32520,0,15,32520
1791033812,345,1,1134141,20261003,8,56939,-105,feed,30900,7,15,28920
1791033812,345,0,1136184,20261003,1,56879,0,feed,32400,0,15,32400
1791033812,345,0,1137191,20261003,12,420,9,feed,30180,11,15,28800
1791033812,36,0,1176582,20261003,1,57537,0,feed,33060,0,53,33060
1791033812,36,0,1185999,20261003,1,57537,0,feed,31380,0,53,31380
1791033812,36,1,1221282,20261003,8,1115,81,feed,30120,7,50,29820
1791033812,36,1,1362326,20261003,1,50160,0,feed,31620,0,50,31620
1791033812,36,0,1362765,20261003,19,50601,-31,feed,30300,18,53,29580
1791033812,36,1,1368040,20261003,1,50160,0,feed,,,,
1791033812,38,1,1349414,20261003,78,3601,368,feed,,,,
1791033812,38,0,1349639,20261003,50,43587,82,feed,,,,
1791033812,38,0,1351532,20261003,1,48213,0,feed,,,,
1791033812,38,0,1351901,20261003,92,51543,38,feed,,,,
1791033812,38,1,1354748,20261003,1,16494,0,feed,,,,
1791033812,38,0,1354833,20261003,6,48209,4,feed,,,,
1791033812,38,1,1355347,20261003,1,42032,0,feed,,,,
1791033812,38,1,1368131,20261003,41,169,64,feed,,,,
1791033812,38,0,1369308,20261003,1,48213,0,feed,,,,
1791033812,4,0,1159065,20261003,44,17936,102,feed,30120,43,87,28140
1791033812,4,1,1356771,20261003,26,14937,19,feed,30180,25,90,29280
1791033812,4,0,1358191,20261003,1,50231,0,feed,31380,0,89,31380
1791033812,4,0,1358682,20261003,22,1005,-8,feed,30240,21,89,29400
1791033812,4,1,1359006,20261003,53,40668,246,feed,30000,52,85,27480
1791033812,4,1,1359891,20261003,1,14153,0,feed,32520,0,90,32520
1791033812,4,0,1359977,20261003,1,50231,0,feed,33120,0,89,33120
1791033812,4,0,1360168,20261003,82,16000,-150,feed,30240,81,89,26640
1791033812,4,0,1360423,20261003,1,50231,0,feed,32160,0,53,32160
1791033812,4,0,1360468,20261003,1,50231,0,feed,30480,0,53,30480
1791033812,4,1,1360574,20261003,1,14153,0,feed,31020,0,85,31020
1791033812,46,1,1266877,20261003,1,51550,0,feed,31500,0,59,31500
1791033812,46,0,1270543,20261003,46,17650,-69,feed,30240,45,62,28860
1791033812,46,1,1279525,20261003,1,51550,0,feed,33300,0,59,33300
1791033812,46,0,1288147,20261003,1,220,0,feed,30660,0,62,30660
1791033812,48,0,1304579,20261003,1,19301,0,feed,32700,0,61,32700
1791033812,48,1,1348922,20261003,29,19596,-46,feed,30240,28,61,29400
1791033812,48,0,1354143,20261003,24,40580,37,feed,30180,23,61,29100
1791033812,48,1,1354633,20261003,1,50152,0,feed,33000,0,61,33000
1791033812,5,0,1366026,20261003,1,51212,0,feed,,,,
1791033812,5,1,1367183,20261003,1,51846,0,feed,,,,
1791033812,5,0,1367768,20261003,1,51212,86,feed,,,,
1791033812,5,1,1367813,20261003,41,51791,353,feed,,,,
1791033812,515,1,1350270,20261003,1,56877,0,feed,31620,0,49,31620
1791033812,515,0,1350683,20261003,24,647,149,feed,30060,23,49,29460
1791033812,515,1,1351176,20261003,1,56877,0,feed,33420,0,49,33420
1791033812,515,0,1352230,20261003,1,53704,0,feed,31260,0,49,31260
1791033812,515,1,1352625,20261003,1,56877,0,feed,32520,0,49,32520
1791033812,515,1,1353223,20261003,2,4511,331,feed,30000,1,49,29880
1791033812,515,0,1353288,20261003,1,53704,0,feed,33060,0,49,33060
1791033812,515,1,1353893,20261003,1,56877,0,feed,30780,0,49,30780
1791033812,515,1,1354295,20261003,33,4356,327,feed,29880,32,49,28980
1791033812,515,0,1354351,20261003,1,53704,0,feed,30360,0,49,30360
1791033812,515,0,1354827,20261003,1,53704,0,feed,32160,0,49,32160
1791033812,534,1,1344342,20261003,11,50070,144,feed,30120,10,32,29700
1791033812,534,0,1344416,20261003,1,56725,0,feed,31620,0,35,31620
1791033812,534,0,1344434,20261003,11,57519,-1,feed,30180,10,35,29820
1791033812,534,1,1345027,20261003,1,51824,0,feed,31500,0,32,31500
1791033812,534,1,1345372,20261003,1,51824,0,feed,33300,0,32,33300
1791033812,534,0,1345591,20261003,1,56725,0,feed,33420,0,35,33420
1791033812,538,0,1132277,20261003,22,42083,205,feed,30000,21,42,28800
1791033812,538,0,1133562,20261003,1,53704,0,feed,32400,0,42,32400
1791033812,538,1,1318024,20261003,1,56880,0,feed,31680,0,40,31680
1791033812,538,1,1318336,20261003,1,56880,271,feed,29880,0,40,29880
1791033812,539,0,1137973,20261003,1,56725,0,feed,33120,0,41,33120
1791033812,539,0,879515,20261003,16,43664,220,feed,30000,15,41,29460
1791033812,539,1,887554,20261003,1,56880,0,feed,31980,0,38,31980
1791033812,54,1,1132240,20261003,2,57419,12,feed,30180,1,27,30000
1791033812,54,0,1132790,20261003,1,56875,0,feed,32220,0,25,32220
1791033812,54,1,1132796,20261003,1,56100,0,feed,31800,0,27,31800
1791033812,54,0,1133608,20261003,9,13143,22,feed,30480,8,25,29520
1791033812,54,1,1342013,20261003,1,56100,0,feed,33600,0,27,33600
1791033812,54,0,1346176,20261003,1,56875,0,feed,33120,0,46,33120
1791033812,54,0,1346471,20261003,28,53982,153,feed,30060,27,46,27720
1791033812,54,1,1347038,20261003,1,42319,0,feed,32760,0,47,32760
1791033812,54,1,1347987,20261003,12,12934,-125,feed,30240,11,47,29160
1791033812,54,1,1348005,20261003,30,10366,411,feed,29880,29,47,27360
1791033812,54,0,1354169,20261003,1,56875,0,feed,31320,0,46,31320
1791033812,54,1,1360814,20261003,1,42319,0,feed,30960,0,47,30960
1791033812,540,0,1135740,20261003,1,53052,0,feed,30840,0,51,30840
1791033812,540,0,1138304,20261003,25,56554,158,feed,30060,24,51,29040
1791033812,540,1,883185,20261003,33,41609,209,feed,30000,32,48,28620
1791033812,540,1,891771,20261003,1,56879,0,feed,32220,0,48,32220
1791033812,546,1,1137938,20261003,1,51824,0,feed,31860,0,31,31860
1791033812,546,0,885448,20261003,9,52296,-28,feed,30240,8,33,29760
1791033812,546,0,895752,20261003,1,56725,11,feed,33360,0,33,33360
1791033812,61,1,1364671,20261003,14,80817,-64,feed,,,,
1791033812,61,0,1365086,20261003,28,10624,71,feed,,,,
1791033812,61,1,1365668,20261003,1,52761,0,feed,,,,
1791033812,61,0,1366634,20261003,65,80958,161,feed,,,,
1791033812,61,1,1367080,20261003,1,52761,0,feed,,,,
1791033812,61,0,1368425,20261003,1,17905,0,feed,,,,
1791033812,61,1,1368603,20261003,44,10653,88,feed,,,,
1791033812,61,0,1368859,20261003,1,17905,0,feed,,,,
1791033812,615,0,1346064,20261003,1,41157,0,feed,31980,0,76,31980
1791033812,615,1,1346165,20261003,1,3540,0,feed,31920,0,76,31920
1791033812,615,1,1347073,20261003,47,49580,146,feed,30060,46,76,28320
1791033812,62,0,1349165,20261003,42,6336,-114,feed,30240,41,86,29100
1791033812,62,0,1349320,20261003,1,328,0,feed,30900,0,86,30900
1791033812,62,1,1349384,20261003,1,49141,0,feed,32040,0,83,32040
1791033812,62,1,1352537,20261003,1,49141,0,feed,30240,0,83,30240
1791033812,62,0,1354903,20261003,79,50574,-174,feed,30240,78,86,27300
1791033812,62,0,1359926,20261003,1,328,0,feed,32700,0,86,32700
1791033812,62,0,1359971,20261003,1,2611,0,feed,31380,0,67,31380
1791033812,62,1,1360619,20261003,44,11912,39,feed,30180,43,91,28200
1791033812,63,1,1262710,20261003,1,51114,0,feed,,,,
1791033812,63,1,1269139,20261003,1,51114,0,feed,,,,
1791033812,63,1,1271234,20261003,1,51114,0,feed,,,,
1791033812,63,1,1274289,20261003,8,13587,139,feed,,,,
1791033812,63,0,1346133,20261003,1,15795,0,feed,,,,
1791033812,63,0,1346389,20261003,20,56946,139,feed,,,,
1791033812,63,1,1347243,20261003,1,51114,0,feed,,,,
1791033812,63,0,1347332,20261003,42,3152,-270,feed,,,,
1791033812,63,0,1348039,20261003,1,15795,0,feed,,,,
1791033812,63,1,1348190,20261003,37,56947,95,feed,,,,
1791033812,63,0,1348647,20261003,1,15795,0,feed,,,,
1791033812,63,0,1368837,20261003,1,15795,0,feed,,,,
1791033812,64,1,1342583,20261003,20,3888,54,feed,30060,19,76,29460
1791033812,64,1,1343234,20261003,62,11808,147,feed,30060,61,76,28140
1791033812,64,0,1356049,20261003,1,52761,0,feed,32160,0,43,32160
1791033812,64,0,1357757,20261003,1,52761,0,feed,33060,0,78,33060
1791033812,64,0,1358435,20261003,63,56898,209,feed,30000,62,78,27660
1791033812,64,0,1358440,20261003,8,11776,179,feed,30180,7,78,29460
1791033812,64,0,1359236,20261003,1,52761,0,feed,31260,0,78,31260
1791033812,64,1,1359435,20261003,1,42157,0,feed,33180,0,43,33180
1791033812,64,0,1359712,20261003,1,52761,0,feed,30360,0,43,30360
1791033812,64,1,1359911,20261003,1,42157,0,feed,31380,0,43,31380
1791033812,64,0,1360098,20261003,31,12959,134,feed,30060,30,43,28560
1791033812,64,1,1360712,20261003,1,52015,0,feed,32880,0,76,32880
1791033812,64,1,1360799,20261003,1,52015,0,feed,31140,0,76,31140
1791033812,645,1,1208148,20261003,7,48749,105,feed,,,,
1791033812,645,0,1337122,20261003,1,6990,0,feed,,,,
1791033812,645,1,1341885,20261003,1,53293,0,feed,,,,
1791033812,645,0,1342044,20261003,8,7025,66,feed,,,,
1791033812,65,0,1349064,20261003,3,80985,128,feed,32460,2,40,32340
1791033812,65,1,1349743,20261003,1,57690,0,feed,30480,0,38,30480
1791033812,65,0,1349759,20261003,35,576,37,feed,30180,34,40,28800
1791033812,65,1,1349914,20261003,1,57690,0,feed,32220,0,38,32220
1791033812,65,0,1350137,20261003,3,80985,128,feed,30720,2,40,30600
1791033812,65,1,1351571,20261003,36,80981,92,feed,30240,35,38,28800
1791033812,67,1,1351909,20261003,4,41241,25,feed,,,,
1791033812,67,0,1355672,20261003,1,53723,0,feed,,,,
1791033812,67,1,1359653,20261003,1,56100,0,feed,33480,0,65,33480
1791033812,67,0,1359981,20261003,9,52059,110,feed,30120,8,65,29700
1791033812,67,1,1368614,20261003,53,16527,183,feed,,,,
1791033812,67,0,1369496,20261003,1,53723,0,feed,,,,
1791033812,68,1,1266613,20261003,1,11904,0,feed,32100,0,61,32100
1791033812,68,0,1276150,20261003,51,2607,-33,feed,30240,50,59,28620
1791033812,68,0,1362553,20261003,2,9806,26,feed,33120,1,87,33120
1791033812,68,0,1362641,20261003,2,9806,144,feed,32220,1,59,32220
1791033812,68,0,1363191,20261003,22,9870,29,feed,30180,21,87,29520
1791033812,68,0,1363418,20261003,1,53340,0,feed,32400,0,118,32400
1791033812,68,1,1364071,20261003,1,11904,0,feed,30300,0,117,30300
1791033812,68,1,1366205,20261003,1,57511,0,feed,,,,
1791033812,68,1,1367360,20261003,33,40128,171,feed,,,,
1791033812,68,0,1367376,20261003,2,9806,50,feed,,,,
1791033812,68,0,1367488,20261003,62,18022,-55,feed,,,,
1791033812,68,1,1367646,20261003,53,9910,504,feed,,,,
1791033812,68,0,1368075,20261003,55,9820,-140,feed,,,,
1791033812,68,1,1369146,20261003,1,57511,0,feed,,,,
1791033812,686,1,1170390,20261003,1,56939,0,feed,33360,0,4,33360
1791033812,686,1,1171517,20261003,4,47705,-365,feed,30240,3,4,27660
1791033812,686,0,1331453,20261003,1,47705,0,feed,31320,0,3,31320
1791033812,686,1,1335159,20261003,1,56939,12,feed,30540,0,4,30540
1791033812,686,0,1335558,20261003,3,56939,12,feed,30540,2,3,28500
1791033812,7,0,1356094,20261003,1,51779,0,feed,32340,0,64,32340
1791033812,7,0,1356647,20261003,1,51779,0,feed,30600,0,64,30600
1791033812,7,1,1357950,20261003,4,17688,46,feed,30180,3,60,30060
1791033812,7,1,1359429,20261003,35,16594,-125,feed,30240,34,60,28260
1791033812,7,0,1359569,20261003,55,17656,-114,feed,30240,54,64,27180
1791033812,7,1,1360783,20261003,1,17679,0,feed,31860,0,60,31860
1791033812,71,1,1266754,20261003,1,51291,0,feed,31200,0,60,31200
1791033812,71,0,1267604,20261003,8,9721,157,feed,30000,7,58,29820
1791033812,71,1,1268776,20261003,1,51291,0,feed,33000,0,60,33000
1791033812,71,0,1274522,20261003,1,9715,0,feed,33420,0,58,33420
1791033812,71,1,1275684,20261003,21,56393,140,feed,30120,20,60,29400
1791033812,71,0,1286572,20261003,55,5090,150,feed,30060,54,58,28020
1791033812,71,0,1361292,20261003,1,9715,0,feed,31320,0,75,31320
1791033812,716,0,1136708,20261003,1,50154,0,feed,33000,0,51,33000
1791033812,716,0,1136877,20261003,17,8519,269,feed,29940,16,51,29400
1791033812,716,1,1137091,20261003,1,8728,0,feed,31320,0,50,31320
1791033812,72,1,1239871,20261003,1,13667,0,feed,32040,0,51,32040
1791033812,72,1,1240513,20261003,1,13667,0,feed,30240,0,51,30240
1791033812,72,1,1241205,20261003,29,3264,434,feed,29760,28,51,28440
1791033812,72,0,1342749,20261003,1,57615,0,feed,31920,0,54,31920
1791033812,72,0,1342774,20261003,1,57615,0,feed,33660,0,54,33660
1791033812,72,0,1342898,20261003,1,57615,541,feed,30120,0,54,30120
1791033812,72,0,1342975,20261003,32,13732,-47,feed,30240,31,54,28320
1791033812,72,1,1344249,20261003,1,13667,0,feed,33780,0,51,33780
1791033812,721,1,1181860,20261003,1,9522,0,feed,30600,0,41,30600
1791033812,721,0,1183526,20261003,36,57631,-115,feed,30240,35,43,29160
1791033812,721,0,1185414,20261003,1,51845,0,feed,32760,0,43,32760
1791033812,721,1,1186203,20261003,1,9522,0,feed,32400,0,41,32400
1791033812,721,0,1186726,20261003,1,51845,0,feed,30900,0,43,30900
1791033812,722,1,1177444,20261003,2,57639,122,feed,30120,1,53,30000
1791033812,722,0,1177596,20261003,1,56827,0,feed,32400,0,11,32400
1791033812,722,1,1178420,20261003,1,11486,0,feed,33120,0,14,33120
1791033812,722,1,1181355,20261003,1,57636,0,feed,33600,0,53,33600
1791033812,722,0,1182378,20261003,1,56827,0,feed,30600,0,51,30600
1791033812,723,1,1179416,20261003,1,53224,0,feed,,,,
1791033812,723,0,1182074,20261003,1,51845,0,feed,,,,
1791033812,724,0,1131523,20261003,33,53222,381,feed,29820,32,33,28800
1791033812,724,1,1131724,20261003,1,53222,0,feed,31620,0,35,31620
1791033812,724,0,1131975,20261003,1,51846,0,feed,31500,0,33,31500
1791033812,724,1,1132983,20261003,10,42248,86,feed,30120,9,35,29820
1791033812,724,1,1133199,20261003,1,53222,0,feed,33420,0,35,33420
1791033812,724,1,1134316,20261003,1,53222,0,feed,30720,0,35,30720
1791033812,724,1,1134468,20261003,1,53222,0,feed,32520,0,35,32520
1791033812,724,0,1134577,20261003,1,51846,0,feed,32400,0,33,32400
1791033812,724,0,1134855,20261003,17,8743,33,feed,30180,16,33,29700
1791033812,724,0,1134966,20261003,1,51846,0,feed,33300,0,33,33300
1791033812,724,0,1135136,20261003,1,51846,0,feed,30600,0,33,30600
1791033812,725,1,1312574,20261003,11,57598,40,feed,30360,10,49,29700
1791033812,725,0,1315971,20261003,1,57580,0,feed,30540,0,50,30540
1791033812,725,1,1316719,20261003,1,56775,0,feed,33300,0,49,33300
1791033812,74,0,1355795,20261003,12,11767,84,feed,30120,11,59,29280
1791033812,74,1,1356106,20261003,7,56052,-23,feed,30240,6,61,29880
1791033812,74,1,1356281,20261003,1,13667,0,feed,33420,0,61,33420
1791033812,74,0,1359251,20261003,39,80956,400,feed,29880,38,59,27540
1791033812,74,0,1359551,20261003,1,51546,0,feed,32820,0,59,32820
1791033812,74,1,1359729,20261003,1,13667,0,feed,31680,0,61,31680
1791033812,74,1,1360346,20261003,32,10361,271,feed,29940,31,61,28140
1791033812,74,0,1360675,20261003,1,51546,0,feed,31020,0,59,31020
1791033812,80,0,1313995,20261003,1,49979,0,feed,31320,0,42,31320
1791033812,80,1,1314319,20261003,1,50689,0,feed,33120,0,38,33120
1791033812,80,1,1316824,20261003,12,5325,77,feed,30120,11,38,29520
1791033812,802,0,1195013,20261003,26,49270,111,feed,30120,25,46,29040
1791033812,802,0,1197663,20261003,1,57169,0,feed,32640,0,46,32640
1791033812,802,1,1204484,20261003,1,42622,0,feed,33720,0,45,33720
1791033812,802,1,1206022,20261003,1,42622,48,feed,30120,0,45,30120
1791033812,804,0,1261508,20261003,1,14153,0,feed,32400,0,32,32400
1791033812,805,0,1212210,20261003,33,10998,75,feed,30120,32,72,29040
1791033812,805,1,1212930,20261003,1,50716,0,feed,33000,0,72,33000
1791033812,827,1,1313446,20261003,14,12127,25,feed,30180,13,51,29760
1791033812,827,0,1315234,20261003,1,42837,0,feed,33180,0,51,33180
1791033812,827,1,1317072,20261003,1,57167,0,feed,33300,0,51,33300
1791033812,83,0,1263947,20261003,1,53725,0,feed,31140,0,44,31140
1791033812,83,0,1265376,20261003,15,53735,180,feed,30060,14,44,29340
1791033812,83,1,1351655,20261003,27,49737,337,feed,29880,26,41,28500
1791033812,83,1,1353827,20261003,1,52532,0,feed,32280,0,41,32280
1791033812,83,0,1354493,20261003,1,53725,0,feed,32940,0,44,32940
1791033812,83,1,1355055,20261003,1,52532,0,feed,30480,0,41,30480
1791033812,87,1,1303774,20261003,1,57690,0,feed,33180,0,70,33180
1791033812,87,1,1304405,20261003,1,57690,0,feed,31380,0,70,31380
1791033812,87,1,1305499,20261003,64,13066,266,feed,29940,63,70,27780
1791033812,87,0,1349518,20261003,40,18795,15,feed,30180,39,71,28920
1791033812,87,0,1349920,20261003,1,51892,0,feed,30720,0,71,30720
1791033812,87,0,1351786,20261003,1,51892,0,feed,32580,0,71,32580
1791033812,87,1,1355430,20261003,10,51361,151,feed,30120,9,70,29580
1791033812,9,0,1356090,20261003,19,3001,227,feed,30000,18,112,29520
1791033812,9,0,1356953,20261003,1,40247,0,feed,33060,0,112,33060
1791033812,9,0,1358009,20261003,62,15664,-40,feed,30240,61,100,27960
1791033812,9,1,1364535,20261003,1,51551,0,feed,,,,
1791033812,9,1,1366959,20261003,60,49561,62,feed,,,,
1791033812,9,0,1367020,20261003,1,52552,0,feed,,,,
1791033812,9,1,1367498,20261003,64,56586,1819,feed,,,,
1791033812,9,1,1367916,20261003,17,19392,148,feed,,,,
1791033812,9,1,1368858,20261003,1,51551,0,feed,,,,
1791033812,901,0,882394,20261003,14,51426,60,feed,30120,13,20,28320
1791033812,901,1,886027,20261003,18,51421,180,feed,30000,17,20,27960
1791033812,901,1,887070,20261003,13,51417,240,feed,30000,12,20,28680
1791033812,901,0,887424,20261003,4,53280,180,feed,30060,3,20,29760
1791033812,901,0,894105,20261003,1,51405,0,feed,30480,0,20,30480
1791033812,901,1,895400,20261003,3,56336,0,feed,30300,2,20,30120
1791033812,901,0,899557,20261003,8,51432,240,feed,30000,7,20,29040
1791033812,901,1,904334,20261003,9,51413,60,feed,30240,8,20,29400
1791033812,902,1,878992,20261003,18,56043,0,feed,30240,17,24,28020
1791033812,902,1,879372,20261003,7,56032,60,feed,30180,6,24,29460
1791033812,902,0,882625,20261003,3,56336,0,feed,30720,2,24,30540
1791033812,902,1,883692,20261003,21,51423,300,feed,29940,20,24,27300
1791033812,902,0,891927,20261003,24,56018,420,feed,29880,23,24,26940
1791033812,902,0,894571,20261003,10,56004,60,feed,30180,9,24,29100
1791033812,902,1,894931,20261003,13,56038,-60,feed,30240,12,24,28740
1791033812,902,0,899151,20261003,21,56015,120,feed,30180,20,24,27660
1791033812,902,0,902787,20261003,16,56010,0,feed,30240,15,24,28380
1791033812,902,1,903373,20261003,1,56026,0,feed,30180,0,24,30180
1791033812,903,1,1262783,20261003,3,48977,138,feed,30180,2,6,29520
1791033812,903,0,1264683,20261003,1,57285,0,feed,33300,0,6,33300
1791033812,903,0,1269438,20261003,1,57285,0,feed,31560,0,6,31560
1791033812,903,0,1271793,20261003,5,56511,-79,feed,30480,4,6,29760
1791033812,903,1,1275804,20261003,1,56874,0,feed,33300,0,6,33300
1791033812,903,1,1276237,20261003,1,56874,0,feed,31320,0,6,31320
1791033812,904,1,1264566,20261003,1,56800,0,feed,32460,0,12,32460
1791033812,904,1,1274056,20261003,5,53301,83,feed,30180,4,12,29760
1791033812,904,0,1365137,20261003,1,56830,0,feed,,,,
1791033812,904,0,1366151,20261003,6,48084,114,feed,,,,
1791033812,904,0,1366804,20261003,1,56830,0,feed,,,,
1791033812,904,1,1367422,20261003,12,56830,391,feed,,,,
1791033812,904,0,1367662,20261003,1,56830,0,feed,,,,
1791033812,904,0,1367723,20261003,2,56829,13,feed,,,,
1791033812,904,1,1368249,20261003,1,56800,0,feed,,,,
1791033812,904,0,1368388,20261003,1,56830,0,feed,,,,
1791033812,904,1,1368435,20261003,9,56832,111,feed,,,,
1791033812,904,1,1368727,20261003,1,56800,0,feed,,,,
1791033812,904,0,1368821,20261003,11,53314,171,feed,,,,
1791033812,904,1,1369189,20261003,1,56800,0,feed,,,,
1791033812,905,0,1343818,20261003,1,52761,0,feed,32100,0,16,32100
1791033812,905,0,1343957,20261003,1,52761,0,feed,30300,0,16,30300
1791033812,905,1,1344391,20261003,1,57441,0,feed,32040,0,16,32040
1791033812,905,1,1344518,20261003,1,57441,0,feed,32940,0,16,32940
1791033812,905,0,1344653,20261003,1,52761,0,feed,33000,0,16,33000
1791033812,905,1,1344816,20261003,1,57441,0,feed,30240,0,16,30240
1791033812,905,0,1344888,20261003,1,52761,0,feed,31200,0,16,31200
1791033812,905,1,1345344,20261003,1,57441,0,feed,31140,0,16,31140
1791033812,905,0,1345720,20261003,14,57438,-39,feed,30300,13,16,28500
1791033812,905,1,1345824,20261003,14,11863,-137,feed,30360,13,16,28440
1791033812,905,0,1345882,20261003,7,57424,-98,feed,30240,6,16,29400
1791033812,905,1,1345894,20261003,8,57427,-48,feed,30240,7,16,29340
1791033812,921,1,1364641,20261003,13,17332,793,feed,,,,
1791033812,921,1,1365033,20261003,1,52531,0,feed,,,,
1791033812,921,0,1365372,20261003,1,51544,0,feed,,,,
1791033812,921,1,1366169,20261003,6,15114,380,feed,,,,
1791033812,921,0,1366281,20261003,1,51544,33,feed,,,,
1791033812,921,0,1366875,20261003,9,56115,47,feed,,,,
1791033812,921,1,1367058,20261003,1,52531,0,feed,,,,
1791033812,921,0,1367258,20261003,17,56120,282,feed,,,,
1791033812,921,1,1367980,20261003,1,52531,0,feed,,,,
1791033812,921,1,1368062,20261003,,,,canceled,,,,
1791033812,921,1,1368466,20261003,1,52531,0,feed,,,,
1791033812,921,0,1368747,20261003,1,51544,0,feed,,,,
1791033812,921,0,1369262,20261003,1,51544,10,feed,,,,
1791033812,921,0,1369521,20261003,1,51544,0,feed,,,,
1791033812,922,0,1311468,20261003,31,3142,17,feed,30720,30,35,27600
1791033812,922,1,1311599,20261003,1,56100,0,feed,31260,0,34,31260
1791033812,922,1,1311892,20261003,1,56100,0,feed,30540,0,34,30540
1791033812,922,1,1312027,20261003,1,56100,0,feed,31920,0,34,31920
1791033812,922,0,1312366,20261003,1,57314,0,feed,33360,0,35,33360
1791033812,922,0,1313079,20261003,34,57420,-158,feed,30240,33,35,26880
1791033812,922,1,1313080,20261003,17,57334,-31,feed,30240,16,34,28560
1791033812,922,1,1313979,20261003,24,16882,22,feed,30180,23,34,27900
1791033812,922,0,1314032,20261003,1,57314,0,feed,30480,0,35,30480
1791033812,922,0,1314530,20261003,1,57314,0,feed,31920,0,35,31920
1791033812,922,0,1314542,20261003,1,57314,0,feed,32640,0,35,32640
1791033812,922,0,1314786,20261003,7,57356,-66,feed,30300,6,35,29760
1791033812,922,1,1314831,20261003,12,16997,-96,feed,30480,11,34,29220
1791033812,922,0,1314847,20261003,13,51579,-3,feed,30240,12,35,29040
1791033812,922,1,1314975,20261003,1,56100,0,feed,32640,0,34,32640
1791033812,922,0,1315911,20261003,21,57332,-50,feed,30240,20,35,28320
1791033812,922,1,1315993,20261003,1,56100,0,feed,33360,0,34,33360
1791033812,922,1,1316438,20261003,1,56100,317,feed,29880,0,34,29880
1791033812,922,1,1316443,20261003,30,3523,3,feed,30240,29,34,27180
1791033812,922,0,1317366,20261003,1,57314,0,feed,31200,0,35,31200
1791033812,923,1,1262753,20261003,17,56317,494,feed,29700,16,23,28320
1791033812,923,0,1265790,20261003,1,56897,0,feed,31380,0,22,31380
1791033812,923,1,1267369,20261003,1,57278,146,feed,30060,0,23,30060
1791033812,923,1,1268277,20261003,1,57278,0,feed,31980,0,23,31980
1791033812,923,1,1268740,20261003,13,56422,100,feed,30180,12,23,29220
1791033812,923,0,1268963,20261003,1,56897,0,feed,32220,0,22,32220
1791033812,923,0,1274274,20261003,7,17853,-35,feed,30240,6,22,29580
1791033812,923,0,1275260,20261003,1,56897,0,feed,33120,0,22,33120
1791033812,923,0,1275401,20261003,17,56527,187,feed,30060,16,22,28680
1791033812,923,1,1275570,20261003,1,57278,0,feed,32820,0,23,32820
1791033812,923,1,1340456,20261003,1,57278,0,feed,33660,0,23,33660
1791033812,923,0,1340494,20261003,1,56897,0,feed,30480,0,22,30480
1791033812,923,0,1340991,20261003,21,56826,611,feed,29580,20,22,27780
1791033812,923,1,1341692,20261003,1,57278,0,feed,31080,0,23,31080
1791033812,924,1,1336850,20261003,15,56317,222,feed,30060,14,41,28740
1791033812,924,0,1337195,20261003,2,4513,89,feed,30180,1,40,30060
1791033812,924,1,1337487,20261003,1,56823,0,feed,30780,0,41,30780
1791033812,924,0,1338262,20261003,1,56873,0,feed,31440,0,40,31440
1791033812,924,1,1338497,20261003,30,56918,681,feed,29520,29,41,26640
1791033812,924,1,1338867,20261003,9,56905,138,feed,30120,8,41,29400
1791033812,924,1,1339801,20261003,28,56916,235,feed,30060,27,41,27360
1791033812,924,0,1340031,20261003,1,56873,0,feed,30720,0,40,30720
1791033812,924,0,1340302,20261003,17,52300,171,feed,30180,16,40,28620
1791033812,924,0,1340345,20261003,29,43275,168,feed,30060,28,40,27180
1791033812,924,1,1340745,20261003,1,56823,0,feed,31500,0,41,31500
1791033812,924,0,1340898,20261003,1,56873,0,feed,32880,0,40,32880
1791033812,924,0,1341119,20261003,39,9089,-168,feed,30300,38,40,26460
1791033812,924,0,1341248,20261003,1,56873,0,feed,33480,0,40,33480
1791033812,924,0,1341360,20261003,21,56929,313,feed,29880,20,40,27900
1791033812,924,0,1342026,20261003,8,643,344,feed,29880,7,40,29340
1791033812,924,1,1342119,20261003,3,9173,-21,feed,30300,2,41,30060
1791033812,924,0,1342152,20261003,1,56873,0,feed,32160,0,40,32160
1791033812,924,1,1342183,20261003,1,56823,0,feed,32940,0,41,32940
1791033812,924,1,1342259,20261003,1,56823,0,feed,33660,0,41,33660
1791033812,924,1,1342265,20261003,18,17907,586,feed,29700,17,41,28080
1791033812,924,1,1342450,20261003,1,56823,0,feed,32220,0,41,32220
1791033812,925,0,1273285,20261003,27,16130,316,feed,29940,26,35,27660
1791033812,925,1,1331708,20261003,1,57541,0,feed,32220,0,35,32220
1791033812,925,1,1332065,20261003,1,57541,0,feed,30840,0,35,30840
1791033812,925,0,1333615,20261003,1,53703,0,feed,30480,0,35,30480
1791033812,925,1,1333629,20261003,1,57541,0,feed,33660,0,35,33660
1791033812,925,0,1333671,20261003,1,53703,0,feed,31200,0,35,31200
1791033812,925,0,1333840,20261003,1,53703,0,feed,32640,0,35,32640
1791033812,925,0,1333856,20261003,5,1259,176,feed,30060,4,35,29760
1791033812,925,1,1333922,20261003,34,1156,-152,feed,30300,33,35,27300
1791033812,925,1,1334075,20261003,1,57541,0,feed,31500,0,35,31500
1791033812,925,0,1334536,20261003,35,57541,263,feed,29940,34,35,26940
1791033812,925,1,1335200,20261003,1,57541,0,feed,32940,0,35,32940
1791033812,925,0,1335271,20261003,15,50195,-54,feed,30240,14,35,29040
1791033812,925,1,1335505,20261003,17,17927,138,feed,30120,16,35,28740
1791033812,925,1,1335575,20261003,21,50196,312,feed,29940,20,35,28020
1791033812,925,0,1335632,20261003,22,17947,-91,feed,30240,21,35,28320
1791033812,925,0,1335789,20261003,1,53703,0,feed,33360,0,35,33360
1791033812,925,1,1335851,20261003,6,16154,354,feed,29880,5,35,29400
1791033812,925,0,1335885,20261003,1,53703,0,feed,31920,0,35,31920
1791033812,94,0,1183455,20261003,1,51200,0,feed,31380,0,15,31380
1791033812,94,1,1185711,20261003,12,17900,298,feed,29940,11,16,28440
1791033812,94,1,1339808,20261003,1,56100,0,feed,,,,
1791033812,94,0,1341213,20261003,9,18665,5,feed,,,,
1791033812,94,1,1347126,20261003,1,56100,0,feed,,,,
1791033812,94,0,1347865,20261003,1,51200,0,feed,,,,
1791033837,10,0,1325424,20261003,8,17994,174,feed,30060,7,49,29640
1791033837,10,0,1325509,20261003,1,19337,0,feed,,,,
1791033837,10,1,1325831,20261003,53,19337,71,feed,30180,52,53,27120
1791033837,10,1,1326077,20261003,23,17166,179,feed,,,,
1791033837,10,1,1326155,20261003,7,14283,191,feed,30060,6,64,29640
1791033837,10,1,1326235,20261003,1,57165,0,feed,31440,0,64,31440
1791033837,10,1,1326652,20261003,1,57165,0,feed,33240,0,64,33240
1791033837,10,0,1326911,20261003,1,19337,0,feed,31500,0,49,31500
1791033837,10,0,1329456,20261003,33,17156,-20,feed,30240,32,60,28200
1791033837,10,1,1330696,20261003,1,57165,0,feed,32460,0,53,32460
1791033837,10,0,1345684,20261003,1,19337,0,feed,30600,0,60,30600
1791033837,10,0,1367261,20261003,1,19337,0,feed,,,,
1791033837,10,1,1368333,20261003,1,57165,0,feed,,,,
1791033837,10,1,1368985,20261003,51,46801,124,feed,,,,
1791033837,11,1,1317736,20261003,1,49304,0,feed,,,,
1791033837,11,1,1318718,20261003,1,49304,0,feed,,,,
1791033837,11,1,1333584,20261003,33,14678,303,feed,29940,32,79,28800
1791033837,11,1,1353882,20261003,1,49304,0,feed,31500,0,79,31500
1791033837,11,0,1364493,20261003,1,51828,0,feed,,,,
1791033837,11,0,1364891,20261003,1,51828,0,feed,,,,
1791033837,11,0,1365010,20261003,23,51795,166,feed,,,,
1791033837,11,0,1367555,20261003,60,14636,148,feed,,,,
1791033837,11,1,1367697,20261003,1,49304,0,feed,,,,
1791033837,11,0,1368798,20261003,1,51828,0,feed,,,,
1791033837,11,1,1368811,20261003,65,17720,453,feed,,,,
1791033837,14,1,1331025,20261003,29,16401,212,feed,30000,28,82,28980
1791033837,14,0,1331063,20261003,1,4345,0,feed,32160,0,80,32160
1791033837,14,1,1331282,20261003,1,50153,0,feed,30720,0,82,30720
1791033837,14,1,1332127,20261003,1,50153,0,feed,32520,0,82,32520
1791033837,14,0,1332360,20261003,36,15638,120,feed,30120,35,80,28620
1791033837,14,1,1332463,20261003,64,15583,356,feed,29940,63,82,27180
1791033837,14,0,1332502,20261003,75,8384,-55,feed,30240,74,80,26820
1791033837,14,0,1333037,20261003,1,4345,0,feed,30420,0,80,30420
1791033837,17,0,1132652,20261003,1,57458,0,feed,33360,0,63,33360
1791033837,17,1,1317951,20261003,39,3525,586,feed,29640,38,65,27240
1791033837,17,1,1318412,20261003,21,17980,22,feed,30300,20,65,29040
1791033837,17,0,1324422,20261003,3,49499,268,feed,30000,2,63,29820
1791033837,17,0,1333898,20261003,1,57458,0,feed,31560,0,63,31560
1791033837,17,1,1335969,20261003,1,17192,0,feed,30840,0,65,30840
1791033837,17,1,1367100,20261003,1,17192,0,feed,,,,
1791033837,17,0,1367673,20261003,39,1905,148,feed,,,,
1791033837,18,0,1361017,20261003,50,19317,-146,feed,30360,49,51,27240
1791033837,18,0,1361139,20261003,1,57131,0,feed,,,,
1791033837,18,1,1365623,20261003,1,56800,0,feed,,,,
1791033837,18,1,1366496,20261003,32,135,402,feed,,,,
1791033837,18,1,1366899,20261003,1,56800,0,feed,,,,
1791033837,18,0,1366999,20261003,38,620,123,feed,,,,
1791033837,18,1,1367572,20261003,1,56800,0,feed,,,,
1791033837,18,0,1367589,20261003,1,57131,0,feed,,,,
1791033837,18,0,1367743,20261003,1,51852,0,feed,,,,
1791033837,18,1,1367843,20261003,5,17980,34,feed,,,,
1791033837,18,1,1367855,20261003,14,81077,115,feed,,,,
1791033837,18,0,1368895,20261003,72,1900,-144,feed,,,,
1791033837,18,1,1369195,20261003,1,56800,0,feed,,,,
1791033837,18,0,1369255,20261003,24,1872,-4,feed,,,,
1791033837,18,1,1369355,20261003,77,1391,34,feed,,,,
1791033837,18,0,1369467,20261003,1,51852,0,feed,,,,
1791033837,2,1,1275547,20261003,1,50670,0,feed,33000,0,34,33000
1791033837,2,0,1319327,20261003,1,57469,0,feed,32220,0,34,32220
1791033837,2,0,1319576,20261003,1,57469,0,feed,30420,0,34,30420
1791033837,2,0,1331067,20261003,1,57469,0,feed,31320,0,41,31320
1791033837,2,0,1332712,20261003,28,13225,-30,feed,30240,27,41,28680
1791033837,2,0,1333277,20261003,12,52239,-65,feed,30240,11,41,29580
1791033837,2,1,1361126,20261003,1,57618,0,feed,33300,0,42,33300
1791033837,2,1,1361535,20261003,28,56910,534,feed,29700,27,42,27960
1791033837,2,1,1362086,20261003,1,57618,0,feed,,,,
1791033837,2,1,1363769,20261003,7,56699,106,feed,30120,6,42,29760
1791033837,2,0,1363982,20261003,1,57469,0,feed,33120,0,41,33120
1791033837,215,1,1268010,20261003,1,5020,0,feed,33360,0,27,33360
1791033837,215,1,1269764,20261003,8,57718,95,feed,30120,7,27,29760
1791033837,215,0,1271377,20261003,1,49979,0,feed,31440,0,30,31440
1791033837,219,0,1303185,20261003,15,53177,50,feed,30240,14,74,29760
1791033837,219,0,1304104,20261003,1,57340,0,feed,33360,0,74,33360
1791033837,219,1,1311569,20261003,6,7566,267,feed,29940,5,71,29700
1791033837,219,1,1313107,20261003,1,5020,0,feed,33300,0,71,33300
1791033837,22,1,1357692,20261003,52,15378,125,feed,30180,51,84,27180
1791033837,22,1,1357780,20261003,18,51287,-87,feed,,,,
1791033837,22,0,1365015,20261003,1,4558,0,feed,,,,
1791033837,22,0,1365245,20261003,1,4558,0,feed,,,,
1791033837,22,0,1366038,20261003,70,11412,177,feed,,,,
1791033837,22,0,1366517,20261003,22,19491,602,feed,,,,
1791033837,22,1,1367544,20261003,1,56825,0,feed,,,,
1791033837,22,1,1368123,20261003,32,17907,38,feed,,,,
1791033837,22,0,1368193,20261003,1,4558,0,feed,,,,
1791033837,22,1,1368394,20261003,85,4468,-59,feed,,,,
1791033837,22,1,1368672,20261003,1,56825,0,feed,,,,
1791033837,22,1,1369027,20261003,1,56825,0,feed,,,,
1791033837,22,0,1369165,20261003,3,4662,151,feed,,,,
1791033837,22,0,1369270,20261003,48,19294,173,feed,,,,
1791033837,223,1,1360923,20261003,1,5020,0,feed,31260,0,34,31260
1791033837,223,0,1361983,20261003,33,5020,491,feed,29760,32,33,27960
1791033837,223,0,1362089,20261003,1,57691,0,feed,33360,0,33,33360
1791033837,223,0,1362666,20261003,8,45284,45,feed,30180,7,33,29760
1791033837,223,1,1363749,20261003,1,5020,0,feed,33060,0,34,33060
1791033837,225,1,1131121,20261003,1,45174,0,feed,32280,0,20,32280
1791033837,227,1,1274259,20261003,1,45174,0,feed,32280,0,45,32280
1791033837,25,0,1324948,20261003,90,13923,-11,feed,30240,89,92,26280
1791033837,25,1,1325654,20261003,1,57166,0,feed,31620,0,89,31620
1791033837,25,1,1326293,20261003,48,14151,152,feed,30060,47,89,28020
1791033837,25,0,1326497,20261003,1,19337,0,feed,33480,0,92,33480
1791033837,25,0,1326888,20261003,3,1920,202,feed,30060,2,92,29880
1791033837,27,0,1363609,20261003,1,52857,0,feed,32400,0,23,32400
1791033837,27,1,1368218,20261003,1,51367,0,feed,,,,
1791033837,3,1,1185296,20261003,1,56100,0,feed,32580,0,65,32580
1791033837,3,0,1185403,20261003,1,54097,0,feed,32100,0,64,32100
1791033837,3,1,1188234,20261003,1,56100,0,feed,33720,0,64,33720
1791033837,3,0,1321117,20261003,17,16111,-15,feed,30240,16,64,28860
1791033837,3,1,1321969,20261003,1,56100,108,feed,30120,0,64,30120
1791033837,3,1,1322705,20261003,1,56100,0,feed,31920,0,64,31920
1791033837,3,0,1323136,20261003,53,80930,219,feed,30000,52,65,27060
1791033837,3,0,1323264,20261003,1,54097,0,feed,32940,0,65,32940
1791033837,3,1,1323352,20261003,37,881,284,feed,29940,36,65,28140
1791033837,3,1,1369528,20261003,1,56100,0,feed,,,,
1791033837,30,0,1212106,20261003,32,46493,512,feed,29700,31,48,28440
1791033837,30,1,1212213,20261003,1,15882,0,feed,30960,0,44,30960
1791033837,30,1,1213255,20261003,1,15882,0,feed,32760,0,44,32760
1791033837,30,1,1214617,20261003,11,48321,76,feed,30180,10,44,29220
1791033837,30,0,1215064,20261003,1,40238,0,feed,30240,0,48,30240
1791033837,30,0,1217801,20261003,1,40238,0,feed,32040,0,48,32040
1791033837,32,0,1331227,20261003,1,50155,0,feed,33300,0,59,33300
1791033837,32,0,1332116,20261003,1,50155,0,feed,,,,
1791033837,32,0,1332305,20261003,17,12757,54,feed,,,,
1791033837,32,1,1364965,20261003,1,57685,0,feed,,,,
1791033837,32,1,1365346,20261003,30,12813,113,feed,,,,
1791033837,32,1,1366195,20261003,1,57685,0,feed,,,,
1791033837,323,0,1132200,20261003,12,2469,89,feed,30120,11,23,29640
1791033837,323,1,1132330,20261003,22,48974,-19,feed,30240,21,25,29220
1791033837,323,0,1133491,20261003,1,51116,0,feed,32700,0,23,32700
1791033837,323,1,1133674,20261003,1,57508,0,feed,31020,0,25,31020
1791033837,323,1,1135512,20261003,1,57508,0,feed,32820,0,25,32820
1791033837,323,0,1136212,20261003,1,51116,0,feed,31560,0,23,31560
1791033837,345,1,1132958,20261003,1,57508,0,feed,32520,0,15,32520
1791033837,345,1,1134141,20261003,8,56939,-107,feed,30900,7,15,28920
1791033837,345,0,1136184,20261003,1,56879,0,feed,32400,0,15,32400
1791033837,345,0,1137191,20261003,14,53873,31,feed,30600,13,15,28800
1791033837,36,0,1176582,20261003,1,57537,0,feed,33060,0,53,33060
1791033837,36,0,1185999,20261003,1,57537,0,feed,31380,0,53,31380
1791033837,36,1,1221282,20261003,10,1116,12,feed,30240,9,50,29820
1791033837,36,1,1362326,20261003,1,50160,0,feed,31620,0,50,31620
1791033837,36,0,1362765,20261003,19,50601,-31,feed,30300,18,53,29580
1791033837,36,1,1368040,20261003,1,50160,0,feed,,,,
1791033837,38,1,1349414,20261003,79,57514,352,feed,,,,
1791033837,38,0,1349639,20261003,51,4852,36,feed,,,,
1791033837,38,0,1351532,20261003,1,48213,0,feed,,,,
1791033837,38,0,1351901,20261003,92,51543,38,feed,,,,
1791033837,38,1,1354748,20261003,1,16494,0,feed,,,,
1791033837,38,0,1354833,20261003,6,48209,-8,feed,,,,
1791033837,38,1,1355347,20261003,1,42032,0,feed,,,,
1791033837,38,1,1368131,20261003,42,57357,112,feed,,,,
1791033837,38,0,1369308,20261003,1,48213,0,feed,,,,
1791033837,4,0,1159065,20261003,45,17937,101,feed,30180,44,87,28140
1791033837,4,1,1356771,20261003,27,16045,56,feed,30180,26,90,29280
1791033837,4,0,1358191,20261003,1,50231,0,feed,31380,0,89,31380
1791033837,4,0,1358682,20261003,22,1005,-8,feed,30240,21,89,29400
1791033837,4,1,1359006,20261003,53,40668,244,feed,30000,52,85,27480
1791033837,4,1,1359891,20261003,1,14153,0,feed,32520,0,90,32520
1791033837,4,0,1359977,20261003,1,50231,0,feed,33120,0,89,33120
1791033837,4,0,1360168,20261003,82,16000,-150,feed,30240,81,89,26640
1791033837,4,0,1360423,20261003,1,50231,0,feed,32160,0,53,32160
1791033837,4,0,1360468,20261003,1,50231,0,feed,30480,0,53,30480
1791033837,4,1,1360574,20261003,1,14153,0,feed,31020,0,85,31020
1791033837,46,1,1266877,20261003,1,51550,0,feed,31500,0,59,31500
1791033837,46,0,1270543,20261003,46,17650,-69,feed,30240,45,62,28860
1791033837,46,1,1279525,20261003,1,51550,0,feed,33300,0,59,33300
1791033837,46,0,1288147,20261003,1,220,0,feed,30660,0,62,30660
1791033837,48,0,1304579,20261003,1,19301,0,feed,32700,0,61,32700
1791033837,48,1,1348922,20261003,29,19596,-46,feed,30240,28,61,29400
1791033837,48,0,1354143,20261003,24,40580,56,feed,30180,23,61,29100
1791033837,48,1,1354633,20261003,1,50152,0,feed,33000,0,61,33000
1791033837,5,0,1366026,20261003,1,51212,0,feed,,,,
1791033837,5,1,1367183,20261003,1,51846,0,feed,,,,
1791033837,5,0,1367768,20261003,3,777,61,feed,,,,
1791033837,5,1,1367813,20261003,41,51791,367,feed,,,,
1791033837,515,1,1350270,20261003,1,56877,0,feed,31620,0,49,31620
1791033837,515,0,1350683,20261003,26,651,115,feed,30120,25,49,29460
1791033837,515,1,1351176,20261003,1,56877,0,feed,33420,0,49,33420
1791033837,515,0,1352230,20261003,1,53704,0,feed,31260,0,49,31260
1791033837,515,1,1352625,20261003,1,56877,0,feed,32520,0,49,32520
1791033837,515,1,1353223,20261003,2,4511,355,feed,30000,1,49,29880
1791033837,515,0,1353288,20261003,1,53704,0,feed,33060,0,49,33060
1791033837,515,1,1353893,20261003,1,56877,0,feed,30780,0,49,30780
1791033837,515,1,1354295,20261003,33,4356,346,feed,29880,32,49,28980
1791033837,515,0,1354351,20261003,1,53704,0,feed,30360,0,49,30360
1791033837,515,0,1354827,20261003,1,53704,0,feed,32160,0,49,32160
1791033837,534,1,1344342,20261003,11,50070,153,feed,30120,10,32,29700
1791033837,534,0,1344416,20261003,1,56725,0,feed,31620,0,35,31620
1791033837,534,0,1344434,20261003,11,57519,-1,feed,30180,10,35,29820
1791033837,534,1,1345027,20261003,1,51824,0,feed,31500,0,32,31500
1791033837,534,1,1345372,20261003,1,51824,0,feed,33300,0,32,33300
1791033837,534,0,1345591,20261003,1,56725,0,feed,33420,0,35,33420
1791033837,538,0,1132277,20261003,22,42083,213,feed,30000,21,42,28800
1791033837,538,0,1133562,20261003,1,53704,0,feed,32400,0,42,32400
1791033837,538,1,1318024,20261003,1,56880,0,feed,31680,0,40,31680
1791033837,538,1,1318336,20261003,2,43732,275,feed,29940,1,40,29880
1791033837,539,0,1137973,20261003,1,56725,0,feed,33120,0,41,33120
1791033837,539,0,879515,20261003,17,43666,221,feed,30000,16,41,29460
1791033837,539,1,887554,20261003,1,56880,0,feed,31980,0,38,31980
1791033837,54,1,1132240,20261003,2,57419,47,feed,30180,1,27,30000
1791033837,54,0,1132790,20261003,1,56875,0,feed,32220,0,25,32220
1791033837,54,1,1132796,20261003,1,56100,0,feed,31800,0,27,31800
1791033837,54,0,1133608,20261003,9,13143,22,feed,30480,8,25,29520
1791033837,54,1,1342013,20261003,1,56100,0,feed,33600,0,27,33600
1791033837,54,0,1346176,20261003,1,56875,0,feed,33120,0,46,33120
1791033837,54,0,1346471,20261003,29,81106,168,feed,30060,28,46,27720
1791033837,54,1,1347038,20261003,1,42319,0,feed,32760,0,47,32760
1791033837,54,1,1347987,20261003,12,12934,-125,feed,30240,11,47,29160
1791033837,54,1,1348005,20261003,30,10366,397,feed,29880,29,47,27360
1791033837,54,0,1354169,20261003,1,56875,0,feed,31320,0,46,31320
1791033837,54,1,1360814,20261003,1,42319,0,feed,30960,0,47,30960
1791033837,540,0,1135740,20261003,1,53052,0,feed,30840,0,51,30840
1791033837,540,0,1138304,20261003,25,56554,183,feed,30060,24,51,29040
1791033837,540,1,883185,20261003,33,41609,209,feed,30000,32,48,28620
1791033837,540,1,891771,20261003,1,56879,0,feed,32220,0,48,32220
1791033837,546,1,1137938,20261003,1,51824,0,feed,31860,0,31,31860
1791033837,546,0,885448,20261003,9,52296,-4,feed,30240,8,33,29760
1791033837,546,0,895752,20261003,1,56725,11,feed,33360,0,33,33360
1791033837,61,1,1364671,20261003,14,80817,-63,feed,,,,
1791033837,61,0,1365086,20261003,28,10624,68,feed,,,,
1791033837,61,1,1365668,20261003,1,52761,0,feed,,,,
1791033837,61,0,1366634,20261003,66,81105,113,feed,,,,
1791033837,61,1,1367080,20261003,1,52761,0,feed,,,,
1791033837,61,0,1368425,20261003,1,17905,0,feed,,,,
1791033837,61,1,1368603,20261003,44,10653,88,feed,,,,
1791033837,61,0,1368859,20261003,1,17905,0,feed,,,,
1791033837,615,0,1346064,20261003,1,41157,0,feed,31980,0,76,31980
1791033837,615,1,1346165,20261003,1,3540,0,feed,31920,0,76,31920
1791033837,615,1,1347073,20261003,48,49581,110,feed,30120,47,76,28320
1791033837,62,0,1349165,20261003,42,6336,-114,feed,30240,41,86,29100
1791033837,62,0,1349320,20261003,1,328,0,feed,30900,0,86,30900
1791033837,62,1,1349384,20261003,1,49141,0,feed,32040,0,83,32040
1791033837,62,1,1352537,20261003,1,49141,0,feed,30240,0,83,30240
1791033837,62,0,1354903,20261003,79,50574,-174,feed,30240,78,86,27300
1791033837,62,0,1359926,20261003,1,328,0,feed,32700,0,86,32700
1791033837,62,0,1359971,20261003,1,2611,0,feed,31380,0,67,31380
1791033837,62,1,1360619,20261003,44,11912,52,feed,30180,43,91,28200
1791033837,63,1,1262710,20261003,1,51114,0,feed,,,,
1791033837,63,1,1269139,20261003,1,51114,0,feed,,,,
1791033837,63,1,1271234,20261003,1,51114,0,feed,,,,
1791033837,63,1,1274289,20261003,9,49914,146,feed,,,,
1791033837,63,0,1346133,20261003,1,15795,0,feed,,,,
1791033837,63,0,1346389,20261003,21,3119,164,feed,,,,
1791033837,63,1,1347243,20261003,1,51114,0,feed,,,,
1791033837,63,0,1347332,20261003,42,3152,-270,feed,,,,
1791033837,63,0,1348039,20261003,1,15795,0,feed,,,,
1791033837,63,1,1348190,20261003,37,56947,112,feed,,,,
1791033837,63,0,1348647,20261003,1,15795,0,feed,,,,
1791033837,63,0,1368837,20261003,1,15795,0,feed,,,,
1791033837,64,1,1342583,20261003,20,3888,54,feed,30060,19,76,29460
1791033837,64,1,1343234,20261003,63,11810,125,feed,30120,62,76,28140
1791033837,64,0,1356049,20261003,1,52761,0,feed,32160,0,43,32160
1791033837,64,0,1357757,20261003,1,52761,0,feed,33060,0,78,33060
1791033837,64,0,1358435,20261003,64,53148,162,feed,30060,63,78,27660
1791033837,64,0,1358440,20261003,8,11776,197,feed,30180,7,78,29460
1791033837,64,0,1359236,20261003,1,52761,0,feed,31260,0,78,31260
1791033837,64,1,1359435,20261003,1,42157,0,feed,33180,0,43,33180
1791033837,64,0,1359712,20261003,1,52761,0,feed,30360,0,43,30360
1791033837,64,1,1359911,20261003,1,42157,0,feed,31380,0,43,31380
1791033837,64,0,1360098,20261003,32,12960,167,feed,30060,31,43,28560
1791033837,64,1,1360712,20261003,1,52015,0,feed,32880,0,76,32880
1791033837,64,1,1360799,20261003,1,52015,0,feed,31140,0,76,31140
1791033837,645,1,1208148,20261003,7,48749,110,feed,,,,
1791033837,645,0,1337122,20261003,1,6990,0,feed,,,,
1791033837,645,1,1341885,20261003,1,53293,0,feed,,,,
1791033837,645,0,1342044,20261003,8,7025,52,feed,,,,
1791033837,65,0,1349064,20261003,3,80985,128,feed,32460,2,40,32340
1791033837,65,1,1349743,20261003,1,57690,0,feed,30480,0,38,30480
1791033837,65,0,1349759,20261003,35,576,41,feed,30180,34,40,28800
1791033837,65,1,1349914,20261003,1,57690,0,feed,32220,0,38,32220
1791033837,65,0,1350137,20261003,3,80985,128,feed,30720,2,40,30600
1791033837,65,1,1351571,20261003,36,80981,90,feed,30240,35,38,28800
1791033837,67,0,1270586,20261003,62,57623,74,feed,30180,61,65,27900
1791033837,67,1,1271715,20261003,1,56100,0,feed,31680,0,65,31680
1791033837,67,1,1351909,20261003,6,52329,63,feed,,,,
1791033837,67,0,1355672,20261003,1,53723,0,feed,,,,
1791033837,67,1,1359653,20261003,1,56100,0,feed,33480,0,65,33480
1791033837,67,0,1359981,20261003,9,52059,87,feed,30120,8,65,29700
1791033837,67,1,1368614,20261003,53,16527,183,feed,,,,
1791033837,67,0,1369496,20261003,1,53723,0,feed,,,,
1791033837,68,1,1266613,20261003,1,11904,0,feed,32100,0,61,32100
1791033837,68,0,1276150,20261003,51,2607,-29,feed,30240,50,59,28620
1791033837,68,0,1362553,20261003,2,9806,26,feed,33120,1,87,33120
1791033837,68,0,1362641,20261003,2,9806,144,feed,32220,1,59,32220
1791033837,68,0,1363191,20261003,23,9871,45,feed,30180,22,87,29520
1791033837,68,0,1363418,20261003,1,53340,0,feed,32400,0,118,32400
1791033837,68,1,1364071,20261003,1,11904,0,feed,30300,0,117,30300
1791033837,68,1,1366205,20261003,1,57511,0,feed,,,,
1791033837,68,1,1367360,20261003,35,9895,213,feed,,,,
1791033837,68,0,1367376,20261003,2,9806,50,feed,,,,
1791033837,68,0,1367488,20261003,62,18022,-55,feed,,,,
1791033837,68,1,1367646,20261003,54,9911,462,feed,,,,
1791033837,68,0,1368075,20261003,55,9820,-140,feed,,,,
1791033837,68,1,1369146,20261003,1,57511,0,feed,,,,
1791033837,686,1,1170390,20261003,1,56939,0,feed,33360,0,4,33360
1791033837,686,1,1171517,20261003,4,47705,-365,feed,30240,3,4,27660
1791033837,686,0,1331453,20261003,1,47705,0,feed,31320,0,3,31320
1791033837,686,1,1335159,20261003,1,56939,9,feed,30540,0,4,30540
1791033837,686,0,1335558,20261003,3,56939,9,feed,30540,2,3,28500
1791033837,7,0,1356094,20261003,1,51779,0,feed,32340,0,64,32340
1791033837,7,0,1356647,20261003,1,51779,0,feed,30600,0,64,30600
1791033837,7,1,1357950,20261003,4,17688,46,feed,30180,3,60,30060
1791033837,7,1,1359429,20261003,35,16594,-125,feed,30240,34,60,28260
1791033837,7,0,1359569,20261003,55,17656,-114,feed,30240,54,64,27180
1791033837,7,1,1360783,20261003,1,17679,0,feed,31860,0,60,31860
1791033837,71,1,1266754,20261003,1,51291,0,feed,31200,0,60,31200
1791033837,71,0,1267604,20261003,8,9721,157,feed,30000,7,58,29820
1791033837,71,1,1268776,20261003,1,51291,0,feed,33000,0,60,33000
1791033837,71,0,1274522,20261003,1,9715,0,feed,33420,0,58,33420
1791033837,71,1,1275684,20261003,21,56393,153,feed,30120,20,60,29400
1791033837,71,0,1286572,20261003,55,5090,165,feed,30060,54,58,28020
1791033837,71,0,1361292,20261003,1,9715,0,feed,31320,0,75,31320
1791033837,716,0,1136708,20261003,1,50154,0,feed,33000,0,51,33000
1791033837,716,0,1136877,20261003,18,8523,222,feed,30000,17,51,29400
1791033837,716,1,1137091,20261003,1,8728,0,feed,31320,0,50,31320
1791033837,72,1,1239871,20261003,1,13667,0,feed,32040,0,51,32040
1791033837,72,1,1240513,20261003,1,13667,0,feed,30240,0,51,30240
1791033837,72,1,1241205,20261003,29,3264,450,feed,29760,28,51,28440
1791033837,72,0,1342749,20261003,1,57615,0,feed,31920,0,54,31920
1791033837,72,0,1342774,20261003,1,57615,0,feed,33660,0,54,33660
1791033837,72,0,1342898,20261003,1,57615,557,feed,30120,0,54,30120
1791033837,72,0,1342975,20261003,32,13732,-39,feed,30240,31,54,28320
1791033837,72,1,1344249,20261003,1,13667,0,feed,33780,0,51,33780
1791033837,721,1,1181860,20261003,1,9522,0,feed,30600,0,41,30600
1791033837,721,0,1183526,20261003,36,57631,-115,feed,30240,35,43,29160
1791033837,721,0,1185414,20261003,1,51845,0,feed,32760,0,43,32760
1791033837,721,1,1186203,20261003,1,9522,0,feed,32400,0,41,32400
1791033837,721,0,1186726,20261003,1,51845,0,feed,30900,0,43,30900
1791033837,722,1,1177444,20261003,3,56412,16,feed,30240,2,53,30000
1791033837,722,0,1177596,20261003,1,56827,0,feed,32400,0,11,32400
1791033837,722,1,1178420,20261003,1,11486,0,feed,33120,0,14,33120
1791033837,722,1,1181355,20261003,1,57636,0,feed,33600,0,53,33600
1791033837,722,0,1182378,20261003,1,56827,0,feed,30600,0,51,30600
1791033837,723,1,1179416,20261003,1,53224,0,feed,,,,
1791033837,723,0,1182074,20261003,1,51845,0,feed,,,,
1791033837,724,0,1131523,20261003,33,53222,406,feed,29820,32,33,28800
1791033837,724,1,1131724,20261003,1,53222,0,feed,31620,0,35,31620
1791033837,724,0,1131975,20261003,1,51846,0,feed,31500,0,33,31500
1791033837,724,1,1132983,20261003,11,42249,49,feed,30180,10,35,29820
1791033837,724,1,1133199,20261003,1,53222,0,feed,33420,0,35,33420
1791033837,724,1,1134316,20261003,1,53222,0,feed,30720,0,35,30720
1791033837,724,1,1134468,20261003,1,53222,0,feed,32520,0,35,32520
1791033837,724,0,1134577,20261003,1,51846,0,feed,32400,0,33,32400
1791033837,724,0,1134855,20261003,17,8743,45,feed,30180,16,33,29700
1791033837,724,0,1134966,20261003,1,51846,0,feed,33300,0,33,33300
1791033837,724,0,1135136,20261003,1,51846,0,feed,30600,0,33,30600
1791033837,725,1,1312574,20261003,11,57598,40,feed,30360,10,49,29700
1791033837,725,0,1315971,20261003,1,57580,0,feed,30540,0,50,30540
1791033837,725,1,1316719,20261003,1,56775,0,feed,33300,0,49,33300
1791033837,74,0,1355795,20261003,14,11770,91,feed,30180,13,59,29280
1791033837,74,1,1356106,20261003,7,56052,-19,feed,30240,6,61,29880
1791033837,74,1,1356281,20261003,1,13667,0,feed,33420,0,61,33420
1791033837,74,0,1359251,20261003,39,80956,392,feed,29880,38,59,27540
1791033837,74,0,1359551,20261003,1,51546,0,feed,32820,0,59,32820
1791033837,74,1,1359729,20261003,1,13667,0,feed,31680,0,61,31680
1791033837,74,1,1360346,20261003,33,10364,251,feed,30000,32,61,28140
1791033837,74,0,1360675,20261003,1,51546,0,feed,31020,0,59,31020
1791033837,80,0,1313995,20261003,1,49979,0,feed,31320,0,42,31320
1791033837,80,1,1314319,20261003,1,50689,0,feed,33120,0,38,33120
1791033837,80,1,1316824,20261003,13,13851,59,feed,30180,12,38,29520
1791033837,802,0,1195013,20261003,27,11051,47,feed,30180,26,46,29040
1791033837,802,0,1197663,20261003,1,57169,0,feed,32640,0,46,32640
1791033837,802,1,1204484,20261003,1,42622,0,feed,33720,0,45,33720
1791033837,802,1,1206022,20261003,1,42622,48,feed,30120,0,45,30120
1791033837,804,0,1261508,20261003,1,14153,0,feed,32400,0,32,32400
1791033837,805,0,1212210,20261003,33,10998,91,feed,30120,32,72,29040
1791033837,805,1,1212930,20261003,1,50716,0,feed,33000,0,72,33000
1791033837,827,1,1313446,20261003,14,12127,29,feed,30180,13,51,29760
1791033837,827,0,1315234,20261003,1,42837,0,feed,33180,0,51,33180
1791033837,827,1,1317072,20261003,1,57167,0,feed,33300,0,51,33300
1791033837,83,0,1263947,20261003,1,53725,0,feed,31140,0,44,31140
1791033837,83,0,1265376,20261003,15,53735,180,feed,30060,14,44,29340
1791033837,83,1,1351655,20261003,28,53753,402,feed,29880,27,41,28500
1791033837,83,1,1353827,20261003,1,52532,0,feed,32280,0,41,32280
1791033837,83,0,1354493,20261003,1,53725,0,feed,32940,0,44,32940
1791033837,83,1,1355055,20261003,1,52532,0,feed,30480,0,41,30480
1791033837,87,1,1303774,20261003,1,57690,0,feed,33180,0,70,33180
1791033837,87,1,1304405,20261003,1,57690,0,feed,31380,0,70,31380
1791033837,87,1,1305499,20261003,64,13066,268,feed,29940,63,70,27780
1791033837,87,0,1349518,20261003,41,18796,32,feed,30180,40,71,28920
1791033837,87,0,1349920,20261003,1,51892,0,feed,30720,0,71,30720
1791033837,87,0,1351786,20261003,1,51892,0,feed,32580,0,71,32580
1791033837,87,1,1355430,20261003,10,51361,156,feed,30120,9,70,29580
1791033837,9,0,1356090,20261003,19,3001,251,feed,30000,18,112,29520
1791033837,9,0,1356953,20261003,1,40247,0,feed,33060,0,112,33060
1791033837,9,0,1358009,20261003,62,15664,-40,feed,30240,61,100,27960
1791033837,9,1,1364535,20261003,1,51551,0,feed,,,,
1791033837,9,1,1366959,20261003,61,49787,83,feed,,,,
1791033837,9,0,1367020,20261003,1,52552,0,feed,,,,
1791033837,9,1,1367498,20261003,65,7333,1785,feed,,,,
1791033837,9,1,1367916,20261003,18,19394,114,feed,,,,
1791033837,9,1,1368858,20261003,1,51551,0,feed,,,,
1791033837,901,0,882394,20261003,15,56330,180,feed,30240,14,20,28320
1791033837,901,1,886027,20261003,18,51421,180,feed,30000,17,20,27960
1791033837,901,1,887070,20261003,13,51417,240,feed,30000,12,20,28680
1791033837,901,0,887424,20261003,4,53280,180,feed,30060,3,20,29760
1791033837,901,0,894105,20261003,1,51405,0,feed,30480,0,20,30480
1791033837,901,1,895400,20261003,3,56336,0,feed,30300,2,20,30120
1791033837,901,0,899557,20261003,8,51432,240,feed,30000,7,20,29040
1791033837,901,1,904334,20261003,9,51413,60,feed,30240,8,20,29400
1791033837,902,1,878992,20261003,18,56043,0,feed,30240,17,24,28020
1791033837,902,1,879372,20261003,7,56032,60,feed,30180,6,24,29460
1791033837,902,0,882625,20261003,3,56336,0,feed,30720,2,24,30540
1791033837,902,1,883692,20261003,21,51423,300,feed,29940,20,24,27300
1791033837,902,0,891927,20261003,24,56018,420,feed,29880,23,24,26940
1791033837,902,0,894571,20261003,10,56004,60,feed,30180,9,24,29100
1791033837,902,1,894931,20261003,13,56038,-60,feed,30240,12,24,28740
1791033837,902,0,899151,20261003,21,56015,60,feed,30180,20,24,27660
1791033837,902,0,902787,20261003,16,56010,0,feed,30240,15,24,28380
1791033837,902,1,903373,20261003,1,56026,0,feed,30180,0,24,30180
1791033837,903,1,1262783,20261003,3,48977,139,feed,30180,2,6,29520
1791033837,903,0,1264683,20261003,1,57285,0,feed,33300,0,6,33300
1791033837,903,0,1269438,20261003,1,57285,0,feed,31560,0,6,31560
1791033837,903,0,1271793,20261003,5,56511,-79,feed,30480,4,6,29760
1791033837,903,1,1275804,20261003,1,56874,0,feed,33300,0,6,33300
1791033837,903,1,1276237,20261003,1,56874,0,feed,31320,0,6,31320
1791033837,904,1,1264566,20261003,1,56800,0,feed,32460,0,12,32460
1791033837,904,1,1274056,20261003,5,53301,106,feed,30180,4,12,29760
1791033837,904,0,1365137,20261003,1,56830,0,feed,,,,
1791033837,904,0,1366151,20261003,6,48084,112,feed,,,,
1791033837,904,0,1366804,20261003,1,56830,0,feed,,,,
1791033837,904,1,1367422,20261003,12,56830,390,feed,,,,
1791033837,904,0,1367662,20261003,1,56830,0,feed,,,,
1791033837,904,0,1367723,20261003,2,56829,46,feed,,,,
1791033837,904,1,1368249,20261003,1,56800,0,feed,,,,
1791033837,904,0,1368388,20261003,1,56830,0,feed,,,,
1791033837,904,1,1368435,20261003,9,56832,108,feed,,,,
1791033837,904,1,1368727,20261003,1,56800,0,feed,,,,
1791033837,904,0,1368821,20261003,11,53314,171,feed,,,,
1791033837,904,1,1369189,20261003,1,56800,0,feed,,,,
1791033837,905,0,1343818,20261003,1,52761,0,feed,32100,0,16,32100
1791033837,905,0,1343957,20261003,1,52761,0,feed,30300,0,16,30300
1791033837,905,1,1344391,20261003,1,57441,0,feed,32040,0,16,32040
1791033837,905,1,1344518,20261003,1,57441,0,feed,32940,0,16,32940
1791033837,905,0,1344653,20261003,1,52761,0,feed,33000,0,16,33000
1791033837,905,1,1344816,20261003,1,57441,0,feed,30240,0,16,30240
1791033837,905,0,1344888,20261003,1,52761,0,feed,31200,0,16,31200
1791033837,905,1,1345344,20261003,1,57441,0,feed,31140,0,16,31140
1791033837,905,0,1345720,20261003,14,57438,-39,feed,30300,13,16,28500
1791033837,905,1,1345824,20261003,14,11863,-137,feed,30360,13,16,28440
1791033837,905,0,1345882,20261003,7,57424,-98,feed,30240,6,16,29400
1791033837,905,1,1345894,20261003,8,57427,-32,feed,30240,7,16,29340
1791033837,921,1,1364641,20261003,13,17332,794,feed,,,,
1791033837,921,1,1365033,20261003,1,52531,0,feed,,,,
1791033837,921,0,1365372,20261003,1,51544,0,feed,,,,
1791033837,921,1,1366169,20261003,7,15116,360,feed,,,,
1791033837,921,0,1366281,20261003,1,51544,33,feed,,,,
1791033837,921,0,1366875,20261003,10,56116,76,feed,,,,
1791033837,921,1,1367058,20261003,1,52531,0,feed,,,,
1791033837,921,0,1367258,20261003,17,56120,283,feed,,,,
1791033837,921,1,1367980,20261003,1,52531,0,feed,,,,
1791033837,921,1,1368062,20261003,,,,canceled,,,,
1791033837,921,1,1368466,20261003,1,52531,0,feed,,,,
1791033837,921,0,1368747,20261003,1,51544,0,feed,,,,
1791033837,921,0,1369262,20261003,1,51544,34,feed,,,,
1791033837,921,0,1369521,20261003,1,51544,0,feed,,,,
1791033837,922,0,1311468,20261003,31,3142,15,feed,30720,30,35,27600
1791033837,922,1,1311599,20261003,1,56100,0,feed,31260,0,34,31260
1791033837,922,1,1311892,20261003,1,56100,0,feed,30540,0,34,30540
1791033837,922,1,1312027,20261003,1,56100,0,feed,31920,0,34,31920
1791033837,922,0,1312366,20261003,1,57314,0,feed,33360,0,35,33360
1791033837,922,0,1313079,20261003,34,57420,-158,feed,30240,33,35,26880
1791033837,922,1,1313080,20261003,17,57334,-13,feed,30240,16,34,28560
1791033837,922,1,1313979,20261003,25,16871,-36,feed,30360,24,34,27900
1791033837,922,0,1314032,20261003,1,57314,0,feed,30480,0,35,30480
1791033837,922,0,1314530,20261003,1,57314,0,feed,31920,0,35,31920
1791033837,922,0,1314542,20261003,1,57314,0,feed,32640,0,35,32640
1791033837,922,0,1314786,20261003,7,57356,-90,feed,30300,6,35,29760
1791033837,922,1,1314831,20261003,12,16997,-94,feed,30480,11,34,29220
1791033837,922,0,1314847,20261003,13,51579,-18,feed,30240,12,35,29040
1791033837,922,1,1314975,20261003,1,56100,0,feed,32640,0,34,32640
1791033837,922,0,1315911,20261003,21,57332,-26,feed,30240,20,35,28320
1791033837,922,1,1315993,20261003,1,56100,0,feed,33360,0,34,33360
1791033837,922,1,1316438,20261003,2,57419,292,feed,30060,1,34,29880
1791033837,922,1,1316443,20261003,30,3523,-19,feed,30240,29,34,27180
1791033837,922,0,1317366,20261003,1,57314,0,feed,31200,0,35,31200
1791033837,923,1,1262753,20261003,17,56317,510,feed,29700,16,23,28320
1791033837,923,0,1265790,20261003,1,56897,0,feed,31380,0,22,31380
1791033837,923,1,1267369,20261003,1,57278,155,feed,30060,0,23,30060
1791033837,923,1,1268277,20261003,1,57278,0,feed,31980,0,23,31980
1791033837,923,1,1268740,20261003,13,56422,80,feed,30180,12,23,29220
1791033837,923,0,1268963,20261003,1,56897,0,feed,32220,0,22,32220
1791033837,923,0,1274274,20261003,7,17853,-35,feed,30240,6,22,29580
1791033837,923,0,1275260,20261003,1,56897,0,feed,33120,0,22,33120
1791033837,923,0,1275401,20261003,17,56527,195,feed,30060,16,22,28680
1791033837,923,1,1275570,20261003,1,57278,0,feed,32820,0,23,32820
1791033837,923,1,1340456,20261003,1,57278,0,feed,33660,0,23,33660
1791033837,923,0,1340494,20261003,1,56897,0,feed,30480,0,22,30480
1791033837,923,0,1340991,20261003,21,56826,627,feed,29580,20,22,27780
1791033837,923,1,1341692,20261003,1,57278,0,feed,31080,0,23,31080
1791033837,924,1,1336850,20261003,15,56317,240,feed,30060,14,41,28740
1791033837,924,0,1337195,20261003,2,4513,77,feed,30180,1,40,30060
1791033837,924,1,1337487,20261003,1,56823,0,feed,30780,0,41,30780
1791033837,924,0,1338262,20261003,1,56873,0,feed,31440,0,40,31440
1791033837,924,1,1338497,20261003,30,56918,707,feed,29520,29,41,26640
1791033837,924,1,1338867,20261003,9,56905,136,feed,30120,8,41,29400
1791033837,924,1,1339801,20261003,28,56916,233,feed,30060,27,41,27360
1791033837,924,0,1340031,20261003,1,56873,0,feed,30720,0,40,30720
1791033837,924,0,1340302,20261003,17,52300,184,feed,30180,16,40,28620
1791033837,924,0,1340345,20261003,29,43275,168,feed,30060,28,40,27180
1791033837,924,1,1340745,20261003,1,56823,0,feed,31500,0,41,31500
1791033837,924,0,1340898,20261003,1,56873,0,feed,32880,0,40,32880
1791033837,924,0,1341119,20261003,39,9089,-168,feed,30300,38,40,26460
1791033837,924,0,1341248,20261003,1,56873,0,feed,33480,0,40,33480
1791033837,924,0,1341360,20261003,21,56929,345,feed,29880,20,40,27900
1791033837,924,0,1342026,20261003,8,643,347,feed,29880,7,40,29340
1791033837,924,1,1342119,20261003,3,9173,1,feed,30300,2,41,30060
1791033837,924,0,1342152,20261003,1,56873,0,feed,32160,0,40,32160
1791033837,924,1,1342183,20261003,1,56823,0,feed,32940,0,41,32940
1791033837,924,1,1342259,20261003,1,56823,0,feed,33660,0,41,33660
1791033837,924,1,1342265,20261003,18,17907,585,feed,29700,17,41,28080
1791033837,924,1,1342450,20261003,1,56823,0,feed,32220,0,41,32220
1791033837,925,0,1273285,20261003,27,16130,319,feed,29940,26,35,27660
1791033837,925,1,1331708,20261003,1,57541,0,feed,32220,0,35,32220
1791033837,925,1,1332065,20261003,1,57541,0,feed,30840,0,35,30840
1791033837,925,0,1333615,20261003,1,53703,0,feed,30480,0,35,30480
1791033837,925,1,1333629,20261003,1,57541,0,feed,33660,0,35,33660
1791033837,925,0,1333671,20261003,1,53703,0,feed,31200,0,35,31200
1791033837,925,0,1333840,20261003,1,53703,0,feed,32640,0,35,32640
1791033837,925,0,1333856,20261003,5,1259,175,feed,30060,4,35,29760
1791033837,925,1,1333922,20261003,34,1156,-152,feed,30300,33,35,27300
1791033837,925,1,1334075,20261003,1,57541,0,feed,31500,0,35,31500
1791033837,925,0,1334536,20261003,35,57541,287,feed,29940,34,35,26940
1791033837,925,1,1335200,20261003,1,57541,0,feed,32940,0,35,32940
1791033837,925,0,1335271,20261003,15,50195,-54,feed,30240,14,35,29040
1791033837,925,1,1335505,20261003,17,17927,138,feed,30120,16,35,28740
1791033837,925,1,1335575,20261003,21,50196,309,feed,29940,20,35,28020
1791033837,925,0,1335632,20261003,22,17947,-91,feed,30240,21,35,28320
1791033837,925,0,1335789,20261003,1,53703,0,feed,33360,0,35,33360
1791033837,925,1,1335851,20261003,6,16154,358,feed,29880,5,35,29400
1791033837,925,0,1335885,20261003,1,53703,0,feed,31920,0,35,31920
1791033837,94,0,1183455,20261003,1,51200,0,feed,31380,0,15,31380
1791033837,94,1,1185711,20261003,13,17901,297,feed,29940,12,16,28440
1791033837,94,1,1339808,20261003,1,56100,0,feed,,,,
1791033837,94,0,1341213,20261003,9,18665,5,feed,,,,
1791033837,94,1,1347126,20261003,1,56100,0,feed,,,,
1791033837,94,0,1347865,20261003,1,51200,0,feed,,,,
1791034739,10,0,1325424,20261003,21,17194,-40,feed,31140,20,49,29640
1791034739,10,0,1325509,20261003,1,19337,0,feed,,,,
1791034739,10,1,1326077,20261003,43,53966,-43,feed,,,,
1791034739,10,1,1326155,20261003,29,17154,347,feed,30780,28,64,29640
1791034739,10,1,1326235,20261003,1,57165,0,feed,31440,0,64,31440
1791034739,10,1,1326451,20261003,1,57165,0,feed,34200,0,53,34200
1791034739,10,1,1326652,20261003,1,57165,0,feed,33240,0,64,33240
1791034739,10,0,1326736,20261003,1,19337,0,feed,34140,0,60,34140
1791034739,10,0,1326911,20261003,1,19337,0,feed,31500,0,49,31500
1791034739,10,0,1329456,20261003,53,14274,165,feed,30960,52,60,28200
1791034739,10,1,1330696,20261003,1,57165,0,feed,32460,0,53,32460
1791034739,10,0,1345684,20261003,9,17996,19,feed,31140,8,60,30600
1791034739,10,0,1367261,20261003,1,19337,0,feed,,,,
1791034739,10,1,1368333,20261003,6,40236,54,feed,,,,
1791034739,10,1,1368985,20261003,62,1197,235,feed,,,,
1791034739,11,1,1317736,20261003,5,14596,409,feed,,,,
1791034739,11,1,1318718,20261003,1,49304,0,feed,,,,
1791034739,11,1,1318806,20261003,1,49304,0,feed,34200,0,79,34200
1791034739,11,1,1333584,20261003,43,17982,473,feed,30660,42,79,28800
1791034739,11,1,1353882,20261003,1,49304,0,feed,31500,0,79,31500
1791034739,11,0,1364237,20261003,1,51828,0,feed,,,,
1791034739,11,0,1364493,20261003,2,1874,-45,feed,,,,
1791034739,11,0,1364891,20261003,1,51828,0,feed,,,,
1791034739,11,0,1365010,20261003,40,17996,235,feed,,,,
1791034739,11,0,1365189,20261003,1,51828,0,feed,,,,
1791034739,11,1,1367697,20261003,1,49304,0,feed,,,,
1791034739,11,0,1368798,20261003,1,51828,0,feed,,,,
1791034739,14,1,1331025,20261003,49,15668,76,feed,31080,48,82,28980
1791034739,14,0,1331063,20261003,1,4345,0,feed,32160,0,80,32160
1791034739,14,1,1331282,20261003,4,8389,287,feed,30840,3,82,30720
1791034739,14,0,1331975,20261003,1,4345,0,feed,33960,0,80,33960
1791034739,14,1,1332127,20261003,1,50153,0,feed,32520,0,82,32520
1791034739,14,0,1332360,20261003,49,19311,283,feed,30840,48,80,28620
1791034739,14,1,1332495,20261003,1,50153,0,feed,34320,0,82,34320
1791034739,14,0,1333037,20261003,18,15578,52,feed,31080,17,80,30420
1791034739,17,0,1132652,20261003,1,57458,0,feed,33360,0,63,33360
1791034739,17,1,1317951,20261003,58,5751,719,feed,30420,57,65,27240
1791034739,17,1,1318157,20261003,1,17192,0,feed,,,,
1791034739,17,1,1318412,20261003,30,4663,130,feed,31020,29,65,29040
1791034739,17,0,1324422,20261003,21,57291,241,feed,30900,20,63,29820
1791034739,17,0,1333898,20261003,1,57458,0,feed,31560,0,63,31560
1791034739,17,1,1335969,20261003,7,15518,2,feed,31140,6,65,30840
1791034739,17,1,1367100,20261003,1,17192,0,feed,,,,
1791034739,17,0,1367673,20261003,50,56542,206,feed,,,,
1791034739,18,0,1361139,20261003,14,51631,-24,feed,,,,
1791034739,18,0,1361386,20261003,1,57131,0,feed,34320,0,84,34320
1791034739,18,1,1365623,20261003,3,17976,217,feed,,,,
1791034739,18,1,1366496,20261003,50,1361,393,feed,,,,
1791034739,18,1,1366899,20261003,1,56800,0,feed,,,,
1791034739,18,0,1366999,20261003,54,57377,227,feed,,,,
1791034739,18,1,1367572,20261003,1,56800,0,feed,,,,
1791034739,18,0,1367589,20261003,1,57131,0,feed,,,,
1791034739,18,0,1367743,20261003,7,1444,-11,feed,,,,
1791034739,18,1,1367843,20261003,14,81077,81,feed,,,,
1791034739,18,1,1367855,20261003,33,136,106,feed,,,,
1791034739,18,0,1368106,20261003,1,51852,0,feed,,,,
1791034739,18,1,1368473,20261003,1,56800,0,feed,,,,
1791034739,18,0,1368895,20261003,81,17996,164,feed,,,,
1791034739,18,1,1369195,20261003,1,56800,0,feed,,,,
1791034739,18,0,1369255,20261003,39,1900,-59,feed,,,,
1791034739,18,0,1369467,20261003,1,51852,0,feed,,,,
1791034739,2,1,1275547,20261003,1,50670,0,feed,33000,0,34,33000
1791034739,2,0,1318333,20261003,1,57469,0,feed,34020,0,34,34020
1791034739,2,0,1319327,20261003,1,57469,0,feed,32220,0,34,32220
1791034739,2,0,1319576,20261003,13,52240,-66,feed,31140,12,34,30420
1791034739,2,0,1331067,20261003,1,57469,0,feed,31320,0,41,31320
1791034739,2,0,1332712,20261003,37,57734,91,feed,30960,36,41,28680
1791034739,2,0,1333277,20261003,28,13225,-30,feed,31140,27,41,29580
1791034739,2,1,1361126,20261003,1,57618,0,feed,33300,0,42,33300
1791034739,2,1,1362086,20261003,1,57618,0,feed,,,,
1791034739,2,1,1363769,20261003,15,42454,406,feed,30720,14,42,29760
1791034739,2,0,1363982,20261003,1,57469,0,feed,33120,0,41,33120
1791034739,215,1,1268010,20261003,1,5020,0,feed,33360,0,27,33360
1791034739,215,1,1269764,20261003,27,49979,8,feed,31140,26,27,29760
1791034739,215,0,1271377,20261003,1,49979,0,feed,31440,0,30,31440
1791034739,219,0,1303185,20261003,33,53659,-45,feed,31140,32,74,29760
1791034739,219,0,1304104,20261003,1,57340,0,feed,33360,0,74,33360
1791034739,219,1,1311569,20261003,37,48193,77,feed,31080,36,71,29700
1791034739,219,1,1313107,20261003,1,5020,0,feed,33300,0,71,33300
1791034739,22,1,1357463,20261003,1,56825,0,feed,,,,
1791034739,22,1,1357692,20261003,70,4328,119,feed,31020,69,84,27180
1791034739,22,1,1357780,20261003,32,11172,-105,feed,,,,
1791034739,22,0,1365015,20261003,1,4558,0,feed,,,,
1791034739,22,0,1365245,20261003,1,4558,0,feed,,,,
1791034739,22,0,1366517,20261003,40,57194,519,feed,,,,
1791034739,22,1,1367544,20261003,1,56825,0,feed,,,,
1791034739,22,1,1368123,20261003,50,15619,-6,feed,,,,
1791034739,22,0,1368193,20261003,1,4558,0,feed,,,,
1791034739,22,1,1368672,20261003,1,56825,0,feed,,,,
1791034739,22,1,1369027,20261003,9,11618,-90,feed,,,,
1791034739,22,0,1369165,20261003,26,12562,74,feed,,,,
1791034739,22,0,1369270,20261003,63,11186,301,feed,,,,
1791034739,223,1,1360923,20261003,1,5020,0,feed,31260,0,34,31260
1791034739,223,0,1362089,20261003,1,57691,0,feed,33360,0,33,33360
1791034739,223,0,1362666,20261003,27,18239,177,feed,30960,26,33,29760
1791034739,223,1,1363749,20261003,1,5020,0,feed,33060,0,34,33060
1791034739,225,1,1131121,20261003,1,45174,0,feed,32280,0,20,32280
1791034739,225,0,1275899,20261003,1,52530,0,feed,34260,0,20,34260
1791034739,227,0,1268554,20261003,1,52530,0,feed,34200,0,47,34200
1791034739,227,1,1274259,20261003,1,45174,0,feed,32280,0,45,32280
1791034739,25,1,1325654,20261003,1,57166,0,feed,31620,0,89,31620
1791034739,25,1,1326293,20261003,73,14941,-40,feed,31140,72,89,28020
1791034739,25,0,1326497,20261003,1,19337,0,feed,33480,0,92,33480
1791034739,25,0,1326888,20261003,11,56542,480,feed,30660,10,92,29880
1791034739,27,0,1363609,20261003,1,52857,0,feed,32400,0,23,32400
1791034739,27,1,1368218,20261003,1,51367,0,feed,,,,
1791034739,3,1,1185296,20261003,1,56100,0,feed,32580,0,65,32580
1791034739,3,0,1185403,20261003,1,54097,0,feed,32100,0,64,32100
1791034739,3,1,1188234,20261003,1,56100,0,feed,33720,0,64,33720
1791034739,3,0,1321117,20261003,39,49890,39,feed,31140,38,64,28860
1791034739,3,1,1321969,20261003,15,831,262,feed,30900,14,64,30120
1791034739,3,0,1323264,20261003,1,54097,0,feed,32940,0,65,32940
1791034739,3,1,1323352,20261003,54,19302,229,feed,30900,53,65,28140
1791034739,3,0,1327420,20261003,1,54097,0,feed,33840,0,64,33840
1791034739,3,1,1369002,20261003,1,56100,0,feed,,,,
1791034739,3,1,1369528,20261003,2,2611,189,feed,,,,
1791034739,30,1,1212213,20261003,1,15882,159,feed,30960,0,44,30960
1791034739,30,1,1213255,20261003,1,15882,0,feed,32760,0,44,32760
1791034739,30,1,1214617,20261003,30,57645,-35,feed,31140,29,44,29220
1791034739,30,0,1215064,20261003,23,12665,121,feed,31020,22,48,30240
1791034739,30,0,1216003,20261003,1,40238,0,feed,33840,0,48,33840
1791034739,30,0,1217801,20261003,1,40238,0,feed,32040,0,48,32040
1791034739,30,1,1218465,20261003,1,15882,0,feed,34560,0,44,34560
1791034739,32,0,1331227,20261003,1,50155,0,feed,33300,0,59,33300
1791034739,32,0,1332116,20261003,1,50155,0,feed,,,,
1791034739,32,0,1332305,20261003,40,40635,-35,feed,,,,
1791034739,32,1,1364965,20261003,7,4117,70,feed,,,,
1791034739,32,1,1365346,20261003,60,52327,16,feed,,,,
1791034739,32,1,1365620,20261003,1,57685,0,feed,,,,
1791034739,32,1,1366195,20261003,1,57685,0,feed,,,,
1791034739,323,1,1131189,20261003,1,57508,0,feed,34560,0,25,34560
1791034739,323,0,1133491,20261003,1,51116,0,feed,32700,0,23,32700
1791034739,323,1,1133674,20261003,2,57439,60,feed,31080,1,25,31020
1791034739,323,1,1135512,20261003,1,57508,0,feed,32820,0,25,32820
1791034739,323,0,1136212,20261003,1,51116,0,feed,31560,0,23,31560
1791034739,345,1,1132958,20261003,1,57508,0,feed,32520,0,15,32520
1791034739,345,1,1134141,20261003,9,48548,-46,feed,31260,8,15,28920
1791034739,345,0,1136184,20261003,1,56879,0,feed,32400,0,15,32400
1791034739,345,0,1137191,20261003,15,57508,3,feed,31200,14,15,28800
1791034739,36,0,1176582,20261003,1,57537,0,feed,33060,0,53,33060
1791034739,36,0,1185999,20261003,1,57537,0,feed,31380,0,53,31380
1791034739,36,1,1221282,20261003,37,41126,-3,feed,31260,36,50,29820
1791034739,36,1,1362326,20261003,1,50160,0,feed,31620,0,50,31620
1791034739,36,0,1362765,20261003,38,6201,74,feed,31080,37,53,29580
1791034739,36,1,1368040,20261003,1,50160,0,feed,,,,
1791034739,38,0,1349639,20261003,70,40668,99,feed,,,,
1791034739,38,0,1351532,20261003,1,48213,0,feed,,,,
1791034739,38,1,1351767,20261003,1,16494,0,feed,,,,
1791034739,38,0,1351901,20261003,107,4280,284,feed,,,,
1791034739,38,1,1354748,20261003,16,51543,281,feed,,,,
1791034739,38,0,1354833,20261003,30,3592,45,feed,,,,
1791034739,38,1,1355347,20261003,1,42032,0,feed,,,,
1791034739,38,1,1368131,20261003,64,42424,168,feed,,,,
1791034739,38,0,1369308,20261003,1,48213,0,feed,,,,
1791034739,4,0,1159065,20261003,57,57457,58,feed,31080,56,87,28140
1791034739,4,0,1159935,20261003,1,50231,0,feed,33840,0,53,33840
1791034739,4,1,1356771,20261003,41,17925,168,feed,30960,40,90,29280
1791034739,4,0,1358191,20261003,1,50231,0,feed,31380,0,89,31380
1791034739,4,0,1358682,20261003,43,175,-69,feed,31200,42,89,29400
1791034739,4,1,1359006,20261003,75,3417,162,feed,31020,74,85,27480
1791034739,4,1,1359333,20261003,1,14153,0,feed,34200,0,90,34200
1791034739,4,1,1359891,20261003,1,14153,0,feed,32520,0,90,32520
1791034739,4,0,1359977,20261003,1,50231,0,feed,33120,0,89,33120
1791034739,4,0,1360423,20261003,1,50231,0,feed,32160,0,53,32160
1791034739,4,0,1360468,20261003,15,3370,-4,feed,31140,14,53,30480
1791034739,4,1,1360574,20261003,4,56762,45,feed,31080,3,85,31020
1791034739,46,1,1266877,20261003,1,51550,0,feed,31500,0,59,31500
1791034739,46,0,1275837,20261003,1,220,0,feed,34260,0,62,34260
1791034739,46,1,1279525,20261003,1,51550,0,feed,33300,0,59,33300
1791034739,46,0,1288147,20261003,8,984,233,feed,30900,7,62,30660
1791034739,48,0,1304579,20261003,1,19301,0,feed,32700,0,61,32700
1791034739,48,1,1348922,20261003,50,3051,49,feed,31080,49,61,29400
1791034739,48,0,1354143,20261003,60,50105,-67,feed,31140,59,61,29100
1791034739,48,1,1354633,20261003,1,50152,0,feed,33000,0,61,33000
1791034739,5,0,1366026,20261003,1,51212,0,feed,,,,
1791034739,5,1,1367183,20261003,1,51846,0,feed,,,,
1791034739,5,0,1367768,20261003,24,803,197,feed,,,,
1791034739,5,1,1367813,20261003,53,39,575,feed,,,,
1791034739,515,1,1350270,20261003,1,56877,0,feed,31620,0,49,31620
1791034739,515,1,1351176,20261003,1,56877,0,feed,33420,0,49,33420
1791034739,515,0,1351215,20261003,1,53704,0,feed,33960,0,49,33960
1791034739,515,1,1351349,20261003,1,56877,0,feed,34320,0,49,34320
1791034739,515,0,1352230,20261003,1,53704,0,feed,31260,0,49,31260
1791034739,515,1,1352625,20261003,1,56877,0,feed,32520,0,49,32520
1791034739,515,1,1353223,20261003,29,41896,465,feed,30660,28,49,29880
1791034739,515,0,1353288,20261003,1,53704,0,feed,33060,0,49,33060
1791034739,515,1,1353893,20261003,4,4514,178,feed,30960,3,49,30780
1791034739,515,0,1354351,20261003,29,4429,87,feed,31080,28,49,30360
1791034739,515,0,1354827,20261003,1,53704,0,feed,32160,0,49,32160
1791034739,534,1,1344342,20261003,32,56725,116,feed,31020,31,32,29700
1791034739,534,0,1344416,20261003,1,56725,0,feed,31620,0,35,31620
1791034739,534,1,1345027,20261003,1,51824,0,feed,31500,0,32,31500
1791034739,534,1,1345372,20261003,1,51824,0,feed,33300,0,32,33300
1791034739,534,0,1345591,20261003,1,56725,0,feed,33420,0,35,33420
1791034739,538,0,1133562,20261003,1,53704,0,feed,32400,0,42,32400
1791034739,538,0,1134427,20261003,1,53704,0,feed,34200,0,42,34200
1791034739,538,1,1318024,20261003,1,56880,0,feed,31680,0,40,31680
1791034739,538,1,1318336,20261003,23,41217,333,feed,30840,22,40,29880
1791034739,539,0,1137973,20261003,1,56725,0,feed,33120,0,41,33120
1791034739,539,1,887554,20261003,1,56880,0,feed,31980,0,38,31980
1791034739,54,1,1132240,20261003,13,13117,173,feed,30960,12,27,30000
1791034739,54,0,1132790,20261003,1,56875,0,feed,32220,0,25,32220
1791034739,54,1,1132796,20261003,1,56100,0,feed,31800,0,27,31800
1791034739,54,0,1133608,20261003,19,10236,14,feed,31200,18,25,29520
1791034739,54,1,1342013,20261003,1,56100,0,feed,33600,0,27,33600
1791034739,54,0,1346176,20261003,1,56875,0,feed,33120,0,46,33120
1791034739,54,0,1346471,20261003,38,42427,281,feed,30840,37,46,27720
1791034739,54,1,1346741,20261003,1,42319,0,feed,34560,0,47,34560
1791034739,54,1,1347038,20261003,1,42319,0,feed,32760,0,47,32760
1791034739,54,1,1347987,20261003,22,43282,154,feed,31020,21,47,29160
1791034739,54,1,1348005,20261003,40,56939,524,feed,30840,39,47,27360
1791034739,54,0,1354169,20261003,1,56875,0,feed,31320,0,46,31320
1791034739,54,1,1360814,20261003,3,5287,-118,feed,31140,2,47,30960
1791034739,54,0,1368541,20261003,1,56875,0,feed,,,,
1791034739,540,0,1135474,20261003,1,53052,0,feed,34380,0,51,34380
1791034739,540,0,1135740,20261003,5,56106,81,feed,31080,4,51,30840
1791034739,540,0,1138304,20261003,47,57316,284,feed,30840,46,51,29040
1791034739,540,1,891771,20261003,1,56879,0,feed,32220,0,48,32220
1791034739,540,1,897635,20261003,1,56879,0,feed,34020,0,48,34020
1791034739,546,1,1137938,20261003,1,51824,0,feed,31860,0,31,31860
1791034739,546,0,895752,20261003,1,56725,9,feed,33360,0,33,33360
1791034739,61,0,1364460,20261003,1,17905,0,feed,,,,
1791034739,61,1,1364671,20261003,27,49682,-32,feed,,,,
1791034739,61,0,1365086,20261003,48,49670,41,feed,,,,
1791034739,61,1,1365668,20261003,1,52761,0,feed,,,,
1791034739,61,1,1367080,20261003,1,52761,50,feed,,,,
1791034739,61,0,1368425,20261003,5,17951,101,feed,,,,
1791034739,61,1,1368603,20261003,68,17917,54,feed,,,,
1791034739,61,1,1368621,20261003,1,52761,0,feed,,,,
1791034739,61,0,1368859,20261003,1,17905,0,feed,,,,
1791034739,615,0,1346064,20261003,1,41157,0,feed,31980,0,76,31980
1791034739,615,1,1346165,20261003,1,3540,0,feed,31920,0,76,31920
1791034739,615,1,1347073,20261003,70,47141,42,feed,31080,69,76,28320
1791034739,62,0,1349165,20261003,60,80932,-125,feed,31260,59,86,29100
1791034739,62,0,1349320,20261003,5,331,1,feed,31020,4,86,30900
1791034739,62,1,1349384,20261003,1,49141,0,feed,32040,0,83,32040
1791034739,62,1,1350721,20261003,1,49141,0,feed,33840,0,83,33840
1791034739,62,1,1352537,20261003,26,10471,-16,feed,31140,25,83,30240
1791034739,62,0,1352814,20261003,1,328,0,feed,34500,0,86,34500
1791034739,62,0,1359926,20261003,1,328,0,feed,32700,0,86,32700
1791034739,62,0,1359971,20261003,1,2611,0,feed,31380,0,67,31380
1791034739,62,1,1360619,20261003,66,6272,42,feed,31080,65,91,28200
1791034739,63,1,1262710,20261003,1,51114,0,feed,,,,
1791034739,63,1,1269139,20261003,8,13587,172,feed,,,,
1791034739,63,1,1271234,20261003,1,51114,0,feed,,,,
1791034739,63,1,1274289,20261003,20,43282,343,feed,,,,
1791034739,63,0,1346045,20261003,1,15795,0,feed,,,,
1791034739,63,0,1346133,20261003,1,15795,0,feed,,,,
1791034739,63,0,1346389,20261003,40,11838,173,feed,,,,
1791034739,63,1,1347243,20261003,1,51114,0,feed,,,,
1791034739,63,0,1347332,20261003,60,51114,-457,feed,,,,
1791034739,63,1,1347364,20261003,1,51114,0,feed,,,,
1791034739,63,0,1348039,20261003,1,15795,0,feed,,,,
1791034739,63,1,1348190,20261003,54,56941,228,feed,,,,
1791034739,63,0,1348647,20261003,17,3112,54,feed,,,,
1791034739,63,0,1368837,20261003,1,15795,0,feed,,,,
1791034739,64,1,1342583,20261003,54,12936,44,feed,31080,53,76,29460
1791034739,64,0,1356049,20261003,1,52761,0,feed,32160,0,43,32160
1791034739,64,0,1357136,20261003,1,52761,0,feed,33960,0,43,33960
1791034739,64,0,1357757,20261003,1,52761,0,feed,33060,0,78,33060
1791034739,64,0,1358440,20261003,30,12958,246,feed,30900,29,78,29460
1791034739,64,0,1359236,20261003,1,52761,0,feed,31260,0,78,31260
1791034739,64,1,1359435,20261003,1,42157,0,feed,33180,0,43,33180
1791034739,64,0,1359712,20261003,8,11776,68,feed,31080,7,43,30360
1791034739,64,1,1359911,20261003,1,42157,0,feed,31380,0,43,31380
1791034739,64,1,1360712,20261003,1,52015,0,feed,32880,0,76,32880
1791034739,64,1,1360799,20261003,1,52015,0,feed,31140,0,76,31140
1791034739,645,1,1208148,20261003,15,6658,163,feed,,,,
1791034739,645,0,1337122,20261003,1,6990,0,feed,,,,
1791034739,645,1,1341885,20261003,1,53293,0,feed,,,,
1791034739,645,0,1342044,20261003,27,40939,-27,feed,,,,
1791034739,65,0,1349064,20261003,3,80985,128,feed,32460,2,40,32340
1791034739,65,1,1349559,20261003,1,57690,0,feed,34140,0,38,34140
1791034739,65,1,1349743,20261003,9,45387,179,feed,30960,8,38,30480
1791034739,65,0,1349848,20261003,3,80985,125,feed,34200,2,40,34080
1791034739,65,1,1349914,20261003,1,57690,0,feed,32220,0,38,32220
1791034739,65,0,1350137,20261003,4,10693,99,feed,31020,3,40,30600
1791034739,67,1,1271715,20261003,1,56100,0,feed,31680,0,65,31680
1791034739,67,1,1351909,20261003,34,18870,0,feed,,,,
1791034739,67,0,1355672,20261003,1,53723,0,feed,,,,
1791034739,67,1,1359653,20261003,1,56100,0,feed,33480,0,65,33480
1791034739,67,0,1359981,20261003,38,15058,51,feed,31080,37,65,29700
1791034739,67,0,1369496,20261003,1,53723,0,feed,,,,
1791034739,68,1,1266613,20261003,1,11904,0,feed,32100,0,61,32100
1791034739,68,1,1338346,20261003,1,11904,0,feed,33900,0,117,33900
1791034739,68,0,1362553,20261003,2,9806,26,feed,33120,1,87,33120
1791034739,68,0,1362641,20261003,2,9806,144,feed,32220,1,59,32220
1791034739,68,0,1363191,20261003,51,2607,-62,feed,31140,50,87,29520
1791034739,68,0,1363418,20261003,1,53340,56,feed,32400,0,118,32400
1791034739,68,1,1364071,20261003,15,9898,77,feed,31080,14,117,30300
1791034739,68,1,1366205,20261003,1,57511,0,feed,,,,
1791034739,68,1,1367360,20261003,65,9928,7,feed,,,,
1791034739,68,0,1367376,20261003,2,9806,50,feed,,,,
1791034739,68,1,1367646,20261003,85,9998,580,feed,,,,
1791034739,68,0,1368075,20261003,83,40110,-115,feed,,,,
1791034739,68,1,1369146,20261003,1,57511,0,feed,,,,
1791034739,686,1,1170390,20261003,1,56939,0,feed,33360,0,4,33360
1791034739,686,0,1331453,20261003,1,47705,0,feed,31320,0,3,31320
1791034739,686,0,1334493,20261003,1,47705,0,feed,34200,0,3,34200
1791034739,686,1,1335159,20261003,2,70103,-195,feed,31140,1,4,30540
1791034739,7,0,1356094,20261003,1,51779,0,feed,32340,0,64,32340
1791034739,7,0,1356647,20261003,3,19437,396,feed,30780,2,64,30600
1791034739,7,1,1357950,20261003,17,19317,358,feed,30840,16,60,30060
1791034739,7,0,1358043,20261003,1,51779,0,feed,34140,0,64,34140
1791034739,7,0,1358761,20261003,33,57482,479,feed,30660,32,64,28860
1791034739,7,1,1359429,20261003,48,48897,31,feed,31140,47,60,28260
1791034739,7,1,1360477,20261003,1,17679,0,feed,33600,0,60,33600
1791034739,7,1,1360783,20261003,1,17679,0,feed,31860,0,60,31860
1791034739,71,1,1266754,20261003,1,51291,0,feed,31200,0,60,31200
1791034739,71,0,1267604,20261003,33,56326,1,feed,31140,32,58,29820
1791034739,71,1,1268776,20261003,1,51291,0,feed,33000,0,60,33000
1791034739,71,0,1274522,20261003,1,9715,0,feed,33420,0,58,33420
1791034739,71,1,1275684,20261003,40,47046,-2,feed,31140,39,60,29400
1791034739,71,0,1361292,20261003,1,9715,0,feed,31320,0,75,31320
1791034739,716,0,1136708,20261003,1,50154,0,feed,33000,0,51,33000
1791034739,716,0,1136877,20261003,48,8725,262,feed,30900,47,51,29400
1791034739,716,1,1137091,20261003,1,8728,1,feed,31320,0,50,31320
1791034739,72,1,1239871,20261003,1,13667,0,feed,32040,0,51,32040
1791034739,72,1,1240513,20261003,21,51199,230,feed,30900,20,51,30240
1791034739,72,0,1342749,20261003,1,57615,0,feed,31920,0,54,31920
1791034739,72,0,1342774,20261003,1,57615,0,feed,33660,0,54,33660
1791034739,72,0,1342898,20261003,1,57615,1468,feed,30120,0,54,30120
1791034739,72,1,1344249,20261003,1,13667,309,feed,33780,0,51,33780
1791034739,721,1,1181788,20261003,1,9522,0,feed,34200,0,41,34200
1791034739,721,1,1181860,20261003,5,44834,352,feed,30780,4,41,30600
1791034739,721,0,1185414,20261003,1,51845,0,feed,32760,0,43,32760
1791034739,721,1,1186203,20261003,1,9522,0,feed,32400,0,41,32400
1791034739,721,0,1186726,20261003,3,9474,126,feed,31020,2,43,30900
1791034739,721,0,1187966,20261003,1,51845,0,feed,34560,0,43,34560
1791034739,722,1,1177444,20261003,34,11550,-3,feed,31140,33,53,30000
1791034739,722,0,1177596,20261003,1,56827,0,feed,32400,0,11,32400
1791034739,722,1,1178420,20261003,1,11486,0,feed,33120,0,14,33120
1791034739,722,1,1181355,20261003,1,57636,0,feed,33600,0,53,33600
1791034739,722,0,1182378,20261003,11,11486,-9,feed,31140,10,51,30600
1791034739,722,0,1188260,20261003,1,56827,0,feed,34200,0,51,34200
1791034739,723,1,1179416,20261003,1,53224,0,feed,,,,
1791034739,723,0,1182074,20261003,16,9338,-42,feed,,,,
1791034739,723,0,1187876,20261003,1,51845,0,feed,,,,
1791034739,724,1,1131724,20261003,1,53222,0,feed,31620,0,35,31620
1791034739,724,0,1131975,20261003,1,51846,0,feed,31500,0,33,31500
1791034739,724,0,1133079,20261003,1,51846,0,feed,34200,0,33,34200
1791034739,724,1,1133199,20261003,1,53222,0,feed,33420,0,35,33420
1791034739,724,1,1134316,20261003,12,42071,-65,feed,31140,11,35,30720
1791034739,724,1,1134468,20261003,1,53222,0,feed,32520,0,35,32520
1791034739,724,0,1134577,20261003,1,51846,0,feed,32400,0,33,32400
1791034739,724,0,1134855,20261003,33,53222,422,feed,30720,32,33,29700
1791034739,724,0,1134966,20261003,1,51846,0,feed,33300,0,33,33300
1791034739,724,0,1135136,20261003,18,52565,-73,feed,31140,17,33,30600
1791034739,724,1,1136218,20261003,1,53222,0,feed,34320,0,35,34320
1791034739,725,0,1312352,20261003,1,57580,0,feed,34020,0,50,34020
1791034739,725,1,1312574,20261003,36,49381,-39,feed,31140,35,49,29700
1791034739,725,0,1315971,20261003,9,52707,78,feed,31140,8,50,30540
1791034739,725,1,1316719,20261003,1,56775,0,feed,33300,0,49,33300
1791034739,74,0,1355795,20261003,33,11834,112,feed,31080,32,59,29280
1791034739,74,1,1356106,20261003,23,43282,53,feed,31260,22,61,29880
1791034739,74,0,1356210,20261003,1,51546,0,feed,34560,0,59,34560
1791034739,74,1,1356281,20261003,1,13667,0,feed,33420,0,61,33420
1791034739,74,0,1359251,20261003,55,51289,544,feed,30600,54,59,27540
1791034739,74,0,1359551,20261003,1,51546,0,feed,32820,0,59,32820
1791034739,74,1,1359729,20261003,1,13667,0,feed,31680,0,61,31680
1791034739,74,1,1360346,20261003,52,11751,298,feed,30840,51,61,28140
1791034739,74,0,1360675,20261003,2,48896,-96,feed,31380,1,59,31020
1791034739,80,0,1313995,20261003,1,49979,0,feed,31320,0,42,31320
1791034739,80,1,1314319,20261003,1,50689,0,feed,33120,0,38,33120
1791034739,802,0,1197663,20261003,1,57169,0,feed,32640,0,46,32640
1791034739,802,1,1204484,20261003,1,42622,0,feed,33720,0,45,33720
1791034739,802,1,1206022,20261003,23,11044,-2,feed,31140,22,45,30120
1791034739,804,0,1261508,20261003,1,14153,0,feed,32400,0,32,32400
1791034739,804,1,1327941,20261003,1,14727,0,feed,34200,0,35,34200
1791034739,805,0,1212210,20261003,54,48124,162,feed,30960,53,72,29040
1791034739,805,1,1212930,20261003,1,50716,0,feed,33000,0,72,33000
1791034739,827,1,1313446,20261003,40,57574,-71,feed,31140,39,51,29760
1791034739,827,0,1315234,20261003,1,42837,0,feed,33180,0,51,33180
1791034739,827,1,1317072,20261003,1,57167,0,feed,33300,0,51,33300
1791034739,83,0,1263947,20261003,1,53725,16,feed,31140,0,44,31140
1791034739,83,0,1265376,20261003,30,557,437,feed,30720,29,44,29340
1791034739,83,1,1350783,20261003,1,52532,0,feed,34080,0,41,34080
1791034739,83,1,1353827,20261003,1,52532,0,feed,32280,0,41,32280
1791034739,83,0,1354493,20261003,1,53725,0,feed,32940,0,44,32940
1791034739,83,1,1355055,20261003,2,3958,326,feed,30720,1,41,30480
1791034739,87,1,1303774,20261003,1,57690,0,feed,33180,0,70,33180
1791034739,87,1,1304405,20261003,1,57690,0,feed,31380,0,70,31380
1791034739,87,0,1349518,20261003,63,51360,101,feed,31020,62,71,28920
1791034739,87,0,1349920,20261003,10,13072,60,feed,31080,9,71,30720
1791034739,87,0,1350438,20261003,1,51892,0,feed,34380,0,71,34380
1791034739,87,0,1351786,20261003,1,51892,0,feed,32580,0,71,32580
1791034739,87,1,1355430,20261003,36,18903,174,feed,30960,35,70,29580
1791034739,9,0,1356090,20261003,47,49558,342,feed,30780,46,112,29520
1791034739,9,0,1356953,20261003,1,40247,0,feed,33060,0,112,33060
1791034739,9,0,1358009,20261003,93,16482,-96,feed,31140,92,100,27960
1791034739,9,1,1364535,20261003,1,51551,0,feed,,,,
1791034739,9,1,1365369,20261003,1,51551,0,feed,,,,
1791034739,9,1,1366959,20261003,93,8073,158,feed,,,,
1791034739,9,0,1367020,20261003,1,52552,0,feed,,,,
1791034739,9,1,1367498,20261003,89,2981,2031,feed,,,,
1791034739,9,1,1367916,20261003,39,56137,280,feed,,,,
1791034739,9,1,1368858,20261003,1,51551,105,feed,,,,
1791034739,901,0,879179,20261003,1,51405,0,feed,31200,0,20,31200
1791034739,901,1,887070,20261003,20,51405,240,feed,31080,19,20,28680
1791034739,901,0,887424,20261003,11,51429,120,feed,31080,10,20,29760
1791034739,901,0,894105,20261003,5,51435,240,feed,30960,4,20,30480
1791034739,901,1,895014,20261003,3,56336,0,feed,31740,2,20,31560
1791034739,901,1,895400,20261003,10,51414,60,feed,31080,9,20,30120
1791034739,901,0,899557,20261003,15,56330,360,feed,30960,14,20,29040
1791034739,901,1,904334,20261003,16,51420,60,feed,31140,15,20,29400
1791034739,902,1,879372,20261003,15,56040,0,feed,31200,14,24,29460
1791034739,902,0,880526,20261003,3,56336,0,feed,32160,2,24,31980
1791034739,902,0,882625,20261003,7,56001,120,feed,31200,6,24,30540
1791034739,902,0,884681,20261003,3,56336,0,feed,31440,2,24,31260
1791034739,902,0,894571,20261003,18,56012,-60,feed,31200,17,24,29100
1791034739,902,1,894754,20261003,3,56028,60,feed,31140,2,24,30900
1791034739,902,1,894931,20261003,19,56330,60,feed,31140,18,24,28740
1791034739,902,1,895144,20261003,1,56026,0,feed,31620,0,24,31620
1791034739,902,0,902787,20261003,23,56017,60,feed,31140,22,24,28380
1791034739,902,1,903373,20261003,9,56034,0,feed,31140,8,24,30180
1791034739,902,0,984370,20261003,10,56004,240,feed,30900,9,24,29820
1791034739,903,0,1264683,20261003,1,57285,0,feed,33300,0,6,33300
1791034739,903,0,1269438,20261003,1,57285,0,feed,31560,0,6,31560
1791034739,903,1,1275804,20261003,1,56874,0,feed,33300,0,6,33300
1791034739,903,1,1276237,20261003,1,56874,0,feed,31320,0,6,31320
1791034739,904,1,1264566,20261003,1,56800,0,feed,32460,0,12,32460
1791034739,904,1,1274056,20261003,9,56832,147,feed,31080,8,12,29760
1791034739,904,0,1365137,20261003,1,56830,0,feed,,,,
1791034739,904,0,1366151,20261003,10,53313,236,feed,,,,
1791034739,904,0,1366804,20261003,1,56830,0,feed,,,,
1791034739,904,1,1367049,20261003,1,56800,0,feed,,,,
1791034739,904,0,1367662,20261003,1,56830,227,feed,,,,
1791034739,904,0,1367723,20261003,6,48084,202,feed,,,,
1791034739,904,1,1368249,20261003,1,56800,0,feed,,,,
1791034739,904,0,1368388,20261003,1,56830,0,feed,,,,
1791034739,904,1,1368435,20261003,12,56830,220,feed,,,,
1791034739,904,1,1368727,20261003,1,56800,0,feed,,,,
1791034739,904,1,1369189,20261003,6,17781,-3,feed,,,,
1791034739,904,0,1369368,20261003,1,56830,0,feed,,,,
1791034739,905,1,1343780,20261003,1,57441,0,feed,33840,0,16,33840
1791034739,905,0,1343818,20261003,1,52761,0,feed,32100,0,16,32100
1791034739,905,0,1343957,20261003,7,57424,15,feed,31140,6,16,30300
1791034739,905,1,1344391,20261003,1,57441,0,feed,32040,0,16,32040
1791034739,905,1,1344518,20261003,1,57441,0,feed,32940,0,16,32940
1791034739,905,0,1344653,20261003,1,52761,0,feed,33000,0,16,33000
1791034739,905,1,1344816,20261003,8,57427,-57,feed,31140,7,16,30240
1791034739,905,0,1344888,20261003,1,52761,0,feed,31200,0,16,31200
1791034739,905,1,1345344,20261003,1,57441,0,feed,31140,0,16,31140
1791034739,905,0,1345356,20261003,1,52761,0,feed,33900,0,16,33900
1791034739,905,0,1345882,20261003,14,57438,-284,feed,31200,13,16,29400
1791034739,905,1,1345894,20261003,14,11863,-178,feed,31260,13,16,29340
1791034739,921,1,1364412,20261003,1,52531,0,feed,,,,
1791034739,921,0,1364514,20261003,1,51544,0,feed,,,,
1791034739,921,1,1364641,20261003,20,51544,827,feed,,,,
1791034739,921,1,1365033,20261003,1,52531,0,feed,,,,
1791034739,921,0,1365372,20261003,1,51544,0,feed,,,,
1791034739,921,1,1366169,20261003,18,56128,396,feed,,,,
1791034739,921,0,1366281,20261003,1,51544,107,feed,,,,
1791034739,921,0,1366875,20261003,19,50013,114,feed,,,,
1791034739,921,1,1367058,20261003,8,56122,327,feed,,,,
1791034739,921,1,1367980,20261003,1,52531,0,feed,,,,
1791034739,921,1,1368062,20261003,,,,canceled,,,,
1791034739,921,1,1368466,20261003,1,52531,0,feed,,,,
1791034739,921,0,1368747,20261003,1,51544,0,feed,,,,
1791034739,921,0,1369262,20261003,8,56114,114,feed,,,,
1791034739,921,0,1369521,20261003,1,51544,0,feed,,,,
1791034739,922,1,1311599,20261003,1,56100,0,feed,31260,0,34,31260
1791034739,922,1,1311892,20261003,2,57419,525,feed,30720,1,34,30540
1791034739,922,1,1312027,20261003,1,56100,0,feed,31920,0,34,31920
1791034739,922,0,1312366,20261003,1,57314,0,feed,33360,0,35,33360
1791034739,922,1,1313080,20261003,25,16871,96,feed,31080,24,34,28560
1791034739,922,1,1313608,20261003,1,56100,0,feed,34080,0,34,34080
1791034739,922,1,1313979,20261003,31,3525,144,feed,31020,30,34,27900
1791034739,922,0,1314032,20261003,7,57356,188,feed,31020,6,35,30480
1791034739,922,0,1314530,20261003,1,57314,0,feed,31920,0,35,31920
1791034739,922,0,1314542,20261003,1,57314,0,feed,32640,0,35,32640
1791034739,922,0,1314709,20261003,1,57314,0,feed,34080,0,35,34080
1791034739,922,0,1314786,20261003,15,57331,18,feed,31140,14,35,29760
1791034739,922,1,1314831,20261003,19,57337,-115,feed,31200,18,34,29220
1791034739,922,0,1314847,20261003,22,16971,-8,feed,31140,21,35,29040
1791034739,922,1,1314975,20261003,1,56100,0,feed,32640,0,34,32640
1791034739,922,0,1315911,20261003,31,3142,155,feed,31500,30,35,28320
1791034739,922,1,1315993,20261003,1,56100,0,feed,33360,0,34,33360
1791034739,922,1,1316438,20261003,12,16997,57,feed,31140,11,34,29880
1791034739,922,0,1317366,20261003,1,57314,0,feed,31200,0,35,31200
1791034739,923,0,1265790,20261003,1,56897,0,feed,31380,0,22,31380
1791034739,923,1,1267369,20261003,11,52664,225,feed,30900,10,23,30060
1791034739,923,1,1268277,20261003,1,57278,0,feed,31980,0,23,31980
1791034739,923,1,1268740,20261003,20,17907,199,feed,30960,19,23,29220
1791034739,923,0,1268963,20261003,1,56897,0,feed,32220,0,22,32220
1791034739,923,1,1271303,20261003,1,57278,0,feed,34560,0,23,34560
1791034739,923,0,1274274,20261003,19,9263,-45,feed,31140,18,22,29580
1791034739,923,0,1275260,20261003,1,56897,0,feed,33120,0,22,33120
1791034739,923,1,1275570,20261003,1,57278,0,feed,32820,0,23,32820
1791034739,923,1,1340456,20261003,1,57278,0,feed,33660,0,23,33660
1791034739,923,0,1340494,20261003,6,17856,181,feed,31080,5,22,30480
1791034739,923,1,1341692,20261003,1,57278,104,feed,31080,0,23,31080
1791034739,923,0,1341848,20261003,1,56897,0,feed,34020,0,22,34020
1791034739,924,1,1336850,20261003,22,56910,357,feed,30840,21,41,28740
1791034739,924,0,1337195,20261003,12,784,168,feed,31020,11,40,30060
1791034739,924,0,1337322,20261003,1,56873,0,feed,34080,0,40,34080
1791034739,924,1,1337487,20261003,4,9577,41,feed,31140,3,41,30780
1791034739,924,0,1337694,20261003,1,56873,0,feed,34680,0,40,34680
1791034739,924,0,1338262,20261003,1,56873,139,feed,31440,0,40,31440
1791034739,924,1,1338497,20261003,38,56920,916,feed,30240,37,41,26640
1791034739,924,1,1338867,20261003,17,17906,136,feed,31080,16,41,29400
1791034739,924,1,1339470,20261003,1,56823,0,feed,34380,0,41,34380
1791034739,924,1,1339801,20261003,38,56920,295,feed,30960,37,41,27360
1791034739,924,0,1340031,20261003,5,620,-12,feed,31140,4,40,30720
1791034739,924,0,1340302,20261003,24,17902,211,feed,30960,23,40,28620
1791034739,924,0,1340345,20261003,39,9089,206,feed,31020,38,40,27180
1791034739,924,1,1340745,20261003,1,56823,0,feed,31500,0,41,31500
1791034739,924,0,1340898,20261003,1,56873,0,feed,32880,0,40,32880
1791034739,924,0,1341248,20261003,1,56873,0,feed,33480,0,40,33480
1791034739,924,0,1341360,20261003,30,56949,272,feed,30900,29,40,27900
1791034739,924,0,1342026,20261003,17,52300,370,feed,30900,16,40,29340
1791034739,924,1,1342119,20261003,12,56907,51,feed,31140,11,41,30060
1791034739,924,0,1342152,20261003,1,56873,0,feed,32160,0,40,32160
1791034739,924,1,1342183,20261003,1,56823,0,feed,32940,0,41,32940
1791034739,924,1,1342259,20261003,1,56823,0,feed,33660,0,41,33660
1791034739,924,1,1342265,20261003,26,56914,767,feed,30480,25,41,28080
1791034739,924,1,1342450,20261003,1,56823,0,feed,32220,0,41,32220
1791034739,925,0,1273285,20261003,34,15882,528,feed,30600,33,35,27660
1791034739,925,1,1331708,20261003,1,57541,0,feed,32220,0,35,32220
1791034739,925,1,1332065,20261003,4,56521,29,feed,31140,3,35,30840
1791034739,925,1,1332423,20261003,6,16154,551,feed,30600,5,35,30120
1791034739,925,0,1333615,20261003,10,6202,-23,feed,31140,9,35,30480
1791034739,925,1,1333629,20261003,1,57541,0,feed,33660,0,35,33660
1791034739,925,0,1333671,20261003,1,53703,0,feed,31200,0,35,31200
1791034739,925,0,1333840,20261003,1,53703,0,feed,32640,0,35,32640
1791034739,925,0,1333856,20261003,15,50195,187,feed,30960,14,35,29760
1791034739,925,1,1334075,20261003,1,57541,0,feed,31500,0,35,31500
1791034739,925,1,1335200,20261003,1,57541,0,feed,32940,0,35,32940
1791034739,925,0,1335209,20261003,1,53703,0,feed,34080,0,35,34080
1791034739,925,1,1335236,20261003,1,57541,0,feed,34380,0,35,34380
1791034739,925,0,1335271,20261003,24,17951,43,feed,31080,23,35,29040
1791034739,925,1,1335505,20261003,26,6379,-40,feed,31200,25,35,28740
1791034739,925,1,1335575,20261003,30,52177,443,feed,30720,29,35,28020
1791034739,925,0,1335632,20261003,32,16566,-28,feed,31140,31,35,28320
1791034739,925,0,1335789,20261003,1,53703,0,feed,33360,0,35,33360
1791034739,925,1,1335851,20261003,15,17923,452,feed,30720,14,35,29400
1791034739,925,0,1335885,20261003,1,53703,0,feed,31920,0,35,31920
1791034739,94,0,1183455,20261003,1,51200,0,feed,31380,0,15,31380
1791034739,94,1,1185711,20261003,16,51200,731,feed,30420,15,16,28440
1791034739,94,1,1187100,20261003,1,56100,0,feed,33840,0,16,33840
1791034739,94,1,1339808,20261003,1,56100,0,feed,,,,
1791034739,94,0,1341213,20261003,15,56099,-107,feed,,,,
1791034739,94,1,1347126,20261003,7,57088,212,feed,,,,
1791034739,94,0,1347865,20261003,1,51200,0,feed,,,,
1791035637,10,0,1325424,20261003,40,14174,-207,feed,32040,39,49,29640
1791035637,10,0,1325509,20261003,1,19337,0,feed,,,,
1791035637,10,1,1326077,20261003,53,19337,242,feed,,,,
1791035637,10,1,1326155,20261003,49,17225,237,feed,31800,48,64,29640
1791035637,10,1,1326235,20261003,9,14272,92,feed,31920,8,64,31440
1791035637,10,1,1326451,20261003,1,57165,0,feed,34200,0,53,34200
1791035637,10,1,1326652,20261003,1,57165,0,feed,33240,0,64,33240
1791035637,10,0,1326736,20261003,1,19337,0,feed,34140,0,60,34140
1791035637,10,0,1326911,20261003,9,17996,34,feed,32040,8,49,31500
1791035637,10,1,1330696,20261003,1,57165,0,feed,32460,0,53,32460
1791035637,10,1,1344512,20261003,1,57165,0,feed,34920,0,64,34920
1791035637,10,0,1345684,20261003,20,17201,-3,feed,32040,19,60,30600
1791035637,10,0,1367261,20261003,1,19337,0,feed,,,,
1791035637,10,0,1368058,20261003,1,19337,0,feed,,,,
1791035637,10,1,1368333,20261003,26,17179,-19,feed,,,,
1791035637,11,1,1317736,20261003,29,14661,481,feed,,,,
1791035637,11,1,1318718,20261003,1,49304,0,feed,,,,
1791035637,11,1,1318806,20261003,1,49304,0,feed,34200,0,79,34200
1791035637,11,1,1319883,20261003,1,49304,0,feed,35040,0,79,35040
1791035637,11,1,1333584,20261003,59,14331,660,feed,31380,58,79,28800
1791035637,11,1,1353882,20261003,16,14619,43,feed,31980,15,79,31500
1791035637,11,0,1364237,20261003,1,51828,0,feed,,,,
1791035637,11,0,1364493,20261003,26,17759,114,feed,,,,
1791035637,11,0,1364891,20261003,1,51828,0,feed,,,,
1791035637,11,0,1365010,20261003,57,12797,279,feed,,,,
1791035637,11,0,1365189,20261003,1,51828,0,feed,,,,
1791035637,11,1,1367697,20261003,1,49304,0,feed,,,,
1791035637,11,0,1368369,20261003,1,51828,0,feed,,,,
1791035637,11,0,1368798,20261003,2,1874,-22,feed,,,,
1791035637,14,1,1331025,20261003,69,15567,94,feed,31920,68,82,28980
1791035637,14,0,1331063,20261003,1,4345,0,feed,32160,0,80,32160
1791035637,14,1,1331282,20261003,24,8305,477,feed,31560,23,82,30720
1791035637,14,0,1331975,20261003,1,4345,0,feed,33960,0,80,33960
1791035637,14,1,1332127,20261003,1,50153,0,feed,32520,0,82,32520
1791035637,14,0,1332322,20261003,1,4345,0,feed,35100,0,80,35100
1791035637,14,0,1332360,20261003,67,8340,268,feed,31740,66,80,28620
1791035637,14,1,1332495,20261003,1,50153,0,feed,34320,0,82,34320
1791035637,14,0,1333037,20261003,34,15630,230,feed,31800,33,80,30420
1791035637,14,1,1335697,20261003,1,50153,0,feed,35520,0,82,35520
1791035637,17,0,1132652,20261003,1,57458,0,feed,33360,0,63,33360
1791035637,17,0,1135251,20261003,1,57458,0,feed,35040,0,63,35040
1791035637,17,1,1318157,20261003,1,17192,0,feed,,,,
1791035637,17,1,1318412,20261003,44,4676,332,feed,31680,43,65,29040
1791035637,17,0,1324422,20261003,34,40335,415,feed,31620,33,63,29820
1791035637,17,0,1333898,20261003,6,43325,126,feed,31980,5,63,31560
1791035637,17,1,1335969,20261003,20,17978,37,feed,31980,19,65,30840
1791035637,17,1,1367100,20261003,1,17192,0,feed,,,,
1791035637,18,0,1361139,20261003,38,620,133,feed,,,,
1791035637,18,0,1361386,20261003,1,57131,0,feed,34320,0,84,34320
1791035637,18,1,1365623,20261003,13,1204,379,feed,,,,
1791035637,18,1,1366496,20261003,74,42514,166,feed,,,,
1791035637,18,1,1366899,20261003,4,17978,103,feed,,,,
1791035637,18,0,1366999,20261003,71,52309,109,feed,,,,
1791035637,18,1,1367572,20261003,1,56800,0,feed,,,,
1791035637,18,0,1367589,20261003,1,57131,0,feed,,,,
1791035637,18,0,1367743,20261003,24,1872,-200,feed,,,,
1791035637,18,1,1367843,20261003,34,3386,-56,feed,,,,
1791035637,18,1,1367855,20261003,50,1361,163,feed,,,,
1791035637,18,0,1368106,20261003,1,51852,0,feed,,,,
1791035637,18,1,1368473,20261003,1,56800,0,feed,,,,
1791035637,18,1,1368807,20261003,1,56800,0,feed,,,,
1791035637,18,1,1369195,20261003,1,56800,0,feed,,,,
1791035637,18,0,1369255,20261003,49,17998,60,feed,,,,
1791035637,18,0,1369467,20261003,1,51852,0,feed,,,,
1791035637,2,1,1262240,20261003,1,50670,0,feed,34800,0,34,34800
1791035637,2,1,1275547,20261003,1,50670,0,feed,33000,0,34,33000
1791035637,2,0,1318333,20261003,1,57469,0,feed,34020,0,34,34020
1791035637,2,0,1319327,20261003,1,57469,0,feed,32220,0,34,32220
1791035637,2,0,1319576,20261003,26,13243,255,feed,31860,25,34,30420
1791035637,2,0,1331060,20261003,1,57469,0,feed,,,,
1791035637,2,0,1331067,20261003,13,52240,-7,feed,32040,12,41,31320
1791035637,2,0,1333277,20261003,39,16057,113,feed,31920,38,41,29580
1791035637,2,1,1360898,20261003,1,57618,0,feed,35100,0,42,35100
1791035637,2,1,1361126,20261003,1,57618,0,feed,33300,0,42,33300
1791035637,2,1,1362086,20261003,4,16058,269,feed,,,,
1791035637,2,1,1363769,20261003,33,17761,294,feed,31740,32,42,29760
1791035637,2,0,1363982,20261003,1,57469,0,feed,33120,0,41,33120
1791035637,215,1,1268010,20261003,1,5020,0,feed,33360,0,27,33360
1791035637,215,0,1271377,20261003,11,57699,101,feed,31920,10,30,31440
1791035637,215,0,1274610,20261003,1,49979,0,feed,35040,0,30,35040
1791035637,219,0,1303185,20261003,56,52170,-65,feed,32040,55,74,29760
1791035637,219,0,1304104,20261003,1,57340,0,feed,33360,0,74,33360
1791035637,219,1,1311569,20261003,57,57433,51,feed,32040,56,71,29700
1791035637,219,1,1313107,20261003,1,5020,0,feed,33300,0,71,33300
1791035637,22,1,1357463,20261003,1,56825,0,feed,,,,
1791035637,22,1,1357780,20261003,48,16435,-46,feed,,,,
1791035637,22,0,1364420,20261003,1,4558,0,feed,,,,
1791035637,22,0,1365015,20261003,1,4558,0,feed,,,,
1791035637,22,0,1365245,20261003,22,19491,-36,feed,,,,
1791035637,22,0,1366517,20261003,54,17903,502,feed,,,,
1791035637,22,1,1367544,20261003,2,11345,130,feed,,,,
1791035637,22,1,1367942,20261003,1,56825,0,feed,,,,
1791035637,22,1,1368123,20261003,64,19488,41,feed,,,,
1791035637,22,0,1368193,20261003,1,4558,0,feed,,,,
1791035637,22,1,1368672,20261003,1,56825,0,feed,,,,
1791035637,22,1,1369027,20261003,24,11653,43,feed,,,,
1791035637,22,0,1369165,20261003,41,19426,3,feed,,,,
1791035637,22,0,1369270,20261003,78,8964,411,feed,,,,
1791035637,223,1,1360923,20261003,9,18243,51,feed,31980,8,34,31260
1791035637,223,0,1362089,20261003,1,57691,5,feed,33360,0,33,33360
1791035637,223,1,1363749,20261003,1,5020,0,feed,33060,0,34,33060
1791035637,223,0,1363895,20261003,1,57691,0,feed,35160,0,33,35160
1791035637,225,1,1131121,20261003,1,45174,0,feed,32280,0,20,32280
1791035637,225,0,1275899,20261003,1,52530,0,feed,34260,0,20,34260
1791035637,227,0,1268554,20261003,1,52530,0,feed,34200,0,47,34200
1791035637,227,1,1274259,20261003,1,45174,0,feed,32280,0,45,32280
1791035637,25,1,1325162,20261003,1,57166,0,feed,35220,0,89,35220
1791035637,25,1,1325654,20261003,5,13945,-81,feed,32040,4,89,31620
1791035637,25,1,1326293,20261003,86,17984,-126,feed,32040,85,89,28020
1791035637,25,0,1326497,20261003,1,19337,0,feed,33480,0,92,33480
1791035637,25,0,1326888,20261003,29,12856,556,feed,31500,28,92,29880
1791035637,27,1,1351320,20261003,1,51367,0,feed,,,,
1791035637,27,0,1363609,20261003,1,52857,-724,feed,32400,0,23,32400
1791035637,27,1,1368218,20261003,7,15618,84,feed,,,,
1791035637,3,0,1179459,20261003,1,54097,0,feed,34740,0,65,34740
1791035637,3,1,1185296,20261003,1,56100,0,feed,32580,0,65,32580
1791035637,3,0,1185403,20261003,1,54097,0,feed,32100,0,64,32100
1791035637,3,1,1188234,20261003,1,56100,0,feed,33720,0,64,33720
1791035637,3,0,1321117,20261003,60,11912,-233,feed,32040,59,64,28860
1791035637,3,1,1321969,20261003,39,886,203,feed,31860,38,64,30120
1791035637,3,1,1322705,20261003,2,2611,-41,feed,32100,1,64,31920
1791035637,3,0,1323264,20261003,1,54097,0,feed,32940,0,65,32940
1791035637,3,0,1327420,20261003,1,54097,0,feed,33840,0,64,33840
1791035637,3,1,1329118,20261003,1,56100,0,feed,35460,0,64,35460
1791035637,3,0,1329856,20261003,15,57013,105,feed,31920,14,65,30660
1791035637,3,1,1369002,20261003,1,56100,0,feed,,,,
1791035637,30,1,1212213,20261003,8,48317,214,feed,31800,7,44,30960
1791035637,30,1,1213255,20261003,1,15882,0,feed,32760,0,44,32760
1791035637,30,0,1215064,20261003,39,41769,249,feed,31800,38,48,30240
1791035637,30,0,1216003,20261003,1,40238,0,feed,33840,0,48,33840
1791035637,30,0,1217801,20261003,1,40238,0,feed,32040,0,48,32040
1791035637,30,1,1218465,20261003,1,15882,0,feed,34560,0,44,34560
1791035637,32,0,1331227,20261003,1,50155,0,feed,33300,0,59,33300
1791035637,32,0,1331974,20261003,1,50155,0,feed,35100,0,59,35100
1791035637,32,0,1332116,20261003,7,8378,344,feed,,,,
1791035637,32,1,1364965,20261003,33,42202,11,feed,,,,
1791035637,32,1,1365620,20261003,1,57685,0,feed,,,,
1791035637,32,1,1366195,20261003,1,57685,0,feed,,,,
1791035637,323,0,1131034,20261003,1,51116,0,feed,35100,0,23,35100
1791035637,323,1,1131189,20261003,1,57508,0,feed,34560,0,25,34560
1791035637,323,0,1133491,20261003,1,51116,0,feed,32700,0,23,32700
1791035637,323,1,1133674,20261003,22,48974,-47,feed,32040,21,25,31020
1791035637,323,1,1135512,20261003,1,57508,0,feed,32820,0,25,32820
1791035637,323,0,1136212,20261003,9,48342,39,feed,31980,8,23,31560
1791035637,345,1,1132958,20261003,1,57508,0,feed,32520,0,15,32520
1791035637,345,0,1136184,20261003,1,56879,0,feed,32400,0,15,32400
1791035637,36,0,1176582,20261003,1,57537,0,feed,33060,0,53,33060
1791035637,36,0,1185999,20261003,19,50601,8,feed,32100,18,53,31380
1791035637,36,1,1186621,20261003,1,50160,0,feed,35220,0,50,35220
1791035637,36,1,1362326,20261003,9,57540,48,feed,31980,8,50,31620
1791035637,36,0,1362770,20261003,1,57537,0,feed,34860,0,53,34860
1791035637,36,1,1368040,20261003,1,50160,0,feed,,,,
1791035637,38,0,1349639,20261003,89,57191,237,feed,,,,
1791035637,38,0,1350168,20261003,1,48213,0,feed,,,,
1791035637,38,0,1351532,20261003,2,52523,150,feed,,,,
1791035637,38,1,1351767,20261003,1,16494,0,feed,,,,
1791035637,38,1,1352194,20261003,1,42032,0,feed,,,,
1791035637,38,1,1354748,20261003,39,57357,88,feed,,,,
1791035637,38,0,1354833,20261003,49,4850,123,feed,,,,
1791035637,38,1,1355347,20261003,3,56126,88,feed,,,,
1791035637,38,1,1368131,20261003,93,3613,51,feed,,,,
1791035637,38,0,1369308,20261003,1,48213,0,feed,,,,
1791035637,4,0,1134761,20261003,1,50231,0,feed,34920,0,89,34920
1791035637,4,0,1159065,20261003,78,16004,-49,feed,32040,77,87,28140
1791035637,4,0,1159935,20261003,1,50231,0,feed,33840,0,53,33840
1791035637,4,1,1356771,20261003,59,40669,-52,feed,32040,58,90,29280
1791035637,4,0,1358191,20261003,17,1085,1,feed,32040,16,89,31380
1791035637,4,0,1358682,20261003,54,17948,-82,feed,32040,53,89,29400
1791035637,4,1,1359333,20261003,1,14153,0,feed,34200,0,90,34200
1791035637,4,1,1359891,20261003,1,14153,0,feed,32520,0,90,32520
1791035637,4,0,1359977,20261003,1,50231,0,feed,33120,0,89,33120
1791035637,4,0,1360423,20261003,1,50231,0,feed,32160,0,53,32160
1791035637,4,0,1360468,20261003,36,40663,-11,feed,32040,35,53,30480
1791035637,4,1,1360574,20261003,28,16046,-73,feed,32040,27,85,31020
1791035637,4,1,1360613,20261003,1,17971,0,feed,34800,0,50,34800
1791035637,46,1,1266877,20261003,4,15281,392,feed,31620,3,59,31500
1791035637,46,0,1275837,20261003,1,220,0,feed,34260,0,62,34260
1791035637,46,1,1279525,20261003,1,51550,0,feed,33300,0,59,33300
1791035637,46,0,1288147,20261003,43,42527,92,feed,31920,42,62,30660
1791035637,48,0,1304579,20261003,1,19301,204,feed,32700,0,61,32700
1791035637,48,1,1348922,20261003,47,42206,1057,feed,30960,46,61,29400
1791035637,48,1,1354633,20261003,1,50152,0,feed,33000,0,61,33000
1791035637,5,0,1366026,20261003,1,51212,0,feed,,,,
1791035637,5,1,1367183,20261003,1,51846,0,feed,,,,
1791035637,5,0,1367768,20261003,41,57216,133,feed,,,,
1791035637,5,1,1367813,20261003,71,56917,560,feed,,,,
1791035637,515,1,1350270,20261003,11,709,54,feed,31980,10,49,31620
1791035637,515,1,1351176,20261003,1,56877,0,feed,33420,0,49,33420
1791035637,515,0,1351215,20261003,1,53704,0,feed,33960,0,49,33960
1791035637,515,1,1351349,20261003,1,56877,0,feed,34320,0,49,34320
1791035637,515,0,1352230,20261003,25,649,108,feed,31920,24,49,31260
1791035637,515,1,1352625,20261003,1,56877,0,feed,32520,0,49,32520
1791035637,515,0,1353288,20261003,1,53704,0,feed,33060,0,49,33060
1791035637,515,1,1353893,20261003,42,2188,96,feed,31920,41,49,30780
1791035637,515,0,1354827,20261003,1,53704,0,feed,32160,0,49,32160
1791035637,515,1,1354922,20261003,1,56877,0,feed,35220,0,49,35220
1791035637,515,0,1355075,20261003,1,53704,0,feed,34860,0,49,34860
1791035637,534,1,1344040,20261003,1,51824,0,feed,35100,0,32,35100
1791035637,534,0,1344383,20261003,1,56725,0,feed,35220,0,35,35220
1791035637,534,0,1344416,20261003,4,2081,275,feed,31740,3,35,31620
1791035637,534,1,1345027,20261003,7,3351,220,feed,31740,6,32,31500
1791035637,534,1,1345372,20261003,1,51824,0,feed,33300,0,32,33300
1791035637,534,0,1345591,20261003,1,56725,0,feed,33420,0,35,33420
1791035637,538,0,1133562,20261003,1,53704,0,feed,32400,0,42,32400
1791035637,538,0,1134427,20261003,1,53704,0,feed,34200,0,42,34200
1791035637,538,1,1318024,20261003,8,51991,113,feed,31920,7,40,31680
1791035637,538,1,1318205,20261003,1,56880,0,feed,35280,0,40,35280
1791035637,538,1,1318336,20261003,40,53704,109,feed,31860,39,40,29880
1791035637,539,1,1136709,20261003,1,56880,0,feed,35580,0,38,35580
1791035637,539,0,1137973,20261003,1,56725,0,feed,33120,0,41,33120
1791035637,539,1,887554,20261003,1,56880,34,feed,31980,0,38,31980
1791035637,54,1,1132240,20261003,21,48548,54,feed,32100,20,27,30000
1791035637,54,0,1132790,20261003,1,56875,0,feed,32220,0,25,32220
1791035637,54,1,1132796,20261003,3,57456,33,feed,32100,2,27,31800
1791035637,54,1,1342013,20261003,1,56100,0,feed,33600,0,27,33600
1791035637,54,0,1346021,20261003,1,56875,0,feed,34920,0,46,34920
1791035637,54,0,1346176,20261003,1,56875,0,feed,33120,0,46,33120
1791035637,54,1,1346741,20261003,1,42319,0,feed,34560,0,47,34560
1791035637,54,1,1347038,20261003,1,42319,0,feed,32760,0,47,32760
1791035637,54,1,1347987,20261003,34,13121,114,feed,31920,33,47,29160
1791035637,54,1,1348005,20261003,47,56875,658,feed,31440,46,47,27360
1791035637,54,1,1348472,20261003,1,56100,0,feed,35400,0,27,35400
1791035637,54,0,1354169,20261003,9,13143,-7,feed,32280,8,46,31320
1791035637,54,1,1360814,20261003,12,12934,-42,feed,32040,11,47,30960
1791035637,54,0,1368541,20261003,1,56875,0,feed,,,,
1791035637,540,0,1135474,20261003,1,53052,0,feed,34380,0,51,34380
1791035637,540,0,1135740,20261003,26,41164,150,feed,31860,25,51,30840
1791035637,540,1,891771,20261003,1,56879,0,feed,32220,0,48,32220
1791035637,540,1,897635,20261003,1,56879,0,feed,34020,0,48,34020
1791035637,546,1,1135383,20261003,1,51824,0,feed,35460,0,31,35460
1791035637,546,1,1137938,20261003,6,57097,29,feed,32040,5,31,31860
1791035637,546,0,895752,20261003,1,56725,254,feed,33360,0,33,33360
1791035637,61,0,1364460,20261003,1,17905,0,feed,,,,
1791035637,61,1,1364671,20261003,46,10657,-26,feed,,,,
1791035637,61,0,1365086,20261003,65,80958,103,feed,,,,
1791035637,61,1,1365668,20261003,1,52761,0,feed,,,,
1791035637,61,1,1367080,20261003,14,80817,-58,feed,,,,
1791035637,61,0,1368425,20261003,28,10624,-12,feed,,,,
1791035637,61,1,1368621,20261003,1,52761,0,feed,,,,
1791035637,61,0,1368859,20261003,1,17905,0,feed,,,,
1791035637,615,0,1346064,20261003,1,41157,36,feed,31980,0,76,31980
1791035637,615,1,1346165,20261003,1,3540,47,feed,31920,0,76,31920
1791035637,615,1,1346927,20261003,1,3540,0,feed,35520,0,76,35520
1791035637,615,0,1347002,20261003,1,41157,0,feed,35580,0,76,35580
1791035637,62,0,1349165,20261003,79,50574,-221,feed,32040,78,86,29100
1791035637,62,0,1349320,20261003,27,6358,484,feed,31560,26,86,30900
1791035637,62,1,1349384,20261003,1,49141,0,feed,32040,0,83,32040
1791035637,62,1,1350721,20261003,1,49141,0,feed,33840,0,83,33840
1791035637,62,1,1350961,20261003,1,49141,0,feed,35340,0,91,35340
1791035637,62,1,1352537,20261003,37,57623,9,feed,32040,36,83,30240
1791035637,62,0,1352814,20261003,1,328,0,feed,34500,0,86,34500
1791035637,62,0,1359926,20261003,1,328,0,feed,32700,0,86,32700
1791035637,62,0,1359971,20261003,10,10488,138,feed,31920,9,67,31380
1791035637,63,1,1262710,20261003,10,3230,46,feed,,,,
1791035637,63,1,1269139,20261003,21,11859,161,feed,,,,
1791035637,63,1,1271234,20261003,1,51114,0,feed,,,,
1791035637,63,1,1274289,20261003,34,3181,292,feed,,,,
1791035637,63,0,1346045,20261003,1,15795,0,feed,,,,
1791035637,63,0,1346133,20261003,1,15795,0,feed,,,,
1791035637,63,0,1346389,20261003,55,13618,-51,feed,,,,
1791035637,63,0,1346623,20261003,1,15795,0,feed,,,,
1791035637,63,1,1347243,20261003,1,51114,0,feed,,,,
1791035637,63,1,1347364,20261003,1,51114,0,feed,,,,
1791035637,63,0,1348039,20261003,1,15795,0,feed,,,,
1791035637,63,0,1348647,20261003,36,57416,149,feed,,,,
1791035637,64,1,1342583,20261003,71,11859,66,feed,32040,70,76,29460
1791035637,64,1,1342597,20261003,1,42157,0,feed,34920,0,43,34920
1791035637,64,0,1356049,20261003,1,52761,0,feed,32160,0,43,32160
1791035637,64,0,1357136,20261003,1,52761,0,feed,33960,0,43,33960
1791035637,64,0,1357757,20261003,1,52761,0,feed,33060,0,78,33060
1791035637,64,0,1358440,20261003,65,3914,232,feed,31800,64,78,29460
1791035637,64,0,1359236,20261003,8,11776,117,feed,31980,7,78,31260
1791035637,64,1,1359435,20261003,1,42157,0,feed,33180,0,43,33180
1791035637,64,0,1359712,20261003,35,42427,68,feed,31980,34,43,30360
1791035637,64,0,1359733,20261003,1,52761,0,feed,34860,0,78,34860
1791035637,64,1,1359911,20261003,23,11798,-1,feed,32040,22,43,31380
1791035637,64,1,1360712,20261003,1,52015,0,feed,32880,0,76,32880
1791035637,64,1,1360799,20261003,23,49771,47,feed,31980,22,76,31140
1791035637,64,1,1360820,20261003,1,52015,0,feed,34620,0,76,34620
1791035637,645,1,1208148,20261003,38,52901,152,feed,,,,
1791035637,645,0,1337122,20261003,1,6990,0,feed,,,,
1791035637,645,1,1341885,20261003,1,53293,0,feed,,,,
1791035637,645,0,1342044,20261003,46,3013,114,feed,,,,
1791035637,65,0,1349064,20261003,3,80985,135,feed,32460,2,40,32340
1791035637,65,1,1349559,20261003,1,57690,0,feed,34140,0,38,34140
1791035637,65,1,1349743,20261003,36,80981,115,feed,31980,35,38,30480
1791035637,65,0,1349848,20261003,3,80985,125,feed,34200,2,40,34080
1791035637,65,1,1349914,20261003,1,57690,0,feed,32220,0,38,32220
1791035637,65,0,1350137,20261003,33,573,117,feed,31920,32,40,30600
1791035637,67,0,1265901,20261003,1,53723,0,feed,35100,0,65,35100
1791035637,67,1,1271715,20261003,3,1235,164,feed,31920,2,65,31680
1791035637,67,1,1351909,20261003,59,57627,-82,feed,,,,
1791035637,67,0,1355672,20261003,1,53723,0,feed,,,,
1791035637,67,1,1359653,20261003,1,56100,0,feed,33480,0,65,33480
1791035637,67,0,1359981,20261003,62,57623,51,feed,31980,61,65,29700
1791035637,67,1,1367072,20261003,1,56100,0,feed,,,,
1791035637,67,0,1369496,20261003,6,40562,269,feed,,,,
1791035637,68,1,1266613,20261003,1,11904,0,feed,32100,0,61,32100
1791035637,68,1,1338346,20261003,1,11904,0,feed,33900,0,117,33900
1791035637,68,0,1362553,20261003,2,9806,26,feed,33120,1,87,33120
1791035637,68,0,1362641,20261003,2,9806,144,feed,32220,1,59,32220
1791035637,68,0,1363191,20261003,62,18022,-116,feed,32040,61,87,29520
1791035637,68,0,1363418,20261003,1,53340,0,feed,32400,0,118,32400
1791035637,68,1,1364071,20261003,43,9947,-49,feed,32040,42,117,30300
1791035637,68,1,1366205,20261003,1,57511,0,feed,,,,
1791035637,68,1,1366366,20261003,27,49952,592,feed,,,,
1791035637,68,0,1367376,20261003,24,9872,-24,feed,,,,
1791035637,68,1,1367646,20261003,121,9677,570,feed,,,,
1791035637,68,0,1368075,20261003,109,2607,-14,feed,,,,
1791035637,68,1,1369065,20261003,1,57511,0,feed,,,,
1791035637,68,1,1369146,20261003,3,46692,95,feed,,,,
1791035637,68,0,1369417,20261003,2,9806,119,feed,,,,
1791035637,686,1,1170390,20261003,1,56939,0,feed,33360,0,4,33360
1791035637,686,0,1331453,20261003,2,57622,-153,feed,32700,1,3,31320
1791035637,686,0,1334493,20261003,1,47705,0,feed,34200,0,3,34200
1791035637,686,1,1335159,20261003,4,47705,-323,feed,33120,3,4,30540
1791035637,7,0,1356094,20261003,1,51779,0,feed,32340,0,64,32340
1791035637,7,1,1356306,20261003,1,17679,0,feed,35400,0,60,35400
1791035637,7,0,1356647,20261003,18,16297,295,feed,31740,17,64,30600
1791035637,7,1,1357950,20261003,34,16593,81,feed,31980,33,60,30060
1791035637,7,0,1358043,20261003,1,51779,0,feed,34140,0,64,34140
1791035637,7,0,1358761,20261003,49,19313,448,feed,31620,48,64,28860
1791035637,7,1,1360477,20261003,1,17679,0,feed,33600,0,60,33600
1791035637,7,1,1360783,20261003,4,17688,45,feed,31980,3,60,31860
1791035637,71,1,1266754,20261003,22,18133,67,feed,31980,21,60,31200
1791035637,71,0,1267604,20261003,57,5093,88,feed,31920,56,58,29820
1791035637,71,1,1268776,20261003,1,51291,0,feed,33000,0,60,33000
1791035637,71,0,1274522,20261003,1,9715,0,feed,33420,0,58,33420
1791035637,71,0,1279561,20261003,1,9715,0,feed,35220,0,58,35220
1791035637,71,0,1361292,20261003,10,9724,398,feed,31620,9,75,31320
1791035637,71,1,1361680,20261003,1,49141,0,feed,34740,0,74,34740
1791035637,716,0,1136708,20261003,1,50154,0,feed,33000,0,51,33000
1791035637,716,1,1137091,20261003,25,45352,61,feed,31980,24,50,31320
1791035637,716,1,1138302,20261003,1,8728,0,feed,34920,0,50,34920
1791035637,72,1,1239871,20261003,1,13667,0,feed,32040,0,51,32040
1791035637,72,1,1240513,20261003,44,17002,157,feed,32400,43,51,30240
1791035637,72,0,1342749,20261003,1,57615,76,feed,31920,0,54,31920
1791035637,72,0,1342774,20261003,1,57615,0,feed,33660,0,54,33660
1791035637,72,0,1342898,20261003,1,57615,2364,feed,30120,0,54,30120
1791035637,72,0,1343468,20261003,1,57615,0,feed,35460,0,54,35460
1791035637,72,1,1344249,20261003,1,13667,1202,feed,33780,0,51,33780
1791035637,72,1,1344767,20261003,1,13667,0,feed,35580,0,51,35580
1791035637,721,1,1181788,20261003,1,9522,0,feed,34200,0,41,34200
1791035637,721,1,1181860,20261003,41,51845,191,feed,31980,40,41,30600
1791035637,721,0,1185414,20261003,1,51845,0,feed,32760,0,43,32760
1791035637,721,1,1186203,20261003,1,9522,0,feed,32400,0,41,32400
1791035637,721,0,1186726,20261003,37,9513,-4,feed,32040,36,43,30900
1791035637,721,0,1187966,20261003,1,51845,0,feed,34560,0,43,34560
1791035637,722,0,1177596,20261003,1,56827,0,feed,32400,0,11,32400
1791035637,722,1,1178420,20261003,1,11486,0,feed,33120,0,14,33120
1791035637,722,1,1181355,20261003,1,57636,0,feed,33600,0,53,33600
1791035637,722,0,1182378,20261003,43,48441,-1,feed,32040,42,51,30600
1791035637,722,0,1188260,20261003,1,56827,0,feed,34200,0,51,34200
1791035637,723,1,1179416,20261003,1,53224,0,feed,,,,
1791035637,723,0,1187876,20261003,1,51845,0,feed,,,,
1791035637,724,1,1131724,20261003,10,42248,131,feed,31920,9,35,31620
1791035637,724,0,1131975,20261003,17,8743,34,feed,31980,16,33,31500
1791035637,724,0,1133079,20261003,1,51846,0,feed,34200,0,33,34200
1791035637,724,1,1133199,20261003,1,53222,0,feed,33420,0,35,33420
1791035637,724,1,1134426,20261003,1,53222,0,feed,35220,0,35,35220
1791035637,724,1,1134468,20261003,1,53222,0,feed,32520,0,35,32520
1791035637,724,0,1134577,20261003,1,51846,0,feed,32400,0,33,32400
1791035637,724,0,1134966,20261003,1,51846,0,feed,33300,0,33,33300
1791035637,724,0,1135959,20261003,1,51846,0,feed,35100,0,33,35100
1791035637,724,1,1136218,20261003,1,53222,0,feed,34320,0,35,34320
1791035637,725,0,1312352,20261003,1,57580,0,feed,34020,0,50,34020
1791035637,725,1,1312574,20261003,48,57733,93,feed,31920,47,49,29700
1791035637,725,0,1315971,20261003,35,48359,136,feed,31860,34,50,30540
1791035637,725,1,1316719,20261003,1,56775,0,feed,33300,0,49,33300
1791035637,74,0,1355795,20261003,45,49608,-86,feed,32040,44,59,29280
1791035637,74,1,1356106,20261003,35,11694,105,feed,31920,34,61,29880
1791035637,74,0,1356210,20261003,1,51546,0,feed,34560,0,59,34560
1791035637,74,1,1356281,20261003,1,13667,0,feed,33420,0,61,33420
1791035637,74,1,1359455,20261003,1,13667,0,feed,35220,0,61,35220
1791035637,74,0,1359551,20261003,1,51546,0,feed,32820,0,59,32820
1791035637,74,1,1359729,20261003,7,56052,-50,feed,32040,6,61,31680
1791035637,74,0,1360675,20261003,14,11770,112,feed,31920,13,59,31020
1791035637,80,0,1313995,20261003,25,40014,106,feed,31920,24,42,31320
1791035637,80,1,1314319,20261003,1,50689,0,feed,33120,0,38,33120
1791035637,80,0,1315429,20261003,1,49979,0,feed,34920,0,42,34920
1791035637,802,0,1197663,20261003,1,57169,0,feed,32640,0,46,32640
1791035637,802,1,1204484,20261003,1,42622,0,feed,33720,0,45,33720
1791035637,802,1,1206022,20261003,45,57169,-146,feed,32040,44,45,30120
1791035637,804,0,1261508,20261003,1,14153,0,feed,32400,0,32,32400
1791035637,804,1,1327941,20261003,1,14727,0,feed,34200,0,35,34200
1791035637,805,1,1212930,20261003,1,50716,0,feed,33000,0,72,33000
1791035637,827,1,1313446,20261003,51,42837,-174,feed,32160,50,51,29760
1791035637,827,0,1315234,20261003,1,42837,0,feed,33180,0,51,33180
1791035637,827,1,1317072,20261003,1,57167,0,feed,33300,0,51,33300
1791035637,83,0,1263947,20261003,15,53735,221,feed,31860,14,44,31140
1791035637,83,1,1350783,20261003,1,52532,0,feed,34080,0,41,34080
1791035637,83,1,1353827,20261003,1,52532,0,feed,32280,0,41,32280
1791035637,83,0,1353975,20261003,1,53725,0,feed,34740,0,44,34740
1791035637,83,0,1354493,20261003,1,53725,5,feed,32940,0,44,32940
1791035637,83,1,1355055,20261003,24,49734,343,feed,31680,23,41,30480
1791035637,87,1,1303774,20261003,1,57690,0,feed,33180,0,70,33180
1791035637,87,1,1304405,20261003,11,51362,98,feed,31920,10,70,31380
1791035637,87,1,1304548,20261003,1,57690,0,feed,34920,0,70,34920
1791035637,87,0,1349920,20261003,42,43573,-30,feed,32040,41,71,30720
1791035637,87,0,1350438,20261003,1,51892,0,feed,34380,0,71,34380
1791035637,87,0,1351786,20261003,1,51892,0,feed,32580,0,71,32580
1791035637,87,1,1355430,20261003,69,13148,-29,feed,32040,68,70,29580
1791035637,9,0,1356090,20261003,67,40176,356,feed,31680,66,112,29520
1791035637,9,0,1356953,20261003,1,40247,0,feed,33060,0,112,33060
1791035637,9,1,1364535,20261003,1,51551,0,feed,,,,
1791035637,9,1,1365369,20261003,1,51551,0,feed,,,,
1791035637,9,0,1367020,20261003,14,3012,95,feed,,,,
1791035637,9,1,1367916,20261003,57,2885,165,feed,,,,
1791035637,9,0,1368775,20261003,1,52552,0,feed,,,,
1791035637,9,1,1368858,20261003,16,17580,172,feed,,,,
1791035637,901,0,879179,20261003,6,51434,120,feed,31920,5,20,31200
1791035637,901,0,887424,20261003,18,56332,120,feed,32040,17,20,29760
1791035637,901,0,889263,20261003,2,51437,60,feed,32100,1,20,31920
1791035637,901,0,894105,20261003,12,51428,180,feed,31920,11,20,30480
1791035637,901,1,895014,20261003,6,56338,0,feed,32040,5,20,31560
1791035637,901,1,895400,20261003,17,53279,120,feed,32040,16,20,30120
1791035637,901,0,903288,20261003,1,51405,0,feed,32640,0,20,32640
1791035637,901,1,905809,20261003,3,56336,0,feed,32460,2,20,32280
1791035637,902,1,879372,20261003,20,51424,0,feed,31980,19,24,29460
1791035637,902,0,880526,20261003,3,56336,0,feed,32160,2,24,31980
1791035637,902,1,882375,20261003,1,56026,0,feed,33060,0,24,33060
1791035637,902,0,882625,20261003,12,56006,300,feed,31860,11,24,30540
1791035637,902,0,884681,20261003,8,56002,120,feed,32040,7,24,31260
1791035637,902,0,889999,20261003,3,56336,0,feed,32880,2,24,32700
1791035637,902,0,894571,20261003,24,56018,-60,feed,32040,23,24,29100
1791035637,902,1,894754,20261003,10,56035,60,feed,31980,9,24,30900
1791035637,902,1,895144,20261003,4,56029,120,feed,31980,3,24,31620
1791035637,902,1,899995,20261003,1,56026,0,feed,32340,0,24,32340
1791035637,902,1,903373,20261003,15,56040,120,feed,31920,14,24,30180
1791035637,902,0,984370,20261003,18,56012,120,feed,31920,17,24,29820
1791035637,903,0,1264683,20261003,1,57285,0,feed,33300,0,6,33300
1791035637,903,1,1264955,20261003,1,56874,0,feed,35160,0,6,35160
1791035637,903,0,1269438,20261003,1,57285,453,feed,31560,0,6,31560
1791035637,903,0,1271542,20261003,1,57285,0,feed,35100,0,6,35100
1791035637,903,1,1275804,20261003,1,56874,0,feed,33300,0,6,33300
1791035637,903,1,1276237,20261003,3,48977,65,feed,31980,2,6,31320
1791035637,904,1,1264566,20261003,1,56800,0,feed,32460,0,12,32460
1791035637,904,1,1269945,20261003,1,56800,0,feed,35160,0,12,35160
1791035637,904,1,1274056,20261003,12,56830,343,feed,31920,11,12,29760
1791035637,904,0,1365137,20261003,1,56830,0,feed,,,,
1791035637,904,0,1366804,20261003,3,56831,341,feed,,,,
1791035637,904,1,1367049,20261003,1,56800,0,feed,,,,
1791035637,904,0,1367181,20261003,1,56830,0,feed,,,,
1791035637,904,0,1367662,20261003,4,51110,436,feed,,,,
1791035637,904,0,1367723,20261003,11,53314,225,feed,,,,
1791035637,904,1,1368249,20261003,1,56800,0,feed,,,,
1791035637,904,0,1368388,20261003,1,56830,0,feed,,,,
1791035637,904,1,1368727,20261003,5,53301,57,feed,,,,
1791035637,904,1,1369189,20261003,10,56884,3,feed,,,,
1791035637,904,0,1369368,20261003,1,56830,0,feed,,,,
1791035637,905,1,1343780,20261003,1,57441,0,feed,33840,0,16,33840
1791035637,905,0,1343818,20261003,1,52761,0,feed,32100,0,16,32100
1791035637,905,0,1343957,20261003,14,57438,-103,feed,32100,13,16,30300
1791035637,905,0,1344044,20261003,1,52761,0,feed,34800,0,16,34800
1791035637,905,1,1344391,20261003,1,57441,0,feed,32040,0,16,32040
1791035637,905,1,1344518,20261003,1,57441,0,feed,32940,0,16,32940
1791035637,905,1,1344564,20261003,1,57441,0,feed,34740,0,16,34740
1791035637,905,0,1344653,20261003,1,52761,0,feed,33000,0,16,33000
1791035637,905,1,1344816,20261003,14,11863,-241,feed,32160,13,16,30240
1791035637,905,0,1344888,20261003,7,57424,-69,feed,32040,6,16,31200
1791035637,905,1,1345344,20261003,8,57427,-182,feed,32040,7,16,31140
1791035637,905,0,1345356,20261003,1,52761,0,feed,33900,0,16,33900
1791035637,921,1,1364373,20261003,1,52531,0,feed,,,,
1791035637,921,1,1364412,20261003,1,52531,0,feed,,,,
1791035637,921,0,1364514,20261003,1,51544,0,feed,,,,
1791035637,921,1,1365033,20261003,1,52531,0,feed,,,,
1791035637,921,0,1365372,20261003,2,53362,-74,feed,,,,
1791035637,921,0,1366281,20261003,8,56114,125,feed,,,,
1791035637,921,1,1367058,20261003,18,56128,283,feed,,,,
1791035637,921,1,1367980,20261003,6,15114,391,feed,,,,
1791035637,921,1,1368062,20261003,,,,canceled,,,,
1791035637,921,0,1368404,20261003,1,51544,0,feed,,,,
1791035637,921,1,1368466,20261003,1,52531,0,feed,,,,
1791035637,921,0,1368747,20261003,1,51544,0,feed,,,,
1791035637,921,0,1369262,20261003,17,56120,218,feed,,,,
1791035637,921,0,1369521,20261003,1,51544,0,feed,,,,
1791035637,922,1,1311599,20261003,5,11863,357,feed,31680,4,34,31260
1791035637,922,1,1311892,20261003,12,16997,201,feed,31860,11,34,30540
1791035637,922,1,1312027,20261003,1,56100,99,feed,31920,0,34,31920
1791035637,922,0,1312366,20261003,1,57314,0,feed,33360,0,35,33360
1791035637,922,0,1312850,20261003,1,57314,0,feed,35400,0,35,35400
1791035637,922,1,1313080,20261003,33,57353,190,feed,31920,32,34,28560
1791035637,922,1,1313608,20261003,1,56100,0,feed,34080,0,34,34080
1791035637,922,0,1313940,20261003,1,57314,0,feed,34740,0,35,34740
1791035637,922,0,1314032,20261003,14,43022,262,feed,31800,13,35,30480
1791035637,922,1,1314340,20261003,1,56100,0,feed,34800,0,34,34800
1791035637,922,0,1314530,20261003,4,4862,30,feed,32100,3,35,31920
1791035637,922,0,1314542,20261003,1,57314,0,feed,32640,0,35,32640
1791035637,922,0,1314709,20261003,1,57314,0,feed,34080,0,35,34080
1791035637,922,0,1314786,20261003,24,16996,-8,feed,32100,23,35,29760
1791035637,922,1,1314831,20261003,28,57358,3,feed,32040,27,34,29220
1791035637,922,0,1314847,20261003,31,3142,-269,feed,32280,30,35,29040
1791035637,922,1,1314975,20261003,1,56100,0,feed,32640,0,34,32640
1791035637,922,1,1315993,20261003,1,56100,0,feed,33360,0,34,33360
1791035637,922,1,1316438,20261003,19,57337,95,feed,31920,18,34,29880
1791035637,922,1,1317332,20261003,1,56100,0,feed,35520,0,34,35520
1791035637,922,0,1317366,20261003,9,16857,121,feed,31920,8,35,31200
1791035637,923,0,1263288,20261003,1,56897,0,feed,34920,0,22,34920
1791035637,923,0,1265790,20261003,7,17853,-29,feed,32040,6,22,31380
1791035637,923,1,1267369,20261003,18,17905,343,feed,31740,17,23,30060
1791035637,923,1,1268277,20261003,1,57278,37,feed,31980,0,23,31980
1791035637,923,0,1268963,20261003,1,56897,0,feed,32220,0,22,32220
1791035637,923,1,1271303,20261003,1,57278,0,feed,34560,0,23,34560
1791035637,923,1,1272743,20261003,1,57278,0,feed,35520,0,23,35520
1791035637,923,0,1275260,20261003,1,56897,0,feed,33120,0,22,33120
1791035637,923,1,1275570,20261003,1,57278,0,feed,32820,0,23,32820
1791035637,923,1,1340456,20261003,1,57278,0,feed,33660,0,23,33660
1791035637,923,0,1340494,20261003,15,56399,306,feed,31740,14,22,30480
1791035637,923,1,1341692,20261003,11,52664,125,feed,31920,10,23,31080
1791035637,923,0,1341848,20261003,1,56897,0,feed,34020,0,22,34020
1791035637,924,1,1336850,20261003,32,81079,198,feed,31860,31,41,28740
1791035637,924,0,1337195,20261003,21,56929,27,feed,32040,20,40,30060
1791035637,924,0,1337322,20261003,1,56873,0,feed,34080,0,40,34080
1791035637,924,1,1337487,20261003,13,11161,150,feed,31980,12,41,30780
1791035637,924,0,1337694,20261003,1,56873,0,feed,34680,0,40,34680
1791035637,924,1,1338206,20261003,1,56823,0,feed,35100,0,41,35100
1791035637,924,0,1338262,20261003,6,56922,157,feed,31920,5,40,31440
1791035637,924,1,1338867,20261003,22,56910,543,feed,31560,21,41,29400
1791035637,924,1,1339470,20261003,1,56823,0,feed,34380,0,41,34380
1791035637,924,0,1340031,20261003,15,80138,-18,feed,32040,14,40,30720
1791035637,924,0,1340302,20261003,32,56950,263,feed,31800,31,40,28620
1791035637,924,1,1340745,20261003,6,56903,55,feed,32040,5,41,31500
1791035637,924,0,1340898,20261003,1,56873,100,feed,32880,0,40,32880
1791035637,924,0,1341248,20261003,1,56873,0,feed,33480,0,40,33480
1791035637,924,0,1341360,20261003,39,9089,344,feed,31740,38,40,27900
1791035637,924,0,1342026,20261003,25,17903,306,feed,31740,24,40,29340
1791035637,924,1,1342119,20261003,18,17907,150,feed,31860,17,41,30060
1791035637,924,0,1342152,20261003,1,56873,0,feed,32160,0,40,32160
1791035637,924,1,1342183,20261003,1,56823,0,feed,32940,0,41,32940
1791035637,924,1,1342259,20261003,1,56823,0,feed,33660,0,41,33660
1791035637,924,1,1342265,20261003,32,81079,906,feed,31140,31,41,28080
1791035637,924,0,1342339,20261003,1,56873,0,feed,35280,0,40,35280
1791035637,924,1,1342450,20261003,1,56823,0,feed,32220,0,41,32220
1791035637,925,0,1263042,20261003,1,53703,0,feed,34740,0,35,34740
1791035637,925,0,1275511,20261003,1,53703,0,feed,35460,0,35,35460
1791035637,925,1,1331708,20261003,1,57541,0,feed,32220,0,35,32220
1791035637,925,1,1332065,20261003,12,17919,119,feed,31980,11,35,30840
1791035637,925,1,1332423,20261003,14,17922,693,feed,31380,13,35,30120
1791035637,925,0,1333615,20261003,18,17936,-174,feed,32040,17,35,30480
1791035637,925,1,1333629,20261003,1,57541,0,feed,33660,0,35,33660
1791035637,925,0,1333671,20261003,,,,canceled,,,,
1791035637,925,0,1333840,20261003,1,53703,0,feed,32640,0,35,32640
1791035637,925,0,1333856,20261003,24,17951,333,feed,31800,23,35,29760
1791035637,925,1,1334007,20261003,1,57541,0,feed,35100,0,35,35100
1791035637,925,1,1334075,20261003,5,16569,154,feed,31860,4,35,31500
1791035637,925,1,1335200,20261003,1,57541,0,feed,32940,0,35,32940
1791035637,925,0,1335209,20261003,1,53703,0,feed,34080,0,35,34080
1791035637,925,1,1335236,20261003,1,57541,0,feed,34380,0,35,34380
1791035637,925,0,1335271,20261003,31,16143,298,feed,31800,30,35,29040
1791035637,925,1,1335505,20261003,34,1156,166,feed,31860,33,35,28740
1791035637,925,0,1335632,20261003,35,57541,638,feed,31380,34,35,28320
1791035637,925,0,1335789,20261003,1,53703,0,feed,33360,0,35,33360
1791035637,925,1,1335851,20261003,24,57540,332,feed,31740,23,35,29400
1791035637,925,0,1335885,20261003,2,4369,108,feed,31980,1,35,31920
1791035637,94,0,1183455,20261003,8,17890,205,feed,31860,7,15,31380
1791035637,94,1,1187100,20261003,1,56100,0,feed,33840,0,16,33840
1791035637,94,1,1347126,20261003,14,53765,199,feed,,,,
1791035637,94,0,1347865,20261003,1,51200,0,feed,,,,
1791037444,10,0,1325509,20261003,6,17990,219,feed,,,,
1791037444,10,1,1325561,20261003,1,57165,0,feed,35820,0,53,35820
1791037444,10,0,1326196,20261003,1,19337,0,feed,35940,0,60,35940
1791037444,10,1,1326235,20261003,54,53966,-57,feed,33900,53,64,31440
1791037444,10,1,1326451,20261003,1,57165,0,feed,34200,0,53,34200
1791037444,10,1,1326652,20261003,7,14283,135,feed,33660,6,64,33240
1791037444,10,0,1326736,20261003,1,19337,0,feed,34140,0,60,34140
1791037444,10,0,1326911,20261003,35,17151,224,feed,33600,34,49,31500
1791037444,10,1,1330696,20261003,18,17154,333,feed,33480,17,53,32460
1791037444,10,1,1344512,20261003,1,57165,0,feed,34920,0,64,34920
1791037444,10,0,1345684,20261003,60,57165,86,feed,33780,59,60,30600
1791037444,10,0,1362498,20261003,1,19337,0,feed,36840,0,49,36840
1791037444,10,0,1367261,20261003,15,17224,451,feed,,,,
1791037444,10,0,1368058,20261003,1,19337,0,feed,,,,
1791037444,10,1,1368333,20261003,53,19337,84,feed,,,,
1791037444,10,1,1368984,20261003,1,57165,0,feed,,,,
1791037444,11,1,1317736,20261003,61,17716,586,feed,,,,
1791037444,11,1,1318718,20261003,39,17917,-25,feed,,,,
1791037444,11,1,1318806,20261003,1,49304,0,feed,34200,0,79,34200
1791037444,11,1,1319483,20261003,1,49304,0,feed,36840,0,79,36840
1791037444,11,1,1319883,20261003,1,49304,0,feed,35040,0,79,35040
1791037444,11,1,1353882,20261003,48,53462,119,feed,33720,47,79,31500
1791037444,11,0,1364237,20261003,1,51828,0,feed,,,,
1791037444,11,0,1364493,20261003,50,14668,515,feed,,,,
1791037444,11,0,1364891,20261003,27,17761,78,feed,,,,
1791037444,11,0,1365189,20261003,2,1874,-26,feed,,,,
1791037444,11,0,1365728,20261003,1,51828,0,feed,,,,
1791037444,11,1,1367697,20261003,13,14608,164,feed,,,,
1791037444,11,0,1368369,20261003,1,51828,0,feed,,,,
1791037444,11,0,1368798,20261003,40,17996,219,feed,,,,
1791037444,11,1,1369025,20261003,1,49304,0,feed,,,,
1791037444,11,0,1369133,20261003,1,51828,0,feed,,,,
1791037444,14,0,1331063,20261003,39,15648,61,feed,33780,38,80,32160
1791037444,14,1,1331282,20261003,57,15607,580,feed,33240,56,82,30720
1791037444,14,1,1331594,20261003,1,50153,0,feed,36720,0,82,36720
1791037444,14,0,1331637,20261003,1,4345,0,feed,36240,0,80,36240
1791037444,14,0,1331975,20261003,1,4345,0,feed,33960,0,80,33960
1791037444,14,1,1332127,20261003,30,16406,213,feed,33600,29,82,32520
1791037444,14,0,1332322,20261003,1,4345,0,feed,35100,0,80,35100
1791037444,14,1,1332495,20261003,1,50153,0,feed,34320,0,82,34320
1791037444,14,0,1333037,20261003,67,8340,286,feed,33540,66,80,30420
1791037444,14,1,1335697,20261003,1,50153,0,feed,35520,0,82,35520
1791037444,17,0,1132652,20261003,6,43325,93,feed,33780,5,63,33360
1791037444,17,0,1135251,20261003,1,57458,0,feed,35040,0,63,35040
1791037444,17,0,1293527,20261003,1,57458,0,feed,36840,0,51,36840
1791037444,17,1,1318157,20261003,1,17192,0,feed,,,,
1791037444,17,0,1324422,20261003,56,15494,587,feed,33240,55,63,29820
1791037444,17,0,1333898,20261003,38,40340,267,feed,33660,37,63,31560
1791037444,17,0,1335074,20261003,1,57458,0,feed,35940,0,63,35940
1791037444,17,1,1335256,20261003,1,17192,0,feed,36240,0,65,36240
1791037444,17,1,1335969,20261003,39,3525,586,feed,33240,38,65,30840
1791037444,17,1,1367100,20261003,21,17980,-65,feed,,,,
1791037444,18,0,1361139,20261003,72,1900,7,feed,,,,
1791037444,18,0,1361203,20261003,1,51852,0,feed,36120,0,51,36120
1791037444,18,0,1361386,20261003,1,57131,0,feed,34320,0,84,34320
1791037444,18,0,1362100,20261003,1,57131,0,feed,37260,0,84,37260
1791037444,18,1,1365623,20261003,48,80999,348,feed,,,,
1791037444,18,1,1366191,20261003,1,56800,0,feed,,,,
1791037444,18,1,1366899,20261003,32,135,179,feed,,,,
1791037444,18,1,1367572,20261003,5,17980,42,feed,,,,
1791037444,18,0,1367589,20261003,39,56922,124,feed,,,,
1791037444,18,0,1367743,20261003,50,19317,-167,feed,,,,
1791037444,18,1,1367772,20261003,1,56800,0,feed,,,,
1791037444,18,1,1367843,20261003,75,42515,-12,feed,,,,
1791037444,18,0,1368106,20261003,1,51852,0,feed,,,,
1791037444,18,0,1368244,20261003,1,57131,0,feed,,,,
1791037444,18,1,1368473,20261003,1,56800,0,feed,,,,
1791037444,18,1,1368807,20261003,1,56800,0,feed,,,,
1791037444,18,1,1369195,20261003,14,81077,175,feed,,,,
1791037444,18,0,1369467,20261003,22,1863,200,feed,,,,
1791037444,2,1,1262240,20261003,1,50670,0,feed,34800,0,34,34800
1791037444,2,1,1263672,20261003,1,50670,0,feed,36600,0,34,36600
1791037444,2,1,1275547,20261003,13,13267,-40,feed,33840,12,34,33000
1791037444,2,0,1318333,20261003,1,57469,0,feed,34020,0,34,34020
1791037444,2,0,1319327,20261003,26,13243,216,feed,33660,25,34,32220
1791037444,2,0,1319772,20261003,1,57469,0,feed,35820,0,34,35820
1791037444,2,0,1331060,20261003,1,57469,0,feed,,,,
1791037444,2,0,1331067,20261003,36,16116,259,feed,33600,35,41,31320
1791037444,2,0,1333280,20261003,1,57469,0,feed,36720,0,41,36720
1791037444,2,1,1360898,20261003,1,57618,0,feed,35100,0,42,35100
1791037444,2,1,1361126,20261003,9,16137,51,feed,33840,8,42,33300
1791037444,2,1,1362086,20261003,23,13279,839,feed,,,,
1791037444,2,1,1363201,20261003,1,57618,0,feed,36840,0,42,36840
1791037444,2,0,1363982,20261003,13,52240,-48,feed,33840,12,41,33120
1791037444,215,1,1267920,20261003,1,5020,0,feed,36960,0,27,36960
1791037444,215,1,1268010,20261003,9,57716,71,feed,33780,8,27,33360
1791037444,215,0,1274610,20261003,1,49979,0,feed,35040,0,30,35040
1791037444,219,0,1304104,20261003,10,3056,288,feed,33540,9,74,33360
1791037444,219,0,1305109,20261003,1,57340,0,feed,36960,0,74,36960
1791037444,219,1,1311603,20261003,1,5020,0,feed,36900,0,71,36900
1791037444,219,1,1313107,20261003,4,52042,373,feed,33480,3,71,33300
1791037444,22,1,1357463,20261003,1,56825,0,feed,,,,
1791037444,22,1,1357780,20261003,84,4466,-79,feed,,,,
1791037444,22,1,1357886,20261003,1,56825,0,feed,36600,0,87,36600
1791037444,22,0,1364420,20261003,1,4558,0,feed,,,,
1791037444,22,0,1365015,20261003,35,57362,63,feed,,,,
1791037444,22,0,1365245,20261003,51,53941,32,feed,,,,
1791037444,22,0,1366517,20261003,80,11231,818,feed,,,,
1791037444,22,1,1367544,20261003,31,17906,124,feed,,,,
1791037444,22,1,1367942,20261003,1,56825,0,feed,,,,
1791037444,22,0,1367978,20261003,1,4558,0,feed,,,,
1791037444,22,0,1368193,20261003,3,4662,177,feed,,,,
1791037444,22,1,1368672,20261003,18,51287,-23,feed,,,,
1791037444,22,1,1369027,20261003,53,15382,-4,feed,,,,
1791037444,22,0,1369165,20261003,73,50609,-62,feed,,,,
1791037444,22,0,1369396,20261003,1,4558,0,feed,,,,
1791037444,223,1,1361640,20261003,1,5020,0,feed,36660,0,34,36660
1791037444,223,0,1362089,20261003,7,57454,207,feed,33660,6,33,33360
1791037444,223,1,1363749,20261003,8,18242,118,feed,33720,7,34,33060
1791037444,223,0,1363895,20261003,1,57691,0,feed,35160,0,33,35160
1791037444,225,1,1134978,20261003,1,45174,0,feed,35880,0,20,35880
1791037444,225,0,1275899,20261003,1,52530,0,feed,34260,0,20,34260
1791037444,227,1,1264459,20261003,1,45174,0,feed,35880,0,45,35880
1791037444,227,0,1268554,20261003,1,52530,-490,feed,34200,0,47,34200
1791037444,227,1,1274259,20261003,45,52530,232,feed,33600,44,45,32280
1791037444,25,1,1325162,20261003,1,57166,0,feed,35220,0,89,35220
1791037444,25,1,1325654,20261003,51,14159,-109,feed,33840,50,89,31620
1791037444,25,0,1326497,20261003,1,19337,349,feed,33480,0,92,33480
1791037444,25,0,1326888,20261003,81,13970,523,feed,33300,80,92,29880
1791037444,25,0,1327153,20261003,1,19337,0,feed,37020,0,92,37020
1791037444,27,0,1349913,20261003,1,52857,0,feed,36000,0,23,36000
1791037444,27,1,1351320,20261003,1,51367,0,feed,,,,
1791037444,3,1,1179048,20261003,1,56100,0,feed,37200,0,64,37200
1791037444,3,0,1179459,20261003,1,54097,0,feed,34740,0,65,34740
1791037444,3,1,1185296,20261003,19,5589,175,feed,33720,18,65,32580
1791037444,3,0,1185403,20261003,16,49881,493,feed,33420,15,64,32100
1791037444,3,1,1188234,20261003,1,56100,103,feed,33720,0,64,33720
1791037444,3,0,1321511,20261003,1,54097,0,feed,36480,0,65,36480
1791037444,3,1,1321969,20261003,64,54097,243,feed,33540,63,64,30120
1791037444,3,1,1322705,20261003,33,876,337,feed,33480,32,64,31920
1791037444,3,0,1323264,20261003,10,19320,30,feed,33840,9,65,32940
1791037444,3,0,1327420,20261003,1,54097,0,feed,33840,0,64,33840
1791037444,3,1,1329118,20261003,1,56100,0,feed,35460,0,64,35460
1791037444,3,0,1329856,20261003,52,80929,321,feed,33540,51,65,30660
1791037444,3,1,1368808,20261003,1,56100,0,feed,,,,
1791037444,3,1,1369002,20261003,1,56100,0,feed,,,,
1791037444,30,1,1212213,20261003,40,8242,452,feed,33360,39,44,30960
1791037444,30,0,1212297,20261003,1,40238,0,feed,35640,0,48,35640
1791037444,30,1,1213255,20261003,14,12676,-6,feed,33840,13,44,32760
1791037444,30,1,1215907,20261003,1,15882,0,feed,36360,0,44,36360
1791037444,30,0,1216003,20261003,1,40238,90,feed,33840,0,48,33840
1791037444,30,0,1217801,20261003,41,41639,91,feed,33720,40,48,32040
1791037444,30,1,1218465,20261003,1,15882,0,feed,34560,0,44,34560
1791037444,32,0,1331227,20261003,16,53154,107,feed,33780,15,59,33300
1791037444,32,0,1331630,20261003,1,50155,0,feed,,,,
1791037444,32,0,1331974,20261003,1,50155,0,feed,35100,0,59,35100
1791037444,32,0,1332116,20261003,54,42051,399,feed,,,,
1791037444,32,1,1365620,20261003,1,57685,0,feed,,,,
1791037444,32,1,1365784,20261003,1,57685,0,feed,,,,
1791037444,32,1,1366195,20261003,33,42202,-15,feed,,,,
1791037444,323,0,1131034,20261003,1,51116,0,feed,35100,0,23,35100
1791037444,323,1,1131189,20261003,1,57508,0,feed,34560,0,25,34560
1791037444,323,1,1131491,20261003,1,57508,0,feed,36300,0,25,36300
1791037444,323,0,1132664,20261003,1,51116,0,feed,36900,0,23,36900
1791037444,323,0,1133491,20261003,21,57031,126,feed,33720,20,23,32700
1791037444,323,1,1135512,20261003,22,48974,-16,feed,33840,21,25,32820
1791037444,345,1,1132958,20261003,8,56939,-156,feed,34500,7,15,32520
1791037444,345,1,1134334,20261003,1,57508,0,feed,36120,0,15,36120
1791037444,345,0,1136184,20261003,12,420,69,feed,33780,11,15,32400
1791037444,345,0,1136447,20261003,1,56879,0,feed,36000,0,15,36000
1791037444,36,0,1176582,20261003,19,50601,-55,feed,33840,18,53,33060
1791037444,36,1,1186621,20261003,1,50160,0,feed,35220,0,50,35220
1791037444,36,1,1219584,20261003,1,50160,0,feed,,,,
1791037444,36,0,1362770,20261003,1,57537,0,feed,34860,0,53,34860
1791037444,36,1,1368040,20261003,7,1114,110,feed,,,,
1791037444,36,0,1368723,20261003,1,57537,0,feed,,,,
1791037444,38,0,1350168,20261003,1,48213,0,feed,,,,
1791037444,38,0,1351532,20261003,45,4719,277,feed,,,,
1791037444,38,1,1351767,20261003,1,16494,-20,feed,,,,
1791037444,38,1,1352194,20261003,1,42032,0,feed,,,,
1791037444,38,1,1354748,20261003,86,3609,-101,feed,,,,
1791037444,38,0,1354833,20261003,89,57191,229,feed,,,,
1791037444,38,0,1355235,20261003,1,48213,0,feed,,,,
1791037444,38,1,1355347,20261003,39,40667,263,feed,,,,
1791037444,38,0,1369308,20261003,7,81108,5,feed,,,,
1791037444,4,0,1134761,20261003,1,50231,0,feed,34920,0,89,34920
1791037444,4,0,1157675,20261003,1,50231,0,feed,35640,0,53,35640
1791037444,4,0,1159935,20261003,1,50231,0,feed,33840,0,53,33840
1791037444,4,0,1358191,20261003,52,53099,-83,feed,33900,51,89,31380
1791037444,4,1,1358624,20261003,1,17971,0,feed,36540,0,50,36540
1791037444,4,1,1359241,20261003,1,14153,0,feed,35940,0,90,35940
1791037444,4,0,1359283,20261003,1,50231,0,feed,36720,0,89,36720
1791037444,4,1,1359333,20261003,1,14153,0,feed,34200,0,90,34200
1791037444,4,1,1359891,20261003,33,15559,103,feed,33720,32,90,32520
1791037444,4,0,1359977,20261003,19,1089,-84,feed,33840,18,89,33120
1791037444,4,0,1360423,20261003,37,169,-135,feed,33840,36,53,32160
1791037444,4,1,1360574,20261003,59,40669,-61,feed,33840,58,85,31020
1791037444,4,1,1360613,20261003,1,17971,0,feed,34800,0,50,34800
1791037444,46,1,1267727,20261003,1,51550,0,feed,36840,0,59,36840
1791037444,46,0,1275837,20261003,1,220,0,feed,34260,0,62,34260
1791037444,46,1,1279525,20261003,1,51550,516,feed,33300,0,59,33300
1791037444,46,0,1281255,20261003,1,220,0,feed,36060,0,62,36060
1791037444,48,0,1304579,20261003,19,2891,397,feed,33420,18,61,32700
1791037444,48,0,1352138,20261003,1,19301,0,feed,36300,0,61,36300
1791037444,48,1,1354633,20261003,29,19596,-27,feed,33840,28,61,33000
1791037444,48,1,1368493,20261003,1,50152,0,feed,,,,
1791037444,5,0,1366026,20261003,3,777,113,feed,,,,
1791037444,5,1,1367183,20261003,45,17906,130,feed,,,,
1791037444,5,1,1367449,20261003,1,51846,0,feed,,,,
1791037444,5,0,1367672,20261003,1,51212,0,feed,,,,
1791037444,515,1,1350002,20261003,1,56877,0,feed,36120,0,49,36120
1791037444,515,0,1350063,20261003,1,53704,0,feed,36660,0,49,36660
1791037444,515,1,1351176,20261003,5,56921,176,feed,33660,4,49,33420
1791037444,515,0,1351215,20261003,1,53704,0,feed,33960,0,49,33960
1791037444,515,1,1351349,20261003,1,56877,0,feed,34320,0,49,34320
1791037444,515,0,1351747,20261003,1,53704,0,feed,35760,0,49,35760
1791037444,515,1,1352625,20261003,45,1804,-23,feed,33840,44,49,32520
1791037444,515,0,1353288,20261003,26,651,95,feed,33720,25,49,33060
1791037444,515,0,1354827,20261003,45,42318,468,feed,33360,44,49,32160
1791037444,515,1,1354922,20261003,1,56877,0,feed,35220,0,49,35220
1791037444,515,0,1355075,20261003,1,53704,0,feed,34860,0,49,34860
1791037444,515,1,1355479,20261003,1,56877,0,feed,37020,0,49,37020
1791037444,534,1,1344040,20261003,1,51824,0,feed,35100,0,32,35100
1791037444,534,0,1344383,20261003,1,56725,0,feed,35220,0,35,35220
1791037444,534,0,1345050,20261003,1,56725,0,feed,37020,0,35,37020
1791037444,534,1,1345270,20261003,1,51824,0,feed,36900,0,32,36900
1791037444,534,1,1345372,20261003,11,50070,129,feed,33720,10,32,33300
1791037444,534,0,1345591,20261003,9,53774,86,feed,33720,8,35,33420
1791037444,538,0,1133562,20261003,17,57163,489,feed,33360,16,42,32400
1791037444,538,0,1134427,20261003,1,53704,0,feed,34200,0,42,34200
1791037444,538,1,1318205,20261003,1,56880,0,feed,35280,0,40,35280
1791037444,538,1,1319593,20261003,1,56880,0,feed,37080,0,40,37080
1791037444,539,1,1136709,20261003,1,56880,0,feed,35580,0,38,35580
1791037444,539,0,1137973,20261003,22,43678,-50,feed,33840,21,41,33120
1791037444,539,0,887627,20261003,1,56725,81,feed,36720,0,41,36720
1791037444,54,0,1132790,20261003,19,10236,25,feed,33900,18,25,32220
1791037444,54,1,1132796,20261003,21,48548,210,feed,33900,20,27,31800
1791037444,54,1,1342013,20261003,2,57419,62,feed,33780,1,27,33600
1791037444,54,0,1346021,20261003,1,56875,0,feed,34920,0,46,34920
1791037444,54,0,1346151,20261003,1,56875,0,feed,36660,0,46,36660
1791037444,54,0,1346176,20261003,9,13143,-8,feed,34080,8,46,33120
1791037444,54,1,1346741,20261003,1,42319,0,feed,34560,0,47,34560
1791037444,54,1,1347038,20261003,12,12934,-11,feed,33840,11,47,32760
1791037444,54,0,1347392,20261003,1,56875,0,feed,35760,0,25,35760
1791037444,54,1,1348472,20261003,1,56100,0,feed,35400,0,27,35400
1791037444,54,1,1352766,20261003,1,56100,0,feed,37200,0,27,37200
1791037444,54,0,1354169,20261003,28,53982,163,feed,33660,27,46,31320
1791037444,54,1,1359691,20261003,1,42319,0,feed,36360,0,47,36360
1791037444,54,1,1360814,20261003,35,57019,77,feed,33780,34,47,30960
1791037444,54,0,1368541,20261003,1,56875,0,feed,,,,
1791037444,540,0,1135141,20261003,1,53052,0,feed,36180,0,51,36180
1791037444,540,0,1135474,20261003,1,53052,0,feed,34380,0,51,34380
1791037444,540,1,891771,20261003,41,41122,-40,feed,33840,40,48,32220
1791037444,540,1,897635,20261003,1,56879,0,feed,34020,0,48,34020
1791037444,546,1,1135383,20261003,1,51824,0,feed,35460,0,31,35460
1791037444,546,0,881029,20261003,1,56725,0,feed,36960,0,33,36960
1791037444,546,0,895752,20261003,5,57531,185,feed,33660,4,33,33360
1791037444,61,0,1364460,20261003,1,17905,0,feed,,,,
1791037444,61,1,1365668,20261003,13,80957,165,feed,,,,
1791037444,61,1,1367080,20261003,44,10653,96,feed,,,,
1791037444,61,0,1367145,20261003,1,17905,0,feed,,,,
1791037444,61,0,1368425,20261003,64,80716,76,feed,,,,
1791037444,61,1,1368621,20261003,1,52761,0,feed,,,,
1791037444,61,0,1368859,20261003,26,57324,21,feed,,,,
1791037444,61,1,1369517,20261003,1,52761,0,feed,,,,
1791037444,615,0,1346064,20261003,45,50135,97,feed,33720,44,76,31980
1791037444,615,1,1346165,20261003,48,49581,54,feed,33720,47,76,31920
1791037444,615,1,1346927,20261003,1,3540,0,feed,35520,0,76,35520
1791037444,615,0,1347002,20261003,1,41157,0,feed,35580,0,76,35580
1791037444,62,0,1349320,20261003,71,46708,280,feed,33540,70,86,30900
1791037444,62,1,1349384,20261003,37,57623,-275,feed,33840,36,83,32040
1791037444,62,1,1350721,20261003,1,49141,0,feed,33840,0,83,33840
1791037444,62,1,1350961,20261003,1,49141,0,feed,35340,0,91,35340
1791037444,62,0,1350967,20261003,1,328,0,feed,36300,0,86,36300
1791037444,62,0,1352814,20261003,1,328,0,feed,34500,0,86,34500
1791037444,62,0,1359926,20261003,39,6331,37,feed,33780,38,86,32700
1791037444,62,0,1359971,20261003,61,46988,147,feed,33720,60,67,31380
1791037444,62,1,1360776,20261003,1,45191,0,feed,35760,0,67,35760
1791037444,63,1,1262710,20261003,38,3081,113,feed,,,,
1791037444,63,1,1269139,20261003,54,56941,220,feed,,,,
1791037444,63,1,1271234,20261003,7,13586,184,feed,,,,
1791037444,63,0,1346045,20261003,1,15795,0,feed,,,,
1791037444,63,0,1346133,20261003,8,18669,347,feed,,,,
1791037444,63,0,1346623,20261003,1,15795,0,feed,,,,
1791037444,63,0,1346904,20261003,1,15795,0,feed,,,,
1791037444,63,1,1347243,20261003,22,11861,16,feed,,,,
1791037444,63,1,1347364,20261003,1,51114,0,feed,,,,
1791037444,63,0,1348039,20261003,31,3135,-23,feed,,,,
1791037444,63,1,1348231,20261003,1,51114,0,feed,,,,
1791037444,63,0,1348288,20261003,1,15795,0,feed,,,,
1791037444,63,1,1348435,20261003,1,51114,0,feed,,,,
1791037444,63,0,1368837,20261003,38,3142,636,feed,,,,
1791037444,63,1,1368978,20261003,1,51114,0,feed,,,,
1791037444,64,1,1342597,20261003,1,42157,0,feed,34920,0,43,34920
1791037444,64,1,1342675,20261003,1,42157,0,feed,36720,0,43,36720
1791037444,64,0,1356049,20261003,29,12926,217,feed,33600,28,43,32160
1791037444,64,0,1357136,20261003,1,52761,0,feed,33960,0,43,33960
1791037444,64,0,1357757,20261003,8,11776,216,feed,33780,7,78,33060
1791037444,64,0,1358581,20261003,1,52761,0,feed,36660,0,78,36660
1791037444,64,0,1359236,20261003,65,3914,254,feed,33600,64,78,31260
1791037444,64,1,1359330,20261003,1,52015,0,feed,36360,0,76,36360
1791037444,64,1,1359435,20261003,23,11798,13,feed,33840,22,43,33180
1791037444,64,0,1359733,20261003,1,52761,0,feed,34860,0,78,34860
1791037444,64,0,1360462,20261003,1,52761,0,feed,35760,0,43,35760
1791037444,64,1,1360712,20261003,18,3885,286,feed,33540,17,76,32880
1791037444,64,1,1360799,20261003,70,43282,351,feed,33660,69,76,31140
1791037444,64,1,1360820,20261003,1,52015,0,feed,34620,0,76,34620
1791037444,645,1,1208079,20261003,1,53293,0,feed,,,,
1791037444,645,0,1337122,20261003,8,7025,108,feed,,,,
1791037444,645,0,1340572,20261003,1,6990,0,feed,,,,
1791037444,645,1,1341885,20261003,6,19330,96,feed,,,,
1791037444,65,0,1349064,20261003,37,580,62,feed,33780,36,40,32340
1791037444,65,1,1349559,20261003,1,57690,0,feed,34140,0,38,34140
1791037444,65,0,1349848,20261003,3,80985,266,feed,34200,2,40,34080
1791037444,65,1,1349914,20261003,35,10748,336,feed,33480,34,38,32220
1791037444,65,0,1351312,20261003,3,80985,96,feed,36120,2,40,36000
1791037444,65,1,1352658,20261003,1,57690,0,feed,35880,0,38,35880
1791037444,67,0,1265901,20261003,1,53723,0,feed,35100,0,65,35100
1791037444,67,1,1271715,20261003,46,43794,515,feed,33300,45,65,31680
1791037444,67,1,1354022,20261003,1,56100,0,feed,,,,
1791037444,67,0,1355672,20261003,8,16514,160,feed,,,,
1791037444,67,0,1358806,20261003,1,53723,0,feed,36900,0,65,36900
1791037444,67,1,1359653,20261003,2,2611,180,feed,33660,1,65,33480
1791037444,67,1,1367072,20261003,1,56100,0,feed,,,,
1791037444,67,0,1369496,20261003,52,18839,477,feed,,,,
1791037444,68,1,1266613,20261003,41,9924,44,feed,33780,40,61,32100
1791037444,68,0,1267491,20261003,2,9806,108,feed,35760,1,59,35760
1791037444,68,1,1276087,20261003,1,11904,0,feed,35700,0,61,35700
1791037444,68,1,1338346,20261003,1,11904,0,feed,33900,0,117,33900
1791037444,68,0,1362237,20261003,1,53340,0,feed,35880,0,118,35880
1791037444,68,0,1362553,20261003,21,51470,120,feed,33720,20,87,33120
1791037444,68,0,1362641,20261003,51,2607,-28,feed,33840,50,59,32220
1791037444,68,0,1363418,20261003,50,9815,112,feed,33720,49,118,32400
1791037444,68,1,1364071,20261003,111,47049,-135,feed,33840,110,117,30300
1791037444,68,1,1366205,20261003,3,46692,102,feed,,,,
1791037444,68,0,1367376,20261003,62,18022,-145,feed,,,,
1791037444,68,1,1367526,20261003,1,57511,0,feed,,,,
1791037444,68,1,1369065,20261003,1,57511,0,feed,,,,
1791037444,68,1,1369146,20261003,36,9896,42,feed,,,,
1791037444,68,0,1369354,20261003,2,9806,75,feed,,,,
1791037444,68,0,1369417,20261003,2,9806,119,feed,,,,
1791037444,686,1,1170390,20261003,2,70103,-324,feed,33960,1,4,33360
1791037444,686,0,1331301,20261003,1,47705,0,feed,36780,0,3,36780
1791037444,686,1,1334176,20261003,1,56939,0,feed,35940,0,4,35940
1791037444,686,0,1334493,20261003,1,47705,0,feed,34200,0,3,34200
1791037444,7,0,1356094,20261003,26,16632,-43,feed,33840,25,64,32340
1791037444,7,1,1356306,20261003,1,17679,0,feed,35400,0,60,35400
1791037444,7,0,1356647,20261003,55,17656,-68,feed,33840,54,64,30600
1791037444,7,0,1358043,20261003,1,51779,0,feed,34140,0,64,34140
1791037444,7,1,1358696,20261003,1,17679,0,feed,37200,0,60,37200
1791037444,7,0,1358768,20261003,1,51779,0,feed,35940,0,64,35940
1791037444,7,1,1360477,20261003,4,17688,158,feed,33720,3,60,33600
1791037444,7,1,1360783,20261003,31,57496,280,feed,33540,30,60,31860
1791037444,71,1,1265278,20261003,1,51291,0,feed,36600,0,60,36600
1791037444,71,1,1268776,20261003,20,53785,128,feed,33660,19,60,33000
1791037444,71,0,1271989,20261003,1,9715,0,feed,37020,0,58,37020
1791037444,71,0,1274522,20261003,9,9723,176,feed,33660,8,58,33420
1791037444,71,0,1279561,20261003,1,9715,0,feed,35220,0,58,35220
1791037444,71,0,1361292,20261003,61,5098,241,feed,33600,60,75,31320
1791037444,71,1,1361680,20261003,1,49141,0,feed,34740,0,74,34740
1791037444,716,0,1136708,20261003,25,45369,-77,feed,33840,24,51,33000
1791037444,716,0,1137760,20261003,1,50154,0,feed,36600,0,51,36600
1791037444,716,1,1138302,20261003,1,8728,0,feed,34920,0,50,34920
1791037444,72,1,1239871,20261003,44,17002,83,feed,34200,43,51,32040
1791037444,72,0,1342749,20261003,31,13730,155,feed,33780,30,54,31920
1791037444,72,0,1342774,20261003,2,57616,96,feed,33780,1,54,33660
1791037444,72,0,1342898,20261003,1,57615,4162,feed,30120,0,54,30120
1791037444,72,0,1343426,20261003,1,57615,2254,feed,37260,0,54,37260
1791037444,72,0,1343468,20261003,1,57615,0,feed,35460,0,54,35460
1791037444,72,1,1344249,20261003,1,13667,3040,feed,33780,0,51,33780
1791037444,72,1,1344767,20261003,1,13667,0,feed,35580,0,51,35580
1791037444,72,1,1345776,20261003,1,13667,0,feed,37380,0,51,37380
1791037444,721,0,1178136,20261003,1,51845,0,feed,36180,0,43,36180
1791037444,721,1,1181788,20261003,1,9522,0,feed,34200,0,41,34200
1791037444,721,1,1182485,20261003,1,9522,0,feed,36000,0,41,36000
1791037444,721,0,1185414,20261003,36,57631,-23,feed,33840,35,43,32760
1791037444,721,1,1186203,20261003,31,9562,459,feed,33360,30,41,32400
1791037444,721,0,1187966,20261003,1,51845,0,feed,34560,0,43,34560
1791037444,722,1,1177375,20261003,1,11486,26,feed,36720,0,14,36720
1791037444,722,0,1179839,20261003,1,56827,0,feed,36120,0,11,36120
1791037444,722,1,1180262,20261003,1,57636,0,feed,37200,0,53,37200
1791037444,722,1,1181355,20261003,2,57639,166,feed,33720,1,53,33600
1791037444,722,0,1188260,20261003,1,56827,0,feed,34200,0,51,34200
1791037444,723,1,1179682,20261003,1,53224,0,feed,,,,
1791037444,723,0,1187876,20261003,1,51845,0,feed,,,,
1791037444,724,0,1131044,20261003,1,51846,0,feed,36900,0,33,36900
1791037444,724,0,1133079,20261003,1,51846,0,feed,34200,0,33,34200
1791037444,724,1,1133199,20261003,12,42071,-79,feed,33840,11,35,33420
1791037444,724,1,1133289,20261003,1,53222,0,feed,37020,0,35,37020
1791037444,724,1,1133436,20261003,1,53222,0,feed,36120,0,35,36120
1791037444,724,1,1134426,20261003,1,53222,0,feed,35220,0,35,35220
1791037444,724,0,1134966,20261003,18,52565,34,feed,33840,17,33,33300
1791037444,724,0,1135959,20261003,1,51846,0,feed,35100,0,33,35100
1791037444,724,1,1136218,20261003,1,53222,0,feed,34320,0,35,34320
1791037444,724,0,1286753,20261003,1,51846,0,feed,36000,0,33,36000
1791037444,725,1,1312187,20261003,1,56775,0,feed,36900,0,49,36900
1791037444,725,0,1312352,20261003,1,57580,0,feed,34020,0,50,34020
1791037444,725,1,1316719,20261003,9,10938,162,feed,33600,8,49,33300
1791037444,74,0,1356210,20261003,1,51546,0,feed,34560,0,59,34560
1791037444,74,1,1356281,20261003,8,49651,-20,feed,33840,7,61,33420
1791037444,74,1,1358952,20261003,1,13667,0,feed,37020,0,61,37020
1791037444,74,1,1359455,20261003,1,13667,0,feed,35220,0,61,35220
1791037444,74,0,1359551,20261003,16,11717,-73,feed,33840,15,59,32820
1791037444,74,0,1359642,20261003,1,51546,0,feed,36360,0,59,36360
1791037444,74,1,1359729,20261003,33,10364,252,feed,33600,32,61,31680
1791037444,74,0,1360675,20261003,44,49606,109,feed,33780,43,59,31020
1791037444,80,0,1304273,20261003,1,49979,0,feed,36720,0,42,36720
1791037444,80,1,1314319,20261003,17,12876,-32,feed,33840,16,38,33120
1791037444,80,0,1315429,20261003,1,49979,0,feed,34920,0,42,34920
1791037444,80,1,1317260,20261003,1,50689,0,feed,36720,0,38,36720
1791037444,802,1,1194600,20261003,1,42622,0,feed,37320,0,45,37320
1791037444,802,0,1197663,20261003,25,11047,202,feed,33660,24,46,32640
1791037444,802,0,1203617,20261003,1,57169,0,feed,36240,0,46,36240
1791037444,802,1,1204484,20261003,1,42622,96,feed,33720,0,45,33720
1791037444,804,0,1261518,20261003,1,14153,0,feed,36000,0,32,36000
1791037444,804,1,1327941,20261003,1,14727,0,feed,34200,0,35,34200
1791037444,805,1,1212930,20261003,19,48124,342,feed,33780,18,72,33000
1791037444,805,0,1214107,20261003,1,56775,0,feed,36240,0,72,36240
1791037444,805,1,1216405,20261003,1,50716,0,feed,36540,0,72,36540
1791037444,805,0,1219010,20261003,32,10997,109,feed,33720,31,72,32640
1791037444,827,0,1313897,20261003,1,42837,0,feed,36780,0,51,36780
1791037444,827,0,1315234,20261003,9,17952,179,feed,33660,8,51,33180
1791037444,827,1,1316512,20261003,1,57167,0,feed,36840,0,51,36840
1791037444,827,1,1317072,20261003,13,12124,156,feed,33660,12,51,33300
1791037444,83,0,1271792,20261003,1,53725,0,feed,36540,0,44,36540
1791037444,83,1,1350783,20261003,1,52532,0,feed,34080,0,41,34080
1791037444,83,1,1353827,20261003,25,49735,298,feed,33540,24,41,32280
1791037444,83,1,1353853,20261003,1,52532,0,feed,35880,0,41,35880
1791037444,83,0,1353975,20261003,1,53725,0,feed,34740,0,44,34740
1791037444,83,0,1354493,20261003,16,49713,102,feed,33720,15,44,32940
1791037444,87,1,1303596,20261003,1,57690,0,feed,36660,0,70,36660
1791037444,87,1,1303774,20261003,9,51373,164,feed,33660,8,70,33180
1791037444,87,1,1304405,20261003,67,13140,93,feed,33720,66,70,31380
1791037444,87,1,1304548,20261003,1,57690,0,feed,34920,0,70,34920
1791037444,87,0,1349136,20261003,1,51892,0,feed,36180,0,71,36180
1791037444,87,0,1350438,20261003,1,51892,0,feed,34380,0,71,34380
1791037444,87,0,1351786,20261003,36,18790,103,feed,33720,35,71,32580
1791037444,9,0,1356090,20261003,112,51551,235,feed,33600,111,112,29520
1791037444,9,0,1356953,20261003,19,3001,285,feed,33540,18,112,33060
1791037444,9,1,1364535,20261003,22,17589,-173,feed,,,,
1791037444,9,1,1365369,20261003,1,51551,0,feed,,,,
1791037444,9,0,1367020,20261003,54,19338,368,feed,,,,
1791037444,9,0,1368775,20261003,1,52552,0,feed,,,,
1791037444,9,1,1368858,20261003,50,2877,382,feed,,,,
1791037444,9,0,1369312,20261003,1,40247,0,feed,,,,
1791037444,9,1,1369376,20261003,1,51551,0,feed,,,,
1791037444,901,0,879179,20261003,18,56332,480,feed,33480,17,20,31200
1791037444,901,0,879795,20261003,4,53280,120,feed,33660,3,20,33360
1791037444,901,0,889263,20261003,14,51426,180,feed,33720,13,20,31920
1791037444,901,1,890382,20261003,3,56336,0,feed,33900,2,20,33720
1791037444,901,1,895014,20261003,19,51422,120,feed,33720,18,20,31560
1791037444,901,1,896657,20261003,9,51413,60,feed,33840,8,20,33000
1791037444,901,0,903288,20261003,9,51431,120,feed,33720,8,20,32640
1791037444,901,1,905809,20261003,15,51419,0,feed,33900,14,20,32280
1791037444,901,0,979266,20261003,1,51405,0,feed,34080,0,20,34080
1791037444,902,0,876845,20261003,6,56338,0,feed,33900,5,24,33420
1791037444,902,0,880526,20261003,16,56010,0,feed,33840,15,24,31980
1791037444,902,1,882375,20261003,7,56032,60,feed,33780,6,24,33060
1791037444,902,0,884681,20261003,21,56015,120,feed,33780,20,24,31260
1791037444,902,1,885492,20261003,1,56026,0,feed,34500,0,24,34500
1791037444,902,0,889999,20261003,10,56004,120,feed,33780,9,24,32700
1791037444,902,1,895144,20261003,17,56042,180,feed,33660,16,24,31620
1791037444,902,1,899995,20261003,13,56038,0,feed,33840,12,24,32340
1791037444,902,0,900029,20261003,3,56336,0,feed,34320,2,24,34140
1791037444,903,0,1264683,20261003,5,56511,16,feed,34020,4,6,33300
1791037444,903,1,1264955,20261003,1,56874,0,feed,35160,0,6,35160
1791037444,903,0,1265459,20261003,1,57285,0,feed,36900,0,6,36900
1791037444,903,0,1269438,20261003,1,57285,2256,feed,31560,0,6,31560
1791037444,903,1,1271463,20261003,1,56874,326,feed,36960,0,6,36960
1791037444,903,0,1271542,20261003,1,57285,917,feed,35100,0,6,35100
1791037444,903,1,1275804,20261003,1,56874,1593,feed,33300,0,6,33300
1791037444,904,1,1264566,20261003,9,56832,40,feed,33780,8,12,32460
1791037444,904,1,1269945,20261003,1,56800,0,feed,35160,0,12,35160
1791037444,904,0,1365137,20261003,5,56828,338,feed,,,,
1791037444,904,0,1366804,20261003,10,53313,257,feed,,,,
1791037444,904,1,1367049,20261003,1,56800,0,feed,,,,
1791037444,904,1,1367138,20261003,1,56800,0,feed,,,,
1791037444,904,0,1367181,20261003,1,56830,0,feed,,,,
1791037444,904,1,1368174,20261003,1,56800,0,feed,,,,
1791037444,904,0,1368242,20261003,1,56830,62,feed,,,,
1791037444,904,1,1368249,20261003,6,17781,82,feed,,,,
1791037444,904,0,1368388,20261003,3,56831,324,feed,,,,
1791037444,904,0,1368537,20261003,1,56830,0,feed,,,,
1791037444,904,1,1368727,20261003,12,56830,426,feed,,,,
1791037444,904,0,1369368,20261003,1,56830,0,feed,,,,
1791037444,905,0,1343691,20261003,1,52761,0,feed,36600,0,16,36600
1791037444,905,1,1343780,20261003,1,57441,0,feed,33840,0,16,33840
1791037444,905,0,1343818,20261003,14,57438,-126,feed,33900,13,16,32100
1791037444,905,0,1344044,20261003,1,52761,0,feed,34800,0,16,34800
1791037444,905,1,1344175,20261003,1,57441,0,feed,35640,0,16,35640
1791037444,905,1,1344391,20261003,14,11863,-143,feed,33960,13,16,32040
1791037444,905,1,1344518,20261003,8,57427,-88,feed,33840,7,16,32940
1791037444,905,1,1344564,20261003,1,57441,0,feed,34740,0,16,34740
1791037444,905,0,1344653,20261003,7,57424,-86,feed,33840,6,16,33000
1791037444,905,0,1344895,20261003,1,52761,0,feed,35700,0,16,35700
1791037444,905,0,1345356,20261003,1,52761,0,feed,33900,0,16,33900
1791037444,905,1,1345461,20261003,1,57441,0,feed,36540,0,16,36540
1791037444,921,1,1364373,20261003,1,52531,0,feed,,,,
1791037444,921,1,1364412,20261003,1,52531,0,feed,,,,
1791037444,921,0,1364514,20261003,1,51544,0,feed,,,,
1791037444,921,0,1364658,20261003,1,51544,0,feed,,,,
1791037444,921,1,1365033,20261003,16,56126,483,feed,,,,
1791037444,921,0,1365372,20261003,19,50013,-31,feed,,,,
1791037444,921,1,1365587,20261003,1,52531,0,feed,,,,
1791037444,921,0,1368404,20261003,1,51544,0,feed,,,,
1791037444,921,1,1368466,20261003,8,56122,355,feed,,,,
1791037444,921,1,1368695,20261003,1,52531,0,feed,,,,
1791037444,921,0,1368747,20261003,4,56111,437,feed,,,,
1791037444,921,1,1369138,20261003,1,52531,27,feed,,,,
1791037444,921,0,1369292,20261003,1,51544,0,feed,,,,
1791037444,921,0,1369521,20261003,2,53362,-391,feed,,,,
1791037444,922,1,1311599,20261003,24,16882,111,feed,33780,23,34,31260
1791037444,922,1,1311892,20261003,30,3523,-21,feed,33840,29,34,30540
1791037444,922,1,1312027,20261003,17,57334,113,feed,33720,16,34,31920
1791037444,922,0,1312366,20261003,7,57356,-59,feed,33900,6,35,33360
1791037444,922,0,1312754,20261003,1,57314,0,feed,36120,0,35,36120
1791037444,922,0,1312840,20261003,1,57314,0,feed,36840,0,35,36840
1791037444,922,0,1312850,20261003,1,57314,0,feed,35400,0,35,35400
1791037444,922,1,1313156,20261003,1,56100,0,feed,36900,0,34,36900
1791037444,922,1,1313608,20261003,1,56100,0,feed,34080,0,34,34080
1791037444,922,0,1313940,20261003,1,57314,0,feed,34740,0,35,34740
1791037444,922,0,1314032,20261003,32,57455,-105,feed,33840,31,35,30480
1791037444,922,1,1314340,20261003,1,56100,0,feed,34800,0,34,34800
1791037444,922,0,1314530,20261003,19,57333,59,feed,33780,18,35,31920
1791037444,922,0,1314542,20261003,12,16884,238,feed,33720,11,35,32640
1791037444,922,0,1314709,20261003,1,57314,0,feed,34080,0,35,34080
1791037444,922,1,1314975,20261003,12,16997,-24,feed,33960,11,34,32640
1791037444,922,1,1315357,20261003,1,56100,0,feed,36240,0,34,36240
1791037444,922,1,1315993,20261003,5,11863,107,feed,33780,4,34,33360
1791037444,922,1,1317332,20261003,1,56100,0,feed,35520,0,34,35520
1791037444,922,0,1317366,20261003,31,3142,-108,feed,34440,30,35,31200
1791037444,923,1,1262643,20261003,1,57278,0,feed,36240,0,23,36240
1791037444,923,0,1263288,20261003,1,56897,0,feed,34920,0,22,34920
1791037444,923,0,1263432,20261003,1,56897,0,feed,37260,0,22,37260
1791037444,923,1,1268277,20261003,19,17906,167,feed,33720,18,23,31980
1791037444,923,0,1268963,20261003,18,9658,147,feed,33720,17,22,32220
1791037444,923,0,1270912,20261003,1,56897,0,feed,35820,0,22,35820
1791037444,923,1,1271303,20261003,1,57278,0,feed,34560,0,23,34560
1791037444,923,1,1272743,20261003,1,57278,0,feed,35520,0,23,35520
1791037444,923,0,1275260,20261003,7,17853,42,feed,33780,6,22,33120
1791037444,923,1,1275570,20261003,11,52664,238,feed,33660,10,23,32820
1791037444,923,0,1339198,20261003,1,56897,0,feed,36540,0,22,36540
1791037444,923,1,1340456,20261003,3,9087,68,feed,33780,2,23,33660
1791037444,923,1,1341077,20261003,1,57278,55,feed,36960,0,23,36960
1791037444,923,0,1341848,20261003,1,56897,0,feed,34020,0,22,34020
1791037444,924,0,1337195,20261003,36,9646,162,feed,33660,35,40,30060
1791037444,924,0,1337322,20261003,1,56873,0,feed,34080,0,40,34080
1791037444,924,1,1337487,20261003,28,56916,117,feed,33720,27,41,30780
1791037444,924,0,1337694,20261003,1,56873,0,feed,34680,0,40,34680
1791037444,924,1,1338206,20261003,1,56823,0,feed,35100,0,41,35100
1791037444,924,0,1338262,20261003,22,17897,321,feed,33600,21,40,31440
1791037444,924,1,1338403,20261003,1,56823,0,feed,36540,0,41,36540
1791037444,924,1,1338867,20261003,38,56920,832,feed,33120,37,41,29400
1791037444,924,1,1339040,20261003,1,56823,0,feed,35820,0,41,35820
1791037444,924,0,1339125,20261003,1,56873,0,feed,36960,0,40,36960
1791037444,924,1,1339470,20261003,1,56823,0,feed,34380,0,41,34380
1791037444,924,0,1339714,20261003,1,56873,0,feed,36360,0,40,36360
1791037444,924,0,1340031,20261003,30,56949,-10,feed,33840,29,40,30720
1791037444,924,1,1340745,20261003,24,56912,-8,feed,33840,23,41,31500
1791037444,924,0,1340898,20261003,5,620,510,feed,33300,4,40,32880
1791037444,924,0,1341248,20261003,3,56921,114,feed,33720,2,40,33480
1791037444,924,0,1341389,20261003,1,56873,0,feed,35820,0,40,35820
1791037444,924,1,1342119,20261003,34,436,418,feed,33540,33,41,30060
1791037444,924,0,1342152,20261003,17,52300,91,feed,33780,16,40,32160
1791037444,924,1,1342183,20261003,8,56904,232,feed,33660,7,41,32940
1791037444,924,1,1342259,20261003,2,9087,119,feed,33720,1,41,33660
1791037444,924,0,1342339,20261003,1,56873,0,feed,35280,0,40,35280
1791037444,924,1,1342450,20261003,16,17905,-35,feed,33900,15,41,32220
1791037444,925,0,1263042,20261003,1,53703,0,feed,34740,0,35,34740
1791037444,925,0,1267934,20261003,1,53703,0,feed,36900,0,35,36900
1791037444,925,0,1275511,20261003,1,53703,0,feed,35460,0,35,35460
1791037444,925,1,1331708,20261003,15,17923,270,feed,33600,14,35,32220
1791037444,925,1,1332065,20261003,32,1149,33,feed,33840,31,35,30840
1791037444,925,1,1332423,20261003,32,1149,731,feed,33120,31,35,30120
1791037444,925,1,1333381,20261003,1,57541,0,feed,35820,0,35,35820
1791037444,925,0,1333615,20261003,35,57541,204,feed,33660,34,35,30480
1791037444,925,1,1333629,20261003,3,15884,-54,feed,33900,2,35,33660
1791037444,925,0,1333671,20261003,,,,canceled,,,,
1791037444,925,0,1333840,20261003,14,42216,126,feed,33720,13,35,32640
1791037444,925,1,1334007,20261003,1,57541,0,feed,35100,0,35,35100
1791037444,925,1,1334075,20261003,22,42219,216,feed,33720,21,35,31500
1791037444,925,1,1335097,20261003,1,57541,0,feed,37260,0,35,37260
1791037444,925,1,1335120,20261003,1,57541,0,feed,36540,0,35,36540
1791037444,925,1,1335200,20261003,9,16119,264,feed,33660,8,35,32940
1791037444,925,0,1335209,20261003,1,53703,0,feed,34080,0,35,34080
1791037444,925,1,1335236,20261003,1,57541,0,feed,34380,0,35,34380
1791037444,925,0,1335776,20261003,1,53703,0,feed,36180,0,35,36180
1791037444,925,0,1335789,20261003,6,1287,128,feed,33720,5,35,33360
1791037444,925,0,1335885,20261003,19,17941,153,feed,33660,18,35,31920
1791037444,94,1,1184191,20261003,1,56100,0,feed,35640,0,16,35640
1791037444,94,1,1187100,20261003,1,56100,0,feed,33840,0,16,33840
1791037444,94,0,1187573,20261003,1,51200,0,feed,36780,0,15,36780
1791037444,94,0,1339766,20261003,1,51200,0,feed,,,,
1791037444,94,1,1339808,20261003,12,17900,324,feed,,,,
1791037444,94,0,1347865,20261003,9,18665,171,feed,,,,
