ts,route_id,direction_id,trip_id,start_date,stop_sequence,stop_id,delay_s,source,sched_s,stop_idx,n_stops,trip_start_s
1791609100,10,0,1135133,20261009,1,17994,0,feed,90600,0,31,90600
1791609100,10,1,1276155,20261009,1,57165,0,feed,87540,0,58,87540
1791609100,10,0,1326601,20261009,23,17190,583,feed,86400,22,60,84900
1791609100,10,0,1326717,20261009,8,17994,83,feed,87060,7,38,86580
1791609100,11,1,1317940,20261009,1,49304,0,feed,88440,0,79,88440
1791609100,11,1,1319445,20261009,43,17982,105,feed,87060,42,79,84840
1791609100,11,0,1365651,20261009,40,17996,39,feed,87120,39,80,85020
1791609100,11,0,1367154,20261009,1,51828,0,feed,88620,0,80,88620
1791609100,14,1,1331449,20261009,1,50153,0,feed,88380,0,82,88380
1791609100,14,1,1331504,20261009,78,758,610,feed,86460,77,82,82980
1791609100,14,0,1331698,20261009,47,17947,91,feed,87120,46,80,84540
1791609100,14,0,1332346,20261009,1,4345,0,feed,88200,0,80,88200
1791609100,14,0,1332889,20261009,75,8384,388,feed,86700,74,80,83220
1791609100,14,1,1333187,20261009,37,17882,499,feed,86400,36,82,84780
1791609100,17,0,1131000,20261009,47,17996,39,feed,87120,46,63,83820
1791609100,17,0,1133935,20261009,1,57458,0,feed,89280,0,31,89280
1791609100,17,1,1317845,20261009,65,57458,-249,feed,87180,64,65,83400
1791609100,17,1,1318865,20261009,1,17192,0,feed,88920,0,65,88920
1791609100,17,1,1320086,20261009,22,17982,116,feed,87060,21,65,85320
1791609100,18,0,1361046,20261009,30,1882,34,feed,87060,29,51,85560
1791609100,18,0,1361243,20261009,1,51852,0,feed,87360,0,47,87360
1791609100,18,0,1361969,20261009,76,1920,4,feed,87000,75,84,83820
1791609100,18,1,1364243,20261009,3,17976,131,feed,86880,2,52,86700
1791609100,18,1,1364256,20261009,1,56800,0,feed,88500,0,52,88500
1791609100,18,1,1366218,20261009,35,1339,76,feed,86940,34,52,84840
1791609100,18,1,1366592,20261009,1,17980,0,feed,90600,0,48,90600
1791609100,2,0,1331085,20261009,1,50160,0,feed,88680,0,42,88680
1791609100,2,0,1331231,20261009,1,50160,217,feed,86880,0,42,86880
1791609100,2,0,1332287,20261009,,,,canceled,,,,
1791609100,2,0,1333026,20261009,32,13223,-1,feed,87000,31,42,84900
1791609100,2,1,1361291,20261009,1,57618,0,feed,88380,0,42,88380
1791609100,2,1,1361323,20261009,10,16142,73,feed,87060,9,42,86520
1791609100,2,1,1361576,20261009,41,1096,-39,feed,87120,40,43,84720
1791609100,22,1,1357509,20261009,75,56459,105,feed,87000,74,84,82860
1791609100,22,1,1357826,20261009,34,17910,7,feed,87120,33,84,84540
1791609100,22,1,1358132,20261009,1,56825,0,feed,88140,0,84,88140
1791609100,22,0,1365881,20261009,54,17903,119,feed,87060,53,82,83700
1791609100,22,0,1366248,20261009,1,4558,0,feed,87300,0,82,87300
1791609100,3,1,1177889,20261009,57,19307,675,feed,86400,56,65,83520
1791609100,3,1,1179962,20261009,1,56100,0,feed,87120,0,64,87120
1791609100,3,1,1181262,20261009,64,54097,1365,feed,85800,63,64,82380
1791609100,3,0,1182474,20261009,2,16406,22,feed,87240,1,65,87000
1791609100,3,0,1184211,20261009,64,56099,-165,feed,87120,63,64,83580
1791609100,3,0,1185611,20261009,1,54097,0,feed,88800,0,26,88800
1791609100,3,0,1187624,20261009,17,16111,414,feed,86760,16,26,85380
1791609100,323,1,1131078,20261009,23,51131,107,feed,87000,22,25,85860
1791609100,323,0,1134555,20261009,1,51116,0,feed,87300,0,23,87300
1791609100,323,0,1135529,20261009,1,51116,0,feed,89100,0,23,89100
1791609100,323,1,1135799,20261009,1,57508,0,feed,87660,0,25,87660
1791609100,36,0,1180571,20261009,47,1316,47,feed,87060,46,53,85260
1791609100,36,0,1186884,20261009,1,57537,0,feed,87060,0,53,87060
1791609100,36,1,1220154,20261009,1,50160,0,feed,88020,0,50,88020
1791609100,36,1,1221089,20261009,41,41132,-175,feed,87120,40,50,85620
1791609100,38,1,1349067,20261009,72,3570,162,feed,86820,71,104,83760
1791609100,38,0,1351254,20261009,104,16489,-87,feed,87060,103,109,82740
1791609100,38,0,1351316,20261009,67,16835,-60,feed,87120,66,108,84540
1791609100,4,0,1131282,20261009,1,50231,0,feed,89340,0,38,89340
1791609100,4,0,1131574,20261009,1,50231,0,feed,87780,0,89,87780
1791609100,4,0,1132081,20261009,50,53099,6,feed,86400,49,87,84000
1791609100,4,1,1355936,20261009,1,14153,0,feed,88320,0,90,88320
1791609100,4,1,1357316,20261009,40,17923,-56,feed,86400,39,90,84660
1791609100,48,1,1355644,20261009,61,19301,413,feed,86700,60,61,84300
1791609100,5,0,1366100,20261009,1,51212,0,feed,88560,0,81,88560
1791609100,5,0,1366277,20261009,38,17903,46,feed,87060,37,81,84900
1791609100,5,1,1367347,20261009,1,51846,0,feed,88380,0,80,88380
1791609100,5,1,1367881,20261009,47,17908,41,feed,87060,46,80,84780
1791609100,515,0,1348963,20261009,1,53704,0,feed,89340,0,49,89340
1791609100,515,1,1349265,20261009,1,56877,0,feed,87540,0,49,87540
1791609100,515,0,1349495,20261009,49,56877,93,feed,87060,48,49,85740
1791609100,54,1,1346236,20261009,29,10359,857,feed,86280,28,47,83940
1791609100,54,0,1359040,20261009,1,56875,0,feed,87240,0,25,87240
1791609100,54,0,1360282,20261009,24,57420,82,feed,87060,23,25,85020
1791609100,54,1,1363033,20261009,1,56100,0,feed,87540,0,27,87540
1791609100,61,0,1365026,20261009,1,17905,0,feed,87120,0,76,87120
1791609100,61,0,1365326,20261009,70,43282,67,feed,87060,69,76,83520
1791609100,61,0,1365403,20261009,39,5543,-39,feed,87060,38,76,85320
1791609100,62,0,1350327,20261009,22,46707,-185,feed,87120,21,29,85860
1791609100,62,0,1351880,20261009,1,2611,0,feed,87180,0,29,87180
1791609100,62,1,1352992,20261009,1,56096,0,feed,89100,0,29,89100
1791609100,63,1,1264787,20261009,22,11861,2,feed,87000,21,59,85680
1791609100,63,1,1267354,20261009,53,56249,142,feed,87000,52,59,84180
1791609100,63,1,1274952,20261009,1,51114,0,feed,89280,0,59,89280
1791609100,63,0,1346149,20261009,39,11837,-102,feed,87000,38,60,85260
1791609100,63,0,1346798,20261009,1,15795,0,feed,88920,0,60,88920
1791609100,64,1,1342987,20261009,1,52015,0,feed,87840,0,76,87840
1791609100,64,0,1357126,20261009,1,52761,0,feed,87000,0,43,87000
1791609100,64,0,1357733,20261009,23,12917,388,feed,86700,22,43,85500
1791609100,65,1,1349012,20261009,30,10738,170,feed,86820,29,38,85740
1791609100,65,0,1349331,20261009,1,10761,79,feed,87540,0,40,87540
1791609100,68,0,1272012,20261009,2,9806,12,feed,88920,1,59,88920
1791609100,68,0,1364160,20261009,56,49112,118,feed,87000,55,87,85320
1791609100,68,1,1364809,20261009,62,9922,482,feed,86520,61,83,84180
1791609100,68,1,1367762,20261009,1,11904,0,feed,90660,0,61,90660
1791609100,68,1,1368796,20261009,2,47356,-28,feed,87120,1,61,87060
1791609100,7,1,1355971,20261009,18,53314,30,feed,87060,17,63,85560
1791609100,7,0,1358002,20261009,51,17903,66,feed,87060,50,67,83700
1791609100,71,0,1262434,20261009,1,2611,0,feed,87180,0,31,87180
1791609100,724,0,1289544,20261009,28,9048,370,feed,86700,27,33,85800
1791609100,724,0,1367876,20261009,1,51846,0,feed,89100,0,33,89100
1791609100,724,1,1367975,20261009,1,53222,0,feed,90540,0,35,90540
1791609100,724,1,1368607,20261009,1,53222,131,feed,86940,0,35,86940
1791609100,74,1,1356704,20261009,51,11748,451,feed,86640,50,61,83880
1791609100,74,0,1357869,20261009,34,3142,264,feed,86880,33,59,85080
1791609100,74,1,1358047,20261009,24,11859,167,feed,86940,23,61,85440
1791609100,74,0,1358658,20261009,1,51546,0,feed,88680,0,59,88680
1791609100,9,0,1356227,20261009,50,17907,6,feed,86400,49,100,84720
1791609100,9,1,1369356,20261009,49,17903,136,feed,87060,48,111,84240
1791609100,901,0,891010,20261009,16,51424,360,feed,86760,15,20,84720
1791609100,901,0,892917,20261009,2,51437,60,feed,87180,1,20,87000
1791609100,903,1,968747,20261009,1,56874,0,feed,87180,0,6,87180
1791609100,904,1,1263740,20261009,12,56830,410,feed,86760,11,12,84660
1791609100,904,1,1270445,20261009,1,56800,12,feed,87060,0,12,87060
1791609100,904,1,1271682,20261009,11,56833,-139,feed,87300,10,12,85560
1791609100,905,0,1344482,20261009,3,3142,-105,feed,87180,2,16,87000
1791609100,906,1,877560,20261009,1,51419,0,feed,87420,0,2,87420
1791609100,921,1,1365300,20261009,11,17318,377,feed,86640,10,20,85740
1791609100,921,1,1365335,20261009,1,52531,0,feed,87540,0,20,87540
1791609100,921,1,1365500,20261009,1,52531,0,feed,89340,0,20,89340
1791609100,921,0,1367464,20261009,1,51544,0,feed,88740,0,20,88740
1791609100,921,0,1368561,20261009,2,53362,50,feed,87300,1,20,86940
1791609100,921,0,1368885,20261009,19,50013,109,feed,86880,18,20,85140
1791609100,922,0,1311122,20261009,21,57332,-86,feed,87120,20,35,85320
1791609100,922,0,1311539,20261009,1,57314,0,feed,87300,0,35,87300
1791609100,922,0,1311821,20261009,25,57328,498,feed,86640,24,35,84420
1791609100,922,0,1312003,20261009,1,57314,0,feed,89100,0,35,89100
1791609100,922,1,1312048,20261009,29,57357,121,feed,87000,28,34,84120
1791609100,922,1,1312253,20261009,23,57362,-38,feed,87180,22,34,85020
1791609100,922,0,1313128,20261009,34,57420,428,feed,86640,33,35,83520
1791609100,922,1,1315439,20261009,3,57456,126,feed,87060,2,34,86820
1791609100,922,1,1316757,20261009,1,56100,0,feed,90420,0,34,90420
1791609100,922,1,1317014,20261009,34,57314,570,feed,86520,33,34,83220
1791609100,923,0,1264039,20261009,5,17903,191,feed,86940,4,22,86580
1791609100,923,1,1270270,20261009,1,57278,0,feed,88140,0,23,88140
1791609100,923,0,1275011,20261009,1,56897,0,feed,90540,0,22,90540
1791609100,924,1,1336268,20261009,34,436,170,feed,86940,33,41,83580
1791609100,924,1,1336557,20261009,1,56823,0,feed,88440,0,41,88440
1791609100,924,0,1336700,20261009,15,80138,3,feed,87120,14,40,85740
1791609100,924,1,1336877,20261009,6,56903,-95,feed,87120,5,41,86640
1791609100,924,1,1337520,20261009,19,17910,11,feed,87120,18,41,84840
1791609100,924,0,1338637,20261009,25,17903,67,feed,87060,24,40,83940
1791609100,924,0,1338891,20261009,1,56873,0,feed,87540,0,40,87540
1791609100,924,0,1342002,20261009,36,9646,699,feed,86400,35,40,82740
1791609100,925,1,1334056,20261009,1,57541,0,feed,88860,0,35,88860
1791609100,925,0,1335004,20261009,21,53099,71,feed,86520,20,35,84840
1791609100,925,0,1358978,20261009,1,53703,0,feed,88440,0,35,88440
1791609100,925,1,1359736,20261009,14,17922,657,feed,86460,13,35,85260
1791609100,94,1,1186588,20261009,7,57088,406,feed,86880,6,16,86040
1791609999,10,0,1135133,20261009,1,17994,0,feed,90600,0,31,90600
1791609999,10,1,1276155,20261009,7,14283,30,feed,87960,6,58,87540
1791609999,10,0,1326601,20261009,43,14241,733,feed,87240,42,60,84900
1791609999,10,0,1326717,20261009,14,14954,393,feed,87600,13,38,86580
1791609999,11,1,1317940,20261009,1,49304,0,feed,88440,0,79,88440
1791609999,11,1,1319445,20261009,58,17713,265,feed,87720,57,79,84840
1791609999,11,0,1365651,20261009,59,14639,68,feed,87900,58,80,85020
1791609999,11,0,1367154,20261009,1,51828,0,feed,88620,0,80,88620
1791609999,14,1,1331449,20261009,1,50153,0,feed,88380,0,82,88380
1791609999,14,0,1331698,20261009,56,8316,369,feed,87660,55,80,84540
1791609999,14,0,1332346,20261009,1,4345,0,feed,88200,0,80,88200
1791609999,14,1,1333187,20261009,56,15608,144,feed,87840,55,82,84780
1791609999,17,0,1131000,20261009,52,14954,429,feed,87540,51,63,83820
1791609999,17,0,1133935,20261009,1,57458,0,feed,89280,0,31,89280
1791609999,17,1,1318865,20261009,1,17192,0,feed,88920,0,65,88920
1791609999,17,1,1320086,20261009,35,1102,70,feed,87960,34,65,85320
1791609999,18,0,1361046,20261009,45,17990,-15,feed,88020,44,51,85560
1791609999,18,0,1361243,20261009,13,1759,-109,feed,88020,12,47,87360
1791609999,18,1,1364243,20261009,16,14850,222,feed,87780,15,52,86700
1791609999,18,1,1364256,20261009,1,56800,0,feed,88500,0,52,88500
1791609999,18,1,1366592,20261009,1,17980,0,feed,90600,0,48,90600
1791609999,2,0,1331085,20261009,1,50160,0,feed,88680,0,42,88680
1791609999,2,0,1331231,20261009,15,806,159,feed,87840,14,42,86880
1791609999,2,0,1332287,20261009,,,,canceled,,,,
1791609999,2,1,1361291,20261009,1,57618,0,feed,88380,0,42,88380
1791609999,2,1,1361323,20261009,23,13279,83,feed,87960,22,42,86520
1791609999,2,1,1361576,20261009,42,57469,787,feed,87180,41,43,84720
1791609999,22,1,1357826,20261009,51,81107,-73,feed,88080,50,84,84540
1791609999,22,1,1358132,20261009,1,56825,0,feed,88140,0,84,88140
1791609999,22,0,1365881,20261009,66,11199,293,feed,87840,65,82,83700
1791609999,22,0,1366248,20261009,12,19436,267,feed,87720,11,82,87300
1791609999,3,0,1177470,20261009,1,54097,0,feed,91200,0,65,91200
1791609999,3,1,1177889,20261009,65,54097,547,feed,87360,64,65,83520
1791609999,3,1,1179962,20261009,15,831,37,feed,87960,14,64,87120
1791609999,3,0,1182474,20261009,10,19320,204,feed,87780,9,65,87000
1791609999,3,1,1183491,20261009,1,56100,0,feed,90720,0,65,90720
1791609999,3,0,1185611,20261009,1,54097,0,feed,88800,0,26,88800
1791609999,3,0,1187624,20261009,26,911,812,feed,87180,25,26,85380
1791609999,323,0,1134555,20261009,15,57028,15,feed,87960,14,23,87300
1791609999,323,0,1135529,20261009,1,51116,0,feed,89100,0,23,89100
1791609999,323,1,1135799,20261009,3,57032,212,feed,87780,2,25,87660
1791609999,36,0,1186884,20261009,22,44199,17,feed,88020,21,53,87060
1791609999,36,1,1220154,20261009,1,50160,0,feed,88020,0,50,88020
1791609999,38,1,1349067,20261009,101,81108,361,feed,87660,100,104,83760
1791609999,38,0,1351254,20261009,95,12545,1192,feed,86700,94,109,82740
1791609999,38,0,1351316,20261009,85,51562,13,feed,87960,84,108,84540
1791609999,4,0,1131282,20261009,1,50231,0,feed,89340,0,38,89340
1791609999,4,0,1131574,20261009,3,41217,169,feed,87840,2,89,87780
1791609999,4,0,1132081,20261009,63,16048,145,feed,87840,62,87,84000
1791609999,4,1,1355936,20261009,1,14153,0,feed,88320,0,90,88320
1791609999,4,1,1357316,20261009,50,20048,191,feed,87840,49,90,84660
1791609999,5,0,1366100,20261009,1,51212,0,feed,88560,0,81,88560
1791609999,5,0,1366277,20261009,64,8944,25,feed,87960,63,81,84900
1791609999,5,1,1367347,20261009,1,51846,0,feed,88380,0,80,88380
1791609999,5,1,1367881,20261009,66,80139,127,feed,87900,65,80,84780
1791609999,515,0,1348963,20261009,1,53704,0,feed,89340,0,49,89340
1791609999,515,1,1349265,20261009,11,709,88,feed,87900,10,49,87540
1791609999,54,1,1346236,20261009,40,56939,852,feed,87300,39,47,83940
1791609999,54,0,1359040,20261009,9,13143,59,feed,88200,8,25,87240
1791609999,54,1,1363033,20261009,7,47485,41,feed,87960,6,27,87540
1791609999,61,0,1365026,20261009,12,14942,213,feed,87780,11,76,87120
1791609999,61,0,1365403,20261009,55,41075,255,feed,87720,54,76,85320
1791609999,62,0,1351880,20261009,9,11893,339,feed,87720,8,29,87180
1791609999,62,0,1352535,20261009,1,2611,0,feed,90780,0,29,90780
1791609999,62,1,1352992,20261009,1,56096,0,feed,89100,0,29,89100
1791609999,63,1,1264787,20261009,36,3078,-39,feed,88020,35,59,85680
1791609999,63,1,1274952,20261009,1,51114,0,feed,89280,0,59,89280
1791609999,63,0,1346149,20261009,46,3161,-93,feed,88020,45,60,85260
1791609999,63,0,1346798,20261009,1,15795,0,feed,88920,0,60,88920
1791609999,64,1,1342987,20261009,1,52015,102,feed,87840,0,76,87840
1791609999,64,0,1357126,20261009,11,11781,217,feed,87780,10,43,87000
1791609999,64,0,1360805,20261009,1,52761,0,feed,90900,0,43,90900
1791609999,65,0,1349331,20261009,4,10693,139,feed,87960,3,40,87540
1791609999,68,0,1272012,20261009,2,9806,12,feed,88920,1,59,88920
1791609999,68,0,1364160,20261009,63,18024,83,feed,87900,62,87,85320
1791609999,68,1,1367762,20261009,1,11904,0,feed,90660,0,61,90660
1791609999,68,1,1368796,20261009,21,9906,207,feed,87780,20,61,87060
1791609999,7,1,1355971,20261009,33,57495,1,feed,88020,32,63,85560
1791609999,7,0,1358002,20261009,64,17676,146,feed,87840,63,67,83700
1791609999,71,0,1262434,20261009,14,18111,-2,feed,87960,13,31,87180
1791609999,724,0,1367876,20261009,1,51846,0,feed,89100,0,33,89100
1791609999,724,1,1367975,20261009,1,53222,0,feed,90540,0,35,90540
1791609999,74,1,1356704,20261009,61,51546,572,feed,87420,60,61,83880
1791609999,74,0,1357869,20261009,44,49606,-134,feed,88020,43,59,85080
1791609999,74,1,1358047,20261009,35,11694,159,feed,87840,34,61,85440
1791609999,74,0,1358658,20261009,1,51546,0,feed,88680,0,59,88680
1791609999,9,0,1356227,20261009,64,51532,317,feed,87660,63,100,84720
1791609999,9,1,1369356,20261009,73,7343,146,feed,87840,72,111,84240
1791609999,901,0,892917,20261009,8,51432,60,feed,87960,7,20,87000
1791609999,903,1,968747,20261009,4,48179,30,feed,87960,3,6,87180
1791609999,904,1,1270445,20261009,7,53543,233,feed,87900,6,12,87060
1791609999,905,0,1344482,20261009,9,57428,-168,feed,88140,8,16,87000
1791609999,921,1,1365335,20261009,6,15114,58,feed,87960,5,20,87540
1791609999,921,1,1365500,20261009,1,52531,0,feed,89340,0,20,89340
1791609999,921,0,1367464,20261009,1,51544,0,feed,88740,0,20,88740
1791609999,921,0,1368561,20261009,11,17366,50,feed,87960,10,20,86940
1791609999,922,0,1311122,20261009,30,57416,-120,feed,88080,29,35,85320
1791609999,922,0,1311539,20261009,9,16857,-8,feed,88020,8,35,87300
1791609999,922,0,1311821,20261009,33,57418,539,feed,87480,32,35,84420
1791609999,922,0,1312003,20261009,1,57314,0,feed,89100,0,35,89100
1791609999,922,1,1312253,20261009,30,3523,-125,feed,88080,29,34,85020
1791609999,922,1,1315439,20261009,12,16997,56,feed,88020,11,34,86820
1791609999,922,1,1316757,20261009,1,56100,0,feed,90420,0,34,90420
1791609999,923,0,1264039,20261009,14,56401,256,feed,87780,13,22,86580
1791609999,923,1,1270270,20261009,1,57278,0,feed,88140,0,23,88140
1791609999,923,0,1275011,20261009,1,56897,0,feed,90540,0,22,90540
1791609999,924,1,1336557,20261009,1,56823,0,feed,88440,0,41,88440
1791609999,924,0,1336700,20261009,23,17900,-85,feed,88080,22,40,85740
1791609999,924,1,1336877,20261009,15,56317,76,feed,87900,14,41,86640
1791609999,924,1,1337520,20261009,27,80139,88,feed,87960,26,41,84840
1791609999,924,0,1338637,20261009,33,56951,66,feed,87960,32,40,83940
1791609999,924,0,1338891,20261009,2,4513,433,feed,87660,1,40,87540
1791609999,925,1,1334056,20261009,1,57541,0,feed,88860,0,35,88860
1791609999,925,0,1335004,20261009,28,16136,358,feed,87660,27,35,84840
1791609999,925,0,1358978,20261009,1,53703,0,feed,88440,0,35,88440
1791609999,925,1,1359736,20261009,21,50196,266,feed,87720,20,35,85260
1791609999,94,1,1186588,20261009,15,17903,206,feed,87720,14,16,86040
1791610901,10,0,1135133,20261009,1,17994,0,feed,90600,0,31,90600
1791610901,10,1,1276155,20261009,28,17150,204,feed,88680,27,58,87540
1791610901,10,0,1326717,20261009,32,17160,451,feed,88440,31,38,86580
1791610901,11,1,1317940,20261009,16,14619,105,feed,88800,15,79,88440
1791610901,11,0,1367154,20261009,6,51829,74,feed,88800,5,80,88620
1791610901,14,1,1331449,20261009,13,8345,121,feed,88800,12,82,88380
1791610901,14,0,1331698,20261009,71,8360,630,feed,88260,70,80,84540
1791610901,14,0,1332346,20261009,18,15578,73,feed,88800,17,80,88200
1791610901,14,1,1333187,20261009,78,758,70,feed,88800,77,82,84780
1791610901,17,0,1133935,20261009,1,57458,0,feed,89280,0,31,89280
1791610901,17,1,1318865,20261009,1,17192,0,feed,88920,0,65,88920
1791610901,17,1,1320086,20261009,53,5740,140,feed,88740,52,65,85320
1791610901,18,0,1361243,20261009,29,1880,51,feed,88800,28,47,87360
1791610901,18,1,1364243,20261009,36,1341,159,feed,88740,35,52,86700
1791610901,18,1,1364256,20261009,5,17980,74,feed,88800,4,52,88500
1791610901,18,1,1366592,20261009,1,17980,0,feed,90600,0,48,90600
1791610901,2,0,1331231,20261009,33,13209,24,feed,88920,32,42,86880
1791610901,2,0,1332287,20261009,,,,canceled,,,,
1791610901,2,1,1361291,20261009,9,16137,88,feed,88800,8,42,88380
1791610901,2,1,1361323,20261009,37,4663,187,feed,88740,36,42,86520
1791610901,22,1,1357826,20261009,67,19476,52,feed,88860,66,84,84540
1791610901,22,1,1358132,20261009,15,51287,-19,feed,88920,14,84,88140
1791610901,22,0,1365881,20261009,80,11231,456,feed,88440,79,82,83700
1791610901,22,0,1366248,20261009,33,15310,201,feed,88680,32,82,87300
1791610901,3,0,1177470,20261009,1,54097,0,feed,91200,0,65,91200
1791610901,3,1,1179962,20261009,36,881,7,feed,88860,35,64,87120
1791610901,3,0,1182474,20261009,18,57014,580,feed,88320,17,65,87000
1791610901,3,1,1183491,20261009,1,56100,0,feed,90720,0,65,90720
1791610901,3,0,1185611,20261009,2,16406,43,feed,89040,1,26,88800
1791610901,323,0,1135529,20261009,1,51116,0,feed,89100,0,23,89100
1791610901,323,1,1135799,20261009,23,51131,76,feed,88800,22,25,87660
1791610901,36,0,1186884,20261009,48,1318,-33,feed,88920,47,53,87060
1791610901,36,1,1220154,20261009,20,6212,247,feed,88680,19,50,88020
1791610901,36,1,1220639,20261009,1,50160,0,feed,91620,0,50,91620
1791610901,38,0,1351316,20261009,105,53134,-113,feed,88920,104,108,84540
1791610901,4,0,1131282,20261009,1,50231,93,feed,89340,0,38,89340
1791610901,4,0,1131574,20261009,32,40269,26,feed,88860,31,89,87780
1791610901,4,0,1132081,20261009,76,16014,574,feed,88320,75,87,84000
1791610901,4,1,1355936,20261009,15,16019,207,feed,88680,14,90,88320
1791610901,4,1,1357316,20261009,72,1027,332,feed,88560,71,90,84660
1791610901,5,0,1366100,20261009,7,781,208,feed,88680,6,81,88560
1791610901,5,1,1367347,20261009,12,9589,116,feed,88800,11,80,88380
1791610901,515,0,1348963,20261009,1,53704,0,feed,89340,0,49,89340
1791610901,515,1,1349265,20261009,49,53704,-45,feed,88980,48,49,87540
1791610901,54,1,1346236,20261009,47,56875,1050,feed,87900,46,47,83940
1791610901,54,0,1359040,20261009,19,10236,120,feed,88860,18,25,87240
1791610901,54,1,1363033,20261009,20,56939,108,feed,88980,19,27,87540
1791610901,61,0,1365026,20261009,39,5543,60,feed,88860,38,76,87120
1791610901,61,0,1365403,20261009,70,43282,164,feed,88860,69,76,85320
1791610901,62,0,1352535,20261009,1,2611,0,feed,90780,0,29,90780
1791610901,62,1,1352992,20261009,1,56096,0,feed,89100,0,29,89100
1791610901,63,1,1264787,20261009,56,15876,25,feed,88860,55,59,85680
1791610901,63,1,1274952,20261009,1,51114,0,feed,89280,0,59,89280
1791610901,63,0,1346798,20261009,1,15795,0,feed,88920,0,60,88920
1791610901,64,1,1342987,20261009,23,49771,338,feed,88500,22,76,87840
1791610901,64,0,1357126,20261009,41,51604,206,feed,88680,40,43,87000
1791610901,64,0,1360805,20261009,1,52761,0,feed,90900,0,43,90900
1791610901,65,0,1349331,20261009,31,45427,187,feed,88680,30,40,87540
1791610901,68,0,1272012,20261009,2,9806,-53,feed,88920,1,59,88920
1791610901,68,1,1367762,20261009,1,11904,0,feed,90660,0,61,90660
1791610901,68,1,1368796,20261009,55,9970,201,feed,88680,54,61,87060
1791610901,7,1,1355971,20261009,50,51545,-78,feed,89160,49,63,85560
1791610901,724,0,1367876,20261009,1,51846,0,feed,89100,0,33,89100
1791610901,724,1,1367975,20261009,1,53222,0,feed,90540,0,35,90540
1791610901,74,1,1358047,20261009,55,56126,243,feed,88620,54,61,85440
1791610901,74,0,1358658,20261009,2,48896,167,feed,89040,1,59,88680
1791610901,9,0,1356227,20261009,87,16476,501,feed,88380,86,100,84720
1791610901,9,1,1369356,20261009,94,8078,345,feed,88560,93,111,84240
1791610901,903,0,1267194,20261009,6,56874,2692,feed,86520,5,6,85380
1791610901,903,1,968747,20261009,1,56874,2092,feed,87180,0,6,87180
1791610901,904,1,1270445,20261009,11,56833,149,feed,88800,10,12,87060
1791610901,905,0,1344482,20261009,15,57440,-237,feed,89040,14,16,87000
1791610901,906,1,887961,20261009,1,51419,0,feed,89220,0,2,89220
1791610901,921,1,1365335,20261009,18,56128,-84,feed,88980,17,20,87540
1791610901,921,1,1365500,20261009,1,52531,0,feed,89340,0,20,89340
1791610901,921,0,1367464,20261009,2,53362,8,feed,89100,1,20,88740
1791610901,921,0,1368561,20261009,20,52531,91,feed,88800,19,20,86940
1791610901,922,0,1311539,20261009,18,57327,88,feed,88860,17,35,87300
1791610901,922,0,1312003,20261009,1,57314,0,feed,89100,0,35,89100
1791610901,922,1,1315439,20261009,22,40954,95,feed,88860,21,34,86820
1791610901,922,1,1316757,20261009,1,56100,0,feed,90420,0,34,90420
1791610901,923,0,1264039,20261009,21,56826,450,feed,88380,20,22,86580
1791610901,923,1,1270270,20261009,9,56834,135,feed,88800,8,23,88140
1791610901,923,0,1275011,20261009,1,56897,0,feed,90540,0,22,90540
1791610901,924,1,1336557,20261009,5,9589,126,feed,88800,4,41,88440
1791610901,924,0,1336700,20261009,29,43275,131,feed,88800,28,40,85740
1791610901,924,1,1336877,20261009,25,56913,92,feed,88860,24,41,86640
1791610901,924,1,1337520,20261009,37,449,97,feed,88860,36,41,84840
1791610901,924,0,1338891,20261009,10,81078,503,feed,88380,9,40,87540
1791610901,925,1,1334056,20261009,1,57541,12,feed,88860,0,35,88860
1791610901,925,0,1358978,20261009,6,1287,121,feed,88800,5,35,88440
1791610901,925,1,1359736,20261009,31,1145,385,feed,88500,30,35,85260
1791611797,10,0,1135133,20261009,1,17994,0,feed,90600,0,31,90600
1791611797,10,1,1276155,20261009,50,17227,223,feed,89580,49,58,87540
1791611797,11,1,1317940,20261009,40,17976,35,feed,89820,39,79,88440
1791611797,11,0,1367154,20261009,34,53463,160,feed,89640,33,80,88620
1791611797,14,1,1331449,20261009,35,17857,41,feed,89760,34,82,88380
1791611797,14,0,1332346,20261009,35,56137,220,feed,89580,34,80,88200
1791611797,17,0,1133935,20261009,6,43325,142,feed,89640,5,31,89280
1791611797,17,1,1318865,20261009,18,19308,-21,feed,89820,17,65,88920
1791611797,18,0,1361243,20261009,45,17990,-41,feed,89820,44,47,87360
1791611797,18,1,1364256,20261009,16,14850,221,feed,89580,15,52,88500
1791611797,18,1,1366592,20261009,1,17980,0,feed,90600,0,48,90600
1791611797,2,0,1331085,20261009,17,56927,51,feed,89760,16,42,88680
1791611797,2,0,1332287,20261009,,,,canceled,,,,
1791611797,2,1,1361291,20261009,18,13239,250,feed,89520,17,42,88380
1791611797,22,1,1358132,20261009,29,11172,73,feed,89760,28,84,88140
1791611797,22,0,1366248,20261009,44,16325,421,feed,89400,43,82,87300
1791611797,3,0,1177470,20261009,1,54097,0,feed,91200,0,65,91200
1791611797,3,1,1179962,20261009,49,49237,230,feed,89460,48,64,87120
1791611797,3,0,1182474,20261009,37,935,621,feed,89160,36,65,87000
1791611797,3,1,1183491,20261009,1,56100,0,feed,90720,0,65,90720
1791611797,3,0,1185611,20261009,13,13221,12,feed,89760,12,26,88800
1791611797,323,0,1135529,20261009,16,57033,-90,feed,89820,15,23,89100
1791611797,36,1,1220154,20261009,48,50143,-93,feed,89760,47,50,88020
1791611797,36,1,1220639,20261009,1,50160,0,feed,91620,0,50,91620
1791611797,4,0,1131282,20261009,5,42083,345,feed,89460,4,38,89340
1791611797,4,0,1131574,20261009,50,17942,-127,feed,89820,49,89,87780
1791611797,4,1,1355936,20261009,37,17919,185,feed,89640,36,90,88320
1791611797,5,0,1366100,20261009,30,815,140,feed,89640,29,81,88560
1791611797,5,1,1367347,20261009,39,11161,271,feed,89520,38,80,88380
1791611797,515,0,1348963,20261009,17,1753,20,feed,89760,16,49,89340
1791611797,61,0,1365026,20261009,61,13819,-37,feed,89820,60,76,87120
1791611797,62,0,1352535,20261009,1,2611,0,feed,90780,0,29,90780
1791611797,62,1,1352992,20261009,15,10471,280,feed,89520,14,29,89100
1791611797,63,1,1274952,20261009,15,56948,-26,feed,89820,14,59,89280
1791611797,63,0,1346798,20261009,12,18675,442,feed,89340,11,60,88920
1791611797,64,1,1342987,20261009,54,12936,301,feed,89400,53,76,87840
1791611797,64,0,1360805,20261009,1,52761,0,feed,90900,0,43,90900
1791611797,68,0,1272012,20261009,31,56425,104,feed,89700,30,59,88920
1791611797,68,1,1367762,20261009,1,11904,0,feed,90660,0,61,90660
1791611797,7,1,1355971,20261009,63,51779,-53,feed,89760,62,63,85560
1791611797,724,0,1367876,20261009,18,52565,146,feed,89640,17,33,89100
1791611797,724,1,1367975,20261009,1,53222,0,feed,90540,0,35,90540
1791611797,74,0,1358658,20261009,16,11717,148,feed,89700,15,59,88680
1791611797,906,1,883218,20261009,1,51419,0,feed,90120,0,2,90120
1791611797,921,1,1365500,20261009,7,15116,-47,feed,89820,6,20,89340
1791611797,922,0,1311539,20261009,28,17029,-7,feed,89820,27,35,87300
1791611797,922,0,1312003,20261009,9,16857,-16,feed,89820,8,35,89100
1791611797,922,1,1315439,20261009,29,57357,154,feed,89700,28,34,86820
1791611797,922,1,1316757,20261009,1,56100,0,feed,90420,0,34,90420
1791611797,923,1,1270270,20261009,19,17906,22,feed,89820,18,23,88140
1791611797,923,0,1275011,20261009,1,56897,0,feed,90540,0,22,90540
1791611797,924,1,1336557,20261009,13,11161,278,feed,89520,12,41,88440
1791611797,924,0,1336700,20261009,39,9089,156,feed,89700,38,40,85740
1791611797,924,1,1336877,20261009,32,81079,72,feed,89640,31,41,86640
1791611797,924,0,1338891,20261009,20,56928,305,feed,89520,19,40,87540
1791611797,925,1,1334056,20261009,9,16119,341,feed,89520,8,35,88860
1791611797,925,0,1358978,20261009,16,1327,186,feed,89640,15,35,88440
1791612695,10,0,1135133,20261009,2,17996,2,feed,90720,1,31,90600
1791612695,11,1,1317940,20261009,43,17982,104,feed,90660,42,79,88440
1791612695,11,0,1367154,20261009,39,17994,79,feed,90000,38,80,88620
1791612695,14,1,1331449,20261009,38,17884,43,feed,90660,37,82,88380
1791612695,14,0,1332346,20261009,47,17947,37,feed,90720,46,80,88200
1791612695,17,0,1133935,20261009,30,16827,37,feed,90660,29,31,89280
1791612695,17,0,1134773,20261009,1,57458,0,feed,93840,0,31,93840
1791612695,17,1,1318865,20261009,22,17982,133,feed,90660,21,65,88920
1791612695,18,1,1364256,20261009,36,1341,140,feed,90540,35,52,88500
1791612695,18,1,1366592,20261009,1,17980,83,feed,90600,0,48,90600
1791612695,2,0,1331085,20261009,33,13209,-69,feed,90720,32,42,88680
1791612695,2,0,1332287,20261009,,,,canceled,,,,
1791612695,2,1,1361291,20261009,38,4667,224,feed,90480,37,42,88380
1791612695,22,1,1358132,20261009,33,17908,17,feed,90660,32,84,88140
1791612695,22,0,1366248,20261009,54,17903,58,feed,90660,53,82,87300
1791612695,3,0,1177470,20261009,1,54097,0,feed,91200,0,65,91200
1791612695,3,1,1179962,20261009,64,54097,-184,feed,90900,63,64,87120
1791612695,3,0,1182474,20261009,58,11896,629,feed,90060,57,65,87000
1791612695,3,1,1183491,20261009,1,56100,0,feed,90720,0,65,90720
1791612695,36,1,1220639,20261009,1,50160,0,feed,91620,0,50,91620
1791612695,4,0,1131282,20261009,29,40273,243,feed,90420,28,38,89340
1791612695,4,0,1131574,20261009,52,53099,-45,feed,90000,51,89,87780
1791612695,4,1,1355936,20261009,40,17923,246,feed,90000,39,90,88320
1791612695,5,0,1366100,20261009,39,2875,-10,feed,90720,38,81,88560
1791612695,5,1,1367347,20261009,46,17907,300,feed,90000,45,80,88380
1791612695,61,0,1365026,20261009,70,43282,15,feed,90660,69,76,87120
1791612695,62,0,1352535,20261009,1,2611,15,feed,90780,0,29,90780
1791612695,62,1,1352992,20261009,29,2611,195,feed,90540,28,29,89100
1791612695,63,1,1274952,20261009,22,11861,-128,feed,90600,21,59,89280
1791612695,63,0,1346798,20261009,29,3132,553,feed,90120,28,60,88920
1791612695,64,1,1342987,20261009,71,11859,431,feed,90300,70,76,87840
1791612695,64,0,1357126,20261009,17,81102,2560,feed,88020,16,43,87000
1791612695,64,0,1360805,20261009,1,52761,139,feed,90900,0,43,90900
1791612695,68,0,1272012,20261009,55,57625,169,feed,90540,54,59,88920
1791612695,68,1,1367762,20261009,1,11904,17,feed,90660,0,61,90660
1791612695,724,1,1367975,20261009,1,53222,126,feed,90540,0,35,90540
1791612695,74,0,1358658,20261009,31,10236,321,feed,90360,30,59,88680
1791612695,906,0,890039,20261009,2,51434,60,feed,90480,1,2,90360
1791612695,921,1,1365500,20261009,18,56128,-168,feed,90780,17,20,89340
1791612695,921,0,1367464,20261009,20,52531,-31,feed,90600,19,20,88740
1791612695,922,0,1312003,20261009,19,57333,-93,feed,90780,18,35,89100
1791612695,922,1,1316757,20261009,4,57417,4,feed,90720,3,34,90420
1791612695,923,0,1275011,20261009,2,17897,43,feed,90660,1,22,90540
1791612695,924,1,1336557,20261009,18,17907,61,feed,90000,17,41,88440
1791612695,924,0,1338891,20261009,25,17903,44,feed,90660,24,40,87540
1791612695,925,1,1334056,20261009,15,17923,254,feed,90120,14,35,88860
1791612695,925,0,1358978,20261009,21,53099,-20,feed,90120,20,35,88440
1791613600,10,0,1135133,20261009,14,17194,-30,feed,91560,13,31,90600
1791613600,11,1,1317940,20261009,60,17715,202,feed,91440,59,79,88440
1791613600,11,0,1367154,20261009,57,12797,146,feed,91440,56,80,88620
1791613600,14,1,1331449,20261009,59,15603,101,feed,91500,58,82,88380
1791613600,14,0,1332346,20261009,58,8294,228,feed,91380,57,80,88200
1791613600,17,0,1134773,20261009,1,57458,0,feed,93840,0,31,93840
1791613600,17,1,1318865,20261009,34,1100,124,feed,91500,33,65,88920
1791613600,18,1,1366592,20261009,12,14850,207,feed,91380,11,48,90600
1791613600,2,0,1332287,20261009,,,,canceled,,,,
1791613600,22,1,1358132,20261009,50,15619,70,feed,91560,49,84,88140
1791613600,22,0,1366248,20261009,66,11199,242,feed,91440,65,82,87300
1791613600,3,0,1177470,20261009,2,16406,211,feed,91440,1,65,91200
1791613600,3,1,1183491,20261009,13,80932,71,feed,91500,12,65,90720
1791613600,36,1,1220639,20261009,1,50160,0,feed,91620,0,50,91620
1791613600,4,0,1131574,20261009,70,42307,67,feed,91560,69,89,87780
1791613600,4,1,1355936,20261009,52,40664,72,feed,91500,51,90,88320
1791613600,5,0,1366100,20261009,65,8945,-127,feed,91620,64,81,88560
1791613600,5,1,1367347,20261009,66,80139,146,feed,91500,65,80,88380
1791613600,62,0,1352535,20261009,14,80934,-95,feed,91620,13,29,90780
1791613600,63,1,1274952,20261009,36,3078,-18,feed,91620,35,59,89280
1791613600,63,0,1346798,20261009,43,3155,98,feed,91500,42,60,88920
1791613600,64,0,1360805,20261009,5,11837,412,feed,91200,4,43,90900
1791613600,68,1,1367762,20261009,24,329,149,feed,91440,23,61,90660
1791613600,724,1,1367975,20261009,35,51846,107,feed,91500,34,35,90540
1791613600,74,0,1358658,20261009,44,49606,-32,feed,91620,43,59,88680
1791613600,906,0,878469,20261009,2,51434,120,feed,91380,1,2,91260
1791613600,922,0,1312003,20261009,28,17029,-151,feed,91620,27,35,89100
1791613600,922,1,1316757,20261009,12,16997,73,feed,91620,11,34,90420
1791613600,923,0,1275011,20261009,11,56420,109,feed,91500,10,22,90540
1791613600,924,1,1336557,20261009,26,56914,288,feed,91320,25,41,88440
1791613600,924,0,1338891,20261009,34,8945,28,feed,91620,33,40,87540
1791613600,925,1,1334056,20261009,23,1111,143,feed,91500,22,35,88860
1791613600,925,0,1358978,20261009,29,16137,317,feed,91320,28,35,88440
1791614495,11,0,1367154,20261009,80,49304,291,feed,92160,79,80,88620
1791614495,14,1,1331449,20261009,80,51880,29,feed,92460,79,82,88380
1791614495,14,0,1332346,20261009,80,50153,277,feed,92220,79,80,88200
1791614495,17,0,1134773,20261009,1,57458,0,feed,93840,0,31,93840
1791614495,17,1,1318865,20261009,52,42374,221,feed,92280,51,65,88920
1791614495,18,1,1366592,20261009,31,1339,291,feed,92220,30,48,90600
1791614495,2,0,1332287,20261009,,,,canceled,,,,
1791614495,22,1,1358132,20261009,64,19488,167,feed,92340,63,84,88140
1791614495,3,0,1177470,20261009,12,57023,379,feed,92100,11,65,91200
1791614495,3,1,1183491,20261009,34,876,73,feed,92400,33,65,90720
1791614495,36,1,1220639,20261009,22,6214,139,feed,92340,21,50,91620
1791614495,4,1,1355936,20261009,80,1045,33,feed,92460,79,90,88320
1791614495,63,1,1274952,20261009,58,18640,-24,feed,92580,57,59,89280
1791614495,64,0,1360805,20261009,19,11795,417,feed,92040,18,43,90900
1791614495,68,1,1367762,20261009,59,47782,130,feed,92400,58,61,90660
1791614495,74,0,1358658,20261009,57,42425,274,feed,92160,56,59,88680
1791614495,906,1,882037,20261009,1,51419,0,feed,92820,0,2,92820
1791614495,922,1,1316757,20261009,23,57362,-37,feed,92580,22,34,90420
1791614495,923,0,1275011,20261009,21,56826,205,feed,92280,20,22,90540
1791614495,924,1,1336557,20261009,35,441,262,feed,92220,34,41,88440
1791614495,925,1,1334056,20261009,35,53703,116,feed,92460,34,35,88860
1791615399,17,0,1134773,20261009,1,57458,0,feed,93840,0,31,93840
1791615399,2,0,1332287,20261009,,,,canceled,,,,
1791615399,3,0,1177470,20261009,22,16085,680,feed,92700,21,65,91200
1791615399,3,1,1183491,20261009,51,54046,207,feed,93120,50,65,90720
1791615399,36,1,1220639,20261009,44,53970,254,feed,93120,43,50,91620
1791615399,922,1,1316757,20261009,30,3523,-139,feed,93480,29,34,90420
1791615399,925,0,1358978,20261009,22,17947,2608,feed,90780,21,35,88440
1791616299,17,0,1134773,20261009,9,5767,-18,feed,94320,8,31,93840
1791616299,2,0,1332287,20261009,,,,canceled,,,,
1791616299,3,0,1177470,20261009,47,5560,610,feed,93720,46,65,91200
1791616299,3,1,1183491,20261009,65,54097,0,feed,94500,64,65,90720
1791616299,54,1,1342464,20261010,1,56100,0,feed,10800,0,27,10800
1791616299,906,0,887341,20261009,2,51434,120,feed,94080,1,2,93960
1791617198,17,0,1134773,20261009,30,16827,-30,feed,95220,29,31,93840
1791617198,3,0,1177470,20261009,61,11912,738,feed,94380,60,65,91200
1791617198,54,1,1342464,20261010,1,56100,0,feed,10800,0,27,10800
1791618095,54,1,1342464,20261010,1,56100,0,feed,10800,0,27,10800
1791618095,64,1,1358748,20261010,1,42157,0,feed,12660,0,43,12660
1791618095,74,1,1359749,20261010,1,13667,0,feed,12660,0,61,12660
1791619000,54,0,1339932,20261010,1,56875,0,feed,13920,0,25,13920
1791619000,54,1,1342464,20261010,1,56100,0,feed,10800,0,27,10800
1791619000,64,1,1358748,20261010,1,42157,0,feed,12660,0,43,12660
1791619000,74,1,1359749,20261010,1,13667,0,feed,12660,0,61,12660
1791619000,903,0,1264939,20261010,1,57285,0,feed,13620,0,6,13620
1791619895,18,0,1360907,20261010,1,51852,0,feed,14820,0,47,14820
1791619895,18,1,1368045,20261010,1,56800,0,feed,14820,0,52,14820
1791619895,3,1,1179679,20261010,1,56100,0,feed,14400,0,65,14400
1791619895,3,0,1323911,20261010,1,54097,0,feed,14280,0,65,14280
1791619895,36,0,1179121,20261010,1,57537,0,feed,14640,0,53,14640
1791619895,54,0,1339932,20261010,1,56875,0,feed,13920,0,25,13920
1791619895,54,1,1342464,20261010,10,10366,178,feed,11400,9,27,10800
1791619895,54,1,1358421,20261010,1,56100,0,feed,14100,0,27,14100
1791619895,64,1,1358748,20261010,1,42157,0,feed,12660,0,43,12660
1791619895,74,1,1359749,20261010,1,13667,0,feed,12660,0,61,12660
1791619895,903,0,1264939,20261010,1,57285,0,feed,13620,0,6,13620
1791619895,903,1,1273595,20261010,1,56874,0,feed,14940,0,6,14940
1791619895,921,1,1369490,20261010,1,52531,0,feed,14760,0,20,14760
1791619895,922,0,1315676,20261010,1,57314,0,feed,14160,0,35,14160
1791619895,922,1,1317448,20261010,1,56100,0,feed,14160,0,34,14160
1791620802,18,0,1360907,20261010,1,51852,0,feed,14820,0,47,14820
1791620802,18,1,1368045,20261010,1,56800,0,feed,14820,0,52,14820
1791620802,3,1,1179679,20261010,1,56100,0,feed,14400,0,65,14400
1791620802,3,0,1323911,20261010,1,54097,0,feed,14280,0,65,14280
1791620802,36,0,1179121,20261010,1,57537,0,feed,14640,0,53,14640
1791620802,38,0,1354873,20261010,1,48213,0,feed,15720,0,109,15720
1791620802,4,0,1358661,20261010,1,50231,0,feed,15480,0,89,15480
1791620802,5,1,1369298,20261010,1,51846,0,feed,15840,0,80,15840
1791620802,54,0,1339932,20261010,1,56875,0,feed,13920,0,25,13920
1791620802,54,1,1342464,20261010,20,56939,69,feed,12360,19,27,10800
1791620802,54,1,1358421,20261010,1,56100,0,feed,14100,0,27,14100
1791620802,64,1,1358748,20261010,1,42157,0,feed,12660,0,43,12660
1791620802,74,1,1359749,20261010,1,13667,0,feed,12660,0,61,12660
1791620802,903,0,1264939,20261010,1,57285,0,feed,13620,0,6,13620
1791620802,903,1,1273595,20261010,1,56874,0,feed,14940,0,6,14940
1791620802,904,0,1368941,20261010,1,56830,0,feed,15720,0,13,15720
1791620802,921,1,1369490,20261010,1,52531,0,feed,14760,0,20,14760
1791620802,922,0,1315676,20261010,1,57314,0,feed,14160,0,35,14160
1791620802,922,1,1317448,20261010,1,56100,0,feed,14160,0,34,14160
1791620802,923,1,1268383,20261010,1,57278,0,feed,15300,0,23,15300
1791620802,925,0,1263575,20261010,1,53703,0,feed,15840,0,35,15840
1791620835,18,0,1360907,20261010,1,51852,0,feed,14820,0,47,14820
1791620835,18,1,1368045,20261010,1,56800,0,feed,14820,0,52,14820
1791620835,3,1,1179679,20261010,1,56100,0,feed,14400,0,65,14400
1791620835,3,0,1323911,20261010,1,54097,0,feed,14280,0,65,14280
1791620835,36,0,1179121,20261010,1,57537,0,feed,14640,0,53,14640
1791620835,38,0,1354873,20261010,1,48213,0,feed,15720,0,109,15720
1791620835,4,0,1358661,20261010,1,50231,0,feed,15480,0,89,15480
1791620835,5,1,1369298,20261010,1,51846,0,feed,15840,0,80,15840
1791620835,54,0,1339932,20261010,1,56875,0,feed,13920,0,25,13920
1791620835,54,1,1342464,20261010,20,56939,70,feed,12360,19,27,10800
1791620835,54,1,1358421,20261010,1,56100,0,feed,14100,0,27,14100
1791620835,64,1,1358748,20261010,1,42157,0,feed,12660,0,43,12660
1791620835,74,1,1359749,20261010,1,13667,0,feed,12660,0,61,12660
1791620835,903,0,1264939,20261010,1,57285,0,feed,13620,0,6,13620
1791620835,903,1,1273595,20261010,1,56874,0,feed,14940,0,6,14940
1791620835,904,0,1368941,20261010,1,56830,0,feed,15720,0,13,15720
1791620835,921,1,1369490,20261010,1,52531,0,feed,14760,0,20,14760
1791620835,922,0,1315676,20261010,1,57314,0,feed,14160,0,35,14160
1791620835,922,1,1317448,20261010,1,56100,0,feed,14160,0,34,14160
1791620835,923,1,1268383,20261010,1,57278,0,feed,15300,0,23,15300
1791620835,925,0,1263575,20261010,1,53703,0,feed,15840,0,35,15840
1791621741,10,1,1369015,20261010,1,17145,0,feed,16080,0,33,16080
1791621741,10,0,1370671,20261010,1,19337,0,feed,,,,
1791621741,11,0,1365035,20261010,1,51828,0,feed,16020,0,80,16020
1791621741,11,1,1368124,20261010,1,49304,0,feed,15900,0,79,15900
1791621741,14,1,1369978,20261010,1,50153,0,feed,,,,
1791621741,18,0,1360907,20261010,1,51852,0,feed,14820,0,47,14820
1791621741,18,1,1368045,20261010,1,56800,0,feed,14820,0,52,14820
1791621741,3,1,1179679,20261010,1,56100,0,feed,14400,0,65,14400
1791621741,3,0,1323911,20261010,1,54097,0,feed,14280,0,65,14280
1791621741,36,0,1179121,20261010,1,57537,0,feed,14640,0,53,14640
1791621741,38,0,1354873,20261010,1,48213,0,feed,15720,0,109,15720
1791621741,4,0,1358661,20261010,1,50231,0,feed,15480,0,89,15480
1791621741,4,1,1368519,20261010,1,14153,0,feed,15900,0,90,15900
1791621741,5,0,1367611,20261010,1,51212,0,feed,15960,0,81,15960
1791621741,5,1,1369298,20261010,1,51846,0,feed,15840,0,80,15840
1791621741,54,0,1339932,20261010,1,56875,0,feed,13920,0,25,13920
1791621741,54,1,1342193,20261010,1,56100,0,feed,16440,0,27,16440
1791621741,54,0,1352924,20261010,1,56875,0,feed,16020,0,25,16020
1791621741,54,1,1358421,20261010,1,56100,0,feed,14100,0,27,14100
1791621741,61,1,1371286,20261010,1,52761,0,feed,,,,
1791621741,63,1,1368235,20261010,1,51114,0,feed,16440,0,59,16440
1791621741,64,1,1358748,20261010,27,81103,-69,feed,13380,26,43,12660
1791621741,64,1,1360294,20261010,1,42157,0,feed,16140,0,43,16140
1791621741,65,1,1350580,20261010,1,57690,0,feed,16800,0,38,16800
1791621741,68,0,1361346,20261010,2,9806,72,feed,16080,1,87,16080
1791621741,74,1,1358627,20261010,1,13667,0,feed,16200,0,61,16200
1791621741,74,1,1359749,20261010,12,12902,-1,feed,13320,11,61,12660
1791621741,903,0,1264922,20261010,1,57285,0,feed,16620,0,6,16620
1791621741,903,0,1264939,20261010,1,57285,0,feed,13620,0,6,13620
1791621741,903,1,1273595,20261010,1,56874,0,feed,14940,0,6,14940
1791621741,904,0,1364379,20261010,1,56830,0,feed,16620,0,13,16620
1791621741,904,0,1368941,20261010,1,56830,0,feed,15720,0,13,15720
1791621741,921,1,1368139,20261010,1,52531,0,feed,16560,0,20,16560
1791621741,921,0,1369011,20261010,1,51544,0,feed,15900,0,20,15900
1791621741,921,1,1369490,20261010,1,52531,0,feed,14760,0,20,14760
1791621741,922,0,1313652,20261010,1,57314,0,feed,15960,0,35,15960
1791621741,922,0,1315676,20261010,1,57314,0,feed,14160,0,35,14160
1791621741,922,1,1316895,20261010,1,56100,0,feed,15960,0,34,15960
1791621741,922,1,1317448,20261010,1,56100,0,feed,14160,0,34,14160
1791621741,923,1,1268383,20261010,1,57278,0,feed,15300,0,23,15300
1791621741,924,1,1271482,20261010,1,56823,0,feed,,,,
1791621741,924,1,1275612,20261010,1,17907,0,feed,,,,
1791621741,924,0,1279957,20261010,1,56873,0,feed,,,,
1791621741,925,0,1263575,20261010,1,53703,0,feed,15840,0,35,15840
1791621741,925,1,1335605,20261010,1,57541,0,feed,16260,0,35,16260
1791622638,10,1,1369015,20261010,1,17145,0,feed,16080,0,33,16080
1791622638,10,0,1370671,20261010,1,19337,0,feed,,,,
1791622638,11,0,1365035,20261010,1,51828,0,feed,16020,0,80,16020
1791622638,11,1,1368124,20261010,1,49304,0,feed,15900,0,79,15900
1791622638,14,1,1369978,20261010,1,50153,0,feed,,,,
1791622638,17,1,1321398,20261010,1,56800,0,feed,17100,0,49,17100
1791622638,18,0,1360907,20261010,1,51852,0,feed,14820,0,47,14820
1791622638,18,1,1368045,20261010,1,56800,0,feed,14820,0,52,14820
1791622638,2,0,1369115,20261010,1,57469,0,feed,16920,0,34,16920
1791622638,3,1,1179679,20261010,1,56100,0,feed,14400,0,65,14400
1791622638,3,0,1323911,20261010,1,54097,0,feed,14280,0,65,14280
1791622638,36,0,1179121,20261010,1,57537,0,feed,14640,0,53,14640
1791622638,36,0,1180803,20261010,1,57537,0,feed,16980,0,53,16980
1791622638,38,0,1350999,20261010,1,48213,0,feed,17520,0,108,17520
1791622638,38,0,1354873,20261010,1,48213,0,feed,15720,0,109,15720
1791622638,38,1,1367051,20261010,1,42032,0,feed,17460,0,107,17460
1791622638,4,0,1358661,20261010,1,50231,0,feed,15480,0,89,15480
1791622638,4,1,1368519,20261010,1,14153,0,feed,15900,0,90,15900
1791622638,5,0,1367611,20261010,1,51212,0,feed,15960,0,81,15960
1791622638,5,1,1369298,20261010,1,51846,0,feed,15840,0,80,15840
1791622638,54,0,1339932,20261010,8,56939,1,feed,14520,7,25,13920
1791622638,54,1,1342193,20261010,1,56100,0,feed,16440,0,27,16440
1791622638,54,0,1352924,20261010,1,56875,0,feed,16020,0,25,16020
1791622638,54,1,1358421,20261010,1,56100,130,feed,14100,0,27,14100
1791622638,61,1,1371286,20261010,1,52761,0,feed,,,,
1791622638,62,0,1368282,20261010,1,328,0,feed,17700,0,86,17700
1791622638,63,1,1368235,20261010,1,51114,0,feed,16440,0,59,16440
1791622638,64,1,1358748,20261010,42,52759,-55,feed,14280,41,43,12660
1791622638,64,1,1360294,20261010,1,42157,0,feed,16140,0,43,16140
1791622638,65,1,1350580,20261010,1,57690,0,feed,16800,0,38,16800
1791622638,68,0,1361346,20261010,2,9806,72,feed,16080,1,87,16080
1791622638,68,1,1363239,20261010,1,11904,0,feed,17760,0,103,17760
1791622638,686,0,1334512,20261010,1,47705,0,feed,17700,0,3,17700
1791622638,724,1,1368142,20261010,1,53222,0,feed,17760,0,35,17760
1791622638,74,1,1358627,20261010,1,13667,0,feed,16200,0,61,16200
1791622638,74,1,1359749,20261010,25,11861,-44,feed,14100,24,61,12660
1791622638,903,0,1264922,20261010,1,57285,0,feed,16620,0,6,16620
1791622638,903,0,1264939,20261010,5,56511,72,feed,14280,4,6,13620
1791622638,903,1,1273595,20261010,1,56874,0,feed,14940,0,6,14940
1791622638,904,0,1364379,20261010,1,56830,0,feed,16620,0,13,16620
1791622638,904,0,1366866,20261010,1,56830,0,feed,17520,0,13,17520
1791622638,904,0,1368941,20261010,1,56830,0,feed,15720,0,13,15720
1791622638,905,1,1343911,20261010,1,57441,0,feed,17640,0,16,17640
1791622638,921,1,1368139,20261010,1,52531,0,feed,16560,0,20,16560
1791622638,921,0,1369011,20261010,1,51544,0,feed,15900,0,20,15900
1791622638,921,0,1369174,20261010,1,51544,0,feed,17100,0,20,17100
1791622638,921,1,1369490,20261010,1,52531,0,feed,14760,0,20,14760
1791622638,922,0,1312178,20261010,1,57314,0,feed,17760,0,35,17760
1791622638,922,0,1313652,20261010,1,57314,0,feed,15960,0,35,15960
1791622638,922,1,1313829,20261010,1,56100,0,feed,17760,0,34,17760
1791622638,922,0,1315676,20261010,3,57354,14,feed,14220,2,35,14160
1791622638,922,1,1316895,20261010,1,56100,0,feed,15960,0,34,15960
1791622638,922,1,1317448,20261010,1,56100,62,feed,14160,0,34,14160
1791622638,923,1,1268383,20261010,1,57278,0,feed,15300,0,23,15300
1791622638,923,0,1270047,20261010,1,56897,0,feed,17580,0,22,17580
1791622638,924,1,1271482,20261010,1,56823,0,feed,,,,
1791622638,924,1,1275612,20261010,1,17907,0,feed,,,,
1791622638,924,0,1279957,20261010,1,56873,0,feed,,,,
1791622638,924,0,1287291,20261010,1,56873,0,feed,,,,
1791622638,925,0,1263575,20261010,1,53703,0,feed,15840,0,35,15840
1791622638,925,1,1335605,20261010,1,57541,0,feed,16260,0,35,16260
1791623539,10,0,1135608,20261010,1,17994,0,feed,18120,0,24,18120
1791623539,10,1,1369015,20261010,1,17145,0,feed,16080,0,33,16080
1791623539,10,0,1370671,20261010,6,17992,181,feed,,,,
1791623539,11,0,1365035,20261010,1,51828,0,feed,16020,0,80,16020
1791623539,11,1,1368124,20261010,1,49304,0,feed,15900,0,79,15900
1791623539,11,1,1369121,20261010,1,49304,0,feed,18300,0,79,18300
1791623539,14,1,1369978,20261010,1,50153,0,feed,,,,
1791623539,17,1,1321398,20261010,1,56800,0,feed,17100,0,49,17100
1791623539,18,0,1360907,20261010,4,620,218,feed,14940,3,47,14820
1791623539,18,0,1367493,20261010,1,51852,0,feed,18060,0,51,18060
1791623539,18,1,1367736,20261010,1,17980,0,feed,18300,0,48,18300
1791623539,18,1,1368045,20261010,5,17980,27,feed,15120,4,52,14820
1791623539,2,0,1369115,20261010,1,57469,0,feed,16920,0,34,16920
1791623539,22,1,1367416,20261010,1,17907,0,feed,18120,0,53,18120
1791623539,22,0,1368057,20261010,1,4558,0,feed,18480,0,82,18480
1791623539,3,1,1179679,20261010,13,80932,80,feed,15180,12,65,14400
1791623539,3,0,1180125,20261010,1,54097,0,feed,18180,0,64,18180
1791623539,3,1,1322860,20261010,1,56100,0,feed,18300,0,65,18300
1791623539,3,0,1323911,20261010,11,19322,31,feed,15120,10,65,14280
1791623539,36,0,1179121,20261010,19,50601,-124,feed,15360,18,53,14640
1791623539,36,0,1180803,20261010,1,57537,0,feed,16980,0,53,16980
1791623539,38,0,1350999,20261010,1,48213,0,feed,17520,0,108,17520
1791623539,38,0,1354873,20261010,1,48213,0,feed,15720,0,109,15720
1791623539,38,1,1367051,20261010,1,42032,0,feed,17460,0,107,17460
1791623539,4,0,1358661,20261010,1,50231,0,feed,15480,0,89,15480
1791623539,4,1,1368519,20261010,1,14153,0,feed,15900,0,90,15900
1791623539,5,0,1367611,20261010,1,51212,0,feed,15960,0,81,15960
1791623539,5,1,1369298,20261010,1,51846,0,feed,15840,0,80,15840
1791623539,54,0,1320443,20261010,1,56875,0,feed,18120,0,25,18120
1791623539,54,0,1339932,20261010,15,13111,49,feed,15120,14,25,13920
1791623539,54,1,1342193,20261010,1,56100,0,feed,16440,0,27,16440
1791623539,54,0,1352924,20261010,1,56875,0,feed,16020,0,25,16020
1791623539,54,1,1358421,20261010,14,13121,210,feed,14940,13,27,14100
1791623539,54,1,1359664,20261010,1,56100,0,feed,18240,0,27,18240
1791623539,61,0,1365919,20261010,1,17905,0,feed,,,,
1791623539,61,1,1371286,20261010,1,52761,0,feed,,,,
1791623539,62,1,1360353,20261010,1,49141,0,feed,18060,0,83,18060
1791623539,62,0,1368282,20261010,1,328,0,feed,17700,0,86,17700
1791623539,63,1,1368235,20261010,1,51114,0,feed,16440,0,59,16440
1791623539,64,0,1358471,20261010,1,52761,0,feed,18360,0,78,18360
1791623539,64,1,1359200,20261010,1,52015,0,feed,17880,0,76,17880
1791623539,64,1,1360294,20261010,1,42157,0,feed,16140,0,43,16140
1791623539,65,1,1350580,20261010,1,57690,0,feed,16800,0,38,16800
1791623539,65,0,1369806,20261010,1,10761,0,feed,,,,
1791623539,68,0,1361346,20261010,2,9806,72,feed,16080,1,87,16080
1791623539,68,1,1363239,20261010,1,11904,0,feed,17760,0,103,17760
1791623539,686,0,1334512,20261010,1,47705,0,feed,17700,0,3,17700
1791623539,7,0,1358889,20261010,1,51779,0,feed,18360,0,67,18360
1791623539,724,1,1368142,20261010,1,53222,0,feed,17760,0,35,17760
1791623539,74,1,1358627,20261010,1,13667,0,feed,16200,0,61,16200
1791623539,74,1,1359749,20261010,42,11707,14,feed,15120,41,61,12660
1791623539,901,1,1003297,20261010,7,51418,0,feed,15180,6,13,14400
1791623539,903,0,1264922,20261010,1,57285,0,feed,16620,0,6,16620
1791623539,903,1,1268813,20261010,1,56874,0,feed,18540,0,6,18540
1791623539,903,1,1273595,20261010,2,56510,-20,feed,15300,1,6,14940
1791623539,904,0,1364379,20261010,1,56830,0,feed,16620,0,13,16620
1791623539,904,0,1366866,20261010,1,56830,0,feed,17520,0,13,17520
1791623539,904,1,1367524,20261010,1,56800,0,feed,18060,0,12,18060
1791623539,904,0,1368153,20261010,1,56830,0,feed,18420,0,13,18420
1791623539,904,0,1368941,20261010,1,56830,0,feed,15720,0,13,15720
1791623539,905,1,1343911,20261010,1,57441,0,feed,17640,0,16,17640
1791623539,921,1,1364389,20261010,1,52531,0,feed,18300,0,20,18300
1791623539,921,0,1368087,20261010,1,51544,0,feed,18300,0,20,18300
1791623539,921,1,1368139,20261010,1,52531,0,feed,16560,0,20,16560
1791623539,921,0,1369011,20261010,1,51544,0,feed,15900,0,20,15900
1791623539,921,0,1369174,20261010,1,51544,0,feed,17100,0,20,17100
1791623539,921,1,1369490,20261010,2,50015,284,feed,14820,1,20,14760
1791623539,922,0,1312178,20261010,1,57314,0,feed,17760,0,35,17760
1791623539,922,0,1313652,20261010,1,57314,0,feed,15960,0,35,15960
1791623539,922,1,1313829,20261010,1,56100,0,feed,17760,0,34,17760
1791623539,922,0,1315676,20261010,11,56796,173,feed,15000,10,35,14160
1791623539,922,1,1316895,20261010,1,56100,0,feed,15960,0,34,15960
1791623539,922,1,1317448,20261010,8,17031,258,feed,14880,7,34,14160
1791623539,923,1,1268383,20261010,1,57278,0,feed,15300,0,23,15300
1791623539,923,0,1270047,20261010,1,56897,0,feed,17580,0,22,17580
1791623539,924,0,1268039,20261010,1,56873,0,feed,,,,
1791623539,924,1,1271482,20261010,1,56823,0,feed,,,,
1791623539,924,1,1275612,20261010,6,56911,299,feed,,,,
1791623539,924,1,1278135,20261010,1,56823,0,feed,,,,
1791623539,924,0,1279957,20261010,1,56873,0,feed,,,,
1791623539,924,0,1287291,20261010,1,56873,0,feed,,,,
1791623539,925,0,1263575,20261010,1,53703,0,feed,15840,0,35,15840
1791623539,925,0,1334991,20261010,1,53703,0,feed,18240,0,35,18240
1791623539,925,1,1335605,20261010,1,57541,0,feed,16260,0,35,16260
1791624436,10,0,1135608,20261010,1,17994,0,feed,18120,0,24,18120
1791624436,10,1,1369015,20261010,1,17145,0,feed,16080,0,33,16080
1791624436,10,0,1370671,20261010,22,17190,73,feed,,,,
1791624436,11,1,1333457,20261010,1,49304,0,feed,19500,0,79,19500
1791624436,11,0,1365035,20261010,1,51828,4,feed,16020,0,80,16020
1791624436,11,1,1368124,20261010,3,14594,93,feed,15960,2,79,15900
1791624436,11,1,1369121,20261010,1,49304,0,feed,18300,0,79,18300
1791624436,14,0,1333362,20261010,1,4345,0,feed,19140,0,80,19140
1791624436,14,1,1369978,20261010,1,50153,0,feed,,,,
1791624436,14,1,1371240,20261010,1,50153,0,feed,,,,
1791624436,17,1,1321398,20261010,1,56800,0,feed,17100,0,49,17100
1791624436,17,0,1369463,20261010,1,57458,0,feed,18720,0,63,18720
1791624436,18,0,1360907,20261010,20,1854,328,feed,15720,19,47,14820
1791624436,18,0,1367493,20261010,1,51852,0,feed,18060,0,51,18060
1791624436,18,1,1367736,20261010,1,17980,0,feed,18300,0,48,18300
1791624436,18,1,1368045,20261010,20,81114,4,feed,16020,19,52,14820
1791624436,2,0,1369115,20261010,1,57469,0,feed,16920,0,34,16920
1791624436,2,1,1370784,20261010,1,50670,0,feed,,,,
1791624436,22,1,1367416,20261010,1,17907,0,feed,18120,0,53,18120
1791624436,22,0,1368057,20261010,1,4558,0,feed,18480,0,82,18480
1791624436,22,1,1368812,20261010,1,56825,0,feed,19140,0,84,19140
1791624436,3,1,1179679,20261010,30,866,144,feed,15900,29,65,14400
1791624436,3,0,1180125,20261010,1,54097,0,feed,18180,0,64,18180
1791624436,3,1,1322860,20261010,1,56100,0,feed,18300,0,65,18300
1791624436,3,0,1323911,20261010,28,916,14,feed,16020,27,65,14280
1791624436,36,1,1178660,20261010,1,50160,0,feed,19020,0,50,19020
1791624436,36,0,1179121,20261010,37,6249,22,feed,16020,36,53,14640
1791624436,36,0,1180803,20261010,1,57537,0,feed,16980,0,53,16980
1791624436,36,0,1368734,20261010,1,57537,0,feed,18780,0,53,18780
1791624436,38,0,1350999,20261010,1,48213,0,feed,17520,0,108,17520
1791624436,38,0,1354181,20261010,1,48213,0,feed,19320,0,109,19320
1791624436,38,0,1354873,20261010,6,48209,-22,feed,15960,5,109,15720
1791624436,38,1,1355670,20261010,1,16494,0,feed,19440,0,104,19440
1791624436,38,1,1367051,20261010,1,42032,0,feed,17460,0,107,17460
1791624436,4,0,1132936,20261010,1,50231,0,feed,19020,0,89,19020
1791624436,4,1,1357342,20261010,1,14153,0,feed,19500,0,85,19500
1791624436,4,0,1358661,20261010,8,1069,309,feed,15720,7,89,15480
1791624436,4,1,1368519,20261010,2,56679,113,feed,15900,1,90,15900
1791624436,5,0,1367611,20261010,1,51212,0,feed,15960,0,81,15960
1791624436,5,1,1369298,20261010,6,9173,53,feed,16020,5,80,15840
1791624436,54,0,1320443,20261010,1,56875,0,feed,18120,0,25,18120
1791624436,54,1,1342193,20261010,1,56100,0,feed,16440,0,27,16440
1791624436,54,0,1346538,20261010,1,56875,0,feed,19560,0,46,19560
1791624436,54,0,1352924,20261010,1,56875,7,feed,16020,0,25,16020
1791624436,54,1,1358421,20261010,21,48548,140,feed,16020,20,27,14100
1791624436,54,1,1359664,20261010,1,56100,0,feed,18240,0,27,18240
1791624436,61,1,1365293,20261010,1,52761,0,feed,18780,0,73,18780
1791624436,61,0,1365919,20261010,1,17905,0,feed,,,,
1791624436,61,1,1371286,20261010,1,52761,0,feed,,,,
1791624436,62,1,1360353,20261010,1,49141,0,feed,18060,0,83,18060
1791624436,62,0,1368282,20261010,1,328,0,feed,17700,0,86,17700
1791624436,63,1,1368235,20261010,1,51114,0,feed,16440,0,59,16440
1791624436,64,0,1358471,20261010,1,52761,0,feed,18360,0,78,18360
1791624436,64,1,1359200,20261010,1,52015,0,feed,17880,0,76,17880
1791624436,64,1,1360294,20261010,1,42157,0,feed,16140,0,43,16140
1791624436,65,1,1350580,20261010,1,57690,0,feed,16800,0,38,16800
1791624436,65,0,1369806,20261010,1,10761,0,feed,,,,
1791624436,68,0,1361346,20261010,2,9806,72,feed,16080,1,87,16080
1791624436,68,1,1363239,20261010,1,11904,0,feed,17760,0,103,17760
1791624436,686,0,1334512,20261010,1,47705,0,feed,17700,0,3,17700
1791624436,686,1,1335581,20261010,1,56939,0,feed,19440,0,4,19440
1791624436,7,0,1358889,20261010,1,51779,0,feed,18360,0,67,18360
1791624436,724,1,1368142,20261010,1,53222,0,feed,17760,0,35,17760
1791624436,74,1,1358627,20261010,1,13667,0,feed,16200,0,61,16200
1791624436,74,1,1359749,20261010,61,51546,-106,feed,16200,60,61,12660
1791624436,74,0,1359900,20261010,1,51546,0,feed,19440,0,59,19440
1791624436,9,1,1368468,20261010,1,51551,0,feed,18960,0,111,18960
1791624436,901,1,1003297,20261010,13,51405,-60,feed,16140,12,13,14400
1791624436,901,0,894452,20261010,4,51423,60,feed,16080,3,7,15720
1791624436,902,1,897379,20261010,2,56027,60,feed,16080,1,24,15960
1791624436,903,0,1264922,20261010,1,57285,0,feed,16620,0,6,16620
1791624436,903,1,1268813,20261010,1,56874,0,feed,18540,0,6,18540
1791624436,904,0,1364379,20261010,1,56830,0,feed,16620,0,13,16620
1791624436,904,0,1366866,20261010,1,56830,0,feed,17520,0,13,17520
1791624436,904,0,1367137,20261010,1,56830,0,feed,19320,0,13,19320
1791624436,904,1,1367524,20261010,1,56800,0,feed,18060,0,12,18060
1791624436,904,1,1367966,20261010,1,56800,0,feed,18960,0,12,18960
1791624436,904,0,1368153,20261010,1,56830,0,feed,18420,0,13,18420
1791624436,904,0,1368941,20261010,3,56831,456,feed,16140,2,13,15720
1791624436,905,1,1343911,20261010,1,57441,0,feed,17640,0,16,17640
1791624436,905,1,1343963,20261010,1,57441,0,feed,19440,0,16,19440
1791624436,905,0,1344311,20261010,1,52761,0,feed,18600,0,16,18600
1791624436,921,1,1364389,20261010,1,52531,0,feed,18300,0,20,18300
1791624436,921,0,1368087,20261010,1,51544,0,feed,18300,0,20,18300
1791624436,921,1,1368139,20261010,1,52531,0,feed,16560,0,20,16560
1791624436,921,0,1368770,20261010,1,51544,0,feed,19500,0,20,19500
1791624436,921,0,1369011,20261010,1,51544,145,feed,15900,0,20,15900
1791624436,921,0,1369174,20261010,1,51544,0,feed,17100,0,20,17100
1791624436,921,1,1369490,20261010,19,16607,-36,feed,16080,18,20,14760
1791624436,922,0,1312178,20261010,1,57314,0,feed,17760,0,35,17760
1791624436,922,0,1313652,20261010,4,4862,-87,feed,16140,3,35,15960
1791624436,922,1,1313829,20261010,1,56100,0,feed,17760,0,34,17760
1791624436,922,0,1314802,20261010,1,57314,0,feed,19560,0,35,19560
1791624436,922,1,1315465,20261010,1,56100,0,feed,18660,0,34,18660
1791624436,922,0,1315676,20261010,22,16971,149,feed,15900,21,35,14160
1791624436,922,1,1316895,20261010,1,56100,60,feed,15960,0,34,15960
1791624436,922,1,1317448,20261010,19,57337,78,feed,15960,18,34,14160
1791624436,923,1,1268383,20261010,8,56400,159,feed,15900,7,23,15300
1791624436,923,0,1270047,20261010,1,56897,0,feed,17580,0,22,17580
1791624436,923,0,1271835,20261010,1,56897,0,feed,19500,0,22,19500
1791624436,923,1,1273616,20261010,1,57278,0,feed,18840,0,23,18840
1791624436,924,1,1266788,20261010,1,56823,0,feed,,,,
1791624436,924,0,1268039,20261010,1,56873,0,feed,,,,
1791624436,924,1,1271482,20261010,2,9087,94,feed,,,,
1791624436,924,0,1274980,20261010,1,56873,0,feed,,,,
1791624436,924,1,1275612,20261010,17,436,298,feed,,,,
1791624436,924,1,1278135,20261010,1,56823,0,feed,,,,
1791624436,924,0,1279957,20261010,11,779,66,feed,,,,
1791624436,924,0,1287291,20261010,1,56873,0,feed,,,,
1791624436,925,0,1263575,20261010,3,1250,74,feed,15960,2,35,15840
1791624436,925,0,1333578,20261010,1,53703,0,feed,19380,0,35,19380
1791624436,925,1,1334308,20261010,1,57541,0,feed,18660,0,35,18660
1791624436,925,0,1334991,20261010,1,53703,0,feed,18240,0,35,18240
1791624436,925,1,1335605,20261010,1,57541,0,feed,16260,0,35,16260
1791625335,10,0,1135608,20261010,1,17994,0,feed,18120,0,24,18120
1791625335,10,1,1369015,20261010,21,17212,-41,feed,16920,20,33,16080
1791625335,10,1,1369996,20261010,1,49303,0,feed,,,,
1791625335,11,1,1333457,20261010,1,49304,0,feed,19500,0,79,19500
1791625335,11,0,1365035,20261010,29,17763,63,feed,16860,28,80,16020
1791625335,11,1,1368124,20261010,30,14665,177,feed,16740,29,79,15900
1791625335,11,1,1369121,20261010,1,49304,0,feed,18300,0,79,18300
1791625335,11,0,1369329,20261010,1,51828,0,feed,19620,0,80,19620
1791625335,14,0,1333362,20261010,1,4345,0,feed,19140,0,80,19140
1791625335,14,1,1369978,20261010,29,16401,-33,feed,,,,
1791625335,14,1,1371240,20261010,1,50153,0,feed,,,,
1791625335,17,1,1321194,20261010,1,17192,0,feed,19920,0,65,19920
1791625335,17,1,1321398,20261010,1,56800,0,feed,17100,0,49,17100
1791625335,17,0,1369463,20261010,1,57458,0,feed,18720,0,63,18720
1791625335,18,0,1360907,20261010,38,52309,302,feed,16740,37,47,14820
1791625335,18,0,1361020,20261010,1,51852,0,feed,19860,0,51,19860
1791625335,18,0,1367493,20261010,1,51852,0,feed,18060,0,51,18060
1791625335,18,1,1367736,20261010,1,17980,0,feed,18300,0,48,18300
1791625335,18,1,1368045,20261010,40,1346,-26,feed,16920,39,52,14820
1791625335,18,1,1368865,20261010,1,56800,0,feed,19800,0,52,19800
1791625335,2,0,1318533,20261010,1,57469,0,feed,19680,0,34,19680
1791625335,2,0,1369115,20261010,1,57469,9,feed,16920,0,34,16920
1791625335,2,1,1370784,20261010,1,50670,0,feed,,,,
1791625335,22,0,1365656,20261010,1,4558,0,feed,20220,0,86,20220
1791625335,22,1,1367416,20261010,1,17907,0,feed,18120,0,53,18120
1791625335,22,0,1368057,20261010,1,4558,0,feed,18480,0,82,18480
1791625335,22,1,1368812,20261010,1,56825,0,feed,19140,0,84,19140
1791625335,3,1,1179679,20261010,51,54046,252,feed,16680,50,65,14400
1791625335,3,0,1180125,20261010,1,54097,0,feed,18180,0,64,18180
1791625335,3,1,1322860,20261010,1,56100,0,feed,18300,0,65,18300
1791625335,3,1,1323618,20261010,1,56100,0,feed,20040,0,65,20040
1791625335,3,0,1323911,20261010,49,57346,107,feed,16800,48,65,14280
1791625335,36,1,1178660,20261010,1,50160,0,feed,19020,0,50,19020
1791625335,36,0,1180803,20261010,1,57537,0,feed,16980,0,53,16980
1791625335,36,0,1368734,20261010,1,57537,0,feed,18780,0,53,18780
1791625335,38,0,1350999,20261010,1,48213,0,feed,17520,0,108,17520
1791625335,38,0,1354181,20261010,1,48213,0,feed,19320,0,109,19320
1791625335,38,0,1354873,20261010,29,4814,191,feed,16740,28,109,15720
1791625335,38,1,1355670,20261010,1,16494,0,feed,19440,0,104,19440
1791625335,38,1,1367051,20261010,1,42032,0,feed,17460,0,107,17460
1791625335,4,0,1132936,20261010,1,50231,0,feed,19020,0,89,19020
1791625335,4,1,1357342,20261010,1,14153,0,feed,19500,0,85,19500
1791625335,4,0,1358661,20261010,31,40273,446,feed,16500,30,89,15480
1791625335,4,1,1368519,20261010,26,14937,201,feed,16740,25,90,15900
1791625335,5,0,1367165,20261010,1,51212,0,feed,19560,0,81,19560
1791625335,5,0,1367611,20261010,25,806,124,feed,16800,24,81,15960
1791625335,5,1,1369298,20261010,39,11161,-105,feed,16920,38,80,15840
1791625335,54,0,1320443,20261010,1,56875,0,feed,18120,0,25,18120
1791625335,54,1,1342193,20261010,7,47485,122,feed,16860,6,27,16440
1791625335,54,0,1346538,20261010,1,56875,0,feed,19560,0,46,19560
1791625335,54,0,1352924,20261010,9,13143,83,feed,16920,8,25,16020
1791625335,54,1,1354430,20261010,1,42319,0,feed,20220,0,47,20220
1791625335,54,1,1359664,20261010,1,56100,0,feed,18240,0,27,18240
1791625335,54,1,1359849,20261010,1,56100,0,feed,19980,0,27,19980
1791625335,61,0,1364707,20261010,1,17905,0,feed,19920,0,76,19920
1791625335,61,1,1365293,20261010,1,52761,0,feed,18780,0,73,18780
1791625335,61,0,1365919,20261010,1,17905,0,feed,,,,
1791625335,61,1,1371286,20261010,1,52761,0,feed,,,,
1791625335,62,0,1349339,20261010,1,328,0,feed,19800,0,86,19800
1791625335,62,1,1360353,20261010,1,49141,0,feed,18060,0,83,18060
1791625335,62,1,1362669,20261010,1,49141,0,feed,19560,0,83,19560
1791625335,62,0,1368282,20261010,1,328,0,feed,17700,0,86,17700
1791625335,63,0,1346603,20261010,1,15795,0,feed,19680,0,60,19680
1791625335,63,1,1347772,20261010,1,51114,0,feed,20040,0,59,20040
1791625335,63,1,1368235,20261010,14,3239,27,feed,16920,13,59,16440
1791625335,64,0,1358471,20261010,1,52761,0,feed,18360,0,78,18360
1791625335,64,1,1359200,20261010,1,52015,0,feed,17880,0,76,17880
1791625335,64,1,1360294,20261010,27,81103,-103,feed,16920,26,43,16140
1791625335,65,1,1349632,20261010,1,57690,0,feed,19680,0,38,19680
1791625335,65,1,1350580,20261010,1,57690,0,feed,16800,0,38,16800
1791625335,65,0,1369806,20261010,1,10761,0,feed,,,,
1791625335,68,0,1361346,20261010,32,425,54,feed,16860,31,87,16080
1791625335,68,1,1363239,20261010,1,11904,0,feed,17760,0,103,17760
1791625335,68,1,1366827,20261010,1,57511,0,feed,19980,0,125,19980
1791625335,68,0,1369150,20261010,2,9806,46,feed,19560,1,87,19560
1791625335,686,0,1331376,20261010,1,47705,0,feed,20220,0,3,20220
1791625335,686,0,1334512,20261010,1,47705,0,feed,17700,0,3,17700
1791625335,686,1,1335581,20261010,1,56939,0,feed,19440,0,4,19440
1791625335,7,1,1358182,20261010,1,17679,0,feed,20220,0,63,20220
1791625335,7,0,1358889,20261010,1,51779,0,feed,18360,0,67,18360
1791625335,7,0,1359381,20261010,1,51779,0,feed,20040,0,64,20040
1791625335,724,0,1132223,20261010,1,51846,0,feed,20100,0,33,20100
1791625335,724,1,1368142,20261010,1,53222,0,feed,17760,0,35,17760
1791625335,74,1,1358627,20261010,13,49750,-39,feed,16920,12,61,16200
1791625335,74,1,1359531,20261010,1,13667,0,feed,19800,0,61,19800
1791625335,74,0,1359900,20261010,1,51546,0,feed,19440,0,59,19440
1791625335,87,0,1351243,20261010,1,51892,0,feed,20040,0,71,20040
1791625335,9,0,1360500,20261010,1,3012,0,feed,19860,0,87,19860
1791625335,9,1,1368468,20261010,1,51551,0,feed,18960,0,111,18960
1791625335,901,0,881610,20261010,1,51405,0,feed,17520,0,20,17520
1791625335,901,1,895872,20261010,3,56336,0,feed,17340,2,20,17160
1791625335,901,0,977233,20261010,13,51427,180,feed,16860,12,20,15180
1791625335,902,1,884312,20261010,2,56027,0,feed,16980,1,24,16860
1791625335,902,1,897379,20261010,8,56033,240,feed,16800,7,24,15960
1791625335,903,0,1264922,20261010,3,53494,100,feed,16860,2,6,16620
1791625335,903,0,1267047,20261010,1,57285,0,feed,20220,0,6,20220
1791625335,903,1,1268813,20261010,1,56874,0,feed,18540,0,6,18540
1791625335,904,1,1274207,20261010,1,56800,0,feed,19860,0,12,19860
1791625335,904,0,1364315,20261010,1,56830,0,feed,20220,0,13,20220
1791625335,904,0,1364379,20261010,3,56831,344,feed,17040,2,13,16620
1791625335,904,0,1366866,20261010,1,56830,0,feed,17520,0,13,17520
1791625335,904,0,1367137,20261010,1,56830,0,feed,19320,0,13,19320
1791625335,904,1,1367524,20261010,1,56800,0,feed,18060,0,12,18060
1791625335,904,1,1367966,20261010,1,56800,0,feed,18960,0,12,18960
1791625335,904,0,1368153,20261010,1,56830,0,feed,18420,0,13,18420
1791625335,904,0,1368941,20261010,3,56831,1102,feed,16140,2,13,15720
1791625335,905,1,1343911,20261010,1,57441,0,feed,17640,0,16,17640
1791625335,905,1,1343963,20261010,1,57441,0,feed,19440,0,16,19440
1791625335,905,0,1344223,20261010,1,52761,0,feed,20400,0,16,20400
1791625335,905,0,1344311,20261010,1,52761,0,feed,18600,0,16,18600
1791625335,921,1,1364389,20261010,1,52531,0,feed,18300,0,20,18300
1791625335,921,0,1365678,20261010,1,51544,0,feed,20400,0,20,20400
1791625335,921,1,1367011,20261010,1,52531,0,feed,20100,0,20,20100
1791625335,921,0,1368087,20261010,1,51544,0,feed,18300,0,20,18300
1791625335,921,1,1368139,20261010,3,50032,208,feed,16740,2,20,16560
1791625335,921,0,1368770,20261010,1,51544,0,feed,19500,0,20,19500
1791625335,921,0,1369011,20261010,11,17366,98,feed,16860,10,20,15900
1791625335,921,0,1369174,20261010,1,51544,0,feed,17100,0,20,17100
1791625335,922,0,1312178,20261010,1,57314,0,feed,17760,0,35,17760
1791625335,922,0,1313652,20261010,12,16884,-140,feed,16980,11,35,15960
1791625335,922,1,1313829,20261010,1,56100,0,feed,17760,0,34,17760
1791625335,922,0,1314802,20261010,1,57314,0,feed,19560,0,35,19560
1791625335,922,1,1315465,20261010,1,56100,0,feed,18660,0,34,18660
1791625335,922,0,1315676,20261010,30,57416,125,feed,16800,29,35,14160
1791625335,922,1,1316207,20261010,1,56100,0,feed,19560,0,34,19560
1791625335,922,1,1316561,20261010,1,56100,0,feed,20400,0,34,20400
1791625335,922,1,1316895,20261010,9,57338,137,feed,16800,8,34,15960
1791625335,922,1,1317448,20261010,29,57357,110,feed,16860,28,34,14160
1791625335,923,1,1268383,20261010,18,17905,138,feed,16800,17,23,15300
1791625335,923,0,1270047,20261010,1,56897,0,feed,17580,0,22,17580
1791625335,923,0,1271835,20261010,1,56897,0,feed,19500,0,22,19500
1791625335,923,1,1273616,20261010,1,57278,0,feed,18840,0,23,18840
1791625335,924,1,1266788,20261010,1,56823,0,feed,,,,
1791625335,924,0,1268039,20261010,1,56873,0,feed,,,,
1791625335,924,0,1269022,20261010,1,56873,0,feed,,,,
1791625335,924,1,1271482,20261010,13,11161,-57,feed,,,,
1791625335,924,1,1273959,20261010,1,56823,0,feed,,,,
1791625335,924,0,1274980,20261010,1,56873,0,feed,,,,
1791625335,924,1,1278135,20261010,1,56823,0,feed,,,,
1791625335,924,0,1279957,20261010,19,56927,-34,feed,,,,
1791625335,924,0,1287291,20261010,1,56873,0,feed,,,,
1791625335,925,0,1263575,20261010,15,50195,25,feed,16920,14,35,15840
1791625335,925,0,1333578,20261010,1,53703,0,feed,19380,0,35,19380
1791625335,925,1,1334308,20261010,1,57541,0,feed,18660,0,35,18660
1791625335,925,0,1334991,20261010,1,53703,0,feed,18240,0,35,18240
1791625335,925,1,1335384,20261010,1,57541,0,feed,19860,0,35,19860
1791625335,925,1,1335605,20261010,8,16116,102,feed,16860,7,35,16260
1791626237,10,0,1135608,20261010,1,17994,0,feed,18120,0,24,18120
1791626237,10,1,1369996,20261010,1,49303,0,feed,,,,
1791626237,10,0,1370236,20261010,1,19337,0,feed,,,,
1791626237,10,1,1370941,20261010,1,57165,0,feed,,,,
1791626237,11,1,1333457,20261010,1,49304,0,feed,19500,0,79,19500
1791626237,11,0,1365035,20261010,39,17994,-175,feed,17400,38,80,16020
1791626237,11,1,1368124,20261010,42,17980,-176,feed,17400,41,79,15900
1791626237,11,1,1369121,20261010,1,49304,0,feed,18300,0,79,18300
1791626237,11,0,1369329,20261010,1,51828,0,feed,19620,0,80,19620
1791626237,14,0,1333362,20261010,1,4345,0,feed,19140,0,80,19140
1791626237,14,1,1369978,20261010,37,17882,-111,feed,,,,
1791626237,14,1,1371240,20261010,1,50153,0,feed,,,,
1791626237,17,1,1321194,20261010,1,17192,0,feed,19920,0,65,19920
1791626237,17,1,1321398,20261010,5,17980,-191,feed,17400,4,49,17100
1791626237,17,0,1323369,20261010,1,57458,0,feed,21120,0,63,21120
1791626237,17,0,1369463,20261010,1,57458,0,feed,18720,0,63,18720
1791626237,18,0,1361020,20261010,1,51852,0,feed,19860,0,51,19860
1791626237,18,0,1367077,20261010,1,51852,0,feed,21060,0,51,21060
1791626237,18,0,1367493,20261010,1,51852,0,feed,18060,0,51,18060
1791626237,18,1,1367736,20261010,1,17980,0,feed,18300,0,48,18300
1791626237,18,1,1368865,20261010,1,56800,0,feed,19800,0,52,19800
1791626237,2,0,1318533,20261010,1,57469,0,feed,19680,0,34,19680
1791626237,2,0,1369115,20261010,20,15668,9,feed,17820,19,34,16920
1791626237,2,1,1370784,20261010,1,50670,0,feed,,,,
1791626237,215,0,1267487,20261010,1,49979,0,feed,20640,0,30,20640
1791626237,22,1,1356719,20261010,1,56825,0,feed,21060,0,87,21060
1791626237,22,0,1365656,20261010,1,4558,0,feed,20220,0,86,20220
1791626237,22,1,1367416,20261010,1,17907,0,feed,18120,0,53,18120
1791626237,22,0,1368057,20261010,1,4558,0,feed,18480,0,82,18480
1791626237,22,1,1368812,20261010,1,56825,0,feed,19140,0,84,19140
1791626237,25,1,1369824,20261010,1,57166,0,feed,,,,
1791626237,3,1,1179679,20261010,61,19313,535,feed,17460,60,65,14400
1791626237,3,0,1180125,20261010,1,54097,185,feed,18180,0,64,18180
1791626237,3,1,1322860,20261010,1,56100,0,feed,18300,0,65,18300
1791626237,3,1,1323618,20261010,1,56100,0,feed,20040,0,65,20040
1791626237,3,0,1323911,20261010,64,1246,350,feed,17520,63,65,14280
1791626237,323,1,1137363,20261010,1,57508,0,feed,21120,0,25,21120
1791626237,36,1,1177722,20261010,1,50160,0,feed,20820,0,50,20820
1791626237,36,1,1178660,20261010,1,50160,0,feed,19020,0,50,19020
1791626237,36,0,1180417,20261010,1,57537,0,feed,20580,0,53,20580
1791626237,36,0,1180803,20261010,21,53705,100,feed,17820,20,53,16980
1791626237,36,0,1368734,20261010,1,57537,0,feed,18780,0,53,18780
1791626237,38,0,1349537,20261010,1,48213,0,feed,21120,0,108,21120
1791626237,38,0,1350999,20261010,8,48212,-38,feed,17880,7,108,17520
1791626237,38,1,1353164,20261010,1,42032,0,feed,21060,0,107,21060
1791626237,38,0,1354181,20261010,1,48213,0,feed,19320,0,109,19320
1791626237,38,0,1354873,20261010,58,50109,-48,feed,17880,57,109,15720
1791626237,38,1,1355670,20261010,1,16494,0,feed,19440,0,104,19440
1791626237,38,1,1367051,20261010,10,12518,13,feed,17820,9,107,17460
1791626237,4,0,1132936,20261010,1,50231,0,feed,19020,0,89,19020
1791626237,4,1,1357342,20261010,1,14153,0,feed,19500,0,85,19500
1791626237,4,0,1358661,20261010,52,53099,-26,feed,17520,51,89,15480
1791626237,4,0,1368258,20261010,1,50231,0,feed,21360,0,87,21360
1791626237,4,1,1368519,20261010,40,17923,-92,feed,17520,39,90,15900
1791626237,5,0,1367165,20261010,1,51212,0,feed,19560,0,81,19560
1791626237,5,0,1367611,20261010,37,17902,-203,feed,17400,36,81,15960
1791626237,5,1,1369298,20261010,46,17907,-723,feed,17400,45,80,15840
1791626237,54,0,1320443,20261010,1,56875,0,feed,18120,0,25,18120
1791626237,54,1,1342193,20261010,20,56939,27,feed,18000,19,27,16440
1791626237,54,0,1346538,20261010,1,56875,0,feed,19560,0,46,19560
1791626237,54,0,1352924,20261010,23,57418,90,feed,17760,22,25,16020
1791626237,54,1,1354430,20261010,1,42319,0,feed,20220,0,47,20220
1791626237,54,0,1359180,20261010,1,56875,0,feed,21060,0,25,21060
1791626237,54,1,1359664,20261010,1,56100,0,feed,18240,0,27,18240
1791626237,54,1,1359849,20261010,1,56100,0,feed,19980,0,27,19980
1791626237,61,0,1364707,20261010,1,17905,0,feed,19920,0,76,19920
1791626237,61,1,1365293,20261010,1,52761,0,feed,18780,0,73,18780
1791626237,61,0,1365919,20261010,1,17905,0,feed,,,,
1791626237,61,1,1367559,20261010,1,52761,0,feed,20580,0,73,20580
1791626237,61,1,1371286,20261010,15,80939,-158,feed,,,,
1791626237,62,0,1349339,20261010,1,328,0,feed,19800,0,86,19800
1791626237,62,1,1360353,20261010,1,49141,0,feed,18060,0,83,18060
1791626237,62,1,1362669,20261010,1,49141,0,feed,19560,0,83,19560
1791626237,62,1,1368245,20261010,1,49141,0,feed,21360,0,83,21360
1791626237,62,0,1368282,20261010,6,332,-51,feed,17880,5,86,17700
1791626237,63,0,1346603,20261010,1,15795,0,feed,19680,0,60,19680
1791626237,63,1,1347772,20261010,1,51114,0,feed,20040,0,59,20040
1791626237,63,1,1368235,20261010,22,11861,-91,feed,17700,21,59,16440
1791626237,64,0,1358471,20261010,1,52761,0,feed,18360,0,78,18360
1791626237,64,1,1359200,20261010,1,52015,0,feed,17880,0,76,17880
1791626237,64,0,1359715,20261010,1,52761,0,feed,21360,0,78,21360
1791626237,64,1,1360294,20261010,42,52759,-317,feed,17880,41,43,16140
1791626237,65,1,1349632,20261010,1,57690,0,feed,19680,0,38,19680
1791626237,65,1,1350580,20261010,24,10729,169,feed,17640,23,38,16800
1791626237,65,0,1369806,20261010,1,10761,0,feed,,,,
1791626237,68,0,1361346,20261010,57,49936,-61,feed,17760,56,87,16080
1791626237,68,1,1363239,20261010,3,49993,26,feed,17880,2,103,17760
1791626237,68,1,1366827,20261010,1,57511,0,feed,19980,0,125,19980
1791626237,68,0,1369150,20261010,2,9806,46,feed,19560,1,87,19560
1791626237,686,0,1331376,20261010,1,47705,0,feed,20220,0,3,20220
1791626237,686,0,1334512,20261010,1,47705,126,feed,17700,0,3,17700
1791626237,686,1,1335581,20261010,1,56939,0,feed,19440,0,4,19440
1791626237,7,1,1358182,20261010,1,17679,0,feed,20220,0,63,20220
1791626237,7,0,1358889,20261010,1,51779,0,feed,18360,0,67,18360
1791626237,7,0,1359381,20261010,1,51779,0,feed,20040,0,64,20040
1791626237,716,1,1136367,20261010,1,8728,0,feed,20520,0,50,20520
1791626237,724,0,1132223,20261010,1,51846,0,feed,20100,0,33,20100
1791626237,724,1,1368142,20261010,2,9055,43,feed,17820,1,35,17760
1791626237,74,1,1358627,20261010,25,11861,-156,feed,17700,24,61,16200
1791626237,74,1,1359531,20261010,1,13667,0,feed,19800,0,61,19800
1791626237,74,0,1359900,20261010,1,51546,0,feed,19440,0,59,19440
1791626237,87,1,1303812,20261010,1,57690,0,feed,20640,0,70,20640
1791626237,87,0,1351243,20261010,1,51892,0,feed,20040,0,71,20040
1791626237,9,0,1360500,20261010,1,3012,0,feed,19860,0,87,19860
1791626237,9,1,1368468,20261010,1,51551,0,feed,18960,0,111,18960
1791626237,901,1,1005706,20261010,6,51417,0,feed,17820,5,13,17160
1791626237,901,0,881610,20261010,4,53280,120,feed,17820,3,20,17520
1791626237,901,1,895872,20261010,7,51411,60,feed,17760,6,20,17160
1791626237,901,0,905011,20261010,1,51426,0,feed,17880,0,7,17880
1791626237,901,1,987451,20261010,3,56336,0,feed,18420,2,20,18240
1791626237,902,1,884312,20261010,8,56033,120,feed,17700,7,24,16860
1791626237,902,1,897379,20261010,15,56040,180,feed,17700,14,24,15960
1791626237,902,1,977814,20261010,2,56027,60,feed,17880,1,24,17760
1791626237,903,0,1267047,20261010,1,57285,0,feed,20220,0,6,20220
1791626237,903,1,1268813,20261010,1,56874,0,feed,18540,0,6,18540
1791626237,904,1,1267982,20261010,1,56800,0,feed,20760,0,12,20760
1791626237,904,1,1274207,20261010,1,56800,0,feed,19860,0,12,19860
1791626237,904,0,1364315,20261010,1,56830,0,feed,20220,0,13,20220
1791626237,904,0,1364379,20261010,7,53542,277,feed,17820,6,13,16620
1791626237,904,0,1366866,20261010,3,56831,366,feed,17940,2,13,17520
1791626237,904,0,1367137,20261010,1,56830,0,feed,19320,0,13,19320
1791626237,904,1,1367524,20261010,1,56800,0,feed,18060,0,12,18060
1791626237,904,0,1368153,20261010,1,56830,31,feed,18420,0,13,18420
1791626237,904,0,1368503,20261010,1,56830,0,feed,21120,0,13,21120
1791626237,905,1,1343911,20261010,3,57437,-29,feed,17880,2,16,17640
1791626237,905,1,1343963,20261010,1,57441,0,feed,19440,0,16,19440
1791626237,905,0,1344223,20261010,1,52761,0,feed,20400,0,16,20400
1791626237,905,0,1344311,20261010,1,52761,0,feed,18600,0,16,18600
1791626237,905,1,1345077,20261010,1,57441,0,feed,21240,0,16,21240
1791626237,921,0,1364283,20261010,1,51544,0,feed,21300,0,20,21300
1791626237,921,1,1364389,20261010,1,52531,0,feed,18300,0,20,18300
1791626237,921,0,1365678,20261010,1,51544,0,feed,20400,0,20,20400
1791626237,921,1,1367011,20261010,1,52531,0,feed,20100,0,20,20100
1791626237,921,0,1368087,20261010,1,51544,0,feed,18300,0,20,18300
1791626237,921,1,1368139,20261010,16,56126,171,feed,17640,15,20,16560
1791626237,921,0,1368770,20261010,1,51544,0,feed,19500,0,20,19500
1791626237,921,1,1368838,20261010,1,52531,0,feed,21300,0,20,21300
1791626237,921,0,1369174,20261010,8,56114,-97,feed,17880,7,20,17100
1791626237,922,0,1312178,20261010,3,57354,7,feed,17820,2,35,17760
1791626237,922,0,1313652,20261010,23,17307,-104,feed,17880,22,35,15960
1791626237,922,1,1313829,20261010,2,57419,-27,feed,17940,1,34,17760
1791626237,922,0,1314244,20261010,1,57314,0,feed,21360,0,35,21360
1791626237,922,0,1314802,20261010,1,57314,0,feed,19560,0,35,19560
1791626237,922,1,1315465,20261010,1,56100,0,feed,18660,0,34,18660
1791626237,922,1,1316069,20261010,1,56100,0,feed,21300,0,34,21300
1791626237,922,1,1316207,20261010,1,56100,0,feed,19560,0,34,19560
1791626237,922,1,1316561,20261010,1,56100,0,feed,20400,0,34,20400
1791626237,922,1,1316895,20261010,21,16904,-118,feed,17880,20,34,15960
1791626237,923,1,1269805,20261010,1,57278,0,feed,20640,0,23,20640
1791626237,923,0,1269973,20261010,1,56897,0,feed,20700,0,22,20700
1791626237,923,0,1270047,20261010,2,17897,134,feed,17700,1,22,17580
1791626237,923,0,1271835,20261010,1,56897,0,feed,19500,0,22,19500
1791626237,923,1,1273616,20261010,1,57278,0,feed,18840,0,23,18840
1791626237,924,0,1264524,20261010,1,56873,0,feed,,,,
1791626237,924,1,1266788,20261010,1,56823,0,feed,,,,
1791626237,924,0,1268039,20261010,1,56873,0,feed,,,,
1791626237,924,0,1269022,20261010,1,56873,0,feed,,,,
1791626237,924,1,1271482,20261010,18,17907,-234,feed,,,,
1791626237,924,1,1272505,20261010,1,56823,0,feed,,,,
1791626237,924,1,1273959,20261010,1,56823,0,feed,,,,
1791626237,924,0,1274980,20261010,1,56873,0,feed,,,,
1791626237,924,1,1278135,20261010,1,56823,0,feed,,,,
1791626237,924,0,1279957,20261010,24,17902,-192,feed,,,,
1791626237,924,0,1287291,20261010,3,56921,4,feed,,,,
1791626237,925,0,1263575,20261010,21,53099,-28,feed,17520,20,35,15840
1791626237,925,1,1333024,20261010,1,57541,0,feed,21360,0,35,21360
1791626237,925,0,1333578,20261010,1,53703,0,feed,19380,0,35,19380
1791626237,925,1,1334308,20261010,1,57541,0,feed,18660,0,35,18660
1791626237,925,0,1334991,20261010,1,53703,0,feed,18240,0,35,18240
1791626237,925,1,1335384,20261010,1,57541,0,feed,19860,0,35,19860
1791626237,925,1,1335605,20261010,15,17923,184,feed,17520,14,35,16260
1791626237,925,0,1335737,20261010,1,53703,0,feed,20880,0,35,20880
1791627136,10,0,1135608,20261010,6,14952,153,feed,18600,5,24,18120
1791627136,10,1,1369996,20261010,1,49303,0,feed,,,,
1791627136,10,0,1370236,20261010,1,19337,0,feed,,,,
1791627136,10,1,1370941,20261010,1,57165,0,feed,,,,
1791627136,11,1,1318651,20261010,1,49304,0,feed,21840,0,79,21840
1791627136,11,1,1333457,20261010,1,49304,0,feed,19500,0,79,19500
1791627136,11,0,1365035,20261010,54,14652,-10,feed,18720,53,80,16020
1791627136,11,1,1368124,20261010,59,14331,23,feed,18720,58,79,15900
1791627136,11,1,1369121,20261010,10,40882,235,feed,18480,9,79,18300
1791627136,11,0,1369148,20261010,1,51828,0,feed,22260,0,80,22260
1791627136,11,0,1369329,20261010,1,51828,0,feed,19620,0,80,19620
1791627136,14,0,1333362,20261010,1,4345,0,feed,19140,0,80,19140
1791627136,14,1,1369978,20261010,54,15615,151,feed,,,,
1791627136,14,1,1371240,20261010,1,50153,0,feed,,,,
1791627136,17,1,1321194,20261010,1,17192,0,feed,19920,0,65,19920
1791627136,17,1,1321398,20261010,16,4669,0,feed,18720,15,49,17100
1791627136,17,0,1323369,20261010,1,57458,0,feed,21120,0,63,21120
1791627136,17,1,1334330,20261010,1,17192,0,feed,22020,0,65,22020
1791627136,17,0,1369463,20261010,1,57458,1,feed,18720,0,63,18720
1791627136,18,0,1361020,20261010,1,51852,0,feed,19860,0,51,19860
1791627136,18,0,1367077,20261010,1,51852,0,feed,21060,0,51,21060
1791627136,18,0,1367493,20261010,9,1446,179,feed,18540,8,51,18060
1791627136,18,1,1367736,20261010,8,1202,-65,feed,18780,7,48,18300
1791627136,18,0,1367989,20261010,1,51852,0,feed,21960,0,51,21960
1791627136,18,0,1368315,20261010,1,57131,0,feed,22080,0,84,22080
1791627136,18,1,1368372,20261010,1,56800,0,feed,21600,0,52,21600
1791627136,18,1,1368865,20261010,1,56800,0,feed,19800,0,52,19800
1791627136,2,0,1318533,20261010,1,57469,0,feed,19680,0,34,19680
1791627136,2,0,1369115,20261010,33,41243,62,feed,18720,32,34,16920
1791627136,2,0,1370716,20261010,1,57469,0,feed,,,,
1791627136,2,1,1370784,20261010,1,50670,0,feed,,,,
1791627136,215,0,1267487,20261010,1,49979,0,feed,20640,0,30,20640
1791627136,22,1,1356719,20261010,1,56825,0,feed,21060,0,87,21060
1791627136,22,0,1365028,20261010,1,4558,0,feed,21780,0,82,21780
1791627136,22,0,1365656,20261010,1,4558,0,feed,20220,0,86,20220
1791627136,22,1,1367416,20261010,12,57023,186,feed,18540,11,53,18120
1791627136,22,0,1368057,20261010,6,51564,24,feed,18720,5,82,18480
1791627136,22,1,1368812,20261010,1,56825,0,feed,19140,0,84,19140
1791627136,25,1,1369824,20261010,1,57166,0,feed,,,,
1791627136,27,0,1368823,20261010,1,52857,0,feed,21600,0,23,21600
1791627136,3,0,1180125,20261010,6,19314,73,feed,18720,5,64,18180
1791627136,3,0,1294585,20261010,1,54097,0,feed,21720,0,64,21720
1791627136,3,1,1321710,20261010,1,56100,0,feed,21960,0,64,21960
1791627136,3,1,1322860,20261010,2,2611,320,feed,18480,1,65,18300
1791627136,3,1,1323618,20261010,1,56100,0,feed,20040,0,65,20040
1791627136,323,1,1137363,20261010,1,57508,0,feed,21120,0,25,21120
1791627136,345,1,1133227,20261010,1,57508,0,feed,21900,0,15,21900
1791627136,345,0,1137643,20261010,1,56879,0,feed,21600,0,15,21600
1791627136,36,1,1177722,20261010,1,50160,0,feed,20820,0,50,20820
1791627136,36,1,1178660,20261010,1,50160,0,feed,19020,0,50,19020
1791627136,36,0,1180417,20261010,1,57537,0,feed,20580,0,53,20580
1791627136,36,0,1180803,20261010,46,1313,36,feed,18720,45,53,16980
1791627136,36,0,1368734,20261010,1,57537,0,feed,18780,0,53,18780
1791627136,38,0,1349537,20261010,1,48213,0,feed,21120,0,108,21120
1791627136,38,0,1350999,20261010,30,3592,102,feed,18600,29,108,17520
1791627136,38,1,1353164,20261010,1,42032,0,feed,21060,0,107,21060
1791627136,38,0,1354181,20261010,1,48213,0,feed,19320,0,109,19320
1791627136,38,0,1354873,20261010,76,17516,-327,feed,18780,75,109,15720
1791627136,38,1,1355670,20261010,1,16494,0,feed,19440,0,104,19440
1791627136,38,1,1367051,20261010,30,80139,167,feed,18660,29,107,17460
1791627136,4,0,1132936,20261010,1,50231,0,feed,19020,0,89,19020
1791627136,4,1,1357342,20261010,1,14153,0,feed,19500,0,85,19500
1791627136,4,0,1358661,20261010,63,56701,6,feed,18720,62,89,15480
1791627136,4,1,1360580,20261010,1,14153,0,feed,22140,0,90,22140
1791627136,4,0,1368258,20261010,1,50231,0,feed,21360,0,87,21360
1791627136,4,1,1368519,20261010,49,20047,-19,feed,18720,48,90,15900
1791627136,5,0,1367165,20261010,1,51212,0,feed,19560,0,81,19560
1791627136,5,0,1367611,20261010,57,8937,11,feed,18720,56,81,15960
1791627136,5,1,1367795,20261010,1,51846,0,feed,21720,0,80,21720
1791627136,5,1,1369298,20261010,61,50,12,feed,18720,60,80,15840
1791627136,54,0,1320443,20261010,8,56939,85,feed,18720,7,25,18120
1791627136,54,1,1342193,20261010,27,56875,133,feed,18600,26,27,16440
1791627136,54,0,1346538,20261010,1,56875,0,feed,19560,0,46,19560
1791627136,54,1,1354430,20261010,1,42319,0,feed,20220,0,47,20220
1791627136,54,0,1359180,20261010,1,56875,0,feed,21060,0,25,21060
1791627136,54,1,1359664,20261010,4,57417,181,feed,18540,3,27,18240
1791627136,54,1,1359849,20261010,1,56100,0,feed,19980,0,27,19980
1791627136,61,0,1364707,20261010,1,17905,0,feed,19920,0,76,19920
1791627136,61,1,1365293,20261010,1,52761,0,feed,18780,0,73,18780
1791627136,61,0,1365919,20261010,10,14955,70,feed,,,,
1791627136,61,1,1367559,20261010,1,52761,0,feed,20580,0,73,20580
1791627136,61,0,1370799,20261010,1,17905,0,feed,,,,
1791627136,61,1,1371286,20261010,30,42421,-3,feed,,,,
1791627136,62,0,1349339,20261010,1,328,0,feed,19800,0,86,19800
1791627136,62,0,1359990,20261010,1,328,0,feed,21900,0,86,21900
1791627136,62,1,1360353,20261010,19,46698,54,feed,18660,18,83,18060
1791627136,62,1,1362669,20261010,1,49141,0,feed,19560,0,83,19560
1791627136,62,1,1368245,20261010,1,49141,0,feed,21360,0,83,21360
1791627136,62,0,1368282,20261010,39,6331,-74,feed,18780,38,86,17700
1791627136,63,0,1346603,20261010,1,15795,0,feed,19680,0,60,19680
1791627136,63,1,1347772,20261010,1,51114,0,feed,20040,0,59,20040
1791627136,63,1,1368235,20261010,37,56947,6,feed,18720,36,59,16440
1791627136,64,0,1358471,20261010,5,11837,101,feed,18600,4,78,18360
1791627136,64,1,1358491,20261010,1,52015,0,feed,21480,0,76,21480
1791627136,64,1,1359200,20261010,27,48194,-23,feed,18720,26,76,17880
1791627136,64,0,1359715,20261010,1,52761,0,feed,21360,0,78,21360
1791627136,65,1,1349632,20261010,1,57690,0,feed,19680,0,38,19680
1791627136,65,1,1351111,20261010,1,57690,0,feed,21480,0,38,21480
1791627136,65,0,1369806,20261010,2,80984,95,feed,,,,
1791627136,65,0,1369901,20261010,1,10761,0,feed,,,,
1791627136,68,0,1361346,20261010,67,49938,-72,feed,18780,66,87,16080
1791627136,68,0,1363096,20261010,1,53340,0,feed,22200,0,131,22200
1791627136,68,1,1363239,20261010,31,9910,-65,feed,18780,30,103,17760
1791627136,68,1,1366827,20261010,1,57511,0,feed,19980,0,125,19980
1791627136,68,0,1369150,20261010,2,9806,46,feed,19560,1,87,19560
1791627136,686,1,1172304,20261010,1,56939,0,feed,21960,0,4,21960
1791627136,686,0,1331376,20261010,1,47705,0,feed,20220,0,3,20220
1791627136,686,0,1334512,20261010,2,57622,146,feed,18780,1,3,17700
1791627136,686,1,1335581,20261010,1,56939,0,feed,19440,0,4,19440
1791627136,7,1,1358182,20261010,1,17679,0,feed,20220,0,63,20220
1791627136,7,0,1358889,20261010,3,19437,250,feed,18540,2,67,18360
1791627136,7,0,1359381,20261010,1,51779,0,feed,20040,0,64,20040
1791627136,7,0,1370524,20261010,1,51779,0,feed,,,,
1791627136,716,1,1136367,20261010,1,8728,0,feed,20520,0,50,20520
1791627136,716,0,1137589,20261010,1,50154,0,feed,22200,0,51,22200
1791627136,724,0,1132223,20261010,1,51846,0,feed,20100,0,33,20100
1791627136,724,1,1132932,20261010,1,53222,0,feed,21720,0,35,21720
1791627136,724,1,1368142,20261010,33,9468,-6,feed,18720,32,35,17760
1791627136,74,1,1358627,20261010,42,11707,-52,feed,18720,41,61,16200
1791627136,74,1,1359531,20261010,1,13667,0,feed,19800,0,61,19800
1791627136,74,0,1359900,20261010,1,51546,0,feed,19440,0,59,19440
1791627136,74,0,1359985,20261010,1,51546,0,feed,22140,0,59,22140
1791627136,87,1,1303812,20261010,1,57690,0,feed,20640,0,70,20640
1791627136,87,0,1349236,20261010,1,51892,0,feed,,,,
1791627136,87,0,1351243,20261010,1,51892,0,feed,20040,0,71,20040
1791627136,9,0,1360500,20261010,1,3012,0,feed,19860,0,87,19860
1791627136,9,1,1364704,20261010,1,51551,0,feed,22140,0,96,22140
1791627136,9,1,1368468,20261010,1,51551,0,feed,18960,0,111,18960
1791627136,901,1,1005706,20261010,12,51422,120,feed,18660,11,13,17160
1791627136,901,0,879628,20261010,2,56330,120,feed,18780,1,7,18660
1791627136,901,0,881610,20261010,10,51430,60,feed,18720,9,20,17520
1791627136,901,0,894011,20261010,3,51436,60,feed,18660,2,20,18420
1791627136,901,1,895872,20261010,13,51417,240,feed,18480,12,20,17160
1791627136,901,1,901576,20261010,3,56336,0,feed,19320,2,20,19140
1791627136,902,1,882333,20261010,2,56027,-60,feed,18780,1,24,18660
1791627136,902,1,884312,20261010,16,56041,60,feed,18780,15,24,16860
1791627136,902,1,897379,20261010,20,51424,240,feed,18480,19,24,15960
1791627136,902,0,904726,20261010,4,51408,-60,feed,18840,3,24,18540
1791627136,902,1,977814,20261010,9,56034,0,feed,18720,8,24,17760
1791627136,903,1,1263994,20261010,1,56874,0,feed,22320,0,6,22320
1791627136,903,0,1267047,20261010,1,57285,0,feed,20220,0,6,20220
1791627136,903,1,1268813,20261010,2,56510,34,feed,18900,1,6,18540
1791627136,904,1,1267982,20261010,1,56800,0,feed,20760,0,12,20760
1791627136,904,1,1274207,20261010,1,56800,0,feed,19860,0,12,19860
1791627136,904,0,1364315,20261010,1,56830,0,feed,20220,0,13,20220
1791627136,904,0,1364379,20261010,12,19260,263,feed,18480,11,13,16620
1791627136,904,0,1366866,20261010,7,53542,159,feed,18720,6,13,17520
1791627136,904,0,1367137,20261010,1,56830,0,feed,19320,0,13,19320
1791627136,904,1,1367524,20261010,6,17781,113,feed,18720,5,12,18060
1791627136,904,0,1368153,20261010,3,56831,389,feed,18840,2,13,18420
1791627136,904,0,1368503,20261010,1,56830,0,feed,21120,0,13,21120
1791627136,904,1,1368791,20261010,1,56800,0,feed,21660,0,12,21660
1791627136,905,1,1343911,20261010,10,57423,-232,feed,18780,9,16,17640
1791627136,905,1,1343963,20261010,1,57441,0,feed,19440,0,16,19440
1791627136,905,0,1344223,20261010,1,52761,0,feed,20400,0,16,20400
1791627136,905,0,1344311,20261010,3,3142,-70,feed,18780,2,16,18600
1791627136,905,0,1344388,20261010,1,52761,0,feed,22200,0,16,22200
1791627136,905,1,1345077,20261010,1,57441,0,feed,21240,0,16,21240
1791627136,921,0,1364283,20261010,1,51544,0,feed,21300,0,20,21300
1791627136,921,1,1364389,20261010,4,56121,105,feed,18600,3,20,18300
1791627136,921,0,1365678,20261010,1,51544,0,feed,20400,0,20,20400
1791627136,921,1,1367011,20261010,1,52531,0,feed,20100,0,20,20100
1791627136,921,1,1367988,20261010,1,52531,0,feed,22200,0,20,22200
1791627136,921,0,1368087,20261010,4,56111,-82,feed,18780,3,20,18300
1791627136,921,0,1368770,20261010,1,51544,0,feed,19500,0,20,19500
1791627136,921,1,1368838,20261010,1,52531,0,feed,21300,0,20,21300
1791627136,921,0,1369174,20261010,20,52531,-57,feed,18840,19,20,17100
1791627136,922,0,1312178,20261010,12,16884,4,feed,18780,11,35,17760
1791627136,922,1,1312498,20261010,1,56100,0,feed,22200,0,34,22200
1791627136,922,0,1313652,20261010,31,3142,-118,feed,18780,30,35,15960
1791627136,922,1,1313829,20261010,11,17005,-2,feed,18780,10,34,17760
1791627136,922,0,1314244,20261010,1,57314,0,feed,21360,0,35,21360
1791627136,922,0,1314524,20261010,1,57314,0,feed,22260,0,35,22260
1791627136,922,0,1314802,20261010,1,57314,0,feed,19560,0,35,19560
1791627136,922,1,1315465,20261010,1,56100,64,feed,18660,0,34,18660
1791627136,922,1,1316069,20261010,1,56100,0,feed,21300,0,34,21300
1791627136,922,1,1316207,20261010,1,56100,0,feed,19560,0,34,19560
1791627136,922,1,1316561,20261010,1,56100,0,feed,20400,0,34,20400
1791627136,922,1,1316895,20261010,30,3523,-136,feed,18840,29,34,15960
1791627136,923,0,1264599,20261010,1,56897,0,feed,21900,0,22,21900
1791627136,923,1,1269805,20261010,1,57278,0,feed,20640,0,23,20640
1791627136,923,0,1269973,20261010,1,56897,0,feed,20700,0,22,20700
1791627136,923,0,1270047,20261010,7,17853,603,feed,18180,6,22,17580
1791627136,923,0,1271835,20261010,1,56897,0,feed,19500,0,22,19500
1791627136,923,1,1273616,20261010,1,57278,0,feed,18840,0,23,18840
1791627136,924,0,1264524,20261010,1,56873,0,feed,,,,
1791627136,924,1,1266788,20261010,1,56823,0,feed,,,,
1791627136,924,0,1267105,20261010,1,56873,0,feed,,,,
1791627136,924,0,1268039,20261010,2,4513,71,feed,,,,
1791627136,924,1,1268094,20261010,1,56823,0,feed,,,,
1791627136,924,0,1269022,20261010,1,56873,0,feed,,,,
1791627136,924,1,1271482,20261010,25,56913,167,feed,,,,
1791627136,924,1,1272505,20261010,1,56823,0,feed,,,,
1791627136,924,1,1273959,20261010,1,56823,0,feed,,,,
1791627136,924,0,1274980,20261010,1,56873,0,feed,,,,
1791627136,924,1,1278135,20261010,7,9611,-26,feed,,,,
1791627136,924,0,1279957,20261010,32,56950,30,feed,,,,
1791627136,924,0,1287291,20261010,15,80138,-137,feed,,,,
1791627136,925,0,1263575,20261010,28,16136,134,feed,18660,27,35,15840
1791627136,925,1,1333024,20261010,1,57541,0,feed,21360,0,35,21360
1791627136,925,0,1333578,20261010,1,53703,0,feed,19380,0,35,19380
1791627136,925,1,1334308,20261010,1,57541,0,feed,18660,0,35,18660
1791627136,925,0,1334986,20261010,1,53703,0,feed,21780,0,35,21780
1791627136,925,0,1334991,20261010,9,6195,-75,feed,18780,8,35,18240
1791627136,925,1,1335384,20261010,1,57541,0,feed,19860,0,35,19860
1791627136,925,1,1335605,20261010,21,50196,149,feed,18720,20,35,16260
1791627136,925,0,1335737,20261010,1,53703,0,feed,20880,0,35,20880
1791628033,10,1,1369996,20261010,1,49303,0,feed,,,,
1791628033,10,0,1370207,20261010,1,19337,0,feed,,,,
1791628033,10,0,1370236,20261010,1,19337,0,feed,,,,
1791628033,10,1,1370941,20261010,1,57165,0,feed,,,,
1791628033,11,1,1318651,20261010,1,49304,0,feed,21840,0,79,21840
1791628033,11,1,1333457,20261010,2,17165,63,feed,19560,1,79,19500
1791628033,11,1,1369121,20261010,32,14673,427,feed,19200,31,79,18300
1791628033,11,0,1369148,20261010,1,51828,0,feed,22260,0,80,22260
1791628033,11,0,1369329,20261010,1,51828,0,feed,19620,0,80,19620
1791628033,14,0,1333362,20261010,12,775,120,feed,19500,11,80,19140
1791628033,14,1,1369978,20261010,75,755,57,feed,,,,
1791628033,14,1,1371240,20261010,3,8391,45,feed,,,,
1791628033,17,0,1131869,20261010,1,57458,0,feed,22860,0,63,22860
1791628033,17,1,1321194,20261010,1,17192,0,feed,19920,0,65,19920
1791628033,17,1,1321398,20261010,35,5734,181,feed,19440,34,49,17100
1791628033,17,0,1323369,20261010,1,57458,0,feed,21120,0,63,21120
1791628033,17,0,1369463,20261010,18,5791,59,feed,19560,17,63,18720
1791628033,18,0,1361020,20261010,1,51852,0,feed,19860,0,51,19860
1791628033,18,0,1367077,20261010,1,51852,0,feed,21060,0,51,21060
1791628033,18,0,1367493,20261010,34,1887,-33,feed,19680,33,51,18060
1791628033,18,1,1367736,20261010,24,1227,33,feed,19620,23,48,18300
1791628033,18,0,1367989,20261010,1,51852,0,feed,21960,0,51,21960
1791628033,18,0,1368315,20261010,1,57131,0,feed,22080,0,84,22080
1791628033,18,1,1368372,20261010,1,56800,0,feed,21600,0,52,21600
1791628033,18,1,1368611,20261010,1,56800,0,feed,22800,0,83,22800
1791628033,18,1,1368865,20261010,1,56800,0,feed,19800,0,52,19800
1791628033,2,1,1267562,20261010,1,50670,0,feed,22560,0,34,22560
1791628033,2,0,1318533,20261010,1,57469,0,feed,19680,0,34,19680
1791628033,2,0,1370716,20261010,1,57469,0,feed,,,,
1791628033,2,1,1370784,20261010,10,56704,-4,feed,,,,
1791628033,215,1,1265287,20261010,1,5020,0,feed,22560,0,27,22560
1791628033,215,0,1267487,20261010,1,49979,0,feed,20640,0,30,20640
1791628033,219,0,1303782,20261010,1,57340,0,feed,22560,0,74,22560
1791628033,219,1,1311915,20261010,1,5020,0,feed,22500,0,71,22500
1791628033,22,1,1356719,20261010,1,56825,0,feed,21060,0,87,21060
1791628033,22,0,1365028,20261010,1,4558,0,feed,21780,0,82,21780
1791628033,22,0,1365656,20261010,1,4558,0,feed,20220,0,86,20220
1791628033,22,0,1367267,20261010,1,4558,0,feed,22920,0,82,22920
1791628033,22,1,1367416,20261010,27,57191,152,feed,19500,26,53,18120
1791628033,22,0,1368057,20261010,26,12562,115,feed,19500,25,82,18480
1791628033,22,1,1368812,20261010,8,11394,-1,feed,19620,7,84,19140
1791628033,22,1,1368879,20261010,1,56825,0,feed,22380,0,84,22380
1791628033,223,0,1361400,20261010,1,57691,0,feed,22560,0,33,22560
1791628033,223,1,1363081,20261010,1,5020,0,feed,22260,0,34,22260
1791628033,25,0,1369778,20261010,1,19337,0,feed,,,,
1791628033,25,1,1369824,20261010,1,57166,0,feed,,,,
1791628033,27,0,1368823,20261010,1,52857,0,feed,21600,0,23,21600
1791628033,3,0,1180125,20261010,16,49881,243,feed,19440,15,64,18180
1791628033,3,0,1294585,20261010,1,54097,0,feed,21720,0,64,21720
1791628033,3,1,1321710,20261010,1,56100,0,feed,21960,0,64,21960
1791628033,3,1,1322860,20261010,14,80933,481,feed,19140,13,65,18300
1791628033,3,1,1323618,20261010,1,56100,94,feed,20040,0,65,20040
1791628033,323,0,1135065,20261010,1,51116,0,feed,23040,0,23,23040
1791628033,323,1,1137363,20261010,1,57508,0,feed,21120,0,25,21120
1791628033,345,1,1133227,20261010,1,57508,0,feed,21900,0,15,21900
1791628033,345,0,1137643,20261010,1,56879,0,feed,21600,0,15,21600
1791628033,36,1,1177722,20261010,1,50160,0,feed,20820,0,50,20820
1791628033,36,0,1177805,20261010,1,57537,0,feed,22380,0,53,22380
1791628033,36,1,1178660,20261010,15,6380,140,feed,19500,14,50,19020
1791628033,36,0,1180417,20261010,1,57537,0,feed,20580,0,53,20580
1791628033,36,0,1180803,20261010,53,50160,601,feed,19020,52,53,16980
1791628033,36,1,1367113,20261010,1,50160,0,feed,22620,0,50,22620
1791628033,36,0,1368734,20261010,21,53705,-5,feed,19620,20,53,18780
1791628033,38,1,1349332,20261010,1,16494,0,feed,23040,0,104,23040
1791628033,38,0,1349537,20261010,1,48213,0,feed,21120,0,108,21120
1791628033,38,0,1350999,20261010,58,50109,-68,feed,19680,57,108,17520
1791628033,38,1,1353164,20261010,1,42032,0,feed,21060,0,107,21060
1791628033,38,0,1354181,20261010,7,81108,1,feed,19620,6,109,19320
1791628033,38,0,1354873,20261010,94,12550,113,feed,19500,93,109,15720
1791628033,38,1,1355670,20261010,3,16497,82,feed,19560,2,104,19440
1791628033,38,1,1367051,20261010,47,3525,23,feed,19620,46,107,17460
1791628033,38,0,1367608,20261010,1,48213,0,feed,22920,0,109,22920
1791628033,4,0,1132936,20261010,19,1089,10,feed,19620,18,89,19020
1791628033,4,1,1357342,20261010,5,15711,55,feed,19560,4,85,19500
1791628033,4,0,1358661,20261010,88,52031,-2,feed,19620,87,89,15480
1791628033,4,1,1360580,20261010,1,14153,0,feed,22140,0,90,22140
1791628033,4,0,1368258,20261010,1,50231,0,feed,21360,0,87,21360
1791628033,4,1,1368519,20261010,73,1029,-50,feed,19680,72,90,15900
1791628033,5,0,1367165,20261010,1,51212,0,feed,19560,0,81,19560
1791628033,5,0,1367203,20261010,1,51212,0,feed,22980,0,81,22980
1791628033,5,1,1367795,20261010,1,51846,0,feed,21720,0,80,21720
1791628033,515,1,1351663,20261010,1,56877,0,feed,22560,0,49,22560
1791628033,534,0,1343689,20261010,1,56725,0,feed,22620,0,35,22620
1791628033,534,1,1345509,20261010,1,51824,0,feed,22500,0,32,22500
1791628033,54,0,1320443,20261010,18,11740,175,feed,19500,17,25,18120
1791628033,54,0,1346538,20261010,2,41259,68,feed,19620,1,46,19560
1791628033,54,0,1347643,20261010,1,56875,0,feed,22320,0,25,22320
1791628033,54,1,1354430,20261010,1,42319,0,feed,20220,0,47,20220
1791628033,54,0,1359180,20261010,1,56875,0,feed,21060,0,25,21060
1791628033,54,1,1359664,20261010,19,13140,90,feed,19440,18,27,18240
1791628033,54,1,1359849,20261010,1,56100,0,feed,19980,0,27,19980
1791628033,546,1,1131417,20261010,1,51824,0,feed,22860,0,31,22860
1791628033,546,0,1137821,20261010,1,56725,0,feed,22560,0,33,22560
1791628033,61,0,1364707,20261010,1,17905,0,feed,19920,0,76,19920
1791628033,61,1,1365293,20261010,9,80956,191,feed,19440,8,73,18780
1791628033,61,0,1365919,20261010,36,10638,-131,feed,,,,
1791628033,61,1,1366316,20261010,1,52761,0,feed,22260,0,73,22260
1791628033,61,1,1367559,20261010,1,52761,0,feed,20580,0,73,20580
1791628033,61,0,1370799,20261010,1,17905,0,feed,,,,
1791628033,61,1,1371286,20261010,53,41628,29,feed,,,,
1791628033,62,0,1349339,20261010,1,328,0,feed,19800,0,86,19800
1791628033,62,1,1354974,20261010,1,49141,0,feed,22860,0,91,22860
1791628033,62,0,1359990,20261010,1,328,0,feed,21900,0,86,21900
1791628033,62,1,1360353,20261010,36,11912,-14,feed,19680,35,83,18060
1791628033,62,1,1362669,20261010,3,49179,9,feed,19620,2,83,19560
1791628033,62,1,1368245,20261010,1,49141,0,feed,21360,0,83,21360
1791628033,62,0,1368282,20261010,59,49895,-3,feed,19620,58,86,17700
1791628033,63,0,1346603,20261010,1,15795,0,feed,19680,0,60,19680
1791628033,63,1,1347772,20261010,1,51114,0,feed,20040,0,59,20040
1791628033,63,1,1368235,20261010,58,18640,10,feed,19680,57,59,16440
1791628033,63,1,1368428,20261010,1,51114,0,feed,22680,0,59,22680
1791628033,63,0,1369075,20261010,1,15795,0,feed,22620,0,60,22620
1791628033,64,0,1358471,20261010,17,81102,372,feed,19260,16,78,18360
1791628033,64,1,1358491,20261010,1,52015,0,feed,21480,0,76,21480
1791628033,64,1,1359200,20261010,60,81103,6,feed,19620,59,76,17880
1791628033,64,0,1359715,20261010,1,52761,0,feed,21360,0,78,21360
1791628033,645,1,1207815,20261010,1,53293,0,feed,22620,0,55,22620
1791628033,65,1,1349632,20261010,1,57690,0,feed,19680,0,38,19680
1791628033,65,1,1351111,20261010,1,57690,0,feed,21480,0,38,21480
1791628033,65,0,1369806,20261010,23,10720,163,feed,,,,
1791628033,65,0,1369901,20261010,1,10761,0,feed,,,,
1791628033,68,0,1363096,20261010,1,53340,0,feed,22200,0,131,22200
1791628033,68,1,1363239,20261010,65,10001,38,feed,19620,64,103,17760
1791628033,68,1,1366827,20261010,1,57511,0,feed,19980,0,125,19980
1791628033,68,0,1369150,20261010,2,9806,46,feed,19560,1,87,19560
1791628033,686,1,1172304,20261010,1,56939,0,feed,21960,0,4,21960
1791628033,686,0,1331376,20261010,1,47705,0,feed,20220,0,3,20220
1791628033,686,1,1335581,20261010,2,70103,-204,feed,20040,1,4,19440
1791628033,686,0,1335796,20261010,1,47705,0,feed,22800,0,3,22800
1791628033,7,1,1358182,20261010,1,17679,0,feed,20220,0,63,20220
1791628033,7,0,1358889,20261010,16,48896,278,feed,19380,15,67,18360
1791628033,7,0,1359381,20261010,1,51779,0,feed,20040,0,64,20040
1791628033,7,1,1360685,20261010,1,17679,0,feed,23100,0,60,23100
1791628033,7,0,1370524,20261010,1,51779,0,feed,,,,
1791628033,71,1,1269219,20261010,1,51291,0,feed,22260,0,60,22260
1791628033,716,1,1136367,20261010,1,8728,0,feed,20520,0,50,20520
1791628033,716,0,1137589,20261010,1,50154,0,feed,22200,0,51,22200
1791628033,724,0,1132223,20261010,1,51846,0,feed,20100,0,33,20100
1791628033,724,1,1132932,20261010,1,53222,0,feed,21720,0,35,21720
1791628033,725,1,1313104,20261010,1,56775,0,feed,22500,0,49,22500
1791628033,74,1,1358627,20261010,61,51546,-199,feed,19800,60,61,16200
1791628033,74,1,1359531,20261010,1,13667,0,feed,19800,0,61,19800
1791628033,74,1,1359864,20261010,1,13667,0,feed,22740,0,61,22740
1791628033,74,0,1359900,20261010,2,48896,-90,feed,19800,1,59,19440
1791628033,74,0,1359985,20261010,1,51546,0,feed,22140,0,59,22140
1791628033,87,1,1303812,20261010,1,57690,0,feed,20640,0,70,20640
1791628033,87,1,1304686,20261010,1,57690,0,feed,22440,0,70,22440
1791628033,87,0,1349236,20261010,1,51892,0,feed,,,,
1791628033,87,0,1351243,20261010,1,51892,0,feed,20040,0,71,20040
1791628033,9,0,1360478,20261010,1,52552,0,feed,22740,0,100,22740
1791628033,9,0,1360500,20261010,1,3012,0,feed,19860,0,87,19860
1791628033,9,1,1364704,20261010,1,51551,0,feed,22140,0,96,22140
1791628033,9,1,1368468,20261010,10,17574,-16,feed,19620,9,111,18960
1791628033,901,1,879000,20261010,4,51415,60,feed,19680,3,13,19260
1791628033,901,0,881610,20261010,16,51424,120,feed,19560,15,20,17520
1791628033,901,1,886827,20261010,3,56336,0,feed,20220,2,20,20040
1791628033,901,0,894011,20261010,10,51430,60,feed,19620,9,20,18420
1791628033,901,1,895872,20261010,20,51405,240,feed,19560,19,20,17160
1791628033,901,1,901576,20261010,6,56338,0,feed,19620,5,20,19140
1791628033,901,0,903885,20261010,1,51405,0,feed,19740,0,20,19740
1791628033,902,1,882333,20261010,10,56035,0,feed,19740,9,24,18660
1791628033,902,1,884312,20261010,21,51423,180,feed,19500,20,24,16860
1791628033,902,1,893627,20261010,2,56027,0,feed,19680,1,24,19560
1791628033,902,0,895771,20261010,3,56336,0,feed,20100,2,24,19920
1791628033,902,0,904726,20261010,10,56004,0,feed,19620,9,24,18540
1791628033,902,1,977814,20261010,16,56041,0,feed,19680,15,24,17760
1791628033,903,1,1263994,20261010,1,56874,0,feed,22320,0,6,22320
1791628033,903,0,1267047,20261010,1,57285,0,feed,20220,0,6,20220
1791628033,904,1,1267982,20261010,1,56800,0,feed,20760,0,12,20760
1791628033,904,1,1274207,20261010,1,56800,0,feed,19860,0,12,19860
1791628033,904,0,1364315,20261010,1,56830,0,feed,20220,0,13,20220
1791628033,904,0,1366134,20261010,1,56830,0,feed,22920,0,13,22920
1791628033,904,0,1367137,20261010,3,56831,275,feed,19740,2,13,19320
1791628033,904,1,1367524,20261010,11,56833,7,feed,19800,10,12,18060
1791628033,904,0,1368153,20261010,6,48084,363,feed,19380,5,13,18420
1791628033,904,0,1368503,20261010,1,56830,0,feed,21120,0,13,21120
1791628033,904,0,1368778,20261010,1,56830,0,feed,22020,0,13,22020
1791628033,904,1,1368791,20261010,1,56800,0,feed,21660,0,12,21660
1791628033,904,1,1369184,20261010,1,56800,0,feed,22560,0,12,22560
1791628033,905,1,1343911,20261010,15,52759,-685,feed,19740,14,16,17640
1791628033,905,1,1343963,20261010,3,57437,-24,feed,19680,2,16,19440
1791628033,905,0,1344223,20261010,1,52761,0,feed,20400,0,16,20400
1791628033,905,0,1344311,20261010,9,57428,-95,feed,19740,8,16,18600
1791628033,905,0,1344388,20261010,1,52761,0,feed,22200,0,16,22200
1791628033,905,0,1344857,20261010,1,52761,0,feed,23100,0,16,23100
1791628033,905,1,1345077,20261010,1,57441,0,feed,21240,0,16,21240
1791628033,905,1,1345329,20261010,1,57441,0,feed,23040,0,16,23040
1791628033,921,0,1364283,20261010,1,51544,0,feed,21300,0,20,21300
1791628033,921,1,1364385,20261010,1,52531,0,feed,23100,0,20,23100
1791628033,921,1,1364389,20261010,14,56124,303,feed,19320,13,20,18300
1791628033,921,0,1365678,20261010,1,51544,0,feed,20400,0,20,20400
1791628033,921,1,1367011,20261010,1,52531,0,feed,20100,0,20,20100
1791628033,921,0,1367940,20261010,1,51544,0,feed,23100,0,20,23100
1791628033,921,1,1367988,20261010,1,52531,0,feed,22200,0,20,22200
1791628033,921,0,1368087,20261010,13,56117,109,feed,19500,12,20,18300
1791628033,921,0,1368770,20261010,2,53362,-73,feed,19800,1,20,19500
1791628033,921,1,1368838,20261010,1,52531,0,feed,21300,0,20,21300
1791628033,921,0,1369423,20261010,1,51544,0,feed,22200,0,20,22200
1791628033,922,1,1312096,20261010,1,56100,0,feed,23040,0,34,23040
1791628033,922,0,1312178,20261010,22,16971,27,feed,19620,21,35,17760
1791628033,922,1,1312498,20261010,1,56100,0,feed,22200,0,34,22200
1791628033,922,0,1313444,20261010,1,57314,0,feed,23160,0,35,23160
1791628033,922,1,1313829,20261010,20,16913,0,feed,19620,19,34,17760
1791628033,922,0,1314244,20261010,1,57314,0,feed,21360,0,35,21360
1791628033,922,0,1314524,20261010,1,57314,0,feed,22260,0,35,22260
1791628033,922,0,1314802,20261010,1,57314,48,feed,19560,0,35,19560
1791628033,922,1,1315465,20261010,11,17005,-19,feed,19680,10,34,18660
1791628033,922,1,1316069,20261010,1,56100,0,feed,21300,0,34,21300
1791628033,922,1,1316207,20261010,2,57419,-26,feed,19740,1,34,19560
1791628033,922,1,1316561,20261010,1,56100,0,feed,20400,0,34,20400
1791628033,923,0,1262923,20261010,1,56897,0,feed,23100,0,22,23100
1791628033,923,0,1264599,20261010,1,56897,0,feed,21900,0,22,21900
1791628033,923,1,1268409,20261010,1,57278,0,feed,22620,0,23,22620
1791628033,923,1,1269805,20261010,1,57278,0,feed,20640,0,23,20640
1791628033,923,0,1269973,20261010,1,56897,0,feed,20700,0,22,20700
1791628033,923,0,1270047,20261010,17,56527,762,feed,18900,16,22,17580
1791628033,923,0,1271835,20261010,2,17897,-17,feed,19620,1,22,19500
1791628033,923,1,1273616,20261010,12,52667,-81,feed,19680,11,23,18840
1791628033,924,0,1264524,20261010,1,56873,0,feed,,,,
1791628033,924,1,1266788,20261010,5,9589,163,feed,,,,
1791628033,924,0,1267105,20261010,1,56873,0,feed,,,,
1791628033,924,0,1268039,20261010,15,80138,-30,feed,,,,
1791628033,924,1,1268094,20261010,1,56823,0,feed,,,,
1791628033,924,0,1269022,20261010,1,56873,0,feed,,,,
1791628033,924,1,1271482,20261010,34,436,247,feed,,,,
1791628033,924,1,1272505,20261010,1,56823,0,feed,,,,
1791628033,924,0,1273777,20261010,1,56873,0,feed,,,,
1791628033,924,1,1273959,20261010,1,56823,0,feed,,,,
1791628033,924,0,1274980,20261010,2,4513,98,feed,,,,
1791628033,924,1,1275279,20261010,1,56823,0,feed,,,,
1791628033,924,1,1278135,20261010,16,17905,-124,feed,,,,
1791628033,924,0,1287291,20261010,23,17900,-118,feed,,,,
1791628033,925,0,1263575,20261010,35,57541,406,feed,19200,34,35,15840
1791628033,925,1,1332396,20261010,1,57541,0,feed,22260,0,35,22260
1791628033,925,1,1333024,20261010,1,57541,0,feed,21360,0,35,21360
1791628033,925,0,1333578,20261010,5,1259,-68,feed,19680,4,35,19380
1791628033,925,1,1334308,20261010,11,15562,56,feed,19560,10,35,18660
1791628033,925,0,1334615,20261010,1,53703,0,feed,22680,0,35,22680
1791628033,925,0,1334986,20261010,1,53703,0,feed,21780,0,35,21780
1791628033,925,0,1334991,20261010,18,17936,-50,feed,19680,17,35,18240
1791628033,925,1,1335342,20261010,1,57541,0,feed,23160,0,35,23160
1791628033,925,1,1335384,20261010,1,57541,0,feed,19860,0,35,19860
1791628033,925,1,1335605,20261010,31,1145,174,feed,19500,30,35,16260
1791628033,925,0,1335737,20261010,1,53703,0,feed,20880,0,35,20880
1791628940,10,1,1369994,20261010,1,57165,0,feed,,,,
1791628940,10,1,1369996,20261010,4,17170,170,feed,,,,
1791628940,10,0,1370207,20261010,1,19337,0,feed,,,,
1791628940,10,0,1370236,20261010,1,19337,0,feed,,,,
1791628940,10,1,1370467,20261010,1,57448,0,feed,,,,
1791628940,10,1,1370941,20261010,1,57165,0,feed,,,,
1791628940,11,1,1318651,20261010,1,49304,0,feed,21840,0,79,21840
1791628940,11,1,1369121,20261010,45,17986,493,feed,20040,44,79,18300
1791628940,11,0,1369148,20261010,1,51828,0,feed,22260,0,80,22260
1791628940,11,0,1369329,20261010,29,17763,60,feed,20460,28,80,19620
1791628940,11,1,1371140,20261010,1,49304,0,feed,,,,
1791628940,14,0,1331751,20261010,1,4345,0,feed,23220,0,80,23220
1791628940,14,0,1333362,20261010,31,15622,205,feed,20340,30,80,19140
1791628940,14,1,1370035,20261010,1,50153,0,feed,,,,
1791628940,14,1,1371240,20261010,29,16401,100,feed,,,,
1791628940,17,0,1131869,20261010,1,57458,0,feed,22860,0,63,22860
1791628940,17,1,1321194,20261010,12,15533,1,feed,20520,11,65,19920
1791628940,17,0,1323369,20261010,1,57458,0,feed,21120,0,63,21120
1791628940,17,1,1334330,20261010,1,17192,0,feed,22020,0,65,22020
1791628940,17,1,1367244,20261010,1,17192,0,feed,23820,0,65,23820
1791628940,17,0,1369463,20261010,37,40342,121,feed,20400,36,63,18720
1791628940,18,0,1361020,20261010,10,1754,144,feed,20400,9,51,19860
1791628940,18,1,1364270,20261010,1,56800,0,feed,23700,0,52,23700
1791628940,18,0,1367077,20261010,1,51852,0,feed,21060,0,51,21060
1791628940,18,0,1367478,20261010,1,51852,0,feed,23760,0,51,23760
1791628940,18,0,1367493,20261010,46,17992,-88,feed,20580,45,51,18060
1791628940,18,1,1367736,20261010,44,80999,58,feed,20460,43,48,18300
1791628940,18,0,1367989,20261010,1,51852,0,feed,21960,0,51,21960
1791628940,18,0,1368315,20261010,1,57131,0,feed,22080,0,84,22080
1791628940,18,1,1368372,20261010,1,56800,0,feed,21600,0,52,21600
1791628940,18,1,1368611,20261010,1,56800,0,feed,22800,0,83,22800
1791628940,18,1,1368865,20261010,8,17986,158,feed,20340,7,52,19800
1791628940,18,0,1368999,20261010,1,57131,0,feed,23820,0,84,23820
1791628940,2,1,1267562,20261010,1,50670,0,feed,22560,0,34,22560
1791628940,2,0,1318533,20261010,17,80925,5,feed,20520,16,34,19680
1791628940,2,0,1331994,20261010,1,57469,0,feed,23340,0,41,23340
1791628940,2,0,1370716,20261010,1,57469,0,feed,,,,
1791628940,2,1,1370784,20261010,25,80923,99,feed,,,,
1791628940,215,1,1265287,20261010,1,5020,0,feed,22560,0,27,22560
1791628940,215,0,1267487,20261010,1,49979,259,feed,20640,0,30,20640
1791628940,219,0,1303782,20261010,1,57340,0,feed,22560,0,74,22560
1791628940,219,1,1311915,20261010,1,5020,0,feed,22500,0,71,22500
1791628940,22,1,1356719,20261010,1,56825,0,feed,21060,0,87,21060
1791628940,22,1,1357959,20261010,1,56825,0,feed,23580,0,84,23580
1791628940,22,0,1364296,20261010,1,4558,0,feed,24060,0,86,24060
1791628940,22,0,1365028,20261010,1,4558,0,feed,21780,0,82,21780
1791628940,22,0,1365656,20261010,6,51564,80,feed,20460,5,86,20220
1791628940,22,0,1367267,20261010,1,4558,0,feed,22920,0,82,22920
1791628940,22,1,1367416,20261010,48,15433,211,feed,20340,47,53,18120
1791628940,22,0,1368057,20261010,42,17618,164,feed,20340,41,82,18480
1791628940,22,1,1368812,20261010,24,11653,105,feed,20400,23,84,19140
1791628940,22,1,1368879,20261010,1,56825,0,feed,22380,0,84,22380
1791628940,223,0,1361400,20261010,1,57691,0,feed,22560,0,33,22560
1791628940,223,1,1363081,20261010,1,5020,0,feed,22260,0,34,22260
1791628940,25,0,1369778,20261010,1,19337,0,feed,,,,
1791628940,25,1,1369824,20261010,1,57166,0,feed,,,,
1791628940,27,0,1368823,20261010,1,52857,0,feed,21600,0,23,21600
1791628940,3,0,1180125,20261010,35,929,323,feed,20220,34,64,18180
1791628940,3,0,1294585,20261010,1,54097,0,feed,21720,0,64,21720
1791628940,3,1,1321710,20261010,1,56100,0,feed,21960,0,64,21960
1791628940,3,0,1322590,20261010,1,54097,0,feed,23460,0,65,23460
1791628940,3,1,1322860,20261010,33,874,593,feed,19920,32,65,18300
1791628940,3,1,1323332,20261010,1,56100,0,feed,23640,0,65,23640
1791628940,3,1,1323618,20261010,3,1235,264,feed,20280,2,65,20040
1791628940,323,0,1135065,20261010,1,51116,0,feed,23040,0,23,23040
1791628940,323,1,1137363,20261010,1,57508,27,feed,21120,0,25,21120
1791628940,345,1,1133227,20261010,1,57508,0,feed,21900,0,15,21900
1791628940,345,0,1137643,20261010,1,56879,0,feed,21600,0,15,21600
1791628940,36,1,1177722,20261010,1,50160,0,feed,20820,0,50,20820
1791628940,36,0,1177805,20261010,1,57537,0,feed,22380,0,53,22380
1791628940,36,1,1178660,20261010,39,41129,178,feed,20340,38,50,19020
1791628940,36,0,1180417,20261010,1,57537,0,feed,20580,0,53,20580
1791628940,36,0,1180803,20261010,53,50160,1518,feed,19020,52,53,16980
1791628940,36,1,1367113,20261010,1,50160,0,feed,22620,0,50,22620
1791628940,36,0,1368734,20261010,46,1313,42,feed,20520,45,53,18780
1791628940,38,1,1349332,20261010,1,16494,0,feed,23040,0,104,23040
1791628940,38,0,1349537,20261010,1,48213,0,feed,21120,0,108,21120
1791628940,38,0,1350999,20261010,76,17516,-77,feed,20580,75,108,17520
1791628940,38,1,1353164,20261010,1,42032,0,feed,21060,0,107,21060
1791628940,38,0,1354181,20261010,32,43380,18,feed,20520,31,109,19320
1791628940,38,0,1354873,20261010,109,42032,395,feed,20160,108,109,15720
1791628940,38,1,1355670,20261010,24,80988,234,feed,20340,23,104,19440
1791628940,38,1,1367051,20261010,77,3572,-135,feed,20580,76,107,17460
1791628940,38,0,1367608,20261010,1,48213,0,feed,22920,0,109,22920
1791628940,4,0,1132936,20261010,43,175,-42,feed,20580,42,89,19020
1791628940,4,1,1356509,20261010,1,14153,0,feed,23880,0,85,23880
1791628940,4,1,1357342,20261010,26,14937,165,feed,20340,25,85,19500
1791628940,4,1,1360580,20261010,1,14153,0,feed,22140,0,90,22140
1791628940,4,0,1360582,20261010,1,50231,0,feed,23160,0,89,23160
1791628940,4,0,1368258,20261010,1,50231,0,feed,21360,0,87,21360
1791628940,5,0,1367165,20261010,22,801,220,feed,20280,21,81,19560
1791628940,5,0,1367203,20261010,1,51212,0,feed,22980,0,81,22980
1791628940,5,1,1367795,20261010,1,51846,0,feed,21720,0,80,21720
1791628940,515,1,1351663,20261010,1,56877,0,feed,22560,0,49,22560
1791628940,515,1,1352997,20261010,1,56877,0,feed,23580,0,49,23580
1791628940,534,0,1343689,20261010,1,56725,0,feed,22620,0,35,22620
1791628940,534,1,1345509,20261010,1,51824,0,feed,22500,0,32,22500
1791628940,538,0,1131894,20261010,1,53704,0,feed,23400,0,42,23400
1791628940,539,0,895456,20261010,1,56725,0,feed,24060,0,41,24060
1791628940,54,0,1346282,20261010,1,56875,0,feed,24120,0,46,24120
1791628940,54,0,1346538,20261010,9,13143,50,feed,20520,8,46,19560
1791628940,54,1,1346892,20261010,1,42319,0,feed,24000,0,47,24000
1791628940,54,0,1347643,20261010,1,56875,0,feed,22320,0,25,22320
1791628940,54,1,1354430,20261010,5,5293,5,feed,20580,4,47,20220
1791628940,54,0,1359180,20261010,1,56875,0,feed,21060,0,25,21060
1791628940,54,1,1359341,20261010,1,56100,0,feed,23700,0,27,23700
1791628940,54,1,1359664,20261010,27,56875,102,feed,20460,26,27,18240
1791628940,54,1,1359849,20261010,7,47485,98,feed,20460,6,27,19980
1791628940,540,1,881239,20261010,1,56879,0,feed,23220,0,48,23220
1791628940,546,1,1131417,20261010,1,51824,0,feed,22860,0,31,22860
1791628940,546,0,1137821,20261010,1,56725,0,feed,22560,0,33,22560
1791628940,61,0,1364707,20261010,12,14942,28,feed,20520,11,76,19920
1791628940,61,1,1365293,20261010,26,81115,-46,feed,20460,25,73,18780
1791628940,61,0,1365919,20261010,56,40124,-54,feed,,,,
1791628940,61,1,1366242,20261010,1,52761,0,feed,,,,
1791628940,61,1,1366316,20261010,1,52761,0,feed,22260,0,73,22260
1791628940,61,0,1366891,20261010,1,17905,0,feed,23520,0,76,23520
1791628940,61,1,1367559,20261010,1,52761,0,feed,20580,0,73,20580
1791628940,61,0,1370799,20261010,1,17905,0,feed,,,,
1791628940,61,1,1371286,20261010,72,40168,-240,feed,,,,
1791628940,62,0,1349339,20261010,16,53900,358,feed,20160,15,86,19800
1791628940,62,1,1354974,20261010,1,49141,0,feed,22860,0,91,22860
1791628940,62,0,1359990,20261010,1,328,0,feed,21900,0,86,21900
1791628940,62,1,1360353,20261010,56,6270,59,feed,20460,55,83,18060
1791628940,62,1,1362669,20261010,27,80929,-67,feed,20580,26,83,19560
1791628940,62,0,1363784,20261010,1,328,0,feed,23700,0,86,23700
1791628940,62,1,1368245,20261010,1,49141,0,feed,21360,0,83,21360
1791628940,62,0,1368282,20261010,78,45402,58,feed,20460,77,86,17700
1791628940,63,0,1346603,20261010,20,56946,-20,feed,20520,19,60,19680
1791628940,63,1,1347772,20261010,13,3236,77,feed,20460,12,59,20040
1791628940,63,1,1368428,20261010,1,51114,0,feed,22680,0,59,22680
1791628940,63,0,1369075,20261010,1,15795,0,feed,22620,0,60,22620
1791628940,64,1,1342539,20261010,1,42157,0,feed,23820,0,43,23820
1791628940,64,0,1358471,20261010,53,49983,348,feed,20160,52,78,18360
1791628940,64,1,1358491,20261010,1,52015,0,feed,21480,0,76,21480
1791628940,64,1,1359200,20261010,75,52759,-20,feed,20580,74,76,17880
1791628940,64,0,1359715,20261010,1,52761,0,feed,21360,0,78,21360
1791628940,645,1,1207815,20261010,1,53293,0,feed,22620,0,55,22620
1791628940,65,1,1349340,20261010,1,57690,0,feed,23520,0,38,23520
1791628940,65,1,1349632,20261010,17,10722,77,feed,20400,16,38,19680
1791628940,65,1,1351111,20261010,1,57690,0,feed,21480,0,38,21480
1791628940,65,0,1369901,20261010,1,10761,0,feed,,,,
1791628940,65,0,1370204,20261010,1,10761,0,feed,,,,
1791628940,68,0,1363096,20261010,1,53340,0,feed,22200,0,131,22200
1791628940,68,1,1363239,20261010,97,47049,133,feed,20400,96,103,17760
1791628940,68,1,1366827,20261010,14,49949,51,feed,20460,13,125,19980
1791628940,68,1,1369082,20261010,1,57511,0,feed,23880,0,125,23880
1791628940,68,0,1369150,20261010,33,426,71,feed,20460,32,87,19560
1791628940,686,1,1172304,20261010,1,56939,0,feed,21960,0,4,21960
1791628940,686,0,1331376,20261010,2,57622,-27,feed,21300,1,3,20220
1791628940,686,1,1335581,20261010,3,57622,-9,feed,20640,2,4,19440
1791628940,686,0,1335796,20261010,1,47705,0,feed,22800,0,3,22800
1791628940,7,0,1356026,20261010,1,51779,0,feed,23580,0,64,23580
1791628940,7,1,1358182,20261010,8,17699,26,feed,20520,7,63,20220
1791628940,7,0,1358889,20261010,36,56702,256,feed,20280,35,67,18360
1791628940,7,0,1359381,20261010,10,15272,85,feed,20460,9,64,20040
1791628940,7,1,1360685,20261010,1,17679,0,feed,23100,0,60,23100
1791628940,7,0,1370524,20261010,1,51779,0,feed,,,,
1791628940,71,1,1268612,20261010,1,51291,0,feed,24060,0,60,24060
1791628940,71,1,1269219,20261010,1,51291,0,feed,22260,0,60,22260
1791628940,716,1,1136367,20261010,1,8728,925,feed,20520,0,50,20520
1791628940,716,1,1137235,20261010,1,8728,0,feed,24120,0,50,24120
1791628940,716,0,1137589,20261010,1,50154,446,feed,22200,0,51,22200
1791628940,722,0,1184389,20261010,1,56827,0,feed,23700,0,51,23700
1791628940,724,0,1132223,20261010,12,9033,165,feed,20340,11,33,20100
1791628940,724,1,1132932,20261010,1,53222,0,feed,21720,0,35,21720
1791628940,724,0,1136135,20261010,1,51846,0,feed,23700,0,33,23700
1791628940,725,1,1313104,20261010,1,56775,0,feed,22500,0,49,22500
1791628940,725,0,1313978,20261010,1,57580,0,feed,23340,0,50,23340
1791628940,74,1,1359531,20261010,14,50116,-62,feed,20580,13,61,19800
1791628940,74,0,1359674,20261010,1,51546,0,feed,23940,0,59,23940
1791628940,74,1,1359864,20261010,1,13667,0,feed,22740,0,61,22740
1791628940,74,0,1359900,20261010,17,11721,-4,feed,20520,16,59,19440
1791628940,74,0,1359985,20261010,1,51546,0,feed,22140,0,59,22140
1791628940,87,1,1303812,20261010,1,57690,0,feed,20640,0,70,20640
1791628940,87,1,1304686,20261010,1,57690,0,feed,22440,0,70,22440
1791628940,87,1,1305552,20261010,1,57690,0,feed,24000,0,70,24000
1791628940,87,0,1349236,20261010,1,51892,0,feed,,,,
1791628940,87,0,1349992,20261010,1,51892,0,feed,23640,0,71,23640
1791628940,87,0,1351243,20261010,12,13076,59,feed,20460,11,71,20040
1791628940,9,0,1360478,20261010,1,52552,0,feed,22740,0,100,22740
1791628940,9,0,1360500,20261010,23,49559,115,feed,20400,22,87,19860
1791628940,9,1,1364704,20261010,1,51551,0,feed,22140,0,96,22140
1791628940,9,1,1365790,20261010,1,51551,0,feed,23940,0,111,23940
1791628940,9,1,1368468,20261010,36,56504,173,feed,20340,35,111,18960
1791628940,901,1,877070,20261010,3,56336,0,feed,20880,2,20,20700
1791628940,901,1,879000,20261010,10,53279,120,feed,20520,9,13,19260
1791628940,901,1,886827,20261010,4,51408,180,feed,20340,3,20,20040
1791628940,901,0,894011,20261010,16,51424,60,feed,20460,15,20,18420
1791628940,901,0,897947,20261010,2,51437,120,feed,20400,1,20,20220
1791628940,901,1,901576,20261010,13,51417,60,feed,20460,12,20,19140
1791628940,901,0,903885,20261010,6,51434,120,feed,20460,5,20,19740
1791628940,902,1,882333,20261010,16,56041,0,feed,20580,15,24,18660
1791628940,902,1,882461,20261010,3,56028,0,feed,20520,2,24,20280
1791628940,902,0,883557,20261010,3,56336,0,feed,21060,2,24,20880
1791628940,902,1,893627,20261010,9,56034,-60,feed,20520,8,24,19560
1791628940,902,0,895771,20261010,6,56338,120,feed,20400,5,24,19920
1791628940,902,0,904726,20261010,17,56011,0,feed,20520,16,24,18540
1791628940,902,1,977814,20261010,22,56332,0,feed,20520,21,24,17760
1791628940,903,1,1263994,20261010,1,56874,0,feed,22320,0,6,22320
1791628940,903,0,1267047,20261010,4,48976,-1,feed,20580,3,6,20220
1791628940,904,1,1267982,20261010,1,56800,0,feed,20760,0,12,20760
1791628940,904,1,1268165,20261010,1,56800,0,feed,23460,0,12,23460
1791628940,904,1,1274207,20261010,6,17781,67,feed,20520,5,12,19860
1791628940,904,0,1364315,20261010,3,56831,400,feed,20640,2,13,20220
1791628940,904,0,1364751,20261010,1,56830,0,feed,23820,0,13,23820
1791628940,904,0,1366134,20261010,1,56830,0,feed,22920,0,13,22920
1791628940,904,0,1367137,20261010,7,53542,126,feed,20520,6,13,19320
1791628940,904,1,1367966,20261010,9,56832,324,feed,20220,8,12,18960
1791628940,904,0,1368153,20261010,12,19260,282,feed,20280,11,13,18420
1791628940,904,0,1368503,20261010,1,56830,0,feed,21120,0,13,21120
1791628940,904,0,1368778,20261010,1,56830,0,feed,22020,0,13,22020
1791628940,904,1,1368791,20261010,1,56800,0,feed,21660,0,12,21660
1791628940,904,1,1369184,20261010,1,56800,0,feed,22560,0,12,22560
1791628940,905,1,1343963,20261010,10,57423,-5,feed,20580,9,16,19440
1791628940,905,0,1344095,20261010,1,52761,0,feed,24000,0,16,24000
1791628940,905,0,1344223,20261010,1,52761,103,feed,20400,0,16,20400
1791628940,905,1,1344290,20261010,1,57441,0,feed,23940,0,16,23940
1791628940,905,0,1344311,20261010,15,57440,-360,feed,20640,14,16,18600
1791628940,905,0,1344388,20261010,1,52761,0,feed,22200,0,16,22200
1791628940,905,0,1344857,20261010,1,52761,0,feed,23100,0,16,23100
1791628940,905,1,1345077,20261010,1,57441,0,feed,21240,0,16,21240
1791628940,905,1,1345329,20261010,1,57441,0,feed,23040,0,16,23040
1791628940,921,0,1364283,20261010,1,51544,0,feed,21300,0,20,21300
1791628940,921,1,1364385,20261010,1,52531,0,feed,23100,0,20,23100
1791628940,921,1,1364534,20261010,1,52531,0,feed,24000,0,20,24000
1791628940,921,0,1365678,20261010,2,53362,4,feed,20700,1,20,20400
1791628940,921,1,1367011,20261010,6,15114,42,feed,20520,5,20,20100
1791628940,921,0,1367940,20261010,1,51544,0,feed,23100,0,20,23100
1791628940,921,1,1367988,20261010,1,52531,0,feed,22200,0,20,22200
1791628940,921,0,1368770,20261010,9,56115,121,feed,20340,8,20,19500
1791628940,921,1,1368838,20261010,1,52531,0,feed,21300,0,20,21300
1791628940,921,0,1368929,20261010,1,51544,0,feed,23940,0,20,23940
1791628940,921,0,1369423,20261010,1,51544,0,feed,22200,0,20,22200
1791628940,922,1,1312096,20261010,1,56100,0,feed,23040,0,34,23040
1791628940,922,0,1312178,20261010,31,3142,-77,feed,20640,30,35,17760
1791628940,922,1,1312498,20261010,1,56100,0,feed,22200,0,34,22200
1791628940,922,0,1313260,20261010,1,57314,0,feed,24060,0,35,24060
1791628940,922,0,1313444,20261010,1,57314,0,feed,23160,0,35,23160
1791628940,922,1,1313808,20261010,1,56100,0,feed,23940,0,34,23940
1791628940,922,1,1313829,20261010,29,57357,189,feed,20460,28,34,17760
1791628940,922,0,1314244,20261010,1,57314,0,feed,21360,0,35,21360
1791628940,922,0,1314524,20261010,1,57314,0,feed,22260,0,35,22260
1791628940,922,0,1314802,20261010,11,56796,167,feed,20400,10,35,19560
1791628940,922,1,1315465,20261010,21,16904,-67,feed,20580,20,34,18660
1791628940,922,1,1316069,20261010,1,56100,0,feed,21300,0,34,21300
1791628940,922,1,1316207,20261010,9,57338,188,feed,20400,8,34,19560
1791628940,922,1,1316561,20261010,2,57419,19,feed,20580,1,34,20400
1791628940,923,0,1262923,20261010,1,56897,0,feed,23100,0,22,23100
1791628940,923,0,1264599,20261010,1,56897,0,feed,21900,0,22,21900
1791628940,923,1,1268409,20261010,1,57278,0,feed,22620,0,23,22620
1791628940,923,1,1269805,20261010,1,57278,0,feed,20640,0,23,20640
1791628940,923,0,1269973,20261010,1,56897,0,feed,20700,0,22,20700
1791628940,923,1,1270042,20261010,1,57278,0,feed,23820,0,23,23820
1791628940,923,0,1271835,20261010,12,52671,-11,feed,20520,11,22,19500
1791628940,923,1,1273616,20261010,19,17906,83,feed,20400,18,23,18840
1791628940,924,1,1262676,20261010,1,56823,0,feed,,,,
1791628940,924,0,1264524,20261010,1,56873,0,feed,,,,
1791628940,924,1,1266788,20261010,15,56317,188,feed,,,,
1791628940,924,0,1267105,20261010,1,56873,0,feed,,,,
1791628940,924,0,1268039,20261010,22,17897,22,feed,,,,
1791628940,924,1,1268094,20261010,1,56823,0,feed,,,,
1791628940,924,0,1269022,20261010,4,47447,87,feed,,,,
1791628940,924,1,1272505,20261010,1,56823,0,feed,,,,
1791628940,924,0,1273777,20261010,1,56873,0,feed,,,,
1791628940,924,1,1273959,20261010,6,56903,4,feed,,,,
1791628940,924,0,1274980,20261010,14,56924,62,feed,,,,
1791628940,924,1,1275279,20261010,1,56823,0,feed,,,,
1791628940,924,0,1275874,20261010,1,56873,0,feed,,,,
1791628940,924,1,1278135,20261010,26,56914,-52,feed,,,,
1791628940,924,0,1287291,20261010,33,56951,-187,feed,,,,
1791628940,925,1,1332396,20261010,1,57541,0,feed,22260,0,35,22260
1791628940,925,1,1333024,20261010,1,57541,0,feed,21360,0,35,21360
1791628940,925,0,1333578,20261010,16,1327,-183,feed,20640,15,35,19380
1791628940,925,1,1334308,20261010,19,1096,254,feed,20280,18,35,18660
1791628940,925,1,1334472,20261010,1,57541,0,feed,24060,0,35,24060
1791628940,925,0,1334615,20261010,1,53703,0,feed,22680,0,35,22680
1791628940,925,0,1334722,20261010,1,53703,0,feed,23400,0,35,23400
1791628940,925,0,1334986,20261010,1,53703,0,feed,21780,0,35,21780
1791628940,925,0,1334991,20261010,28,16136,166,feed,20460,27,35,18240
1791628940,925,1,1335342,20261010,1,57541,0,feed,23160,0,35,23160
1791628940,925,1,1335384,20261010,8,16116,117,feed,20460,7,35,19860
1791628940,925,0,1335737,20261010,1,53703,0,feed,20880,0,35,20880
1791629832,10,1,1369994,20261010,1,57165,0,feed,,,,
1791629832,10,1,1369996,20261010,17,17220,469,feed,,,,
1791629832,10,0,1370207,20261010,1,19337,0,feed,,,,
1791629832,10,0,1370236,20261010,1,19337,0,feed,,,,
1791629832,10,1,1370467,20261010,1,57448,0,feed,,,,
1791629832,10,0,1370704,20261010,1,19337,0,feed,,,,
1791629832,10,1,1370941,20261010,6,40236,124,feed,,,,
1791629832,11,1,1318651,20261010,1,49304,0,feed,21840,0,79,21840
1791629832,11,1,1333457,20261010,42,17980,-170,feed,21000,41,79,19500
1791629832,11,0,1367545,20261010,1,51828,0,feed,24060,0,80,24060
1791629832,11,1,1369121,20261010,66,17721,584,feed,20820,65,79,18300
1791629832,11,0,1369148,20261010,1,51828,0,feed,22260,0,80,22260
1791629832,11,0,1369329,20261010,39,17994,-340,feed,21000,38,80,19620
1791629832,11,1,1371140,20261010,1,49304,0,feed,,,,
1791629832,14,0,1331751,20261010,1,4345,0,feed,23220,0,80,23220
1791629832,14,0,1333362,20261010,46,53765,125,feed,21000,45,80,19140
1791629832,14,1,1370035,20261010,1,50153,0,feed,,,,
1791629832,14,1,1371240,20261010,37,17882,-201,feed,,,,
1791629832,14,0,1371341,20261010,1,4345,0,feed,,,,
1791629832,17,0,1131869,20261010,1,57458,0,feed,22860,0,63,22860
1791629832,17,1,1321194,20261010,21,17980,-201,feed,21000,20,65,19920
1791629832,17,0,1323369,20261010,3,49499,106,feed,21300,2,63,21120
1791629832,17,0,1324662,20261010,1,57458,0,feed,24600,0,63,24600
1791629832,17,1,1334330,20261010,1,17192,0,feed,22020,0,65,22020
1791629832,17,1,1367244,20261010,1,17192,0,feed,23820,0,65,23820
1791629832,17,0,1369463,20261010,46,17994,96,feed,21000,45,63,18720
1791629832,18,0,1361020,20261010,32,1885,11,feed,21420,31,51,19860
1791629832,18,1,1364270,20261010,1,56800,0,feed,23700,0,52,23700
1791629832,18,1,1365183,20261010,1,56800,0,feed,24600,0,83,24600
1791629832,18,0,1367077,20261010,6,56922,215,feed,21240,5,51,21060
1791629832,18,0,1367478,20261010,1,51852,0,feed,23760,0,51,23760
1791629832,18,0,1367989,20261010,1,51852,0,feed,21960,0,51,21960
1791629832,18,0,1368315,20261010,1,57131,0,feed,22080,0,84,22080
1791629832,18,1,1368372,20261010,1,56800,0,feed,21600,0,52,21600
1791629832,18,1,1368611,20261010,1,56800,0,feed,22800,0,83,22800
1791629832,18,1,1368865,20261010,25,1223,163,feed,21240,24,52,19800
1791629832,18,0,1368999,20261010,1,57131,0,feed,23820,0,84,23820
1791629832,2,1,1267562,20261010,1,50670,0,feed,22560,0,34,22560
1791629832,2,0,1318533,20261010,32,13209,-136,feed,21420,31,34,19680
1791629832,2,0,1331994,20261010,1,57469,0,feed,23340,0,41,23340
1791629832,2,1,1370692,20261010,1,57618,0,feed,,,,
1791629832,2,0,1370716,20261010,1,57469,7,feed,,,,
1791629832,2,1,1370784,20261010,34,57469,607,feed,,,,
1791629832,215,1,1265287,20261010,1,5020,0,feed,22560,0,27,22560
1791629832,215,0,1267487,20261010,15,57705,65,feed,21360,14,30,20640
1791629832,215,0,1273955,20261010,1,49979,0,feed,24240,0,30,24240
1791629832,219,0,1303782,20261010,1,57340,0,feed,22560,0,74,22560
1791629832,219,1,1311915,20261010,1,5020,0,feed,22500,0,71,22500
1791629832,22,1,1356719,20261010,6,56955,127,feed,21300,5,87,21060
1791629832,22,1,1357959,20261010,1,56825,0,feed,23580,0,84,23580
1791629832,22,0,1364296,20261010,1,4558,0,feed,24060,0,86,24060
1791629832,22,0,1365028,20261010,1,4558,0,feed,21780,0,82,21780
1791629832,22,0,1365656,20261010,26,12562,184,feed,21240,25,86,20220
1791629832,22,0,1367267,20261010,1,4558,0,feed,22920,0,82,22920
1791629832,22,0,1368057,20261010,53,53765,-173,feed,21000,52,82,18480
1791629832,22,1,1368812,20261010,32,17907,-196,feed,21000,31,84,19140
1791629832,22,1,1368879,20261010,1,56825,0,feed,22380,0,84,22380
1791629832,22,1,1368894,20261010,1,56825,0,feed,24780,0,84,24780
1791629832,223,0,1361400,20261010,1,57691,0,feed,22560,0,33,22560
1791629832,223,0,1362168,20261010,1,57691,0,feed,24360,0,33,24360
1791629832,223,1,1363081,20261010,1,5020,0,feed,22260,0,34,22260
1791629832,25,0,1369778,20261010,1,19337,0,feed,,,,
1791629832,25,1,1369824,20261010,4,13941,80,feed,,,,
1791629832,25,1,1370357,20261010,1,57166,0,feed,,,,
1791629832,27,1,1362663,20261010,1,51367,0,feed,24540,0,21,24540
1791629832,27,0,1368823,20261010,1,52857,0,feed,21600,0,23,21600
1791629832,3,0,1180125,20261010,58,57018,304,feed,21120,57,64,18180
1791629832,3,0,1294585,20261010,1,54097,0,feed,21720,0,64,21720
1791629832,3,1,1321710,20261010,1,56100,0,feed,21960,0,64,21960
1791629832,3,0,1322590,20261010,1,54097,0,feed,23460,0,65,23460
1791629832,3,1,1322860,20261010,52,13211,790,feed,20640,51,65,18300
1791629832,3,1,1323332,20261010,1,56100,0,feed,23640,0,65,23640
1791629832,3,1,1323618,20261010,19,5589,294,feed,21120,18,65,20040
1791629832,323,1,1131845,20261010,1,57508,0,feed,24600,0,25,24600
1791629832,323,0,1135065,20261010,1,51116,0,feed,23040,0,23,23040
1791629832,323,1,1137363,20261010,4,57036,132,feed,21300,3,25,21120
1791629832,345,1,1133227,20261010,1,57508,0,feed,21900,0,15,21900
1791629832,345,0,1137643,20261010,1,56879,162,feed,21600,0,15,21600
1791629832,36,1,1177722,20261010,13,6378,197,feed,21240,12,50,20820
1791629832,36,0,1177805,20261010,1,57537,0,feed,22380,0,53,22380
1791629832,36,0,1178165,20261010,1,57537,0,feed,24180,0,53,24180
1791629832,36,0,1180417,20261010,19,50601,152,feed,21300,18,53,20580
1791629832,36,1,1362274,20261010,1,50160,0,feed,24420,0,50,24420
1791629832,36,1,1367113,20261010,1,50160,0,feed,22620,0,50,22620
1791629832,38,1,1349332,20261010,1,16494,0,feed,23040,0,104,23040
1791629832,38,0,1349537,20261010,2,52523,564,feed,21180,1,108,21120
1791629832,38,0,1350999,20261010,94,12550,104,feed,21300,93,108,17520
1791629832,38,1,1353164,20261010,6,16498,106,feed,21300,5,107,21060
1791629832,38,1,1353688,20261010,1,42032,0,feed,24660,0,107,24660
1791629832,38,0,1354181,20261010,58,50109,-29,feed,21480,57,109,19320
1791629832,38,0,1355206,20261010,1,48213,0,feed,24720,0,108,24720
1791629832,38,1,1355670,20261010,44,3525,21,feed,21420,43,104,19440
1791629832,38,1,1367051,20261010,105,48212,-125,feed,21420,104,107,17460
1791629832,38,0,1367608,20261010,1,48213,0,feed,22920,0,109,22920
1791629832,4,0,1132936,20261010,52,53099,21,feed,21120,51,89,19020
1791629832,4,0,1157630,20261010,1,50231,0,feed,24780,0,87,24780
1791629832,4,1,1356509,20261010,1,14153,0,feed,23880,0,85,23880
1791629832,4,1,1357342,20261010,40,17923,-375,feed,21120,39,85,19500
1791629832,4,1,1360580,20261010,1,14153,0,feed,22140,0,90,22140
1791629832,4,0,1360582,20261010,1,50231,0,feed,23160,0,89,23160
1791629832,4,0,1368258,20261010,1,50231,47,feed,21360,0,87,21360
1791629832,5,0,1367165,20261010,37,17902,-74,feed,21000,36,81,19560
1791629832,5,0,1367203,20261010,1,51212,0,feed,22980,0,81,22980
1791629832,5,1,1367795,20261010,1,51846,0,feed,21720,0,80,21720
1791629832,515,0,1351391,20261010,1,53704,0,feed,24960,0,49,24960
1791629832,515,1,1351663,20261010,1,56877,0,feed,22560,0,49,22560
1791629832,515,1,1352997,20261010,1,56877,0,feed,23580,0,49,23580
1791629832,515,1,1353990,20261010,1,56877,0,feed,24480,0,49,24480
1791629832,534,0,1343689,20261010,1,56725,0,feed,22620,0,35,22620
1791629832,534,0,1345447,20261010,1,56725,0,feed,24420,0,35,24420
1791629832,534,1,1345509,20261010,1,51824,0,feed,22500,0,32,22500
1791629832,534,1,1345791,20261010,1,51824,0,feed,24300,0,32,24300
1791629832,538,0,1131894,20261010,1,53704,0,feed,23400,0,42,23400
1791629832,538,1,1318379,20261010,1,56880,0,feed,24480,0,40,24480
1791629832,539,1,879155,20261010,1,56880,0,feed,24780,0,38,24780
1791629832,539,0,895456,20261010,1,56725,0,feed,24060,0,41,24060
1791629832,54,0,1346282,20261010,1,56875,0,feed,24120,0,46,24120
1791629832,54,0,1346538,20261010,22,57455,-237,feed,21300,21,46,19560
1791629832,54,1,1346892,20261010,1,42319,0,feed,24000,0,47,24000
1791629832,54,0,1347643,20261010,1,56875,0,feed,22320,0,25,22320
1791629832,54,1,1354430,20261010,14,81104,-66,feed,21480,13,47,20220
1791629832,54,0,1359180,20261010,8,56939,37,feed,21660,7,25,21060
1791629832,54,1,1359341,20261010,1,56100,0,feed,23700,0,27,23700
1791629832,54,1,1359849,20261010,19,13140,206,feed,21240,18,27,19980
1791629832,540,1,881239,20261010,1,56879,0,feed,23220,0,48,23220
1791629832,546,1,1131417,20261010,1,51824,0,feed,22860,0,31,22860
1791629832,546,1,1137241,20261010,1,51824,0,feed,24660,0,31,24660
1791629832,546,0,1137821,20261010,1,56725,0,feed,22560,0,33,22560
1791629832,61,0,1364707,20261010,35,57535,-11,feed,21420,34,76,19920
1791629832,61,1,1365293,20261010,49,43584,-24,feed,21420,48,73,18780
1791629832,61,0,1365919,20261010,70,43282,-51,feed,,,,
1791629832,61,1,1366242,20261010,1,52761,0,feed,,,,
1791629832,61,1,1366316,20261010,1,52761,0,feed,22260,0,73,22260
1791629832,61,0,1366891,20261010,1,17905,0,feed,23520,0,76,23520
1791629832,61,1,1367559,20261010,8,40160,408,feed,21000,7,73,20580
1791629832,61,0,1370799,20261010,1,17905,0,feed,,,,
1791629832,62,0,1349339,20261010,50,1235,-106,feed,21300,49,86,19800
1791629832,62,1,1349394,20261010,1,49141,0,feed,24900,0,83,24900
1791629832,62,1,1354974,20261010,1,49141,0,feed,22860,0,91,22860
1791629832,62,0,1359990,20261010,1,328,0,feed,21900,0,86,21900
1791629832,62,1,1362669,20261010,39,1246,-39,feed,21300,38,83,19560
1791629832,62,0,1363784,20261010,1,328,0,feed,23700,0,86,23700
1791629832,62,1,1368245,20261010,3,49179,0,feed,21420,2,83,21360
1791629832,63,1,1268320,20261010,1,51114,0,feed,24480,0,59,24480
1791629832,63,0,1346603,20261010,39,11837,-94,feed,21300,38,60,19680
1791629832,63,1,1347772,20261010,22,11861,80,feed,21300,21,59,20040
1791629832,63,0,1348368,20261010,1,15795,0,feed,24360,0,60,24360
1791629832,63,1,1368428,20261010,1,51114,0,feed,22680,0,59,22680
1791629832,63,0,1369075,20261010,1,15795,0,feed,22620,0,60,22620
1791629832,64,1,1342539,20261010,1,42157,0,feed,23820,0,43,23820
1791629832,64,1,1358491,20261010,1,52015,0,feed,21480,0,76,21480
1791629832,64,1,1359566,20261010,1,52015,0,feed,24840,0,76,24840
1791629832,64,0,1359576,20261010,1,52761,0,feed,24660,0,43,24660
1791629832,64,0,1359715,20261010,1,52761,52,feed,21360,0,78,21360
1791629832,645,1,1207815,20261010,1,53293,0,feed,22620,0,55,22620
1791629832,65,1,1349340,20261010,1,57690,0,feed,23520,0,38,23520
1791629832,65,1,1349632,20261010,38,10761,53,feed,21360,37,38,19680
1791629832,65,1,1351111,20261010,1,57690,0,feed,21480,0,38,21480
1791629832,65,0,1369901,20261010,1,10761,0,feed,,,,
1791629832,65,0,1370204,20261010,1,10761,0,feed,,,,
1791629832,68,0,1363096,20261010,1,53340,0,feed,22200,0,131,22200
1791629832,68,1,1366827,20261010,26,49951,-134,feed,21180,25,125,19980
1791629832,68,1,1369082,20261010,1,57511,0,feed,23880,0,125,23880
1791629832,68,0,1369150,20261010,57,49936,-80,feed,21360,56,87,19560
1791629832,686,1,1172304,20261010,1,56939,0,feed,21960,0,4,21960
1791629832,686,0,1331376,20261010,3,56939,-346,feed,21960,2,3,20220
1791629832,686,1,1334842,20261010,1,56939,0,feed,24840,0,4,24840
1791629832,686,1,1335581,20261010,4,47705,-61,feed,21720,3,4,19440
1791629832,686,0,1335796,20261010,1,47705,0,feed,22800,0,3,22800
1791629832,7,0,1356026,20261010,1,51779,0,feed,23580,0,64,23580
1791629832,7,1,1358182,20261010,17,17882,-25,feed,21000,16,63,20220
1791629832,7,1,1358852,20261010,1,17679,0,feed,24660,0,60,24660
1791629832,7,0,1358889,20261010,50,53765,349,feed,21000,49,67,18360
1791629832,7,0,1359381,20261010,23,16302,123,feed,21300,22,64,20040
1791629832,7,1,1360685,20261010,1,17679,0,feed,23100,0,60,23100
1791629832,71,0,1264727,20261010,1,9715,0,feed,24120,0,58,24120
1791629832,71,1,1268612,20261010,1,51291,0,feed,24060,0,60,24060
1791629832,71,1,1269219,20261010,1,51291,0,feed,22260,0,60,22260
1791629832,716,1,1136367,20261010,1,8728,1052,feed,20520,0,50,20520
1791629832,716,1,1137235,20261010,1,8728,0,feed,24120,0,50,24120
1791629832,716,0,1137589,20261010,1,50154,573,feed,22200,0,51,22200
1791629832,722,0,1184389,20261010,1,56827,0,feed,23700,0,51,23700
1791629832,724,1,1132932,20261010,1,53222,0,feed,21720,0,35,21720
1791629832,724,0,1136135,20261010,1,51846,0,feed,23700,0,33,23700
1791629832,725,1,1313104,20261010,1,56775,0,feed,22500,0,49,22500
1791629832,725,0,1313978,20261010,1,57580,0,feed,23340,0,50,23340
1791629832,74,1,1358995,20261010,1,13667,0,feed,24540,0,61,24540
1791629832,74,1,1359531,20261010,25,11861,7,feed,21300,24,61,19800
1791629832,74,0,1359674,20261010,1,51546,0,feed,23940,0,59,23940
1791629832,74,1,1359864,20261010,1,13667,0,feed,22740,0,61,22740
1791629832,74,0,1359900,20261010,35,11837,-66,feed,21300,34,59,19440
1791629832,74,0,1359985,20261010,1,51546,0,feed,22140,0,59,22140
1791629832,87,1,1303812,20261010,16,40810,44,feed,21360,15,70,20640
1791629832,87,1,1304686,20261010,1,57690,0,feed,22440,0,70,22440
1791629832,87,1,1305552,20261010,1,57690,0,feed,24000,0,70,24000
1791629832,87,0,1349236,20261010,1,51892,0,feed,,,,
1791629832,87,0,1349992,20261010,1,51892,0,feed,23640,0,71,23640
1791629832,87,0,1351243,20261010,47,43794,-13,feed,21420,46,71,20040
1791629832,9,0,1360478,20261010,1,52552,0,feed,22740,0,100,22740
1791629832,9,0,1360500,20261010,37,17907,172,feed,21000,36,87,19860
1791629832,9,1,1364704,20261010,1,51551,0,feed,22140,0,96,22140
1791629832,9,1,1365790,20261010,1,51551,0,feed,23940,0,111,23940
1791629832,9,1,1368468,20261010,48,53765,291,feed,21000,47,111,18960
1791629832,9,0,1368559,20261010,1,52552,0,feed,24420,0,100,24420
1791629832,901,1,877070,20261010,7,51411,120,feed,21300,6,20,20700
1791629832,901,0,883130,20261010,1,51405,0,feed,21840,0,20,21840
1791629832,901,1,886827,20261010,12,51416,240,feed,21240,11,20,20040
1791629832,901,1,888824,20261010,3,56336,0,feed,21660,2,20,21480
1791629832,901,0,897947,20261010,9,51431,180,feed,21300,8,20,20220
1791629832,901,1,901576,20261010,20,51405,60,feed,21540,19,20,19140
1791629832,901,0,903885,20261010,13,51427,60,feed,21420,12,20,19740
1791629832,902,1,881418,20261010,1,56026,0,feed,21540,0,24,21540
1791629832,902,1,882333,20261010,22,56332,120,feed,21420,21,24,18660
1791629832,902,1,882461,20261010,11,56036,0,feed,21480,10,24,20280
1791629832,902,0,883557,20261010,6,56338,180,feed,21360,5,24,20880
1791629832,902,1,893627,20261010,16,56041,0,feed,21480,15,24,19560
1791629832,902,0,895771,20261010,12,56006,300,feed,21240,11,24,19920
1791629832,902,1,895918,20261010,7,56032,-60,feed,21540,6,24,20820
1791629832,902,0,904726,20261010,24,56018,60,feed,21480,23,24,18540
1791629832,902,0,967227,20261010,3,56336,0,feed,22020,2,24,21840
1791629832,903,1,1263994,20261010,1,56874,0,feed,22320,0,6,22320
1791629832,903,0,1264906,20261010,1,57285,0,feed,24360,0,6,24360
1791629832,904,1,1267982,20261010,6,17781,30,feed,21420,5,12,20760
1791629832,904,1,1268165,20261010,1,56800,0,feed,23460,0,12,23460
1791629832,904,1,1274207,20261010,11,56833,114,feed,21600,10,12,19860
1791629832,904,0,1364315,20261010,6,48084,363,feed,21180,5,13,20220
1791629832,904,0,1364751,20261010,1,56830,0,feed,23820,0,13,23820
1791629832,904,0,1366134,20261010,1,56830,0,feed,22920,0,13,22920
1791629832,904,0,1367137,20261010,13,56800,79,feed,21300,12,13,19320
1791629832,904,1,1367966,20261010,12,56830,282,feed,21060,11,12,18960
1791629832,904,1,1368368,20261010,1,56800,0,feed,24360,0,12,24360
1791629832,904,0,1368503,20261010,3,56831,261,feed,21540,2,13,21120
1791629832,904,0,1368778,20261010,1,56830,0,feed,22020,0,13,22020
1791629832,904,1,1368791,20261010,1,56800,0,feed,21660,0,12,21660
1791629832,904,1,1369184,20261010,1,56800,0,feed,22560,0,12,22560
1791629832,904,0,1369203,20261010,1,56830,0,feed,24720,0,13,24720
1791629832,905,1,1343963,20261010,15,52759,-298,feed,21540,14,16,19440
1791629832,905,0,1344095,20261010,1,52761,0,feed,24000,0,16,24000
1791629832,905,0,1344223,20261010,9,57428,-216,feed,21540,8,16,20400
1791629832,905,1,1344290,20261010,1,57441,0,feed,23940,0,16,23940
1791629832,905,0,1344388,20261010,1,52761,0,feed,22200,0,16,22200
1791629832,905,0,1344857,20261010,1,52761,0,feed,23100,0,16,23100
1791629832,905,1,1345077,20261010,3,57437,-53,feed,21480,2,16,21240
1791629832,905,1,1345329,20261010,1,57441,0,feed,23040,0,16,23040
1791629832,921,0,1364283,20261010,2,53362,-44,feed,21600,1,20,21300
1791629832,921,1,1364534,20261010,1,52531,0,feed,24000,0,20,24000
1791629832,921,1,1367011,20261010,18,56128,-9,feed,21420,17,20,20100
1791629832,921,0,1367025,20261010,1,51544,0,feed,24840,0,20,24840
1791629832,921,1,1367469,20261010,1,52531,0,feed,24900,0,20,24900
1791629832,921,0,1367940,20261010,1,51544,0,feed,23100,0,20,23100
1791629832,921,1,1367988,20261010,1,52531,0,feed,22200,0,20,22200
1791629832,921,0,1368770,20261010,20,52531,177,feed,21240,19,20,19500
1791629832,921,1,1368838,20261010,2,50015,96,feed,21420,1,20,21300
1791629832,921,0,1368929,20261010,1,51544,0,feed,23940,0,20,23940
1791629832,921,0,1369423,20261010,1,51544,0,feed,22200,0,20,22200
1791629832,922,1,1312096,20261010,1,56100,0,feed,23040,0,34,23040
1791629832,922,1,1312498,20261010,1,56100,0,feed,22200,0,34,22200
1791629832,922,0,1313260,20261010,1,57314,0,feed,24060,0,35,24060
1791629832,922,0,1313444,20261010,1,57314,0,feed,23160,0,35,23160
1791629832,922,1,1313808,20261010,1,56100,0,feed,23940,0,34,23940
1791629832,922,0,1314244,20261010,1,57314,45,feed,21360,0,35,21360
1791629832,922,0,1314524,20261010,1,57314,0,feed,22260,0,35,22260
1791629832,922,0,1314802,20261010,21,57332,86,feed,21360,20,35,19560
1791629832,922,1,1315465,20261010,30,3523,-72,feed,21540,29,34,18660
1791629832,922,1,1316069,20261010,1,56100,108,feed,21300,0,34,21300
1791629832,922,1,1316207,20261010,20,16913,15,feed,21420,19,34,19560
1791629832,922,1,1316561,20261010,10,17013,55,feed,21420,9,34,20400
1791629832,922,0,1317039,20261010,1,57314,0,feed,24780,0,35,24780
1791629832,923,0,1262923,20261010,1,56897,0,feed,23100,0,22,23100
1791629832,923,0,1264599,20261010,1,56897,0,feed,21900,0,22,21900
1791629832,923,1,1267901,20261010,1,57278,0,feed,24960,0,23,24960
1791629832,923,1,1268409,20261010,1,57278,0,feed,22620,0,23,22620
1791629832,923,1,1269805,20261010,10,11098,69,feed,21360,9,23,20640
1791629832,923,0,1269973,20261010,6,17856,217,feed,21240,5,22,20700
1791629832,923,1,1270042,20261010,1,57278,0,feed,23820,0,23,23820
1791629832,923,0,1271263,20261010,1,56897,0,feed,,,,
1791629832,923,0,1271835,20261010,21,56826,246,feed,21180,20,22,19500
1791629832,924,1,1262676,20261010,1,56823,0,feed,,,,
1791629832,924,0,1264524,20261010,4,47447,-34,feed,,,,
1791629832,924,1,1266788,20261010,23,56911,235,feed,,,,
1791629832,924,0,1267105,20261010,1,56873,0,feed,,,,
1791629832,924,0,1268039,20261010,27,8919,447,feed,,,,
1791629832,924,1,1268094,20261010,1,56823,0,feed,,,,
1791629832,924,0,1269022,20261010,15,80138,33,feed,,,,
1791629832,924,0,1270023,20261010,1,56873,0,feed,,,,
1791629832,924,0,1270550,20261010,1,56873,0,feed,,,,
1791629832,924,1,1272505,20261010,6,56903,-52,feed,,,,
1791629832,924,1,1273476,20261010,1,56823,0,feed,,,,
1791629832,924,0,1273777,20261010,1,56873,0,feed,,,,
1791629832,924,1,1273959,20261010,16,17905,-1,feed,,,,
1791629832,924,0,1274980,20261010,22,17897,35,feed,,,,
1791629832,924,1,1275279,20261010,1,56823,0,feed,,,,
1791629832,924,0,1275874,20261010,1,56873,0,feed,,,,
1791629832,924,1,1278135,20261010,35,441,-32,feed,,,,
1791629832,925,1,1332396,20261010,1,57541,0,feed,22260,0,35,22260
1791629832,925,1,1333024,20261010,2,15881,22,feed,21480,1,35,21360
1791629832,925,0,1333578,20261010,21,53099,-314,feed,21120,20,35,19380
1791629832,925,0,1334038,20261010,1,53703,0,feed,24840,0,35,24840
1791629832,925,1,1334209,20261010,1,57541,0,feed,24960,0,35,24960
1791629832,925,1,1334308,20261010,29,1139,281,feed,21180,28,35,18660
1791629832,925,1,1334472,20261010,1,57541,0,feed,24060,0,35,24060
1791629832,925,0,1334615,20261010,1,53703,0,feed,22680,0,35,22680
1791629832,925,0,1334722,20261010,1,53703,0,feed,23400,0,35,23400
1791629832,925,0,1334986,20261010,1,53703,0,feed,21780,0,35,21780
1791629832,925,0,1334991,20261010,35,57541,358,feed,21060,34,35,18240
1791629832,925,0,1335043,20261010,1,53703,0,feed,24120,0,35,24120
1791629832,925,1,1335342,20261010,1,57541,0,feed,23160,0,35,23160
1791629832,925,1,1335384,20261010,15,17923,-54,feed,21120,14,35,19860
1791629832,925,0,1335737,20261010,9,6195,17,feed,21420,8,35,20880
1791630738,10,1,1369994,20261010,1,57165,0,feed,,,,
1791630738,10,1,1369996,20261010,28,17982,715,feed,,,,
1791630738,10,0,1370207,20261010,1,19337,0,feed,,,,
1791630738,10,0,1370236,20261010,15,17219,42,feed,,,,
1791630738,10,1,1370268,20261010,1,57165,0,feed,,,,
1791630738,10,1,1370467,20261010,1,57448,0,feed,,,,
1791630738,10,0,1370704,20261010,1,19337,0,feed,,,,
1791630738,10,1,1370941,20261010,25,17175,131,feed,,,,
1791630738,11,1,1318651,20261010,10,40882,309,feed,22020,9,79,21840
1791630738,11,1,1319832,20261010,1,49304,0,feed,25380,0,79,25380
1791630738,11,1,1333457,20261010,59,14331,-42,feed,22380,58,79,19500
1791630738,11,0,1366133,20261010,1,51828,0,feed,25860,0,80,25860
1791630738,11,0,1367545,20261010,1,51828,0,feed,24060,0,80,24060
1791630738,11,0,1369148,20261010,2,1874,-12,feed,22320,1,80,22260
1791630738,11,0,1369329,20261010,49,14672,218,feed,22140,48,80,19620
1791630738,11,1,1371140,20261010,1,49304,0,feed,,,,
1791630738,14,0,1331751,20261010,1,4345,0,feed,23220,0,80,23220
1791630738,14,0,1333362,20261010,56,8316,51,feed,22200,55,80,19140
1791630738,14,1,1370035,20261010,1,50153,0,feed,,,,
1791630738,14,1,1371240,20261010,54,15615,91,feed,,,,
1791630738,14,1,1371285,20261010,1,50153,0,feed,,,,
1791630738,14,0,1371341,20261010,1,4345,0,feed,,,,
1791630738,17,0,1131869,20261010,1,57458,0,feed,22860,0,63,22860
1791630738,17,1,1318246,20261010,1,17192,0,feed,25620,0,65,25620
1791630738,17,1,1321194,20261010,31,4667,106,feed,22260,30,65,19920
1791630738,17,0,1323369,20261010,22,5802,247,feed,22080,21,63,21120
1791630738,17,0,1324662,20261010,1,57458,0,feed,24600,0,63,24600
1791630738,17,1,1334330,20261010,8,15520,-64,feed,22380,7,65,22020
1791630738,17,1,1367244,20261010,1,17192,0,feed,23820,0,65,23820
1791630738,17,0,1369463,20261010,56,15494,-10,feed,22320,55,63,18720
1791630738,18,0,1361020,20261010,46,17992,-54,feed,22380,45,51,19860
1791630738,18,0,1361345,20261010,1,57131,0,feed,25620,0,84,25620
1791630738,18,1,1364270,20261010,1,56800,0,feed,23700,0,52,23700
1791630738,18,1,1365183,20261010,1,56800,0,feed,24600,0,83,24600
1791630738,18,0,1367077,20261010,25,1874,42,feed,22320,24,51,21060
1791630738,18,0,1367478,20261010,1,51852,0,feed,23760,0,51,23760
1791630738,18,0,1367989,20261010,7,1444,-56,feed,22380,6,51,21960
1791630738,18,0,1368311,20261010,1,51852,0,feed,25500,0,51,25500
1791630738,18,0,1368315,20261010,9,1404,61,feed,22260,8,84,22080
1791630738,18,1,1368372,20261010,8,17986,177,feed,22140,7,52,21600
1791630738,18,1,1368611,20261010,1,56800,0,feed,22800,0,83,22800
1791630738,18,1,1368678,20261010,1,56800,0,feed,25500,0,52,25500
1791630738,18,1,1368865,20261010,42,1348,177,feed,22140,41,52,19800
1791630738,18,0,1368999,20261010,1,57131,0,feed,23820,0,84,23820
1791630738,2,1,1267562,20261010,1,50670,0,feed,22560,0,34,22560
1791630738,2,0,1331522,20261010,1,57469,0,feed,25140,0,41,25140
1791630738,2,0,1331994,20261010,1,57469,0,feed,23340,0,41,23340
1791630738,2,1,1370692,20261010,1,57618,0,feed,,,,
1791630738,2,0,1370716,20261010,16,56927,51,feed,,,,
1791630738,215,1,1265287,20261010,1,5020,0,feed,22560,0,27,22560
1791630738,215,0,1273955,20261010,1,49979,0,feed,24240,0,30,24240
1791630738,219,0,1303782,20261010,1,57340,0,feed,22560,0,74,22560
1791630738,219,1,1311915,20261010,1,5020,0,feed,22500,0,71,22500
1791630738,22,1,1356719,20261010,22,11641,-8,feed,22260,21,87,21060
1791630738,22,1,1357959,20261010,1,56825,0,feed,23580,0,84,23580
1791630738,22,0,1364296,20261010,1,4558,0,feed,24060,0,86,24060
1791630738,22,0,1365656,20261010,43,13219,254,feed,22140,42,86,20220
1791630738,22,0,1367267,20261010,1,4558,0,feed,22920,0,82,22920
1791630738,22,0,1368057,20261010,66,11199,52,feed,22380,65,82,18480
1791630738,22,1,1368394,20261010,1,56825,0,feed,25860,0,87,25860
1791630738,22,1,1368812,20261010,47,40467,92,feed,22260,46,84,19140
1791630738,22,1,1368879,20261010,1,56825,0,feed,22380,0,84,22380
1791630738,22,1,1368894,20261010,1,56825,0,feed,24780,0,84,24780
1791630738,22,0,1368944,20261010,1,4558,0,feed,25260,0,82,25260
1791630738,223,0,1361400,20261010,1,57691,60,feed,22560,0,33,22560
1791630738,223,1,1362113,20261010,1,5020,0,feed,25860,0,34,25860
1791630738,223,0,1362168,20261010,1,57691,0,feed,24360,0,33,24360
1791630738,223,1,1363081,20261010,1,5020,53,feed,22260,0,34,22260
1791630738,25,0,1369778,20261010,1,19337,0,feed,,,,
1791630738,25,1,1370357,20261010,1,57166,0,feed,,,,
1791630738,27,0,1350298,20261010,1,52857,0,feed,25200,0,23,25200
1791630738,27,1,1362663,20261010,1,51367,0,feed,24540,0,21,24540
1791630738,27,0,1368823,20261010,17,43016,166,feed,22200,16,23,21600
1791630738,3,0,1294585,20261010,7,19315,-44,feed,22380,6,64,21720
1791630738,3,0,1321470,20261010,1,54097,0,feed,25260,0,64,25260
1791630738,3,1,1321710,20261010,3,1235,202,feed,22200,2,64,21960
1791630738,3,0,1322590,20261010,1,54097,0,feed,23460,0,65,23460
1791630738,3,1,1323332,20261010,1,56100,0,feed,23640,0,65,23640
1791630738,3,1,1323618,20261010,45,16094,204,feed,22140,44,65,20040
1791630738,3,1,1370663,20261010,1,56100,0,feed,,,,
1791630738,30,1,1213378,20261010,1,15882,0,feed,25620,0,44,25620
1791630738,30,0,1218781,20261010,1,40238,0,feed,24840,0,48,24840
1791630738,323,1,1131845,20261010,1,57508,0,feed,24600,0,25,24600
1791630738,323,0,1135065,20261010,1,51116,0,feed,23040,0,23,23040
1791630738,323,1,1137363,20261010,23,51131,102,feed,22260,22,25,21120
1791630738,345,1,1133227,20261010,2,53873,42,feed,22380,1,15,21900
1791630738,345,0,1134463,20261010,1,56879,0,feed,25200,0,15,25200
1791630738,345,1,1135441,20261010,1,57508,0,feed,25440,0,15,25440
1791630738,345,0,1137643,20261010,8,56939,206,feed,22200,7,15,21600
1791630738,36,1,1177722,20261010,45,41182,-142,feed,22380,44,50,20820
1791630738,36,0,1177805,20261010,1,57537,0,feed,22380,0,53,22380
1791630738,36,0,1178165,20261010,1,57537,0,feed,24180,0,53,24180
1791630738,36,0,1180417,20261010,43,1311,76,feed,22260,42,53,20580
1791630738,36,1,1362274,20261010,1,50160,0,feed,24420,0,50,24420
1791630738,36,1,1367113,20261010,1,50160,0,feed,22620,0,50,22620
1791630738,38,1,1349332,20261010,1,16494,0,feed,23040,0,104,23040
1791630738,38,0,1349537,20261010,22,4808,425,feed,21900,21,108,21120
1791630738,38,1,1353164,20261010,27,80988,226,feed,22140,26,107,21060
1791630738,38,1,1353688,20261010,1,42032,0,feed,24660,0,107,24660
1791630738,38,0,1354181,20261010,76,17516,63,feed,22380,75,109,19320
1791630738,38,0,1355206,20261010,1,48213,0,feed,24720,0,108,24720
1791630738,38,1,1355670,20261010,72,3570,-64,feed,22380,71,104,19440
1791630738,38,0,1367608,20261010,1,48213,0,feed,22920,0,109,22920
1791630738,4,0,1132936,20261010,65,16048,-53,feed,22380,64,89,19020
1791630738,4,0,1157630,20261010,1,50231,0,feed,24780,0,87,24780
1791630738,4,1,1356509,20261010,1,14153,0,feed,23880,0,85,23880
1791630738,4,1,1357342,20261010,50,20048,-375,feed,22380,49,85,19500
1791630738,4,1,1359383,20261010,1,14153,0,feed,25680,0,90,25680
1791630738,4,1,1360580,20261010,9,15992,6,feed,22320,8,90,22140
1791630738,4,0,1360582,20261010,1,50231,0,feed,23160,0,89,23160
1791630738,4,0,1368258,20261010,15,3370,412,feed,21960,14,87,21360
1791630738,48,0,1304033,20261010,1,19301,0,feed,25500,0,61,25500
1791630738,5,0,1367165,20261010,56,8936,28,feed,22320,55,81,19560
1791630738,5,0,1367203,20261010,1,51212,0,feed,22980,0,81,22980
1791630738,5,1,1367795,20261010,16,9609,138,feed,22200,15,80,21720
1791630738,5,1,1369245,20261010,1,51846,0,feed,25260,0,80,25260
1791630738,515,0,1351391,20261010,1,53704,0,feed,24960,0,49,24960
1791630738,515,1,1351663,20261010,1,56877,0,feed,22560,0,49,22560
1791630738,515,1,1351908,20261010,1,56877,0,feed,25380,0,49,25380
1791630738,515,1,1352997,20261010,1,56877,0,feed,23580,0,49,23580
1791630738,515,1,1353990,20261010,1,56877,0,feed,24480,0,49,24480
1791630738,515,0,1354091,20261010,1,53704,0,feed,25860,0,49,25860
1791630738,534,0,1343689,20261010,1,56725,0,feed,22620,0,35,22620
1791630738,534,0,1345447,20261010,1,56725,0,feed,24420,0,35,24420
1791630738,534,1,1345509,20261010,1,51824,0,feed,22500,0,32,22500
1791630738,534,1,1345791,20261010,1,51824,0,feed,24300,0,32,24300
1791630738,538,0,1131894,20261010,1,53704,0,feed,23400,0,42,23400
1791630738,538,1,1318379,20261010,1,56880,0,feed,24480,0,40,24480
1791630738,539,0,1136603,20261010,1,56725,0,feed,25860,0,41,25860
1791630738,539,1,879155,20261010,1,56880,0,feed,24780,0,38,24780
1791630738,539,0,895456,20261010,1,56725,0,feed,24060,0,41,24060
1791630738,54,0,1346282,20261010,1,56875,0,feed,24120,0,46,24120
1791630738,54,0,1346538,20261010,35,12919,-126,feed,22440,34,46,19560
1791630738,54,1,1346892,20261010,1,42319,0,feed,24000,0,47,24000
1791630738,54,0,1347643,20261010,1,56875,0,feed,22320,0,25,22320
1791630738,54,1,1354430,20261010,25,11863,9,feed,22320,24,47,20220
1791630738,54,0,1359180,20261010,14,13107,55,feed,22320,13,25,21060
1791630738,54,1,1359341,20261010,1,56100,0,feed,23700,0,27,23700
1791630738,54,1,1359849,20261010,26,41258,212,feed,22140,25,27,19980
1791630738,540,0,1136315,20261010,1,53052,0,feed,25440,0,51,25440
1791630738,540,1,881239,20261010,1,56879,0,feed,23220,0,48,23220
1791630738,546,1,1131417,20261010,1,51824,0,feed,22860,0,31,22860
1791630738,546,1,1137241,20261010,1,51824,0,feed,24660,0,31,24660
1791630738,546,0,1137821,20261010,1,56725,0,feed,22560,0,33,22560
1791630738,61,1,1364571,20261010,1,52761,0,feed,25740,0,73,25740
1791630738,61,0,1364707,20261010,56,40124,-99,feed,22380,55,76,19920
1791630738,61,1,1365293,20261010,71,17922,4,feed,22320,70,73,18780
1791630738,61,1,1366242,20261010,1,52761,0,feed,,,,
1791630738,61,1,1366316,20261010,1,52761,0,feed,22260,0,73,22260
1791630738,61,0,1366891,20261010,1,17905,0,feed,23520,0,76,23520
1791630738,61,1,1367559,20261010,23,5379,325,feed,22020,22,73,20580
1791630738,61,0,1367765,20261010,1,17905,0,feed,25320,0,76,25320
1791630738,61,0,1370799,20261010,12,14942,15,feed,,,,
1791630738,62,0,1349339,20261010,63,10505,-54,feed,22440,62,86,19800
1791630738,62,1,1349394,20261010,1,49141,0,feed,24900,0,83,24900
1791630738,62,1,1354974,20261010,1,49141,0,feed,22860,0,91,22860
1791630738,62,0,1359990,20261010,15,6292,66,feed,22260,14,86,21900
1791630738,62,1,1362669,20261010,59,6274,-35,feed,22380,58,83,19560
1791630738,62,0,1363784,20261010,1,328,0,feed,23700,0,86,23700
1791630738,62,1,1368245,20261010,27,80929,-55,feed,22380,26,83,21360
1791630738,62,0,1368581,20261010,1,328,0,feed,25500,0,86,25500
1791630738,63,1,1268320,20261010,1,51114,0,feed,24480,0,59,24480
1791630738,63,0,1346603,20261010,47,3164,44,feed,22320,46,60,19680
1791630738,63,1,1347772,20261010,36,3078,46,feed,22320,35,59,20040
1791630738,63,0,1348368,20261010,1,15795,0,feed,24360,0,60,24360
1791630738,63,1,1368428,20261010,1,51114,0,feed,22680,0,59,22680
1791630738,63,0,1369075,20261010,1,15795,0,feed,22620,0,60,22620
1791630738,64,1,1342539,20261010,1,42157,0,feed,23820,0,43,23820
1791630738,64,1,1358491,20261010,28,5338,-128,feed,22380,27,76,21480
1791630738,64,1,1359566,20261010,1,52015,0,feed,24840,0,76,24840
1791630738,64,0,1359576,20261010,1,52761,0,feed,24660,0,43,24660
1791630738,64,0,1359715,20261010,9,11777,296,feed,22020,8,78,21360
1791630738,645,1,1207815,20261010,1,53293,0,feed,22620,0,55,22620
1791630738,65,1,1348936,20261010,1,57690,0,feed,,,,
1791630738,65,1,1349340,20261010,1,57690,0,feed,23520,0,38,23520
1791630738,65,1,1351111,20261010,21,10726,62,feed,22260,20,38,21480
1791630738,65,0,1369901,20261010,23,10720,-27,feed,,,,
1791630738,65,0,1370155,20261010,1,10761,0,feed,,,,
1791630738,65,0,1370204,20261010,1,10761,0,feed,,,,
1791630738,68,0,1356050,20261010,1,53340,0,feed,25200,0,118,25200
1791630738,68,0,1361913,20261010,2,9806,132,feed,25080,1,87,25080
1791630738,68,0,1363096,20261010,2,53402,71,feed,22260,1,131,22200
1791630738,68,1,1366827,20261010,50,364,113,feed,22200,49,125,19980
1791630738,68,1,1369082,20261010,1,57511,0,feed,23880,0,125,23880
1791630738,68,0,1369150,20261010,67,49938,-170,feed,22380,66,87,19560
1791630738,686,1,1172304,20261010,2,70103,-285,feed,22560,1,4,21960
1791630738,686,0,1331155,20261010,1,47705,0,feed,25620,0,3,25620
1791630738,686,1,1334842,20261010,1,56939,0,feed,24840,0,4,24840
1791630738,686,0,1335796,20261010,1,47705,0,feed,22800,0,3,22800
1791630738,7,0,1356026,20261010,1,51779,0,feed,23580,0,64,23580
1791630738,7,0,1357335,20261010,1,51779,0,feed,25380,0,64,25380
1791630738,7,1,1358182,20261010,29,13239,8,feed,22320,28,63,20220
1791630738,7,1,1358852,20261010,1,17679,0,feed,24660,0,60,24660
1791630738,7,0,1358889,20261010,59,17658,152,feed,22200,58,67,18360
1791630738,7,0,1359381,20261010,42,19302,70,feed,22260,41,64,20040
1791630738,7,1,1360685,20261010,1,17679,0,feed,23100,0,60,23100
1791630738,7,0,1370524,20261010,3,19437,306,feed,,,,
1791630738,71,0,1264727,20261010,1,9715,0,feed,24120,0,58,24120
1791630738,71,1,1268612,20261010,1,51291,0,feed,24060,0,60,24060
1791630738,71,1,1269219,20261010,1,51291,0,feed,22260,0,60,22260
1791630738,716,1,1136367,20261010,25,45352,1119,feed,21180,24,50,20520
1791630738,716,0,1137213,20261010,1,50154,0,feed,25800,0,51,25800
1791630738,716,1,1137235,20261010,1,8728,9,feed,24120,0,50,24120
1791630738,716,0,1137589,20261010,1,50154,719,feed,22200,0,51,22200
1791630738,72,0,1369683,20261010,1,57615,0,feed,,,,
1791630738,722,1,1184005,20261010,1,11486,0,feed,25140,0,14,25140
1791630738,722,0,1184389,20261010,1,56827,0,feed,23700,0,51,23700
1791630738,724,1,1132932,20261010,19,8840,-54,feed,22380,18,35,21720
1791630738,724,1,1135735,20261010,1,53222,0,feed,25320,0,35,25320
1791630738,724,0,1136135,20261010,1,51846,0,feed,23700,0,33,23700
1791630738,725,1,1313104,20261010,1,56775,0,feed,22500,0,49,22500
1791630738,725,0,1313978,20261010,1,57580,0,feed,23340,0,50,23340
1791630738,74,0,1358069,20261010,1,51546,0,feed,25740,0,59,25740
1791630738,74,1,1358995,20261010,1,13667,0,feed,24540,0,61,24540
1791630738,74,1,1359531,20261010,38,11700,134,feed,22200,37,61,19800
1791630738,74,0,1359674,20261010,1,51546,0,feed,23940,0,59,23940
1791630738,74,1,1359864,20261010,1,13667,0,feed,22740,0,61,22740
1791630738,74,0,1359900,20261010,46,49609,-57,feed,22380,45,59,19440
1791630738,74,0,1359985,20261010,2,48896,-133,feed,22500,1,59,22140
1791630738,87,1,1303812,20261010,49,11754,-48,feed,22380,48,70,20640
1791630738,87,1,1304686,20261010,1,57690,0,feed,22440,0,70,22440
1791630738,87,1,1305398,20261010,1,57690,0,feed,25800,0,70,25800
1791630738,87,1,1305552,20261010,1,57690,0,feed,24000,0,70,24000
1791630738,87,0,1349236,20261010,11,13074,115,feed,,,,
1791630738,87,0,1349992,20261010,1,51892,0,feed,23640,0,71,23640
1791630738,87,0,1351243,20261010,68,591,-154,feed,22500,67,71,20040
1791630738,87,0,1351529,20261010,1,51892,0,feed,25320,0,71,25320
1791630738,9,0,1360478,20261010,1,52552,0,feed,22740,0,100,22740
1791630738,9,0,1360500,20261010,54,16445,129,feed,22200,53,87,19860
1791630738,9,1,1364704,20261010,2,48896,-22,feed,22500,1,96,22140
1791630738,9,1,1365790,20261010,1,51551,0,feed,23940,0,111,23940
1791630738,9,1,1367498,20261010,1,51551,0,feed,25740,0,96,25740
1791630738,9,1,1368468,20261010,69,7340,185,feed,22140,68,111,18960
1791630738,9,0,1368559,20261010,1,52552,0,feed,24420,0,100,24420
1791630738,901,1,877070,20261010,14,51418,240,feed,22140,13,20,20700
1791630738,901,0,883130,20261010,4,53280,180,feed,22140,3,20,21840
1791630738,901,1,886827,20261010,19,51422,240,feed,22200,18,20,20040
1791630738,901,1,888824,20261010,9,51413,60,feed,22320,8,20,21480
1791630738,901,1,893021,20261010,3,56336,0,feed,22380,2,20,22200
1791630738,901,0,897947,20261010,16,51424,240,feed,22260,15,20,20220
1791630738,901,0,902014,20261010,1,51405,0,feed,22560,0,20,22560
1791630738,901,1,902265,20261010,3,56336,0,feed,23100,2,20,22920
1791630738,902,1,881418,20261010,7,56032,60,feed,22260,6,24,21540
1791630738,902,1,882461,20261010,17,56042,60,feed,22320,16,24,20280
1791630738,902,0,883557,20261010,11,56005,240,feed,22080,10,24,20880
1791630738,902,1,893627,20261010,22,56332,120,feed,22320,21,24,19560
1791630738,902,0,895771,20261010,19,56013,180,feed,22140,18,24,19920
1791630738,902,1,895918,20261010,13,56038,0,feed,22320,12,24,20820
1791630738,902,0,898768,20261010,3,56336,0,feed,22800,2,24,22620
1791630738,902,1,900937,20261010,4,56029,60,feed,22260,3,24,21900
1791630738,902,1,904349,20261010,2,56027,60,feed,22380,1,24,22260
1791630738,902,0,967227,20261010,6,56338,60,feed,22320,5,24,21840
1791630738,903,1,1263994,20261010,1,56874,0,feed,22320,0,6,22320
1791630738,903,0,1264906,20261010,1,57285,0,feed,24360,0,6,24360
1791630738,903,1,1276084,20261010,1,56874,0,feed,25920,0,6,25920
1791630738,904,1,1267982,20261010,11,56833,-50,feed,22500,10,12,20760
1791630738,904,1,1268165,20261010,1,56800,0,feed,23460,0,12,23460
1791630738,904,0,1364315,20261010,11,53314,379,feed,21960,10,13,20220
1791630738,904,0,1364751,20261010,1,56830,0,feed,23820,0,13,23820
1791630738,904,0,1366134,20261010,1,56830,0,feed,22920,0,13,22920
1791630738,904,1,1368368,20261010,1,56800,0,feed,24360,0,12,24360
1791630738,904,0,1368503,20261010,7,53542,254,feed,22320,6,13,21120
1791630738,904,1,1368791,20261010,7,53543,-174,feed,22500,6,12,21660
1791630738,904,0,1368817,20261010,1,56830,0,feed,25560,0,13,25560
1791630738,904,1,1368992,20261010,1,56800,0,feed,25260,0,12,25260
1791630738,904,1,1369184,20261010,1,56800,0,feed,22560,0,12,22560
1791630738,904,0,1369203,20261010,1,56830,0,feed,24720,0,13,24720
1791630738,905,0,1344095,20261010,1,52761,0,feed,24000,0,16,24000
1791630738,905,0,1344223,20261010,15,57440,-419,feed,22440,14,16,20400
1791630738,905,1,1344290,20261010,1,57441,0,feed,23940,0,16,23940
1791630738,905,0,1344329,20261010,1,52761,0,feed,24900,0,16,24900
1791630738,905,0,1344388,20261010,3,3142,-49,feed,22380,2,16,22200
1791630738,905,0,1344494,20261010,1,52761,0,feed,25800,0,16,25800
1791630738,905,1,1344690,20261010,1,57441,0,feed,25740,0,16,25740
1791630738,905,1,1344728,20261010,1,57441,0,feed,24840,0,16,24840
1791630738,905,0,1344857,20261010,1,52761,0,feed,23100,0,16,23100
1791630738,905,1,1345077,20261010,10,57423,-28,feed,22380,9,16,21240
1791630738,905,1,1345329,20261010,1,57441,0,feed,23040,0,16,23040
1791630738,921,0,1364283,20261010,11,17366,127,feed,22260,10,20,21300
1791630738,921,1,1364385,20261010,1,52531,0,feed,23100,0,20,23100
1791630738,921,1,1364534,20261010,1,52531,0,feed,24000,0,20,24000
1791630738,921,0,1364777,20261010,1,51544,0,feed,25680,0,20,25680
1791630738,921,0,1365678,20261010,19,50013,287,feed,22020,18,20,20400
1791630738,921,0,1367025,20261010,1,51544,0,feed,24840,0,20,24840
1791630738,921,1,1367469,20261010,1,52531,0,feed,24900,0,20,24900
1791630738,921,0,1367940,20261010,1,51544,0,feed,23100,0,20,23100
1791630738,921,1,1367988,20261010,2,50015,54,feed,22320,1,20,22200
1791630738,921,1,1368238,20261010,1,52531,0,feed,25800,0,20,25800
1791630738,921,1,1368838,20261010,10,17312,238,feed,22080,9,20,21300
1791630738,921,0,1368929,20261010,1,51544,0,feed,23940,0,20,23940
1791630738,921,0,1369423,20261010,2,53362,109,feed,22500,1,20,22200
1791630738,922,1,1312096,20261010,1,56100,0,feed,23040,0,34,23040
1791630738,922,1,1312498,20261010,2,57419,-48,feed,22380,1,34,22200
1791630738,922,0,1313260,20261010,1,57314,0,feed,24060,0,35,24060
1791630738,922,0,1313444,20261010,1,57314,0,feed,23160,0,35,23160
1791630738,922,1,1313532,20261010,1,56100,0,feed,24840,0,34,24840
1791630738,922,1,1313808,20261010,1,56100,0,feed,23940,0,34,23940
1791630738,922,0,1314244,20261010,11,56796,210,feed,22200,10,35,21360
1791630738,922,0,1314524,20261010,3,57354,9,feed,22320,2,35,22260
1791630738,922,0,1314802,20261010,29,11885,70,feed,22260,28,35,19560
1791630738,922,1,1314879,20261010,1,56100,0,feed,25620,0,34,25620
1791630738,922,0,1315961,20261010,1,57314,0,feed,25500,0,35,25500
1791630738,922,1,1316069,20261010,9,57338,144,feed,22200,8,34,21300
1791630738,922,1,1316207,20261010,29,57357,190,feed,22260,28,34,19560
1791630738,922,1,1316561,20261010,20,16913,-4,feed,22320,19,34,20400
1791630738,922,0,1317039,20261010,1,57314,0,feed,24780,0,35,24780
1791630738,923,0,1262923,20261010,1,56897,0,feed,23100,0,22,23100
1791630738,923,0,1264599,20261010,3,17900,172,feed,22080,2,22,21900
1791630738,923,1,1267901,20261010,1,57278,0,feed,24960,0,23,24960
1791630738,923,1,1268409,20261010,1,57278,0,feed,22620,0,23,22620
1791630738,923,1,1269805,20261010,19,17906,187,feed,22200,18,23,20640
1791630738,923,0,1269973,20261010,17,56527,364,feed,22020,16,22,20700
1791630738,923,1,1270042,20261010,1,57278,0,feed,23820,0,23,23820
1791630738,923,0,1271263,20261010,1,56897,0,feed,,,,
1791630738,923,0,1276181,20261010,1,56897,0,feed,25140,0,22,25140
1791630738,924,1,1262676,20261010,1,56823,0,feed,,,,
1791630738,924,0,1264524,20261010,15,80138,-170,feed,,,,
1791630738,924,1,1265262,20261010,1,56823,0,feed,,,,
1791630738,924,1,1266788,20261010,31,56919,376,feed,,,,
1791630738,924,0,1267105,20261010,5,620,29,feed,,,,
1791630738,924,0,1268039,20261010,37,9658,489,feed,,,,
1791630738,924,1,1268094,20261010,6,56903,52,feed,,,,
1791630738,924,0,1269022,20261010,23,17900,1,feed,,,,
1791630738,924,0,1270023,20261010,1,56873,0,feed,,,,
1791630738,924,0,1270550,20261010,1,56873,0,feed,,,,
1791630738,924,1,1271559,20261010,1,56823,0,feed,,,,
1791630738,924,0,1272470,20261010,1,56873,0,feed,,,,
1791630738,924,1,1272505,20261010,16,17905,-30,feed,,,,
1791630738,924,1,1273476,20261010,1,56823,0,feed,,,,
1791630738,924,0,1273777,20261010,1,56873,0,feed,,,,
1791630738,924,1,1273959,20261010,23,56911,233,feed,,,,
1791630738,924,0,1274980,20261010,31,8935,121,feed,,,,
1791630738,924,1,1275279,20261010,1,56823,0,feed,,,,
1791630738,924,0,1275874,20261010,1,56873,0,feed,,,,
1791630738,925,0,1271836,20261010,1,53703,0,feed,25560,0,35,25560
1791630738,925,1,1332396,20261010,1,57541,74,feed,22260,0,35,22260
1791630738,925,1,1333024,20261010,12,17919,-103,feed,22440,11,35,21360
1791630738,925,1,1333394,20261010,1,57541,0,feed,25860,0,35,25860
1791630738,925,0,1333578,20261010,30,16142,-130,feed,22380,29,35,19380
1791630738,925,0,1334038,20261010,1,53703,0,feed,24840,0,35,24840
1791630738,925,1,1334209,20261010,1,57541,0,feed,24960,0,35,24960
1791630738,925,1,1334472,20261010,1,57541,0,feed,24060,0,35,24060
1791630738,925,0,1334615,20261010,1,53703,0,feed,22680,0,35,22680
1791630738,925,0,1334722,20261010,1,53703,0,feed,23400,0,35,23400
1791630738,925,0,1334986,20261010,8,57460,81,feed,22260,7,35,21780
1791630738,925,0,1335043,20261010,1,53703,0,feed,24120,0,35,24120
1791630738,925,1,1335342,20261010,1,57541,0,feed,23160,0,35,23160
1791630738,925,1,1335384,20261010,21,50196,31,feed,22320,20,35,19860
1791630738,925,0,1335737,20261010,18,17936,-39,feed,22380,17,35,20880
1791631630,10,1,1369994,20261010,1,57165,0,feed,,,,
1791631630,10,0,1370031,20261010,1,19337,0,feed,,,,
1791631630,10,0,1370207,20261010,4,17988,152,feed,,,,
1791631630,10,1,1370219,20261010,1,57165,0,feed,,,,
1791631630,10,0,1370236,20261010,35,17147,-40,feed,,,,
1791631630,10,1,1370268,20261010,1,57165,0,feed,,,,
1791631630,10,1,1370467,20261010,1,57448,0,feed,,,,
1791631630,10,0,1370704,20261010,1,19337,0,feed,,,,
1791631630,10,1,1370941,20261010,45,17976,-13,feed,,,,
1791631630,11,1,1318651,20261010,31,14669,384,feed,22800,30,79,21840
1791631630,11,1,1319832,20261010,1,49304,0,feed,25380,0,79,25380
1791631630,11,0,1366133,20261010,1,51828,0,feed,25860,0,80,25860
1791631630,11,0,1367545,20261010,1,51828,0,feed,24060,0,80,24060
1791631630,11,0,1369148,20261010,29,17763,106,feed,23100,28,80,22260
1791631630,11,0,1369329,20261010,74,11660,217,feed,22980,73,80,19620
1791631630,11,1,1371140,20261010,1,49304,0,feed,,,,
1791631630,14,0,1331751,20261010,1,4345,0,feed,23220,0,80,23220
1791631630,14,0,1333362,20261010,80,50153,189,feed,23040,79,80,19140
1791631630,14,1,1370035,20261010,1,50153,0,feed,,,,
1791631630,14,1,1371240,20261010,75,755,-50,feed,,,,
1791631630,14,1,1371285,20261010,1,50153,0,feed,,,,
1791631630,14,0,1371341,20261010,1,4345,0,feed,,,,
1791631630,17,0,1131869,20261010,4,57449,112,feed,23100,3,63,22860
1791631630,17,1,1318246,20261010,1,17192,0,feed,25620,0,65,25620
1791631630,17,1,1321194,20261010,50,5730,156,feed,23040,49,65,19920
1791631630,17,0,1323369,20261010,38,40340,351,feed,22860,37,63,21120
1791631630,17,0,1324662,20261010,1,57458,0,feed,24600,0,63,24600
1791631630,17,0,1333883,20261010,1,57458,0,feed,26340,0,63,26340
1791631630,17,1,1334330,20261010,23,17984,-76,feed,23280,22,65,22020
1791631630,17,1,1367244,20261010,1,17192,0,feed,23820,0,65,23820
1791631630,18,0,1361345,20261010,1,57131,0,feed,25620,0,84,25620
1791631630,18,1,1364270,20261010,1,56800,0,feed,23700,0,52,23700
1791631630,18,1,1365183,20261010,1,56800,0,feed,24600,0,83,24600
1791631630,18,0,1367077,20261010,39,1900,174,feed,23100,38,51,21060
1791631630,18,0,1367478,20261010,1,51852,0,feed,23760,0,51,23760
1791631630,18,0,1367989,20261010,25,1874,-49,feed,23220,24,51,21960
1791631630,18,0,1368311,20261010,1,51852,0,feed,25500,0,51,25500
1791631630,18,0,1368315,20261010,40,1444,0,feed,23340,39,84,22080
1791631630,18,1,1368372,20261010,23,1219,312,feed,22920,22,52,21600
1791631630,18,1,1368611,20261010,4,17978,158,feed,23040,3,83,22800
1791631630,18,1,1368678,20261010,1,56800,0,feed,25500,0,52,25500
1791631630,18,0,1368999,20261010,1,57131,0,feed,23820,0,84,23820
1791631630,18,1,1369355,20261010,1,56800,0,feed,26400,0,83,26400
1791631630,2,1,1267562,20261010,9,13239,-8,feed,23220,8,34,22560
1791631630,2,0,1331522,20261010,1,57469,0,feed,25140,0,41,25140
1791631630,2,0,1331994,20261010,1,57469,0,feed,23340,0,41,23340
1791631630,2,1,1361732,20261010,1,57618,0,feed,26160,0,42,26160
1791631630,2,1,1370692,20261010,1,57618,0,feed,,,,
1791631630,2,0,1370716,20261010,30,13221,160,feed,,,,
1791631630,215,1,1265287,20261010,11,57714,125,feed,23100,10,27,22560
1791631630,215,1,1273522,20261010,1,5020,0,feed,26160,0,27,26160
1791631630,215,0,1273955,20261010,1,49979,0,feed,24240,0,30,24240
1791631630,219,0,1303536,20261010,1,57340,0,feed,26160,0,74,26160
1791631630,219,0,1303782,20261010,6,3212,521,feed,22680,5,74,22560
1791631630,219,1,1311113,20261010,1,5020,0,feed,26100,0,71,26100
1791631630,219,1,1311915,20261010,16,49838,97,feed,23100,15,71,22500
1791631630,22,1,1356719,20261010,34,17906,324,feed,22920,33,87,21060
1791631630,22,1,1357959,20261010,1,56825,0,feed,23580,0,84,23580
1791631630,22,0,1364296,20261010,1,4558,0,feed,24060,0,86,24060
1791631630,22,0,1365028,20261010,35,57362,122,feed,23160,34,82,21780
1791631630,22,0,1365656,20261010,54,17903,39,feed,23160,53,86,20220
1791631630,22,0,1366038,20261010,1,4558,0,feed,26460,0,82,26460
1791631630,22,0,1367267,20261010,6,51564,63,feed,23160,5,82,22920
1791631630,22,0,1368057,20261010,82,56825,-53,feed,23220,81,82,18480
1791631630,22,1,1368394,20261010,1,56825,0,feed,25860,0,87,25860
1791631630,22,1,1368812,20261010,62,19496,124,feed,23160,61,84,19140
1791631630,22,1,1368879,20261010,18,11635,-43,feed,23220,17,84,22380
1791631630,22,1,1368894,20261010,1,56825,0,feed,24780,0,84,24780
1791631630,22,0,1368944,20261010,1,4558,0,feed,25260,0,82,25260
1791631630,223,0,1361400,20261010,8,45284,229,feed,22980,7,33,22560
1791631630,223,1,1362113,20261010,1,5020,0,feed,25860,0,34,25860
1791631630,223,0,1362168,20261010,1,57691,0,feed,24360,0,33,24360
1791631630,223,1,1363081,20261010,9,18243,233,feed,22980,8,34,22260
1791631630,25,1,1370357,20261010,1,57166,0,feed,,,,
1791631630,27,0,1350298,20261010,1,52857,0,feed,25200,0,23,25200
1791631630,27,1,1362663,20261010,1,51367,0,feed,24540,0,21,24540
1791631630,3,0,1294585,20261010,18,57014,111,feed,23100,17,64,21720
1791631630,3,0,1321470,20261010,1,54097,0,feed,25260,0,64,25260
1791631630,3,1,1321710,20261010,24,18625,111,feed,23100,23,64,21960
1791631630,3,0,1322590,20261010,1,54097,0,feed,23460,0,65,23460
1791631630,3,1,1323332,20261010,1,56100,0,feed,23640,0,65,23640
1791631630,3,1,1323618,20261010,61,19313,306,feed,22920,60,65,20040
1791631630,3,1,1324397,20261010,1,56100,0,feed,26820,0,64,26820
1791631630,3,1,1370663,20261010,1,56100,0,feed,,,,
1791631630,30,1,1213378,20261010,1,15882,0,feed,25620,0,44,25620
1791631630,30,0,1218781,20261010,1,40238,0,feed,24840,0,48,24840
1791631630,32,0,1332088,20261010,1,50155,0,feed,26100,0,59,26100
1791631630,323,1,1131845,20261010,1,57508,0,feed,24600,0,25,24600
1791631630,323,0,1135065,20261010,3,3185,56,feed,23160,2,23,23040
1791631630,323,0,1136188,20261010,1,51116,0,feed,26040,0,23,26040
1791631630,345,1,1133227,20261010,8,56939,-39,feed,23700,7,15,21900
1791631630,345,0,1134463,20261010,1,56879,0,feed,25200,0,15,25200
1791631630,345,1,1135441,20261010,1,57508,0,feed,25440,0,15,25440
1791631630,345,0,1137643,20261010,14,53873,154,feed,23400,13,15,21600
1791631630,36,0,1177805,20261010,19,50601,106,feed,23100,18,53,22380
1791631630,36,0,1178165,20261010,1,57537,0,feed,24180,0,53,24180
1791631630,36,1,1362274,20261010,1,50160,0,feed,24420,0,50,24420
1791631630,36,1,1363924,20261010,1,50160,0,feed,26220,0,50,26220
1791631630,36,1,1367113,20261010,13,6378,169,feed,23040,12,50,22620
1791631630,36,0,1367240,20261010,1,57537,0,feed,25980,0,53,25980
1791631630,38,1,1349332,20261010,3,16497,42,feed,23160,2,104,23040
1791631630,38,1,1349414,20261010,1,16494,0,feed,26640,0,104,26640
1791631630,38,0,1349537,20261010,46,4721,333,feed,22860,45,108,21120
1791631630,38,0,1351901,20261010,1,48213,0,feed,26460,0,109,26460
1791631630,38,1,1353164,20261010,42,57357,248,feed,22980,41,107,21060
1791631630,38,1,1353688,20261010,1,42032,0,feed,24660,0,107,24660
1791631630,38,0,1354181,20261010,95,12545,114,feed,23100,94,109,19320
1791631630,38,0,1355206,20261010,1,48213,0,feed,24720,0,108,24720
1791631630,38,1,1355670,20261010,91,3614,283,feed,22920,90,104,19440
1791631630,38,0,1367608,20261010,7,81108,24,feed,23220,6,109,22920
1791631630,4,0,1132936,20261010,87,11687,85,feed,23160,86,89,19020
1791631630,4,0,1157630,20261010,1,50231,0,feed,24780,0,87,24780
1791631630,4,1,1356509,20261010,1,14153,0,feed,23880,0,85,23880
1791631630,4,1,1357342,20261010,70,3404,-349,feed,23220,69,85,19500
1791631630,4,1,1359383,20261010,1,14153,0,feed,25680,0,90,25680
1791631630,4,0,1360168,20261010,1,50231,0,feed,26640,0,89,26640
1791631630,4,1,1360580,20261010,31,14947,17,feed,23220,30,90,22140
1791631630,4,0,1360582,20261010,2,57159,-12,feed,23220,1,89,23160
1791631630,4,0,1368258,20261010,38,170,365,feed,22860,37,87,21360
1791631630,48,0,1304033,20261010,1,19301,0,feed,25500,0,61,25500
1791631630,48,1,1352114,20261010,1,50152,0,feed,25860,0,61,25860
1791631630,5,0,1367203,20261010,4,778,170,feed,23040,3,81,22980
1791631630,5,0,1367363,20261010,1,51212,0,feed,26520,0,81,26520
1791631630,5,1,1367795,20261010,42,56317,203,feed,23040,41,80,21720
1791631630,5,1,1369245,20261010,1,51846,0,feed,25260,0,80,25260
1791631630,515,0,1351391,20261010,1,53704,0,feed,24960,0,49,24960
1791631630,515,1,1351663,20261010,15,714,161,feed,23040,14,49,22560
1791631630,515,1,1351908,20261010,1,56877,0,feed,25380,0,49,25380
1791631630,515,0,1352103,20261010,1,53704,0,feed,26760,0,49,26760
1791631630,515,1,1352997,20261010,1,56877,0,feed,23580,0,49,23580
1791631630,515,1,1353990,20261010,1,56877,0,feed,24480,0,49,24480
1791631630,515,0,1354091,20261010,1,53704,0,feed,25860,0,49,25860
1791631630,515,1,1354754,20261010,1,56877,0,feed,26280,0,49,26280
1791631630,534,0,1343689,20261010,13,2092,189,feed,23040,12,35,22620
1791631630,534,1,1343788,20261010,1,51824,0,feed,26100,0,32,26100
1791631630,534,0,1344604,20261010,1,56725,0,feed,26220,0,35,26220
1791631630,534,0,1345447,20261010,1,56725,0,feed,24420,0,35,24420
1791631630,534,1,1345509,20261010,11,50070,283,feed,22860,10,32,22500
1791631630,534,1,1345791,20261010,1,51824,0,feed,24300,0,32,24300
1791631630,538,0,1131894,20261010,1,53704,12,feed,23400,0,42,23400
1791631630,538,1,1318379,20261010,1,56880,0,feed,24480,0,40,24480
1791631630,538,1,1319019,20261010,1,56880,0,feed,26280,0,40,26280
1791631630,539,0,1136603,20261010,1,56725,0,feed,25860,0,41,25860
1791631630,539,1,879155,20261010,1,56880,0,feed,24780,0,38,24780
1791631630,539,0,895456,20261010,1,56725,0,feed,24060,0,41,24060
1791631630,539,1,896945,20261010,1,56880,0,feed,26580,0,38,26580
1791631630,54,0,1132872,20261010,1,56875,0,feed,25920,0,25,25920
1791631630,54,0,1346282,20261010,1,56875,0,feed,24120,0,46,24120
1791631630,54,0,1346538,20261010,44,5278,-68,feed,23220,43,46,19560
1791631630,54,1,1346892,20261010,1,42319,0,feed,24000,0,47,24000
1791631630,54,0,1347643,20261010,9,13143,219,feed,23280,8,25,22320
1791631630,54,1,1354430,20261010,40,56939,-56,feed,23520,39,47,20220
1791631630,54,0,1359180,20261010,25,56099,67,feed,23160,24,25,21060
1791631630,54,1,1359341,20261010,1,56100,0,feed,23700,0,27,23700
1791631630,540,0,1136315,20261010,1,53052,0,feed,25440,0,51,25440
1791631630,540,1,881239,20261010,1,56879,0,feed,23220,0,48,23220
1791631630,546,1,1131417,20261010,11,3454,-19,feed,23220,10,31,22860
1791631630,546,1,1137241,20261010,1,51824,0,feed,24660,0,31,24660
1791631630,546,0,1137821,20261010,15,3465,-9,feed,23220,14,33,22560
1791631630,546,0,880880,20261010,1,56725,0,feed,26160,0,33,26160
1791631630,61,1,1364571,20261010,1,52761,0,feed,25740,0,73,25740
1791631630,61,0,1364707,20261010,70,43282,-102,feed,23340,69,76,19920
1791631630,61,1,1366242,20261010,1,52761,0,feed,,,,
1791631630,61,1,1366316,20261010,9,80956,335,feed,22980,8,73,22260
1791631630,61,0,1366891,20261010,1,17905,0,feed,23520,0,76,23520
1791631630,61,1,1367559,20261010,37,5613,464,feed,22740,36,73,20580
1791631630,61,0,1367765,20261010,1,17905,0,feed,25320,0,76,25320
1791631630,61,0,1370799,20261010,35,57535,-1,feed,,,,
1791631630,615,0,1166764,20261010,1,43380,0,feed,26220,0,42,26220
1791631630,62,1,1349394,20261010,1,49141,0,feed,24900,0,83,24900
1791631630,62,1,1354974,20261010,10,49150,96,feed,23100,9,91,22860
1791631630,62,0,1359990,20261010,49,2611,30,feed,23280,48,86,21900
1791631630,62,1,1362435,20261010,1,49141,0,feed,26700,0,83,26700
1791631630,62,0,1363784,20261010,1,328,0,feed,23700,0,86,23700
1791631630,62,1,1368245,20261010,39,1246,149,feed,23100,38,83,21360
1791631630,62,0,1368581,20261010,1,328,0,feed,25500,0,86,25500
1791631630,63,1,1268320,20261010,1,51114,0,feed,24480,0,59,24480
1791631630,63,0,1346885,20261010,1,15795,0,feed,26160,0,60,26160
1791631630,63,1,1347772,20261010,54,56941,126,feed,23100,53,59,20040
1791631630,63,0,1348368,20261010,1,15795,0,feed,24360,0,60,24360
1791631630,63,1,1368428,20261010,15,56948,-1,feed,23220,14,59,22680
1791631630,63,0,1369075,20261010,12,18675,156,feed,23040,11,60,22620
1791631630,63,1,1370574,20261010,1,51114,0,feed,,,,
1791631630,64,1,1342539,20261010,1,42157,0,feed,23820,0,43,23820
1791631630,64,0,1357549,20261010,1,52761,0,feed,26100,0,78,26100
1791631630,64,1,1358491,20261010,60,81103,-86,feed,23220,59,76,21480
1791631630,64,1,1359566,20261010,1,52015,0,feed,24840,0,76,24840
1791631630,64,0,1359576,20261010,1,52761,0,feed,24660,0,43,24660
1791631630,64,0,1359715,20261010,47,40132,155,feed,23040,46,78,21360
1791631630,645,1,1207815,20261010,7,48749,310,feed,23340,6,55,22620
1791631630,645,0,1337929,20261010,1,6990,0,feed,26520,0,52,26520
1791631630,645,1,1340341,20261010,1,53293,0,feed,26220,0,55,26220
1791631630,65,1,1348936,20261010,1,57690,0,feed,,,,
1791631630,65,1,1349340,20261010,1,57690,0,feed,23520,0,38,23520
1791631630,65,1,1351111,20261010,38,10761,44,feed,23160,37,38,21480
1791631630,65,0,1370155,20261010,1,10761,0,feed,,,,
1791631630,65,0,1370204,20261010,1,10761,0,feed,,,,
1791631630,67,1,1358213,20261010,1,56100,0,feed,26280,0,65,26280
1791631630,68,0,1356050,20261010,1,53340,0,feed,25200,0,118,25200
1791631630,68,0,1361913,20261010,2,9806,132,feed,25080,1,87,25080
1791631630,68,1,1363087,20261010,1,11904,0,feed,26700,0,61,26700
1791631630,68,0,1363096,20261010,33,9778,61,feed,23100,32,131,22200
1791631630,68,1,1366827,20261010,84,9996,36,feed,23160,83,125,19980
1791631630,68,1,1369082,20261010,1,57511,0,feed,23880,0,125,23880
1791631630,686,1,1172304,20261010,4,47705,-395,feed,24540,3,4,21960
1791631630,686,0,1331155,20261010,1,47705,0,feed,25620,0,3,25620
1791631630,686,1,1334842,20261010,1,56939,0,feed,24840,0,4,24840
1791631630,686,0,1335796,20261010,1,47705,407,feed,22800,0,3,22800
1791631630,7,0,1356026,20261010,1,51779,0,feed,23580,0,64,23580
1791631630,7,0,1357335,20261010,1,51779,0,feed,25380,0,64,25380
1791631630,7,1,1358182,20261010,47,16605,-126,feed,23220,46,63,20220
1791631630,7,1,1358852,20261010,1,17679,0,feed,24660,0,60,24660
1791631630,7,0,1359381,20261010,59,17669,80,feed,23160,58,64,20040
1791631630,7,1,1360685,20261010,1,17679,92,feed,23100,0,60,23100
1791631630,7,0,1370524,20261010,24,16303,45,feed,,,,
1791631630,7,1,1370715,20261010,1,17679,0,feed,,,,
1791631630,71,0,1264727,20261010,1,9715,0,feed,24120,0,58,24120
1791631630,71,1,1266361,20261010,1,51291,0,feed,25860,0,60,25860
1791631630,71,0,1267561,20261010,1,9715,0,feed,26220,0,58,26220
1791631630,71,1,1268612,20261010,1,51291,0,feed,24060,0,60,24060
1791631630,71,1,1269219,20261010,25,56327,67,feed,23160,24,60,22260
1791631630,716,0,1137213,20261010,1,50154,0,feed,25800,0,51,25800
1791631630,716,1,1137235,20261010,1,8728,29,feed,24120,0,50,24120
1791631630,716,0,1137589,20261010,9,8497,658,feed,22500,8,51,22200
1791631630,72,0,1369683,20261010,1,57615,0,feed,,,,
1791631630,72,0,1370280,20261010,1,57615,0,feed,,,,
1791631630,722,1,1184005,20261010,1,11486,0,feed,25140,0,14,25140
1791631630,722,0,1184389,20261010,1,56827,0,feed,23700,0,51,23700
1791631630,722,1,1185035,20261010,1,57636,0,feed,26520,0,53,26520
1791631630,724,1,1135735,20261010,1,53222,0,feed,25320,0,35,25320
1791631630,724,0,1136135,20261010,1,51846,0,feed,23700,0,33,23700
1791631630,725,1,1313104,20261010,12,57599,38,feed,23160,11,49,22500
1791631630,725,0,1313978,20261010,1,57580,0,feed,23340,0,50,23340
1791631630,725,1,1316658,20261010,1,56775,0,feed,26100,0,49,26100
1791631630,74,0,1358069,20261010,1,51546,0,feed,25740,0,59,25740
1791631630,74,1,1358995,20261010,1,13667,0,feed,24540,0,61,24540
1791631630,74,1,1359469,20261010,1,13667,0,feed,26340,0,61,26340
1791631630,74,1,1359531,20261010,60,16607,116,feed,23100,59,61,19800
1791631630,74,0,1359674,20261010,1,51546,0,feed,23940,0,59,23940
1791631630,74,1,1359864,20261010,8,49651,102,feed,23160,7,61,22740
1791631630,74,0,1359985,20261010,17,11721,-63,feed,23220,16,59,22140
1791631630,802,1,1195528,20261010,1,42622,0,feed,26520,0,45,26520
1791631630,87,1,1304686,20261010,13,14359,131,feed,23100,12,70,22440
1791631630,87,1,1305398,20261010,1,57690,0,feed,25800,0,70,25800
1791631630,87,1,1305552,20261010,1,57690,0,feed,24000,0,70,24000
1791631630,87,0,1349236,20261010,46,18801,36,feed,,,,
1791631630,87,0,1349992,20261010,1,51892,0,feed,23640,0,71,23640
1791631630,87,0,1351529,20261010,1,51892,0,feed,25320,0,71,25320
1791631630,9,0,1360478,20261010,12,3008,125,feed,23100,11,100,22740
1791631630,9,0,1360500,20261010,81,51649,314,feed,22920,80,87,19860
1791631630,9,1,1364704,20261010,27,17594,-43,feed,23220,26,96,22140
1791631630,9,1,1365790,20261010,1,51551,0,feed,23940,0,111,23940
1791631630,9,1,1367498,20261010,1,51551,0,feed,25740,0,96,25740
1791631630,9,0,1368117,20261010,1,40247,0,feed,25920,0,112,25920
1791631630,9,1,1368468,20261010,93,8073,310,feed,22980,92,111,18960
1791631630,9,0,1368559,20261010,1,52552,0,feed,24420,0,100,24420
1791631630,901,1,877070,20261010,20,51405,180,feed,23100,19,20,20700
1791631630,901,0,883130,20261010,11,51429,120,feed,23160,10,20,21840
1791631630,901,1,885207,20261010,3,56336,0,feed,23820,2,20,23640
1791631630,901,1,888824,20261010,16,51420,60,feed,23220,15,20,21480
1791631630,901,1,893021,20261010,10,51414,60,feed,23160,9,20,22200
1791631630,901,0,897403,20261010,1,51405,0,feed,23280,0,20,23280
1791631630,901,0,902014,20261010,6,51434,60,feed,23280,5,20,22560
1791631630,901,1,902265,20261010,4,51408,120,feed,23220,3,20,22920
1791631630,902,1,881418,20261010,14,56039,120,feed,23160,13,24,21540
1791631630,902,0,883557,20261010,19,56013,180,feed,23100,18,24,20880
1791631630,902,1,894001,20261010,3,56028,60,feed,23220,2,24,22980
1791631630,902,0,894669,20261010,3,56336,0,feed,23520,2,24,23340
1791631630,902,0,895771,20261010,24,56018,360,feed,22860,23,24,19920
1791631630,902,1,895918,20261010,19,56330,60,feed,23220,18,24,20820
1791631630,902,0,898768,20261010,7,56001,60,feed,23280,6,24,22620
1791631630,902,1,900937,20261010,12,56037,60,feed,23220,11,24,21900
1791631630,902,1,904349,20261010,9,56034,0,feed,23220,8,24,22260
1791631630,902,0,967227,20261010,12,56006,180,feed,23160,11,24,21840
1791631630,903,1,1263994,20261010,4,48179,110,feed,23100,3,6,22320
1791631630,903,0,1264906,20261010,1,57285,0,feed,24360,0,6,24360
1791631630,903,0,1275557,20261010,1,57285,0,feed,26160,0,6,26160
1791631630,903,1,1276084,20261010,1,56874,0,feed,25920,0,6,25920
1791631630,904,1,1268165,20261010,1,56800,0,feed,23460,0,12,23460
1791631630,904,1,1271789,20261010,1,56800,0,feed,26160,0,12,26160
1791631630,904,0,1364751,20261010,1,56830,0,feed,23820,0,13,23820
1791631630,904,0,1365530,20261010,1,56830,0,feed,26460,0,13,26460
1791631630,904,0,1366134,20261010,3,56831,348,feed,23340,2,13,22920
1791631630,904,1,1368368,20261010,1,56800,0,feed,24360,0,12,24360
1791631630,904,0,1368503,20261010,12,19260,311,feed,22980,11,13,21120
1791631630,904,0,1368778,20261010,7,53542,190,feed,23220,6,13,22020
1791631630,904,1,1368791,20261010,11,56833,-154,feed,23400,10,12,21660
1791631630,904,0,1368817,20261010,1,56830,0,feed,25560,0,13,25560
1791631630,904,1,1368992,20261010,1,56800,0,feed,25260,0,12,25260
1791631630,904,1,1369184,20261010,6,17781,88,feed,23220,5,12,22560
1791631630,904,0,1369203,20261010,1,56830,0,feed,24720,0,13,24720
1791631630,905,0,1344095,20261010,1,52761,0,feed,24000,0,16,24000
1791631630,905,1,1344290,20261010,1,57441,0,feed,23940,0,16,23940
1791631630,905,0,1344329,20261010,1,52761,0,feed,24900,0,16,24900
1791631630,905,0,1344388,20261010,9,57428,-91,feed,23340,8,16,22200
1791631630,905,0,1344494,20261010,1,52761,0,feed,25800,0,16,25800
1791631630,905,1,1344690,20261010,1,57441,0,feed,25740,0,16,25740
1791631630,905,1,1344728,20261010,1,57441,0,feed,24840,0,16,24840
1791631630,905,0,1344857,20261010,3,3142,-58,feed,23280,2,16,23100
1791631630,905,0,1344976,20261010,1,52761,0,feed,26700,0,16,26700
1791631630,905,1,1345077,20261010,15,52759,-465,feed,23340,14,16,21240
1791631630,905,1,1345329,20261010,3,57437,51,feed,23280,2,16,23040
1791631630,905,1,1345360,20261010,1,57441,0,feed,26640,0,16,26640
1791631630,921,0,1364283,20261010,20,52531,204,feed,23040,19,20,21300
1791631630,921,1,1364385,20261010,1,52531,0,feed,23100,0,20,23100
1791631630,921,1,1364534,20261010,1,52531,0,feed,24000,0,20,24000
1791631630,921,0,1364777,20261010,1,51544,0,feed,25680,0,20,25680
1791631630,921,0,1366182,20261010,1,51544,0,feed,26580,0,20,26580
1791631630,921,0,1367025,20261010,1,51544,0,feed,24840,0,20,24840
1791631630,921,0,1367940,20261010,2,53362,-30,feed,23400,1,20,23100
1791631630,921,1,1367988,20261010,11,17318,107,feed,23040,10,20,22200
1791631630,921,1,1368062,20261010,1,52531,0,feed,26700,0,20,26700
1791631630,921,1,1368238,20261010,1,52531,0,feed,25800,0,20,25800
1791631630,921,1,1368838,20261010,20,51544,312,feed,22980,19,20,21300
1791631630,921,0,1368929,20261010,1,51544,0,feed,23940,0,20,23940
1791631630,922,0,1311219,20261010,1,57314,0,feed,26160,0,35,26160
1791631630,922,1,1312096,20261010,1,56100,155,feed,23040,0,34,23040
1791631630,922,1,1312498,20261010,10,17013,-32,feed,23220,9,34,22200
1791631630,922,0,1313260,20261010,1,57314,0,feed,24060,0,35,24060
1791631630,922,0,1313444,20261010,1,57314,39,feed,23160,0,35,23160
1791631630,922,1,1313532,20261010,1,56100,0,feed,24840,0,34,24840
1791631630,922,1,1313808,20261010,1,56100,0,feed,23940,0,34,23940
1791631630,922,0,1314244,20261010,21,57332,46,feed,23160,20,35,21360
1791631630,922,0,1314524,20261010,11,56796,181,feed,23100,10,35,22260
1791631630,922,1,1314879,20261010,1,56100,0,feed,25620,0,34,25620
1791631630,922,0,1315961,20261010,1,57314,0,feed,25500,0,35,25500
1791631630,922,1,1316069,20261010,19,57337,111,feed,23160,18,34,21300
1791631630,922,1,1316561,20261010,28,57358,167,feed,23040,27,34,20400
1791631630,922,1,1316963,20261010,1,56100,0,feed,26400,0,34,26400
1791631630,922,0,1317039,20261010,1,57314,0,feed,24780,0,35,24780
1791631630,923,0,1262923,20261010,2,17897,80,feed,23220,1,22,23100
1791631630,923,0,1264599,20261010,12,52671,332,feed,22920,11,22,21900
1791631630,923,1,1266175,20261010,1,57278,0,feed,26220,0,23,26220
1791631630,923,1,1267901,20261010,1,57278,0,feed,24960,0,23,24960
1791631630,923,1,1268409,20261010,6,56528,220,feed,23040,5,23,22620
1791631630,923,0,1269973,20261010,21,56826,843,feed,22380,20,22,20700
1791631630,923,1,1270042,20261010,1,57278,0,feed,23820,0,23,23820
1791631630,923,0,1270936,20261010,1,56897,0,feed,26040,0,22,26040
1791631630,923,0,1271263,20261010,1,56897,0,feed,,,,
1791631630,923,0,1276181,20261010,1,56897,0,feed,25140,0,22,25140
1791631630,924,1,1262676,20261010,1,56823,0,feed,,,,
1791631630,924,0,1264524,20261010,23,17900,-195,feed,,,,
1791631630,924,1,1265262,20261010,1,56823,0,feed,,,,
1791631630,924,0,1265875,20261010,1,56873,0,feed,,,,
1791631630,924,1,1266788,20261010,41,56873,433,feed,,,,
1791631630,924,0,1267105,20261010,15,80138,-2,feed,,,,
1791631630,924,1,1268094,20261010,16,17905,-6,feed,,,,
1791631630,924,0,1269022,20261010,29,43275,265,feed,,,,
1791631630,924,0,1270023,20261010,1,56873,0,feed,,,,
1791631630,924,0,1270550,20261010,1,56873,0,feed,,,,
1791631630,924,1,1271559,20261010,1,56823,0,feed,,,,
1791631630,924,1,1271660,20261010,1,56823,0,feed,,,,
1791631630,924,0,1272470,20261010,1,56873,0,feed,,,,
1791631630,924,1,1272505,20261010,26,56914,31,feed,,,,
1791631630,924,1,1273476,20261010,1,56823,0,feed,,,,
1791631630,924,0,1273777,20261010,5,620,-62,feed,,,,
1791631630,924,1,1273959,20261010,30,56918,396,feed,,,,
1791631630,924,0,1274980,20261010,40,56823,183,feed,,,,
1791631630,924,1,1275279,20261010,6,56903,0,feed,,,,
1791631630,924,0,1275874,20261010,1,56873,0,feed,,,,
1791631630,925,0,1271836,20261010,1,53703,0,feed,25560,0,35,25560
1791631630,925,0,1275013,20261010,1,53703,0,feed,26220,0,35,26220
1791631630,925,1,1332396,20261010,12,17919,-88,feed,23340,11,35,22260
1791631630,925,1,1333024,20261010,21,50196,-14,feed,23220,20,35,21360
1791631630,925,1,1333394,20261010,1,57541,0,feed,25860,0,35,25860
1791631630,925,0,1334038,20261010,1,53703,0,feed,24840,0,35,24840
1791631630,925,1,1334209,20261010,1,57541,0,feed,24960,0,35,24960
1791631630,925,1,1334472,20261010,1,57541,0,feed,24060,0,35,24060
1791631630,925,0,1334615,20261010,7,1290,131,feed,23100,6,35,22680
1791631630,925,0,1334722,20261010,1,53703,0,feed,23400,0,35,23400
1791631630,925,1,1334788,20261010,1,57541,0,feed,26580,0,35,26580
1791631630,925,0,1334986,20261010,17,1330,49,feed,23160,16,35,21780
1791631630,925,0,1335043,20261010,1,53703,0,feed,24120,0,35,24120
1791631630,925,1,1335342,20261010,2,15881,11,feed,23280,1,35,23160
1791631630,925,1,1335384,20261010,32,1149,-93,feed,23220,31,35,19860
1791631630,925,0,1335737,20261010,29,16137,-31,feed,23220,28,35,20880
1791631630,94,0,1186967,20261010,1,51200,0,feed,25980,0,15,25980
1791631630,94,1,1371313,20261010,1,56100,0,feed,,,,
1791632538,10,1,1369994,20261010,2,57116,35,feed,,,,
1791632538,10,0,1370031,20261010,1,19337,0,feed,,,,
1791632538,10,0,1370207,20261010,14,17224,364,feed,,,,
1791632538,10,1,1370219,20261010,1,57165,0,feed,,,,
1791632538,10,0,1370236,20261010,59,57165,-88,feed,,,,
1791632538,10,1,1370268,20261010,1,57165,0,feed,,,,
1791632538,10,1,1370307,20261010,1,57165,0,feed,,,,
1791632538,10,1,1370467,20261010,18,17183,59,feed,,,,
1791632538,10,0,1370704,20261010,1,19337,0,feed,,,,
1791632538,11,1,1318651,20261010,46,1197,441,feed,23700,45,79,21840
1791632538,11,1,1319832,20261010,1,49304,0,feed,25380,0,79,25380
1791632538,11,0,1366133,20261010,1,51828,0,feed,25860,0,80,25860
1791632538,11,0,1367545,20261010,1,51828,0,feed,24060,0,80,24060
1791632538,11,1,1368811,20261010,1,49304,0,feed,27060,0,79,27060
1791632538,11,0,1369148,20261010,43,17952,232,feed,23880,42,80,22260
1791632538,11,0,1371026,20261010,1,51828,0,feed,,,,
1791632538,11,1,1371140,20261010,15,14616,153,feed,,,,
1791632538,14,0,1331751,20261010,23,15594,72,feed,24060,22,80,23220
1791632538,14,0,1332502,20261010,1,4345,0,feed,26820,0,80,26820
1791632538,14,1,1370035,20261010,12,8348,115,feed,,,,
1791632538,14,1,1370854,20261010,1,50153,0,feed,,,,
1791632538,14,1,1371285,20261010,1,50153,0,feed,,,,
1791632538,14,0,1371341,20261010,1,4345,0,feed,,,,
1791632538,17,0,1131869,20261010,26,5807,204,feed,23940,25,63,22860
1791632538,17,1,1317951,20261010,1,17192,0,feed,27240,0,65,27240
1791632538,17,1,1318246,20261010,1,17192,0,feed,25620,0,65,25620
1791632538,17,0,1323369,20261010,51,14952,276,feed,23880,50,63,21120
1791632538,17,0,1324662,20261010,1,57458,0,feed,24600,0,63,24600
1791632538,17,0,1333883,20261010,1,57458,0,feed,26340,0,63,26340
1791632538,17,1,1334330,20261010,37,3523,68,feed,24060,36,65,22020
1791632538,17,1,1367244,20261010,7,15518,-8,feed,24120,6,65,23820
1791632538,18,0,1361017,20261010,1,51852,0,feed,27240,0,51,27240
1791632538,18,0,1361345,20261010,1,57131,0,feed,25620,0,84,25620
1791632538,18,1,1364270,20261010,3,17976,390,feed,23880,2,52,23700
1791632538,18,1,1365183,20261010,1,56800,0,feed,24600,0,83,24600
1791632538,18,1,1367384,20261010,1,56800,0,feed,27180,0,52,27180
1791632538,18,0,1367478,20261010,5,81051,224,feed,23880,4,51,23760
1791632538,18,0,1367989,20261010,41,1911,-26,feed,24120,40,51,21960
1791632538,18,0,1368311,20261010,1,51852,0,feed,25500,0,51,25500
1791632538,18,0,1368315,20261010,58,1874,-55,feed,24120,57,84,22080
1791632538,18,1,1368372,20261010,43,1349,148,feed,24000,42,52,21600
1791632538,18,1,1368611,20261010,17,42211,193,feed,23940,16,83,22800
1791632538,18,1,1368678,20261010,1,56800,0,feed,25500,0,52,25500
1791632538,18,0,1368895,20261010,1,57131,0,feed,27300,0,84,27300
1791632538,18,0,1368999,20261010,9,1404,121,feed,24000,8,84,23820
1791632538,18,1,1369355,20261010,1,56800,0,feed,26400,0,83,26400
1791632538,2,1,1267562,20261010,26,80924,-36,feed,24120,25,34,22560
1791632538,2,0,1331522,20261010,1,57469,0,feed,25140,0,41,25140
1791632538,2,0,1331994,20261010,15,56926,9,feed,24120,14,41,23340
1791632538,2,1,1361732,20261010,1,57618,0,feed,26160,0,42,26160
1791632538,2,0,1362530,20261010,1,57469,0,feed,26880,0,41,26880
1791632538,2,1,1370692,20261010,1,57618,0,feed,,,,
1791632538,2,0,1370716,20261010,39,16057,413,feed,,,,
1791632538,215,1,1273522,20261010,1,5020,0,feed,26160,0,27,26160
1791632538,215,0,1273955,20261010,1,49979,0,feed,24240,0,30,24240
1791632538,219,0,1303536,20261010,1,57340,0,feed,26160,0,74,26160
1791632538,219,0,1303782,20261010,33,53659,195,feed,23940,32,74,22560
1791632538,219,1,1311113,20261010,1,5020,0,feed,26100,0,71,26100
1791632538,219,1,1311915,20261010,41,53662,43,feed,24060,40,71,22500
1791632538,22,1,1356719,20261010,53,15619,258,feed,23940,52,87,21060
1791632538,22,1,1357692,20261010,1,56825,0,feed,27180,0,84,27180
1791632538,22,1,1357959,20261010,3,11351,355,feed,23760,2,84,23580
1791632538,22,0,1364296,20261010,1,4558,0,feed,24060,0,86,24060
1791632538,22,0,1365028,20261010,46,19304,198,feed,23940,45,82,21780
1791632538,22,0,1365656,20261010,68,57197,196,feed,23940,67,86,20220
1791632538,22,0,1366038,20261010,1,4558,0,feed,26460,0,82,26460
1791632538,22,0,1367267,20261010,27,12566,177,feed,23940,26,82,22920
1791632538,22,1,1368394,20261010,1,56825,0,feed,25860,0,87,25860
1791632538,22,1,1368812,20261010,83,4557,129,feed,24000,82,84,19140
1791632538,22,1,1368879,20261010,31,17906,-3,feed,24120,30,84,22380
1791632538,22,1,1368894,20261010,1,56825,0,feed,24780,0,84,24780
1791632538,22,0,1368944,20261010,1,4558,0,feed,25260,0,82,25260
1791632538,22,0,1369270,20261010,1,4558,0,feed,27660,0,86,27660
1791632538,223,0,1361400,20261010,24,17242,467,feed,23640,23,33,22560
1791632538,223,1,1362113,20261010,1,5020,0,feed,25860,0,34,25860
1791632538,223,0,1362168,20261010,1,57691,7,feed,24360,0,33,24360
1791632538,223,1,1362920,20261010,1,5020,0,feed,27660,0,34,27660
1791632538,223,1,1363081,20261010,28,57453,228,feed,23880,27,34,22260
1791632538,25,0,1369778,20261010,20,15786,180,feed,,,,
1791632538,25,1,1370357,20261010,1,57166,0,feed,,,,
1791632538,27,0,1350298,20261010,1,52857,0,feed,25200,0,23,25200
1791632538,27,1,1362663,20261010,1,51367,0,feed,24540,0,21,24540
1791632538,3,0,1294585,20261010,37,18556,183,feed,23940,36,64,21720
1791632538,3,0,1321470,20261010,1,54097,0,feed,25260,0,64,25260
1791632538,3,1,1321710,20261010,44,16094,167,feed,23940,43,64,21960
1791632538,3,0,1322590,20261010,6,19314,45,feed,24060,5,65,23460
1791632538,3,0,1323136,20261010,1,54097,0,feed,27060,0,65,27060
1791632538,3,1,1323332,20261010,7,20008,107,feed,24060,6,65,23640
1791632538,3,1,1324397,20261010,1,56100,0,feed,26820,0,64,26820
1791632538,3,1,1370663,20261010,1,56100,0,feed,,,,
1791632538,30,1,1213071,20261010,1,15882,0,feed,27420,0,44,27420
1791632538,30,1,1213378,20261010,1,15882,0,feed,25620,0,44,25620
1791632538,30,0,1218781,20261010,1,40238,0,feed,24840,0,48,24840
1791632538,32,0,1332088,20261010,1,50155,0,feed,26100,0,59,26100
1791632538,32,1,1368017,20261010,1,57685,0,feed,27240,0,61,27240
1791632538,323,1,1131845,20261010,1,57508,0,feed,24600,0,25,24600
1791632538,323,0,1135065,20261010,22,57440,-21,feed,24120,21,23,23040
1791632538,323,0,1136188,20261010,1,51116,0,feed,26040,0,23,26040
1791632538,345,1,1133227,20261010,10,42441,-78,feed,24120,9,15,21900
1791632538,345,0,1134463,20261010,1,56879,0,feed,25200,0,15,25200
1791632538,345,1,1135441,20261010,1,57508,0,feed,25440,0,15,25440
1791632538,36,0,1177805,20261010,46,1313,-83,feed,24120,45,53,22380
1791632538,36,0,1178165,20261010,1,57537,0,feed,24180,0,53,24180
1791632538,36,1,1362274,20261010,1,50160,0,feed,24420,0,50,24420
1791632538,36,1,1363924,20261010,1,50160,0,feed,26220,0,50,26220
1791632538,36,1,1367113,20261010,43,6236,-58,feed,24120,42,50,22620
1791632538,36,0,1367240,20261010,1,57537,0,feed,25980,0,53,25980
1791632538,38,1,1349332,20261010,23,12593,238,feed,23880,22,104,23040
1791632538,38,1,1349414,20261010,1,16494,0,feed,26640,0,104,26640
1791632538,38,0,1349537,20261010,71,57204,204,feed,23940,70,108,21120
1791632538,38,0,1351901,20261010,1,48213,0,feed,26460,0,109,26460
1791632538,38,1,1353164,20261010,64,42424,401,feed,23700,63,107,21060
1791632538,38,1,1353688,20261010,1,42032,0,feed,24660,0,107,24660
1791632538,38,0,1355206,20261010,1,48213,0,feed,24720,0,108,24720
1791632538,38,0,1367608,20261010,31,4818,-53,feed,24120,30,109,22920
1791632538,4,0,1157630,20261010,1,50231,0,feed,24780,0,87,24780
1791632538,4,1,1356509,20261010,9,15992,66,feed,24060,8,85,23880
1791632538,4,1,1359006,20261010,1,14153,0,feed,27480,0,85,27480
1791632538,4,1,1359383,20261010,1,14153,0,feed,25680,0,90,25680
1791632538,4,0,1360168,20261010,1,50231,0,feed,26640,0,89,26640
1791632538,4,1,1360580,20261010,45,102,-86,feed,24120,44,90,22140
1791632538,4,0,1360582,20261010,28,54058,19,feed,24120,27,89,23160
1791632538,4,0,1368258,20261010,53,17951,303,feed,23820,52,87,21360
1791632538,48,0,1304033,20261010,1,19301,0,feed,25500,0,61,25500
1791632538,48,1,1352114,20261010,1,50152,0,feed,25860,0,61,25860
1791632538,5,0,1367203,20261010,25,806,301,feed,23820,24,81,22980
1791632538,5,0,1367363,20261010,1,51212,0,feed,26520,0,81,26520
1791632538,5,1,1367795,20261010,59,48,182,feed,23940,58,80,21720
1791632538,5,1,1369245,20261010,1,51846,0,feed,25260,0,80,25260
1791632538,515,1,1351098,20261010,1,56877,0,feed,27180,0,49,27180
1791632538,515,0,1351391,20261010,1,53704,0,feed,24960,0,49,24960
1791632538,515,1,1351663,20261010,48,4366,65,feed,24060,47,49,22560
1791632538,515,1,1351908,20261010,1,56877,0,feed,25380,0,49,25380
1791632538,515,0,1352103,20261010,1,53704,0,feed,26760,0,49,26760
1791632538,515,1,1352997,20261010,15,714,61,feed,24060,14,49,23580
1791632538,515,1,1353990,20261010,1,56877,0,feed,24480,0,49,24480
1791632538,515,0,1354091,20261010,1,53704,0,feed,25860,0,49,25860
1791632538,515,1,1354754,20261010,1,56877,0,feed,26280,0,49,26280
1791632538,515,0,1355088,20261010,1,53704,0,feed,27660,0,49,27660
1791632538,534,1,1343788,20261010,1,51824,0,feed,26100,0,32,26100
1791632538,534,0,1344604,20261010,1,56725,0,feed,26220,0,35,26220
1791632538,534,0,1345447,20261010,1,56725,0,feed,24420,0,35,24420
1791632538,534,1,1345791,20261010,1,51824,0,feed,24300,0,32,24300
1791632538,538,0,1131894,20261010,14,43589,51,feed,24060,13,42,23400
1791632538,538,0,1135114,20261010,1,53704,0,feed,27000,0,42,27000
1791632538,538,1,1318379,20261010,1,56880,113,feed,24480,0,40,24480
1791632538,538,1,1319019,20261010,1,56880,0,feed,26280,0,40,26280
1791632538,539,0,1136603,20261010,1,56725,0,feed,25860,0,41,25860
1791632538,539,1,879155,20261010,1,56880,0,feed,24780,0,38,24780
1791632538,539,0,895456,20261010,1,56725,93,feed,24060,0,41,24060
1791632538,539,1,896945,20261010,1,56880,0,feed,26580,0,38,26580
1791632538,54,0,1132872,20261010,1,56875,0,feed,25920,0,25,25920
1791632538,54,0,1346282,20261010,1,56875,0,feed,24120,0,46,24120
1791632538,54,1,1346892,20261010,1,42319,113,feed,24000,0,47,24000
1791632538,54,0,1347643,20261010,19,10236,178,feed,24000,18,25,22320
1791632538,54,1,1348005,20261010,1,42319,0,feed,27360,0,47,27360
1791632538,54,1,1353102,20261010,1,56100,0,feed,27300,0,27,27300
1791632538,54,1,1354430,20261010,47,56875,13,feed,24120,46,47,20220
1791632538,54,1,1359341,20261010,4,57417,89,feed,24060,3,27,23700
1791632538,540,0,1136315,20261010,1,53052,0,feed,25440,0,51,25440
1791632538,540,1,881239,20261010,17,2038,108,feed,24000,16,48,23220
1791632538,540,1,893327,20261010,1,56879,0,feed,26820,0,48,26820
1791632538,546,1,1137241,20261010,1,51824,0,feed,24660,0,31,24660
1791632538,546,0,880880,20261010,1,56725,0,feed,26160,0,33,26160
1791632538,61,1,1364571,20261010,1,52761,0,feed,25740,0,73,25740
1791632538,61,1,1366242,20261010,1,52761,52,feed,,,,
1791632538,61,1,1366316,20261010,25,41057,245,feed,23880,24,73,22260
1791632538,61,0,1366634,20261010,1,17905,0,feed,27120,0,76,27120
1791632538,61,0,1366891,20261010,10,14955,103,feed,24060,9,76,23520
1791632538,61,1,1367559,20261010,66,15562,324,feed,23820,65,73,20580
1791632538,61,0,1367765,20261010,1,17905,0,feed,25320,0,76,25320
1791632538,61,1,1368603,20261010,1,52761,0,feed,27540,0,73,27540
1791632538,61,0,1370799,20261010,56,40124,-79,feed,,,,
1791632538,615,0,1166764,20261010,1,43380,0,feed,26220,0,42,26220
1791632538,62,1,1349394,20261010,1,49141,0,feed,24900,0,83,24900
1791632538,62,0,1354903,20261010,1,328,0,feed,27300,0,86,27300
1791632538,62,1,1354974,20261010,35,80929,-17,feed,24180,34,91,22860
1791632538,62,0,1359990,20261010,60,80932,80,feed,24060,59,86,21900
1791632538,62,1,1362435,20261010,1,49141,0,feed,26700,0,83,26700
1791632538,62,0,1363784,20261010,17,53901,1,feed,24120,16,86,23700
1791632538,62,1,1368245,20261010,62,6340,114,feed,24000,61,83,21360
1791632538,62,0,1368581,20261010,1,328,0,feed,25500,0,86,25500
1791632538,63,1,1268320,20261010,1,51114,0,feed,24480,0,59,24480
1791632538,63,0,1346885,20261010,1,15795,0,feed,26160,0,60,26160
1791632538,63,0,1348368,20261010,1,15795,0,feed,24360,0,60,24360
1791632538,63,1,1368428,20261010,25,52760,38,feed,24120,24,59,22680
1791632538,63,0,1369075,20261010,35,42114,59,feed,24060,34,60,22620
1791632538,63,1,1370574,20261010,1,51114,0,feed,,,,
1791632538,64,1,1342539,20261010,11,12971,-15,feed,24120,10,43,23820
1791632538,64,0,1357549,20261010,1,52761,0,feed,26100,0,78,26100
1791632538,64,0,1358435,20261010,1,52761,0,feed,27660,0,78,27660
1791632538,64,1,1358491,20261010,74,3264,-85,feed,24120,73,76,21480
1791632538,64,1,1359178,20261010,1,42157,0,feed,27060,0,43,27060
1791632538,64,1,1359566,20261010,1,52015,0,feed,24840,0,76,24840
1791632538,64,0,1359576,20261010,1,52761,0,feed,24660,0,43,24660
1791632538,64,1,1359588,20261010,1,52015,0,feed,27360,0,65,27360
1791632538,645,1,1207815,20261010,11,52551,508,feed,23640,10,55,22620
1791632538,645,0,1337929,20261010,1,6990,0,feed,26520,0,52,26520
1791632538,645,1,1340341,20261010,1,53293,0,feed,26220,0,55,26220
1791632538,65,1,1348936,20261010,1,57690,0,feed,,,,
1791632538,65,1,1349340,20261010,14,4040,-43,feed,24120,13,38,23520
1791632538,65,1,1350622,20261010,1,57690,0,feed,27000,0,38,27000
1791632538,65,0,1370096,20261010,1,10761,0,feed,,,,
1791632538,65,0,1370155,20261010,1,10761,0,feed,,,,
1791632538,65,0,1370204,20261010,15,10711,108,feed,,,,
1791632538,67,1,1358213,20261010,1,56100,0,feed,26280,0,65,26280
1791632538,68,0,1356050,20261010,1,53340,0,feed,25200,0,118,25200
1791632538,68,0,1361913,20261010,2,9806,132,feed,25080,1,87,25080
1791632538,68,1,1363087,20261010,1,11904,0,feed,26700,0,61,26700
1791632538,68,0,1363096,20261010,50,9815,688,feed,23460,49,131,22200
1791632538,68,1,1366827,20261010,122,53406,-51,feed,24120,121,125,19980
1791632538,68,0,1367488,20261010,2,9806,132,feed,27720,1,87,27720
1791632538,68,1,1367646,20261010,1,57511,0,feed,27480,0,125,27480
1791632538,68,1,1369082,20261010,8,81112,56,feed,24060,7,125,23880
1791632538,686,1,1171517,20261010,1,56939,0,feed,27660,0,4,27660
1791632538,686,1,1172304,20261010,4,47705,-261,feed,24540,3,4,21960
1791632538,686,0,1331155,20261010,1,47705,0,feed,25620,0,3,25620
1791632538,686,1,1334842,20261010,1,56939,0,feed,24840,0,4,24840
1791632538,686,0,1335796,20261010,2,57622,4,feed,24180,1,3,22800
1791632538,7,0,1356026,20261010,13,52741,-12,feed,24120,12,64,23580
1791632538,7,0,1357335,20261010,1,51779,0,feed,25380,0,64,25380
1791632538,7,1,1358182,20261010,61,19436,68,feed,24060,60,63,20220
1791632538,7,1,1358852,20261010,1,17679,0,feed,24660,0,60,24660
1791632538,7,0,1359569,20261010,1,51779,0,feed,27180,0,64,27180
1791632538,7,1,1360685,20261010,17,19317,313,feed,23880,16,60,23100
1791632538,7,0,1370524,20261010,43,19304,24,feed,,,,
1791632538,7,1,1370715,20261010,1,17679,0,feed,,,,
1791632538,71,0,1264727,20261010,1,9715,0,feed,24120,0,58,24120
1791632538,71,1,1266361,20261010,1,51291,0,feed,25860,0,60,25860
1791632538,71,0,1267561,20261010,1,9715,0,feed,26220,0,58,26220
1791632538,71,1,1268612,20261010,1,51291,0,feed,24060,0,60,24060
1791632538,71,1,1269219,20261010,48,10060,-116,feed,24120,47,60,22260
1791632538,71,1,1363660,20261010,1,51291,0,feed,27660,0,60,27660
1791632538,716,0,1137213,20261010,1,50154,0,feed,25800,0,51,25800
1791632538,716,1,1137235,20261010,1,8728,108,feed,24120,0,50,24120
1791632538,716,0,1137589,20261010,49,8726,373,feed,23760,48,51,22200
1791632538,716,1,1137784,20261010,1,8728,0,feed,27720,0,50,27720
1791632538,72,0,1369683,20261010,1,57615,0,feed,,,,
1791632538,72,0,1370280,20261010,1,57615,0,feed,,,,
1791632538,721,0,1183639,20261010,1,51845,0,feed,27300,0,43,27300
1791632538,721,1,1289226,20261010,1,9522,0,feed,27000,0,41,27000
1791632538,722,1,1184005,20261010,1,11486,0,feed,25140,0,14,25140
1791632538,722,0,1184389,20261010,7,17046,-47,feed,24120,6,51,23700
1791632538,722,0,1184725,20261010,1,56827,0,feed,27300,0,51,27300
1791632538,722,1,1185035,20261010,1,57636,0,feed,26520,0,53,26520
1791632538,724,1,1130986,20261010,1,53222,0,feed,27120,0,35,27120
1791632538,724,1,1135735,20261010,1,53222,0,feed,25320,0,35,25320
1791632538,724,0,1135938,20261010,1,51846,0,feed,27000,0,33,27000
1791632538,724,0,1136135,20261010,16,8742,57,feed,24060,15,33,23700
1791632538,725,0,1312779,20261010,1,57580,0,feed,26940,0,50,26940
1791632538,725,1,1313104,20261010,39,41918,103,feed,24060,38,49,22500
1791632538,725,0,1313978,20261010,12,53224,97,feed,24120,11,50,23340
1791632538,725,1,1316658,20261010,1,56775,0,feed,26100,0,49,26100
1791632538,74,0,1358069,20261010,1,51546,0,feed,25740,0,59,25740
1791632538,74,1,1358995,20261010,1,13667,0,feed,24540,0,61,24540
1791632538,74,0,1359251,20261010,1,51546,0,feed,27540,0,59,27540
1791632538,74,1,1359469,20261010,1,13667,0,feed,26340,0,61,26340
1791632538,74,0,1359674,20261010,2,48896,-79,feed,24300,1,59,23940
1791632538,74,1,1359864,20261010,22,80959,341,feed,23760,21,61,22740
1791632538,74,0,1359985,20261010,36,11838,-2,feed,24120,35,59,22140
1791632538,802,1,1195528,20261010,1,42622,0,feed,26520,0,45,26520
1791632538,87,1,1304686,20261010,40,18910,175,feed,23940,39,70,22440
1791632538,87,1,1305398,20261010,1,57690,0,feed,25800,0,70,25800
1791632538,87,1,1305552,20261010,1,57690,104,feed,24000,0,70,24000
1791632538,87,0,1349236,20261010,67,51370,-3,feed,,,,
1791632538,87,0,1349992,20261010,11,13074,106,feed,24000,10,71,23640
1791632538,87,0,1350383,20261010,1,51892,0,feed,27120,0,71,27120
1791632538,87,0,1351529,20261010,1,51892,0,feed,25320,0,71,25320
1791632538,9,0,1360478,20261010,44,3050,176,feed,23940,43,100,22740
1791632538,9,1,1364704,20261010,45,17899,-73,feed,24180,44,96,22140
1791632538,9,1,1365790,20261010,2,48896,-30,feed,24300,1,111,23940
1791632538,9,1,1366959,20261010,1,51551,0,feed,27480,0,111,27480
1791632538,9,1,1367498,20261010,1,51551,0,feed,25740,0,96,25740
1791632538,9,0,1368117,20261010,1,40247,0,feed,25920,0,112,25920
1791632538,9,0,1368559,20261010,1,52552,0,feed,24420,0,100,24420
1791632538,901,0,883130,20261010,18,56332,60,feed,24120,17,20,21840
1791632538,901,0,883688,20261010,1,51405,0,feed,24720,0,20,24720
1791632538,901,1,885207,20261010,6,56338,0,feed,24120,5,20,23640
1791632538,901,1,893021,20261010,17,53279,60,feed,24120,16,20,22200
1791632538,901,0,895953,20261010,2,51437,60,feed,24180,1,20,24000
1791632538,901,0,897403,20261010,7,51433,120,feed,24120,6,20,23280
1791632538,901,0,902014,20261010,12,51428,120,feed,24000,11,20,22560
1791632538,901,1,902265,20261010,11,51415,180,feed,24000,10,20,22920
1791632538,902,1,878714,20261010,3,56028,360,feed,23880,2,24,23640
1791632538,902,1,881418,20261010,20,51424,240,feed,24060,19,24,21540
1791632538,902,0,885867,20261010,3,56336,0,feed,24240,2,24,24060
1791632538,902,0,889403,20261010,3,56336,0,feed,24960,2,24,24780
1791632538,902,1,892152,20261010,1,56026,0,feed,25140,0,24,25140
1791632538,902,1,894001,20261010,11,56036,120,feed,24180,10,24,22980
1791632538,902,0,894669,20261010,7,56001,120,feed,24000,6,24,23340
1791632538,902,0,898768,20261010,12,56006,240,feed,23940,11,24,22620
1791632538,902,1,900937,20261010,18,56043,0,feed,24120,17,24,21900
1791632538,902,1,904349,20261010,16,56041,0,feed,24180,15,24,22260
1791632538,902,0,967227,20261010,19,56013,60,feed,24060,18,24,21840
1791632538,903,0,1264906,20261010,1,57285,0,feed,24360,0,6,24360
1791632538,903,1,1273379,20261010,1,56874,0,feed,27720,0,6,27720
1791632538,903,0,1275557,20261010,1,57285,0,feed,26160,0,6,26160
1791632538,903,1,1276084,20261010,1,56874,0,feed,25920,0,6,25920
1791632538,904,1,1266741,20261010,1,56800,0,feed,27060,0,12,27060
1791632538,904,1,1268165,20261010,6,17781,256,feed,24120,5,12,23460
1791632538,904,1,1271789,20261010,1,56800,0,feed,26160,0,12,26160
1791632538,904,0,1364751,20261010,3,56831,317,feed,24240,2,13,23820
1791632538,904,0,1365530,20261010,1,56830,0,feed,26460,0,13,26460
1791632538,904,0,1366134,20261010,6,48084,245,feed,23880,5,13,22920
1791632538,904,1,1368368,20261010,1,56800,0,feed,24360,0,12,24360
1791632538,904,0,1368778,20261010,12,19260,312,feed,23880,11,13,22020
1791632538,904,0,1368817,20261010,1,56830,0,feed,25560,0,13,25560
1791632538,904,0,1368948,20261010,1,56830,0,feed,27360,0,13,27360
1791632538,904,1,1368992,20261010,1,56800,0,feed,25260,0,12,25260
1791632538,904,1,1369184,20261010,11,56833,91,feed,24300,10,12,22560
1791632538,904,0,1369203,20261010,1,56830,0,feed,24720,0,13,24720
1791632538,905,0,1344095,20261010,3,3142,-7,feed,24180,2,16,24000
1791632538,905,1,1344290,20261010,3,57437,-39,feed,24180,2,16,23940
1791632538,905,0,1344329,20261010,1,52761,0,feed,24900,0,16,24900
1791632538,905,0,1344388,20261010,15,57440,-57,feed,24240,14,16,22200
1791632538,905,0,1344494,20261010,1,52761,0,feed,25800,0,16,25800
1791632538,905,1,1344690,20261010,1,57441,0,feed,25740,0,16,25740
1791632538,905,1,1344728,20261010,1,57441,0,feed,24840,0,16,24840
1791632538,905,0,1344857,20261010,9,57428,-154,feed,24240,8,16,23100
1791632538,905,0,1344976,20261010,1,52761,0,feed,26700,0,16,26700
1791632538,905,1,1345329,20261010,9,57425,-165,feed,24120,8,16,23040
1791632538,905,1,1345360,20261010,1,57441,0,feed,26640,0,16,26640
1791632538,905,1,1345395,20261010,1,57441,0,feed,27540,0,16,27540
1791632538,905,0,1345575,20261010,1,52761,0,feed,27600,0,16,27600
1791632538,921,1,1364385,20261010,11,17318,60,feed,23940,10,20,23100
1791632538,921,1,1364534,20261010,1,52531,102,feed,24000,0,20,24000
1791632538,921,0,1364777,20261010,1,51544,0,feed,25680,0,20,25680
1791632538,921,0,1366182,20261010,1,51544,0,feed,26580,0,20,26580
1791632538,921,0,1367025,20261010,1,51544,0,feed,24840,0,20,24840
1791632538,921,1,1367469,20261010,1,52531,0,feed,24900,0,20,24900
1791632538,921,0,1367940,20261010,12,17371,-14,feed,24180,11,20,23100
1791632538,921,1,1368062,20261010,1,52531,0,feed,26700,0,20,26700
1791632538,921,1,1368115,20261010,1,52531,0,feed,27600,0,20,27600
1791632538,921,1,1368238,20261010,1,52531,0,feed,25800,0,20,25800
1791632538,921,0,1368907,20261010,1,51544,0,feed,27480,0,20,27480
1791632538,921,0,1368929,20261010,2,53362,41,feed,24240,1,20,23940
1791632538,921,0,1369423,20261010,20,52531,180,feed,23940,19,20,22200
1791632538,922,0,1311219,20261010,1,57314,0,feed,26160,0,35,26160
1791632538,922,0,1311468,20261010,1,57314,0,feed,27600,0,35,27600
1791632538,922,1,1312096,20261010,10,17013,79,feed,24060,9,34,23040
1791632538,922,1,1312498,20261010,20,16913,-16,feed,24120,19,34,22200
1791632538,922,0,1313079,20261010,1,57314,0,feed,26880,0,35,26880
1791632538,922,0,1313260,20261010,1,57314,51,feed,24060,0,35,24060
1791632538,922,0,1313444,20261010,11,56796,171,feed,24000,10,35,23160
1791632538,922,1,1313532,20261010,1,56100,0,feed,24840,0,34,24840
1791632538,922,1,1313808,20261010,2,57419,-2,feed,24120,1,34,23940
1791632538,922,0,1314244,20261010,30,57416,-145,feed,24180,29,35,21360
1791632538,922,0,1314524,20261010,21,57332,44,feed,24060,20,35,22260
1791632538,922,1,1314879,20261010,1,56100,0,feed,25620,0,34,25620
1791632538,922,0,1315961,20261010,1,57314,0,feed,25500,0,35,25500
1791632538,922,1,1316069,20261010,29,57357,164,feed,24060,28,34,21300
1791632538,922,1,1316443,20261010,1,56100,0,feed,27180,0,34,27180
1791632538,922,1,1316561,20261010,34,57314,459,feed,23640,33,34,20400
1791632538,922,1,1316963,20261010,1,56100,0,feed,26400,0,34,26400
1791632538,922,0,1317039,20261010,1,57314,0,feed,24780,0,35,24780
1791632538,923,0,1262923,20261010,11,56420,111,feed,24060,10,22,23100
1791632538,923,1,1262965,20261010,1,57278,0,feed,,,,
1791632538,923,0,1264599,20261010,21,56826,775,feed,23580,20,22,21900
1791632538,923,1,1266175,20261010,1,57278,0,feed,26220,0,23,26220
1791632538,923,1,1267901,20261010,1,57278,0,feed,24960,0,23,24960
1791632538,923,1,1268409,20261010,17,56317,160,feed,24000,16,23,22620
1791632538,923,0,1268664,20261010,1,56897,0,feed,26880,0,22,26880
1791632538,923,1,1270042,20261010,3,9087,206,feed,23940,2,23,23820
1791632538,923,0,1270936,20261010,1,56897,0,feed,26040,0,22,26040
1791632538,923,0,1271263,20261010,1,56897,0,feed,,,,
1791632538,923,0,1276181,20261010,1,56897,0,feed,25140,0,22,25140
1791632538,924,1,1262676,20261010,6,56903,-11,feed,,,,
1791632538,924,0,1264524,20261010,32,56950,-190,feed,,,,
1791632538,924,1,1265262,20261010,1,56823,0,feed,,,,
1791632538,924,0,1265875,20261010,1,56873,0,feed,,,,
1791632538,924,0,1267105,20261010,23,17900,-62,feed,,,,
1791632538,924,1,1268094,20261010,26,56914,24,feed,,,,
1791632538,924,0,1270023,20261010,1,56873,0,feed,,,,
1791632538,924,0,1270550,20261010,1,56873,0,feed,,,,
1791632538,924,1,1271559,20261010,1,56823,0,feed,,,,
1791632538,924,1,1271660,20261010,1,56823,0,feed,,,,
1791632538,924,0,1272470,20261010,1,56873,0,feed,,,,
1791632538,924,1,1272505,20261010,34,436,14,feed,,,,
1791632538,924,1,1273476,20261010,1,56823,0,feed,,,,
1791632538,924,0,1273777,20261010,15,80138,-6,feed,,,,
1791632538,924,1,1273796,20261010,1,56823,0,feed,,,,
1791632538,924,0,1273947,20261010,1,56873,0,feed,,,,
1791632538,924,1,1273959,20261010,40,4530,470,feed,,,,
1791632538,924,1,1275279,20261010,16,17905,9,feed,,,,
1791632538,924,0,1275874,20261010,7,639,87,feed,,,,
1791632538,925,0,1271836,20261010,1,53703,0,feed,25560,0,35,25560
1791632538,925,0,1273285,20261010,1,53703,0,feed,27660,0,35,27660
1791632538,925,0,1275013,20261010,1,53703,0,feed,26220,0,35,26220
1791632538,925,1,1332396,20261010,21,50196,12,feed,24120,20,35,22260
1791632538,925,1,1333024,20261010,32,1149,-2,feed,24120,31,35,21360
1791632538,925,1,1333394,20261010,1,57541,0,feed,25860,0,35,25860
1791632538,925,1,1333922,20261010,1,57541,0,feed,27300,0,35,27300
1791632538,925,0,1334038,20261010,1,53703,0,feed,24840,0,35,24840
1791632538,925,1,1334209,20261010,1,57541,0,feed,24960,0,35,24960
1791632538,925,1,1334472,20261010,1,57541,59,feed,24060,0,35,24060
1791632538,925,0,1334536,20261010,1,53703,0,feed,26940,0,35,26940
1791632538,925,0,1334615,20261010,17,1330,110,feed,24060,16,35,22680
1791632538,925,0,1334722,20261010,11,6206,75,feed,24120,10,35,23400
1791632538,925,1,1334788,20261010,1,57541,0,feed,26580,0,35,26580
1791632538,925,0,1334986,20261010,28,16136,157,feed,24060,27,35,21780
1791632538,925,0,1335043,20261010,1,53703,0,feed,24120,0,35,24120
1791632538,925,1,1335342,20261010,12,17919,-155,feed,24240,11,35,23160
1791632538,94,0,1186967,20261010,1,51200,0,feed,25980,0,15,25980
1791632538,94,1,1371313,20261010,1,56100,0,feed,,,,
1791633434,10,0,1369716,20261010,1,19337,0,feed,,,,
1791633434,10,1,1369994,20261010,23,17137,186,feed,,,,
1791633434,10,0,1370031,20261010,1,19337,0,feed,,,,
1791633434,10,0,1370207,20261010,30,49353,504,feed,,,,
1791633434,10,1,1370219,20261010,1,57165,0,feed,,,,
1791633434,10,1,1370268,20261010,1,57165,0,feed,,,,
1791633434,10,1,1370307,20261010,1,57165,0,feed,,,,
1791633434,10,1,1370467,20261010,35,17976,60,feed,,,,
1791633434,10,0,1370704,20261010,4,17988,167,feed,,,,
1791633434,10,1,1370921,20261010,1,57165,0,feed,,,,
1791633434,11,1,1318651,20261010,78,53544,272,feed,24780,77,79,21840
1791633434,11,1,1319832,20261010,1,49304,0,feed,25380,0,79,25380
1791633434,11,0,1366133,20261010,1,51828,0,feed,25860,0,80,25860
1791633434,11,0,1367545,20261010,27,17761,128,feed,24840,26,80,24060
1791633434,11,1,1368811,20261010,1,49304,0,feed,27060,0,79,27060
1791633434,11,0,1369148,20261010,58,14640,489,feed,24480,57,80,22260
1791633434,11,0,1371026,20261010,1,51828,0,feed,,,,
1791633434,11,1,1371140,20261010,39,17917,77,feed,,,,
1791633434,14,0,1331751,20261010,43,17899,-2,feed,25020,42,80,23220
1791633434,14,0,1332502,20261010,1,4345,0,feed,26820,0,80,26820
1791633434,14,1,1370035,20261010,35,17857,32,feed,,,,
1791633434,14,1,1370854,20261010,1,50153,0,feed,,,,
1791633434,14,1,1371285,20261010,1,50153,0,feed,,,,
1791633434,14,0,1371341,20261010,1,4345,0,feed,,,,
1791633434,17,0,1131869,20261010,40,1911,251,feed,24780,39,63,22860
1791633434,17,1,1317951,20261010,1,17192,0,feed,27240,0,65,27240
1791633434,17,1,1318246,20261010,1,17192,0,feed,25620,0,65,25620
1791633434,17,0,1324662,20261010,6,43325,38,feed,24960,5,63,24600
1791633434,17,0,1333883,20261010,1,57458,0,feed,26340,0,63,26340
1791633434,17,1,1334330,20261010,56,5747,156,feed,24780,55,65,22020
1791633434,17,1,1367244,20261010,21,17980,154,feed,24900,20,65,23820
1791633434,17,0,1367673,20261010,1,57458,0,feed,28080,0,63,28080
1791633434,18,0,1361017,20261010,1,51852,0,feed,27240,0,51,27240
1791633434,18,0,1361345,20261010,1,57131,0,feed,25620,0,84,25620
1791633434,18,1,1364270,20261010,13,1204,522,feed,24540,12,52,23700
1791633434,18,1,1365183,20261010,6,17982,151,feed,24960,5,83,24600
1791633434,18,1,1366496,20261010,1,56800,0,feed,28080,0,83,28080
1791633434,18,1,1367384,20261010,1,56800,0,feed,27180,0,52,27180
1791633434,18,0,1367478,20261010,22,1863,191,feed,24900,21,51,23760
1791633434,18,0,1367989,20261010,51,56800,52,feed,24960,50,51,21960
1791633434,18,0,1368311,20261010,1,51852,0,feed,25500,0,51,25500
1791633434,18,0,1368315,20261010,74,1911,17,feed,25020,73,84,22080
1791633434,18,1,1368611,20261010,38,1344,186,feed,24840,37,83,22800
1791633434,18,1,1368678,20261010,1,56800,0,feed,25500,0,52,25500
1791633434,18,0,1368895,20261010,1,57131,0,feed,27300,0,84,27300
1791633434,18,0,1368999,20261010,38,620,220,feed,24840,37,84,23820
1791633434,18,1,1369355,20261010,1,56800,0,feed,26400,0,83,26400
1791633434,2,0,1331522,20261010,1,57469,0,feed,25140,0,41,25140
1791633434,2,0,1331994,20261010,31,13223,-27,feed,25020,30,41,23340
1791633434,2,1,1361535,20261010,1,57618,0,feed,27960,0,42,27960
1791633434,2,1,1361732,20261010,1,57618,0,feed,26160,0,42,26160
1791633434,2,0,1362530,20261010,1,57469,0,feed,26880,0,41,26880
1791633434,2,1,1370692,20261010,1,57618,634,feed,,,,
1791633434,215,0,1265096,20261010,1,49979,0,feed,27840,0,30,27840
1791633434,215,1,1273522,20261010,1,5020,0,feed,26160,0,27,26160
1791633434,215,0,1273955,20261010,17,57709,-14,feed,25020,16,30,24240
1791633434,219,0,1303536,20261010,1,57340,0,feed,26160,0,74,26160
1791633434,219,0,1303782,20261010,60,42347,-34,feed,25020,59,74,22560
1791633434,219,1,1311113,20261010,1,5020,0,feed,26100,0,71,26100
1791633434,219,1,1311915,20261010,58,50529,128,feed,24900,57,71,22500
1791633434,22,1,1356719,20261010,66,19492,387,feed,24660,65,87,21060
1791633434,22,1,1357692,20261010,1,56825,0,feed,27180,0,84,27180
1791633434,22,1,1357959,20261010,19,11641,577,feed,24660,18,84,23580
1791633434,22,0,1364296,20261010,23,19495,104,feed,24900,22,86,24060
1791633434,22,0,1365028,20261010,61,11180,273,feed,24780,60,82,21780
1791633434,22,0,1366038,20261010,1,4558,0,feed,26460,0,82,26460
1791633434,22,0,1367267,20261010,40,57194,355,feed,24720,39,82,22920
1791633434,22,1,1368123,20261010,1,56825,0,feed,28320,0,84,28320
1791633434,22,1,1368394,20261010,1,56825,0,feed,25860,0,87,25860
1791633434,22,1,1368879,20261010,49,15366,-50,feed,25020,48,84,22380
1791633434,22,1,1368894,20261010,3,11351,45,feed,24960,2,84,24780
1791633434,22,0,1368944,20261010,1,4558,0,feed,25260,0,82,25260
1791633434,22,0,1369270,20261010,1,4558,0,feed,27660,0,86,27660
1791633434,223,0,1362168,20261010,11,45289,33,feed,24900,10,33,24360
1791633434,223,1,1362920,20261010,1,5020,0,feed,27660,0,34,27660
1791633434,25,0,1369778,20261010,48,14142,54,feed,,,,
1791633434,25,1,1369797,20261010,1,57166,0,feed,,,,
1791633434,25,0,1369822,20261010,1,19337,0,feed,,,,
1791633434,25,1,1369824,20261010,84,17980,503,feed,,,,
1791633434,27,1,1349382,20261010,1,51367,0,feed,28080,0,21,28080
1791633434,27,0,1350298,20261010,1,52857,0,feed,25200,0,23,25200
1791633434,27,1,1362663,20261010,8,51507,82,feed,24960,7,21,24540
1791633434,3,0,1294585,20261010,59,49450,152,feed,24840,58,64,21720
1791633434,3,0,1321470,20261010,1,54097,0,feed,25260,0,64,25260
1791633434,3,1,1321710,20261010,59,19311,375,feed,24660,58,64,21960
1791633434,3,0,1322590,20261010,20,16097,87,feed,24960,19,65,23460
1791633434,3,0,1323136,20261010,1,54097,0,feed,27060,0,65,27060
1791633434,3,1,1323332,20261010,23,50129,111,feed,24900,22,65,23640
1791633434,3,1,1323352,20261010,1,56100,0,feed,28140,0,65,28140
1791633434,3,1,1324397,20261010,1,56100,0,feed,26820,0,64,26820
1791633434,3,1,1370663,20261010,1,56100,0,feed,,,,
1791633434,30,0,1212106,20261010,1,40238,0,feed,28440,0,48,28440
1791633434,30,1,1213071,20261010,1,15882,0,feed,27420,0,44,27420
1791633434,30,1,1213378,20261010,1,15882,0,feed,25620,0,44,25620
1791633434,30,0,1218781,20261010,2,8214,225,feed,24840,1,48,24840
1791633434,32,0,1331601,20261010,1,50155,0,feed,27900,0,59,27900
1791633434,32,0,1332088,20261010,1,50155,0,feed,26100,0,59,26100
1791633434,32,1,1368017,20261010,1,57685,0,feed,27240,0,61,27240
1791633434,323,1,1131845,20261010,6,57039,103,feed,24900,5,25,24600
1791633434,323,0,1134004,20261010,1,51116,0,feed,27840,0,23,27840
1791633434,323,1,1134558,20261010,1,57508,0,feed,28320,0,25,28320
1791633434,323,0,1136188,20261010,1,51116,0,feed,26040,0,23,26040
1791633434,345,0,1134463,20261010,1,56879,0,feed,25200,0,15,25200
1791633434,345,1,1135441,20261010,1,57508,0,feed,25440,0,15,25440
1791633434,36,0,1178165,20261010,21,53705,274,feed,25020,20,53,24180
1791633434,36,1,1220779,20261010,1,50160,0,feed,28020,0,50,28020
1791633434,36,1,1362274,20261010,13,6378,188,feed,24840,12,50,24420
1791633434,36,0,1363268,20261010,1,57537,0,feed,27780,0,53,27780
1791633434,36,1,1363924,20261010,1,50160,0,feed,26220,0,50,26220
1791633434,36,0,1367240,20261010,1,57537,0,feed,25980,0,53,25980
1791633434,38,1,1349332,20261010,44,3525,18,feed,25020,43,104,23040
1791633434,38,1,1349414,20261010,1,16494,0,feed,26640,0,104,26640
1791633434,38,0,1349537,20261010,93,12551,251,feed,24840,92,108,21120
1791633434,38,0,1349639,20261010,1,48213,0,feed,28200,0,108,28200
1791633434,38,0,1351901,20261010,1,48213,0,feed,26460,0,109,26460
1791633434,38,1,1353164,20261010,89,3609,341,feed,24660,88,107,21060
1791633434,38,1,1353688,20261010,9,12512,-22,feed,25020,8,107,24660
1791633434,38,0,1355206,20261010,7,81108,-48,feed,25020,6,108,24720
1791633434,38,0,1367608,20261010,55,4856,34,feed,24960,54,109,22920
1791633434,38,1,1368131,20261010,1,42032,0,feed,28260,0,107,28260
1791633434,4,0,1157630,20261010,6,42086,67,feed,24960,5,87,24780
1791633434,4,0,1159065,20261010,1,50231,0,feed,28140,0,87,28140
1791633434,4,1,1356509,20261010,30,16057,108,feed,24900,29,85,23880
1791633434,4,1,1359006,20261010,1,14153,0,feed,27480,0,85,27480
1791633434,4,1,1359383,20261010,1,14153,0,feed,25680,0,90,25680
1791633434,4,0,1360168,20261010,1,50231,0,feed,26640,0,89,26640
1791633434,4,1,1360580,20261010,68,1018,-85,feed,25020,67,90,22140
1791633434,4,0,1360582,20261010,46,17936,128,feed,24900,45,89,23160
1791633434,4,0,1368258,20261010,72,42292,332,feed,24660,71,87,21360
1791633434,46,1,1277051,20261010,1,51550,0,feed,27900,0,59,27900
1791633434,48,0,1304033,20261010,1,19301,0,feed,25500,0,61,25500
1791633434,48,1,1352114,20261010,1,50152,0,feed,25860,0,61,25860
1791633434,5,0,1367203,20261010,39,2875,429,feed,24600,38,81,22980
1791633434,5,0,1367363,20261010,1,51212,0,feed,26520,0,81,26520
1791633434,5,1,1367813,20261010,1,51846,0,feed,28560,0,80,28560
1791633434,5,1,1369245,20261010,1,51846,0,feed,25260,0,80,25260
1791633434,515,1,1351098,20261010,1,56877,0,feed,27180,0,49,27180
1791633434,515,0,1351391,20261010,1,53704,66,feed,24960,0,49,24960
1791633434,515,1,1351908,20261010,1,56877,0,feed,25380,0,49,25380
1791633434,515,0,1352103,20261010,1,53704,0,feed,26760,0,49,26760
1791633434,515,1,1352996,20261010,1,56877,0,feed,28080,0,49,28080
1791633434,515,1,1352997,20261010,49,53704,3,feed,25020,48,49,23580
1791633434,515,0,1353967,20261010,1,53704,0,feed,28560,0,49,28560
1791633434,515,1,1353990,20261010,15,714,60,feed,24960,14,49,24480
1791633434,515,0,1354091,20261010,1,53704,0,feed,25860,0,49,25860
1791633434,515,1,1354754,20261010,1,56877,0,feed,26280,0,49,26280
1791633434,515,0,1355088,20261010,1,53704,0,feed,27660,0,49,27660
1791633434,534,1,1343788,20261010,1,51824,0,feed,26100,0,32,26100
1791633434,534,0,1344117,20261010,1,56725,0,feed,28020,0,35,28020
1791633434,534,0,1344604,20261010,1,56725,0,feed,26220,0,35,26220
1791633434,534,0,1345447,20261010,12,40797,214,feed,24780,11,35,24420
1791633434,534,1,1345791,20261010,13,41217,137,feed,24900,12,32,24300
1791633434,534,1,1345857,20261010,1,51824,0,feed,27900,0,32,27900
1791633434,538,0,1131894,20261010,27,43695,172,feed,24840,26,42,23400
1791633434,538,0,1135114,20261010,1,53704,0,feed,27000,0,42,27000
1791633434,538,1,1318379,20261010,2,43732,385,feed,24540,1,40,24480
1791633434,538,1,1319019,20261010,1,56880,0,feed,26280,0,40,26280
1791633434,539,0,1136603,20261010,1,56725,0,feed,25860,0,41,25860
1791633434,539,1,879155,20261010,6,43734,50,feed,24960,5,38,24780
1791633434,539,1,892839,20261010,1,56880,0,feed,28380,0,38,28380
1791633434,539,0,895456,20261010,33,43724,-49,feed,25020,32,41,24060
1791633434,539,1,896945,20261010,1,56880,0,feed,26580,0,38,26580
1791633434,54,0,1132872,20261010,1,56875,0,feed,25920,0,25,25920
1791633434,54,0,1346282,20261010,9,13143,105,feed,25080,8,46,24120
1791633434,54,0,1346471,20261010,1,56875,0,feed,27720,0,46,27720
1791633434,54,1,1346892,20261010,12,12934,22,feed,25080,11,47,24000
1791633434,54,1,1348005,20261010,1,42319,0,feed,27360,0,47,27360
1791633434,54,1,1353102,20261010,1,56100,0,feed,27300,0,27,27300
1791633434,54,1,1359341,20261010,19,13140,-26,feed,24960,18,27,23700
1791633434,540,0,1136315,20261010,1,53052,0,feed,25440,0,51,25440
1791633434,540,1,881239,20261010,43,6374,-22,feed,25020,42,48,23220
1791633434,540,1,883185,20261010,1,56879,0,feed,28620,0,48,28620
1791633434,540,1,893327,20261010,1,56879,0,feed,26820,0,48,26820
1791633434,546,1,1133968,20261010,1,51824,0,feed,28260,0,31,28260
1791633434,546,1,1137241,20261010,8,3445,113,feed,24900,7,31,24660
1791633434,546,0,880880,20261010,1,56725,0,feed,26160,0,33,26160
1791633434,546,0,896252,20261010,1,56725,0,feed,27960,0,33,27960
1791633434,61,1,1364571,20261010,1,52761,0,feed,25740,0,73,25740
1791633434,61,1,1366242,20261010,8,40160,512,feed,,,,
1791633434,61,1,1366316,20261010,41,4264,355,feed,24660,40,73,22260
1791633434,61,0,1366634,20261010,1,17905,0,feed,27120,0,76,27120
1791633434,61,0,1366891,20261010,34,557,35,feed,24960,33,76,23520
1791633434,61,1,1367559,20261010,73,17905,761,feed,24360,72,73,20580
1791633434,61,0,1367765,20261010,1,17905,0,feed,25320,0,76,25320
1791633434,61,1,1368603,20261010,1,52761,0,feed,27540,0,73,27540
1791633434,61,0,1370799,20261010,70,43282,-2,feed,,,,
1791633434,615,0,1166764,20261010,1,43380,0,feed,26220,0,42,26220
1791633434,615,1,1347073,20261010,1,3540,84,feed,28320,0,76,28320
1791633434,62,1,1349394,20261010,3,49179,55,feed,24960,2,83,24900
1791633434,62,0,1354903,20261010,1,328,0,feed,27300,0,86,27300
1791633434,62,1,1354974,20261010,48,45128,30,feed,25080,47,91,22860
1791633434,62,1,1360619,20261010,1,49141,0,feed,28200,0,91,28200
1791633434,62,1,1362435,20261010,1,49141,0,feed,26700,0,83,26700
1791633434,62,0,1363784,20261010,49,2611,-22,feed,25080,48,86,23700
1791633434,62,0,1368581,20261010,1,328,0,feed,25500,0,86,25500
1791633434,63,1,1268320,20261010,15,56948,13,feed,25020,14,59,24480
1791633434,63,0,1346885,20261010,1,15795,0,feed,26160,0,60,26160
1791633434,63,0,1347332,20261010,1,15795,0,feed,27960,0,60,27960
1791633434,63,1,1348190,20261010,1,51114,0,feed,28020,0,59,28020
1791633434,63,0,1348368,20261010,13,3104,188,feed,24840,12,60,24360
1791633434,63,1,1368428,20261010,44,56944,59,feed,24960,43,59,22680
1791633434,63,0,1369075,20261010,47,3164,-301,feed,25020,46,60,22620
1791633434,63,1,1370574,20261010,1,51114,0,feed,,,,
1791633434,64,1,1342539,20261010,37,43282,-42,feed,25200,36,43,23820
1791633434,64,1,1343234,20261010,1,52015,0,feed,28140,0,76,28140
1791633434,64,0,1357549,20261010,1,52761,0,feed,26100,0,78,26100
1791633434,64,0,1358435,20261010,1,52761,0,feed,27660,0,78,27660
1791633434,64,1,1359178,20261010,1,42157,0,feed,27060,0,43,27060
1791633434,64,1,1359566,20261010,1,52015,156,feed,24840,0,76,24840
1791633434,64,0,1359576,20261010,6,11838,-138,feed,25020,5,43,24660
1791633434,64,1,1359588,20261010,1,52015,0,feed,27360,0,65,27360
1791633434,64,0,1360098,20261010,1,52761,0,feed,28560,0,43,28560
1791633434,645,1,1207815,20261010,36,52201,546,feed,24480,35,55,22620
1791633434,645,0,1337929,20261010,1,6990,0,feed,26520,0,52,26520
1791633434,645,1,1340341,20261010,1,53293,0,feed,26220,0,55,26220
1791633434,65,1,1348936,20261010,1,57690,0,feed,,,,
1791633434,65,1,1349340,20261010,37,80982,-75,feed,25020,36,38,23520
1791633434,65,1,1350622,20261010,1,57690,0,feed,27000,0,38,27000
1791633434,65,0,1370096,20261010,1,10761,0,feed,,,,
1791633434,65,0,1370155,20261010,1,10761,0,feed,,,,
1791633434,67,0,1270586,20261010,1,53723,0,feed,27900,0,65,27900
1791633434,67,1,1358213,20261010,1,56100,0,feed,26280,0,65,26280
1791633434,67,1,1368614,20261010,1,56100,0,feed,28080,0,65,28080
1791633434,68,0,1356050,20261010,1,53340,0,feed,25200,0,118,25200
1791633434,68,0,1361913,20261010,2,9806,132,feed,25080,1,87,25080
1791633434,68,1,1363087,20261010,1,11904,0,feed,26700,0,61,26700
1791633434,68,0,1363096,20261010,78,9859,711,feed,24300,77,131,22200
1791633434,68,1,1367360,20261010,1,57511,0,feed,28380,0,83,28380
1791633434,68,0,1367488,20261010,2,9806,132,feed,27720,1,87,27720
1791633434,68,1,1367646,20261010,1,57511,0,feed,27480,0,125,27480
1791633434,68,1,1369082,20261010,25,49993,-91,feed,25080,24,125,23880
1791633434,686,1,1171517,20261010,1,56939,0,feed,27660,0,4,27660
1791633434,686,0,1331155,20261010,1,47705,0,feed,25620,0,3,25620
1791633434,686,1,1334842,20261010,2,70103,-146,feed,25440,1,4,24840
1791633434,686,0,1335558,20261010,1,47705,0,feed,28500,0,3,28500
1791633434,7,0,1356026,20261010,27,16309,-26,feed,25020,26,64,23580
1791633434,7,0,1357335,20261010,1,51779,0,feed,25380,0,64,25380
1791633434,7,1,1358852,20261010,8,17699,58,feed,24960,7,60,24660
1791633434,7,1,1359429,20261010,1,17679,0,feed,28260,0,60,28260
1791633434,7,0,1359569,20261010,1,51779,0,feed,27180,0,64,27180
1791633434,7,1,1360685,20261010,32,41978,128,feed,24900,31,60,23100
1791633434,7,0,1370524,20261010,60,57162,-151,feed,,,,
1791633434,7,1,1370715,20261010,1,17679,0,feed,,,,
1791633434,71,0,1264727,20261010,20,9736,245,feed,24780,19,58,24120
1791633434,71,1,1266361,20261010,1,51291,0,feed,25860,0,60,25860
1791633434,71,0,1267561,20261010,1,9715,0,feed,26220,0,58,26220
1791633434,71,1,1268612,20261010,20,53785,176,feed,24720,19,60,24060
1791633434,71,0,1286572,20261010,1,9715,0,feed,28020,0,58,28020
1791633434,71,1,1363660,20261010,1,51291,0,feed,27660,0,60,27660
1791633434,716,0,1137213,20261010,1,50154,0,feed,25800,0,51,25800
1791633434,716,1,1137235,20261010,31,8524,56,feed,24900,30,50,24120
1791633434,716,1,1137784,20261010,1,8728,0,feed,27720,0,50,27720
1791633434,72,0,1369683,20261010,2,57616,204,feed,,,,
1791633434,72,1,1369831,20261010,1,13667,0,feed,,,,
1791633434,72,0,1370280,20261010,1,57615,0,feed,,,,
1791633434,72,0,1370464,20261010,1,57615,0,feed,,,,
1791633434,721,0,1183639,20261010,1,51845,0,feed,27300,0,43,27300
1791633434,721,1,1289226,20261010,1,9522,0,feed,27000,0,41,27000
1791633434,722,1,1184005,20261010,1,11486,0,feed,25140,0,14,25140
1791633434,722,0,1184389,20261010,38,8753,55,feed,24960,37,51,23700
1791633434,722,0,1184725,20261010,1,56827,0,feed,27300,0,51,27300
1791633434,722,1,1185035,20261010,1,57636,0,feed,26520,0,53,26520
1791633434,724,1,1130986,20261010,1,53222,0,feed,27120,0,35,27120
1791633434,724,1,1135735,20261010,1,53222,0,feed,25320,0,35,25320
1791633434,724,0,1135938,20261010,1,51846,0,feed,27000,0,33,27000
1791633434,725,0,1313978,20261010,41,10941,-10,feed,25140,40,50,23340
1791633434,725,1,1316658,20261010,1,56775,0,feed,26100,0,49,26100
1791633434,74,0,1358069,20261010,1,51546,0,feed,25740,0,59,25740
1791633434,74,1,1358995,20261010,9,12896,14,feed,25020,8,61,24540
1791633434,74,0,1359251,20261010,1,51546,0,feed,27540,0,59,27540
1791633434,74,1,1359469,20261010,1,13667,0,feed,26340,0,61,26340
1791633434,74,0,1359674,20261010,17,11721,-23,feed,25020,16,59,23940
1791633434,74,1,1359864,20261010,26,11863,693,feed,24300,25,61,22740
1791633434,74,0,1359985,20261010,50,10399,4,feed,24960,49,59,22140
1791633434,74,1,1360346,20261010,1,13667,0,feed,28140,0,61,28140
1791633434,802,1,1195528,20261010,1,42622,281,feed,26520,0,45,26520
1791633434,87,1,1305398,20261010,1,57690,0,feed,25800,0,70,25800
1791633434,87,1,1305499,20261010,1,57690,0,feed,27780,0,70,27780
1791633434,87,1,1305552,20261010,23,15799,13,feed,25020,22,70,24000
1791633434,87,0,1349992,20261010,47,43794,9,feed,25020,46,71,23640
1791633434,87,0,1350383,20261010,1,51892,0,feed,27120,0,71,27120
1791633434,87,0,1351529,20261010,1,51892,0,feed,25320,0,71,25320
1791633434,9,0,1358009,20261010,1,52552,0,feed,27960,0,100,27960
1791633434,9,0,1360478,20261010,60,80925,362,feed,24660,59,100,22740
1791633434,9,1,1364704,20261010,71,56549,-36,feed,25020,70,96,22140
1791633434,9,1,1365790,20261010,27,17594,2,feed,25020,26,111,23940
1791633434,9,1,1366959,20261010,1,51551,0,feed,27480,0,111,27480
1791633434,9,1,1367498,20261010,1,51551,0,feed,25740,0,96,25740
1791633434,9,0,1368117,20261010,1,40247,0,feed,25920,0,112,25920
1791633434,9,0,1368559,20261010,14,3012,174,feed,24840,13,100,24420
1791633434,901,0,882747,20261010,1,51405,0,feed,25440,0,20,25440
1791633434,901,0,883688,20261010,3,51436,60,feed,24960,2,20,24720
1791633434,901,1,885207,20261010,11,51415,300,feed,24720,10,20,23640
1791633434,901,1,894362,20261010,3,56336,0,feed,25260,2,20,25080
1791633434,901,0,895953,20261010,8,51432,120,feed,24960,7,20,24000
1791633434,901,0,897403,20261010,13,51427,60,feed,24960,12,20,23280
1791633434,901,1,902265,20261010,17,53279,180,feed,24840,16,20,22920
1791633434,901,1,976337,20261010,8,51412,60,feed,25020,7,20,24360
1791633434,902,1,878714,20261010,10,56035,360,feed,24720,9,24,23640
1791633434,902,0,885867,20261010,9,56003,120,feed,24960,8,24,24060
1791633434,902,0,889403,20261010,4,51408,60,feed,25080,3,24,24780
1791633434,902,0,890837,20261010,3,56336,0,feed,25680,2,24,25500
1791633434,902,1,892152,20261010,1,56026,0,feed,25140,0,24,25140
1791633434,902,1,894001,20261010,17,56042,0,feed,25020,16,24,22980
1791633434,902,0,894669,20261010,14,56008,180,feed,24960,13,24,23340
1791633434,902,0,898768,20261010,20,56014,180,feed,24960,19,24,22620
1791633434,902,1,903655,20261010,5,56030,60,feed,24960,4,24,24420
1791633434,902,1,904349,20261010,22,56332,120,feed,25020,21,24,22260
1791633434,902,0,905061,20261010,3,56336,0,feed,26400,2,24,26220
1791633434,903,0,1264906,20261010,5,56511,-34,feed,25080,4,6,24360
1791633434,903,0,1267569,20261010,1,57285,0,feed,27960,0,6,27960
1791633434,903,1,1273379,20261010,1,56874,0,feed,27720,0,6,27720
1791633434,903,0,1275557,20261010,1,57285,0,feed,26160,0,6,26160
1791633434,903,1,1276084,20261010,1,56874,0,feed,25920,0,6,25920
1791633434,904,1,1266741,20261010,1,56800,0,feed,27060,0,12,27060
1791633434,904,1,1268165,20261010,9,56832,313,feed,24720,8,12,23460
1791633434,904,1,1271789,20261010,1,56800,0,feed,26160,0,12,26160
1791633434,904,0,1364751,20261010,7,53542,103,feed,25020,6,13,23820
1791633434,904,0,1365530,20261010,1,56830,0,feed,26460,0,13,26460
1791633434,904,0,1366134,20261010,11,53314,388,feed,24660,10,13,22920
1791633434,904,1,1367422,20261010,1,56800,0,feed,27960,0,12,27960
1791633434,904,1,1368368,20261010,6,17781,144,feed,25020,5,12,24360
1791633434,904,0,1368817,20261010,1,56830,0,feed,25560,0,13,25560
1791633434,904,0,1368821,20261010,1,56830,0,feed,28260,0,13,28260
1791633434,904,0,1368948,20261010,1,56830,0,feed,27360,0,13,27360
1791633434,904,1,1368992,20261010,1,56800,0,feed,25260,0,12,25260
1791633434,904,0,1369203,20261010,3,56831,318,feed,25140,2,13,24720
1791633434,905,0,1344095,20261010,9,57428,-173,feed,25140,8,16,24000
1791633434,905,1,1344290,20261010,9,57425,-36,feed,25020,8,16,23940
1791633434,905,0,1344329,20261010,1,52761,111,feed,24900,0,16,24900
1791633434,905,0,1344494,20261010,1,52761,0,feed,25800,0,16,25800
1791633434,905,1,1344690,20261010,1,57441,0,feed,25740,0,16,25740
1791633434,905,1,1344728,20261010,3,57437,87,feed,25080,2,16,24840
1791633434,905,0,1344857,20261010,15,57440,-344,feed,25140,14,16,23100
1791633434,905,0,1344976,20261010,1,52761,0,feed,26700,0,16,26700
1791633434,905,1,1345329,20261010,15,52759,-272,feed,25140,14,16,23040
1791633434,905,1,1345360,20261010,1,57441,0,feed,26640,0,16,26640
1791633434,905,1,1345395,20261010,1,57441,0,feed,27540,0,16,27540
1791633434,905,0,1345575,20261010,1,52761,0,feed,27600,0,16,27600
1791633434,905,0,1345720,20261010,1,52761,0,feed,28500,0,16,28500
1791633434,905,1,1345824,20261010,1,57441,0,feed,28440,0,16,28440
1791633434,921,1,1364534,20261010,10,17312,223,feed,24780,9,20,24000
1791633434,921,1,1364641,20261010,1,52531,0,feed,28500,0,20,28500
1791633434,921,0,1364777,20261010,1,51544,0,feed,25680,0,20,25680
1791633434,921,0,1366182,20261010,1,51544,0,feed,26580,0,20,26580
1791633434,921,0,1367025,20261010,2,53362,-61,feed,25140,1,20,24840
1791633434,921,0,1367258,20261010,1,51544,0,feed,28380,0,20,28380
1791633434,921,1,1367469,20261010,1,52531,0,feed,24900,0,20,24900
1791633434,921,0,1367940,20261010,20,52531,196,feed,24840,19,20,23100
1791633434,921,1,1368062,20261010,1,52531,0,feed,26700,0,20,26700
1791633434,921,1,1368115,20261010,1,52531,0,feed,27600,0,20,27600
1791633434,921,1,1368238,20261010,1,52531,0,feed,25800,0,20,25800
1791633434,921,0,1368907,20261010,1,51544,0,feed,27480,0,20,27480
1791633434,921,0,1368929,20261010,11,17366,194,feed,24900,10,20,23940
1791633434,922,0,1311219,20261010,1,57314,0,feed,26160,0,35,26160
1791633434,922,0,1311468,20261010,1,57314,0,feed,27600,0,35,27600
1791633434,922,1,1312096,20261010,20,16913,-36,feed,25020,19,34,23040
1791633434,922,1,1312498,20261010,28,57358,191,feed,24840,27,34,22200
1791633434,922,0,1313079,20261010,1,57314,0,feed,26880,0,35,26880
1791633434,922,1,1313080,20261010,1,56100,0,feed,28560,0,34,28560
1791633434,922,0,1313260,20261010,12,16884,49,feed,25080,11,35,24060
1791633434,922,0,1313444,20261010,22,16971,-94,feed,25080,21,35,23160
1791633434,922,1,1313532,20261010,2,57419,39,feed,25020,1,34,24840
1791633434,922,1,1313808,20261010,10,17013,89,feed,24960,9,34,23940
1791633434,922,1,1313979,20261010,1,56100,0,feed,27900,0,34,27900
1791633434,922,0,1314524,20261010,29,11885,20,feed,25020,28,35,22260
1791633434,922,1,1314879,20261010,1,56100,0,feed,25620,0,34,25620
1791633434,922,0,1315911,20261010,1,57314,0,feed,28320,0,35,28320
1791633434,922,0,1315961,20261010,1,57314,0,feed,25500,0,35,25500
1791633434,922,1,1316443,20261010,1,56100,0,feed,27180,0,34,27180
1791633434,922,1,1316963,20261010,1,56100,0,feed,26400,0,34,26400
1791633434,922,0,1317039,20261010,4,4862,120,feed,24960,3,35,24780
1791633434,923,1,1262753,20261010,1,57278,0,feed,28320,0,23,28320
1791633434,923,0,1262923,20261010,21,56826,313,feed,24780,20,22,23100
1791633434,923,1,1262965,20261010,1,57278,0,feed,,,,
1791633434,923,1,1266175,20261010,1,57278,0,feed,26220,0,23,26220
1791633434,923,1,1267901,20261010,2,56826,-45,feed,25020,1,23,24960
1791633434,923,0,1268664,20261010,1,56897,0,feed,26880,0,22,26880
1791633434,923,1,1270042,20261010,12,52667,337,feed,24720,11,23,23820
1791633434,923,0,1270936,20261010,1,56897,0,feed,26040,0,22,26040
1791633434,923,0,1271263,20261010,6,17856,197,feed,,,,
1791633434,923,0,1271777,20261010,1,56897,0,feed,,,,
1791633434,923,0,1276181,20261010,1,56897,0,feed,25140,0,22,25140
1791633434,924,1,1262676,20261010,16,17905,21,feed,,,,
1791633434,924,1,1265262,20261010,1,56823,0,feed,,,,
1791633434,924,0,1265875,20261010,1,56873,0,feed,,,,
1791633434,924,0,1267105,20261010,32,56950,43,feed,,,,
1791633434,924,1,1268094,20261010,34,436,21,feed,,,,
1791633434,924,0,1270023,20261010,11,779,94,feed,,,,
1791633434,924,0,1270550,20261010,1,56873,0,feed,,,,
1791633434,924,1,1271559,20261010,1,56823,0,feed,,,,
1791633434,924,0,1271601,20261010,1,56873,0,feed,,,,
1791633434,924,1,1271660,20261010,1,56823,0,feed,,,,
1791633434,924,0,1272338,20261010,1,56873,0,feed,,,,
1791633434,924,0,1272470,20261010,1,56873,0,feed,,,,
1791633434,924,1,1273476,20261010,2,9087,499,feed,,,,
1791633434,924,0,1273777,20261010,23,17900,-59,feed,,,,
1791633434,924,1,1273796,20261010,1,56823,0,feed,,,,
1791633434,924,0,1273947,20261010,1,56873,0,feed,,,,
1791633434,924,1,1274359,20261010,1,56823,0,feed,,,,
1791633434,924,1,1275279,20261010,25,56913,90,feed,,,,
1791633434,924,0,1275874,20261010,16,56925,78,feed,,,,
1791633434,925,0,1271836,20261010,1,53703,0,feed,25560,0,35,25560
1791633434,925,0,1273285,20261010,1,53703,0,feed,27660,0,35,27660
1791633434,925,0,1275013,20261010,1,53703,0,feed,26220,0,35,26220
1791633434,925,1,1332396,20261010,32,1149,-58,feed,25020,31,35,22260
1791633434,925,1,1333394,20261010,1,57541,0,feed,25860,0,35,25860
1791633434,925,1,1333922,20261010,1,57541,0,feed,27300,0,35,27300
1791633434,925,0,1334038,20261010,3,1250,108,feed,24960,2,35,24840
1791633434,925,1,1334209,20261010,2,15881,13,feed,25080,1,35,24960
1791633434,925,1,1334472,20261010,12,17919,-85,feed,25140,11,35,24060
1791633434,925,0,1334536,20261010,1,53703,0,feed,26940,0,35,26940
1791633434,925,0,1334615,20261010,26,12281,229,feed,24780,25,35,22680
1791633434,925,0,1334722,20261010,19,17941,-27,feed,25020,18,35,23400
1791633434,925,1,1334788,20261010,1,57541,0,feed,26580,0,35,26580
1791633434,925,0,1335043,20261010,10,6202,288,feed,24720,9,35,24120
1791633434,925,1,1335342,20261010,21,50196,79,feed,25020,20,35,23160
1791633434,925,1,1335575,20261010,1,57541,0,feed,28020,0,35,28020
1791633434,925,0,1335632,20261010,1,53703,0,feed,28320,0,35,28320
1791633434,94,1,1185711,20261010,1,56100,0,feed,28440,0,16,28440
1791633434,94,0,1186967,20261010,1,51200,0,feed,25980,0,15,25980
1791633434,94,0,1347990,20261010,1,51200,0,feed,27780,0,15,27780
1791633434,94,1,1371313,20261010,1,56100,0,feed,,,,
1791634332,10,0,1369716,20261010,1,19337,0,feed,,,,
1791634332,10,1,1369994,20261010,44,17200,252,feed,,,,
1791634332,10,0,1370031,20261010,1,19337,0,feed,,,,
1791634332,10,0,1370207,20261010,45,40232,691,feed,,,,
1791634332,10,1,1370219,20261010,1,57165,178,feed,,,,
1791634332,10,1,1370268,20261010,8,40227,75,feed,,,,
1791634332,10,1,1370307,20261010,1,57165,0,feed,,,,
1791634332,10,0,1370704,20261010,13,14954,405,feed,,,,
1791634332,10,1,1370706,20261010,1,57165,0,feed,,,,
1791634332,10,1,1370921,20261010,1,57165,0,feed,,,,
1791634332,11,1,1319832,20261010,11,14604,259,feed,25680,10,79,25380
1791634332,11,1,1333584,20261010,1,49304,0,feed,28800,0,79,28800
1791634332,11,0,1365010,20261010,1,51828,0,feed,29340,0,80,29340
1791634332,11,0,1366133,20261010,1,51828,7,feed,25860,0,80,25860
1791634332,11,0,1367545,20261010,45,14691,215,feed,25800,44,80,24060
1791634332,11,1,1368811,20261010,1,49304,0,feed,27060,0,79,27060
1791634332,11,0,1371026,20261010,1,51828,0,feed,,,,
1791634332,11,1,1371140,20261010,51,17706,230,feed,,,,
1791634332,14,0,1331751,20261010,57,8306,-4,feed,25920,56,80,23220
1791634332,14,0,1332502,20261010,1,4345,0,feed,26820,0,80,26820
1791634332,14,1,1369968,20261010,1,50153,0,feed,,,,
1791634332,14,1,1370035,20261010,54,15615,143,feed,,,,
1791634332,14,0,1370837,20261010,1,4345,0,feed,,,,
1791634332,14,1,1370854,20261010,1,50153,0,feed,,,,
1791634332,14,1,1371285,20261010,7,8378,237,feed,,,,
1791634332,14,0,1371341,20261010,22,15590,54,feed,,,,
1791634332,17,0,1131869,20261010,51,14952,252,feed,25680,50,63,22860
1791634332,17,1,1317951,20261010,1,17192,0,feed,27240,0,65,27240
1791634332,17,1,1318246,20261010,4,12813,168,feed,25740,3,65,25620
1791634332,17,1,1318412,20261010,1,17192,0,feed,29040,0,65,29040
1791634332,17,0,1324662,20261010,29,4866,108,feed,25860,28,63,24600
1791634332,17,0,1333883,20261010,1,57458,0,feed,26340,0,63,26340
1791634332,17,1,1367244,20261010,35,1102,71,feed,25860,34,65,23820
1791634332,17,0,1367673,20261010,1,57458,0,feed,28080,0,63,28080
1791634332,18,0,1361017,20261010,1,51852,0,feed,27240,0,51,27240
1791634332,18,0,1361345,20261010,12,1406,47,feed,25860,11,84,25620
1791634332,18,1,1364270,20261010,34,3386,414,feed,25560,33,52,23700
1791634332,18,1,1365183,20261010,16,14850,151,feed,25680,15,83,24600
1791634332,18,1,1366496,20261010,1,56800,0,feed,28080,0,83,28080
1791634332,18,0,1366999,20261010,1,57131,0,feed,29040,0,84,29040
1791634332,18,1,1367384,20261010,1,56800,0,feed,27180,0,52,27180
1791634332,18,0,1367478,20261010,38,52309,167,feed,25740,37,51,23760
1791634332,18,1,1367855,20261010,1,56800,0,feed,28980,0,52,28980
1791634332,18,1,1368611,20261010,68,56869,177,feed,25740,67,83,22800
1791634332,18,1,1368678,20261010,5,17980,125,feed,25800,4,52,25500
1791634332,18,0,1368895,20261010,1,57131,0,feed,27300,0,84,27300
1791634332,18,0,1368999,20261010,55,1863,236,feed,25740,54,84,23820
1791634332,18,0,1369255,20261010,1,51852,0,feed,28980,0,51,28980
1791634332,18,1,1369355,20261010,1,56800,0,feed,26400,0,83,26400
1791634332,2,0,1331522,20261010,15,56926,-6,feed,25920,14,41,25140
1791634332,2,1,1361535,20261010,1,57618,0,feed,27960,0,42,27960
1791634332,2,1,1361732,20261010,1,57618,0,feed,26160,0,42,26160
1791634332,2,0,1362530,20261010,1,57469,0,feed,26880,0,41,26880
1791634332,2,1,1370692,20261010,12,13207,912,feed,,,,
1791634332,2,0,1371046,20261010,1,57469,0,feed,,,,
1791634332,215,0,1265096,20261010,1,49979,0,feed,27840,0,30,27840
1791634332,215,1,1273522,20261010,1,5020,0,feed,26160,0,27,26160
1791634332,215,0,1273955,20261010,30,5020,230,feed,25680,29,30,24240
1791634332,219,0,1303536,20261010,1,57340,0,feed,26160,0,74,26160
1791634332,219,1,1311113,20261010,1,5020,0,feed,26100,0,71,26100
1791634332,22,1,1357692,20261010,1,56825,0,feed,27180,0,84,27180
1791634332,22,1,1357780,20261010,1,56825,0,feed,29400,0,87,29400
1791634332,22,1,1357959,20261010,30,17905,653,feed,25260,29,84,23580
1791634332,22,0,1364296,20261010,40,57194,-15,feed,25920,39,86,24060
1791634332,22,0,1365028,20261010,73,11419,452,feed,25380,72,82,21780
1791634332,22,0,1366038,20261010,1,4558,0,feed,26460,0,82,26460
1791634332,22,0,1366517,20261010,1,4558,0,feed,28800,0,82,28800
1791634332,22,0,1367267,20261010,55,2875,355,feed,25620,54,82,22920
1791634332,22,1,1368123,20261010,1,56825,0,feed,28320,0,84,28320
1791634332,22,1,1368394,20261010,2,9086,45,feed,25920,1,87,25860
1791634332,22,1,1368879,20261010,64,19488,0,feed,25920,63,84,22380
1791634332,22,1,1368894,20261010,20,11644,-85,feed,25920,19,84,24780
1791634332,22,0,1368944,20261010,18,19475,-27,feed,25920,17,82,25260
1791634332,22,0,1369270,20261010,1,4558,0,feed,27660,0,86,27660
1791634332,223,0,1361983,20261010,1,57691,0,feed,27960,0,33,27960
1791634332,223,1,1362113,20261010,1,5020,42,feed,25860,0,34,25860
1791634332,223,0,1362168,20261010,30,53120,85,feed,25980,29,33,24360
1791634332,223,1,1362920,20261010,1,5020,0,feed,27660,0,34,27660
1791634332,25,0,1369778,20261010,74,13990,54,feed,,,,
1791634332,25,1,1369797,20261010,1,57166,0,feed,,,,
1791634332,25,0,1369822,20261010,1,19337,0,feed,,,,
1791634332,27,1,1349382,20261010,1,51367,0,feed,28080,0,21,28080
1791634332,27,0,1350298,20261010,17,43016,57,feed,25860,16,23,25200
1791634332,27,0,1369466,20261010,1,52857,0,feed,28800,0,23,28800
1791634332,3,0,1321117,20261010,1,54097,0,feed,28860,0,64,28860
1791634332,3,0,1321470,20261010,7,19315,-7,feed,25920,6,64,25260
1791634332,3,0,1322590,20261010,44,50125,-14,feed,25920,43,65,23460
1791634332,3,0,1323136,20261010,1,54097,0,feed,27060,0,65,27060
1791634332,3,1,1323332,20261010,47,16102,115,feed,25800,46,65,23640
1791634332,3,1,1323352,20261010,1,56100,0,feed,28140,0,65,28140
1791634332,3,1,1324397,20261010,1,56100,0,feed,26820,0,64,26820
1791634332,3,1,1370663,20261010,7,20008,355,feed,,,,
1791634332,30,0,1212106,20261010,1,40238,0,feed,28440,0,48,28440
1791634332,30,1,1213071,20261010,1,15882,0,feed,27420,0,44,27420
1791634332,30,1,1213378,20261010,2,50665,-124,feed,26220,1,44,25620
1791634332,30,1,1214617,20261010,1,15882,0,feed,29220,0,44,29220
1791634332,30,0,1218781,20261010,26,16043,112,feed,25800,25,48,24840
1791634332,32,0,1331601,20261010,1,50155,0,feed,27900,0,59,27900
1791634332,32,0,1332088,20261010,1,50155,11,feed,26100,0,59,26100
1791634332,32,1,1365346,20261010,1,57685,0,feed,29040,0,61,29040
1791634332,32,1,1368017,20261010,1,57685,0,feed,27240,0,61,27240
1791634332,323,1,1132330,20261010,1,57508,0,feed,29220,0,25,29220
1791634332,323,0,1134004,20261010,1,51116,0,feed,27840,0,23,27840
1791634332,323,1,1134558,20261010,1,57508,0,feed,28320,0,25,28320
1791634332,323,0,1136188,20261010,1,51116,0,feed,26040,0,23,26040
1791634332,345,1,1134141,20261010,1,57508,0,feed,28920,0,15,28920
1791634332,345,0,1134463,20261010,9,42845,-61,feed,26520,8,15,25200
1791634332,345,1,1135441,20261010,2,53873,15,feed,25920,1,15,25440
1791634332,345,0,1137191,20261010,1,56879,0,feed,28800,0,15,28800
1791634332,36,0,1178165,20261010,45,1312,61,feed,25860,44,53,24180
1791634332,36,1,1220779,20261010,1,50160,0,feed,28020,0,50,28020
1791634332,36,1,1362274,20261010,43,6236,-67,feed,25920,42,50,24420
1791634332,36,0,1363268,20261010,1,57537,0,feed,27780,0,53,27780
1791634332,36,1,1363924,20261010,1,50160,0,feed,26220,0,50,26220
1791634332,36,0,1367240,20261010,1,57537,0,feed,25980,0,53,25980
1791634332,38,1,1349332,20261010,71,3569,-27,feed,25920,70,104,23040
1791634332,38,1,1349414,20261010,1,16494,0,feed,26640,0,104,26640
1791634332,38,0,1349639,20261010,1,48213,0,feed,28200,0,108,28200
1791634332,38,1,1353688,20261010,26,12593,227,feed,25680,25,107,24660
1791634332,38,0,1355206,20261010,31,4818,-53,feed,25920,30,108,24720
1791634332,38,0,1367608,20261010,75,57501,-57,feed,25920,74,109,22920
1791634332,38,1,1368131,20261010,1,42032,0,feed,28260,0,107,28260
1791634332,4,0,1157630,20261010,26,54058,-30,feed,25920,25,87,24780
1791634332,4,0,1159065,20261010,1,50231,0,feed,28140,0,87,28140
1791634332,4,1,1356509,20261010,44,17931,112,feed,25860,43,85,23880
1791634332,4,1,1356771,20261010,1,14153,0,feed,29280,0,90,29280
1791634332,4,0,1358682,20261010,1,50231,0,feed,29400,0,89,29400
1791634332,4,1,1359006,20261010,1,14153,0,feed,27480,0,85,27480
1791634332,4,1,1359383,20261010,1,14153,230,feed,25680,0,90,25680
1791634332,4,0,1360168,20261010,1,50231,0,feed,26640,0,89,26640
1791634332,4,0,1360582,20261010,63,56701,-35,feed,25920,62,89,23160
1791634332,46,0,1270543,20261010,1,220,0,feed,28860,0,62,28860
1791634332,46,1,1277051,20261010,1,51550,0,feed,27900,0,59,27900
1791634332,48,0,1304033,20261010,7,17902,157,feed,25800,6,61,25500
1791634332,48,1,1348922,20261010,1,50152,0,feed,29400,0,61,29400
1791634332,48,1,1352114,20261010,2,50106,0,feed,25920,1,61,25860
1791634332,48,0,1354143,20261010,1,19301,0,feed,29100,0,61,29100
1791634332,5,0,1367203,20261010,63,8943,545,feed,25380,62,81,22980
1791634332,5,0,1367363,20261010,1,51212,0,feed,26520,0,81,26520
1791634332,5,1,1367813,20261010,1,51846,0,feed,28560,0,80,28560
1791634332,5,1,1369245,20261010,4,50142,439,feed,25380,3,80,25260
1791634332,515,0,1350683,20261010,1,53704,0,feed,29460,0,49,29460
1791634332,515,1,1351098,20261010,1,56877,0,feed,27180,0,49,27180
1791634332,515,0,1351391,20261010,30,656,163,feed,25740,29,49,24960
1791634332,515,1,1351908,20261010,17,716,-16,feed,25920,16,49,25380
1791634332,515,0,1352103,20261010,1,53704,0,feed,26760,0,49,26760
1791634332,515,1,1352996,20261010,1,56877,0,feed,28080,0,49,28080
1791634332,515,0,1353967,20261010,1,53704,0,feed,28560,0,49,28560
1791634332,515,1,1353990,20261010,47,1808,174,feed,25740,46,49,24480
1791634332,515,0,1354091,20261010,2,44199,31,feed,25920,1,49,25860
1791634332,515,1,1354295,20261010,1,56877,0,feed,28980,0,49,28980
1791634332,515,1,1354754,20261010,1,56877,0,feed,26280,0,49,26280
1791634332,515,0,1355088,20261010,1,53704,0,feed,27660,0,49,27660
1791634332,534,1,1343788,20261010,1,51824,0,feed,26100,0,32,26100
1791634332,534,0,1344117,20261010,1,56725,0,feed,28020,0,35,28020
1791634332,534,0,1344604,20261010,1,56725,0,feed,26220,0,35,26220
1791634332,534,0,1345447,20261010,35,51824,303,feed,25620,34,35,24420
1791634332,534,1,1345857,20261010,1,51824,0,feed,27900,0,32,27900
1791634332,538,0,1132277,20261010,1,53704,0,feed,28800,0,42,28800
1791634332,538,0,1135114,20261010,1,53704,0,feed,27000,0,42,27000
1791634332,538,1,1318379,20261010,26,52497,206,feed,25680,25,40,24480
1791634332,538,1,1319019,20261010,1,56880,0,feed,26280,0,40,26280
1791634332,539,0,1136603,20261010,2,2078,-13,feed,25920,1,41,25860
1791634332,539,1,879155,20261010,35,2065,-12,feed,25920,34,38,24780
1791634332,539,0,879515,20261010,1,56725,31,feed,29460,0,41,29460
1791634332,539,1,892839,20261010,1,56880,0,feed,28380,0,38,28380
1791634332,539,1,896945,20261010,1,56880,0,feed,26580,0,38,26580
1791634332,54,0,1132872,20261010,1,56875,0,feed,25920,0,25,25920
1791634332,54,0,1133608,20261010,1,56875,0,feed,29520,0,25,29520
1791634332,54,0,1346282,20261010,21,3142,72,feed,25920,20,46,24120
1791634332,54,0,1346471,20261010,1,56875,0,feed,27720,0,46,27720
1791634332,54,1,1346892,20261010,23,57456,10,feed,25980,22,47,24000
1791634332,54,1,1347987,20261010,1,42319,0,feed,29160,0,47,29160
1791634332,54,1,1348005,20261010,1,42319,0,feed,27360,0,47,27360
1791634332,54,1,1353102,20261010,1,56100,0,feed,27300,0,27,27300
1791634332,54,1,1359341,20261010,27,56875,20,feed,25920,26,27,23700
1791634332,540,0,1136315,20261010,8,57099,63,feed,25860,7,51,25440
1791634332,540,0,1138304,20261010,1,53052,0,feed,29040,0,51,29040
1791634332,540,1,883185,20261010,1,56879,0,feed,28620,0,48,28620
1791634332,540,1,893327,20261010,1,56879,0,feed,26820,0,48,26820
1791634332,546,1,1133968,20261010,1,51824,0,feed,28260,0,31,28260
1791634332,546,0,880880,20261010,1,56725,0,feed,26160,0,33,26160
1791634332,546,0,896252,20261010,1,56725,0,feed,27960,0,33,27960
1791634332,61,1,1364571,20261010,1,52761,170,feed,25740,0,73,25740
1791634332,61,1,1364671,20261010,1,52761,0,feed,29280,0,73,29280
1791634332,61,0,1365086,20261010,1,17905,0,feed,28860,0,76,28860
1791634332,61,1,1366242,20261010,24,41055,294,feed,,,,
1791634332,61,1,1366316,20261010,68,17917,226,feed,25680,67,73,22260
1791634332,61,0,1366634,20261010,1,17905,0,feed,27120,0,76,27120
1791634332,61,0,1366891,20261010,56,40124,-53,feed,25980,55,76,23520
1791634332,61,0,1367765,20261010,9,57457,128,feed,25800,8,76,25320
1791634332,61,1,1368603,20261010,1,52761,0,feed,27540,0,73,27540
1791634332,615,0,1166764,20261010,1,43380,0,feed,26220,0,42,26220
1791634332,615,1,1347073,20261010,1,3540,84,feed,28320,0,76,28320
1791634332,62,0,1349165,20261010,1,328,0,feed,29100,0,86,29100
1791634332,62,1,1349394,20261010,27,80929,-88,feed,25920,26,83,24900
1791634332,62,0,1354903,20261010,1,328,0,feed,27300,0,86,27300
1791634332,62,1,1354974,20261010,75,6345,-55,feed,25920,74,91,22860
1791634332,62,1,1360619,20261010,1,49141,0,feed,28200,0,91,28200
1791634332,62,1,1362435,20261010,1,49141,0,feed,26700,0,83,26700
1791634332,62,0,1363784,20261010,61,80933,-25,feed,25920,60,86,23700
1791634332,62,0,1368581,20261010,9,335,174,feed,25740,8,86,25500
1791634332,63,1,1268320,20261010,25,52760,57,feed,25920,24,59,24480
1791634332,63,0,1346389,20261010,1,15795,0,feed,29160,0,60,29160
1791634332,63,0,1346885,20261010,1,15795,0,feed,26160,0,60,26160
1791634332,63,0,1347332,20261010,1,15795,0,feed,27960,0,60,27960
1791634332,63,1,1348190,20261010,1,51114,0,feed,28020,0,59,28020
1791634332,63,0,1348368,20261010,33,3138,116,feed,25800,32,60,24360
1791634332,63,1,1370574,20261010,1,51114,0,feed,,,,
1791634332,64,1,1342583,20261010,1,52015,0,feed,29460,0,76,29460
1791634332,64,1,1343234,20261010,1,52015,0,feed,28140,0,76,28140
1791634332,64,0,1357549,20261010,1,52761,0,feed,26100,0,78,26100
1791634332,64,0,1358435,20261010,1,52761,0,feed,27660,0,78,27660
1791634332,64,0,1358440,20261010,1,52761,0,feed,29460,0,78,29460
1791634332,64,1,1359178,20261010,1,42157,0,feed,27060,0,43,27060
1791634332,64,1,1359566,20261010,23,49771,347,feed,25560,22,76,24840
1791634332,64,0,1359576,20261010,24,12918,-115,feed,25920,23,43,24660
1791634332,64,1,1359588,20261010,1,52015,0,feed,27360,0,65,27360
1791634332,64,0,1360098,20261010,1,52761,0,feed,28560,0,43,28560
1791634332,645,1,1207815,20261010,49,6774,638,feed,25260,48,55,22620
1791634332,645,0,1337929,20261010,1,6990,0,feed,26520,0,52,26520
1791634332,645,1,1340341,20261010,1,53293,0,feed,26220,0,55,26220
1791634332,65,1,1348936,20261010,7,3967,244,feed,,,,
1791634332,65,1,1350622,20261010,1,57690,0,feed,27000,0,38,27000
1791634332,65,1,1351571,20261010,1,57690,0,feed,28800,0,38,28800
1791634332,65,0,1370096,20261010,1,10761,0,feed,,,,
1791634332,65,0,1370155,20261010,6,10696,164,feed,,,,
1791634332,65,0,1370435,20261010,1,10761,0,feed,,,,
1791634332,67,0,1270586,20261010,1,53723,0,feed,27900,0,65,27900
1791634332,67,1,1358213,20261010,1,56100,0,feed,26280,0,65,26280
1791634332,67,1,1368614,20261010,1,56100,0,feed,28080,0,65,28080
1791634332,68,0,1276150,20261010,2,9806,86,feed,28620,1,59,28620
1791634332,68,0,1356050,20261010,24,9768,-13,feed,25920,23,118,25200
1791634332,68,0,1361913,20261010,30,4988,-21,feed,25920,29,87,25080
1791634332,68,1,1363087,20261010,1,11904,0,feed,26700,0,61,26700
1791634332,68,0,1363096,20261010,104,18012,568,feed,25380,103,131,22200
1791634332,68,0,1363191,20261010,2,9806,38,feed,29520,1,87,29520
1791634332,68,1,1367360,20261010,1,57511,0,feed,28380,0,83,28380
1791634332,68,0,1367488,20261010,2,9806,132,feed,27720,1,87,27720
1791634332,68,1,1367646,20261010,1,57511,0,feed,27480,0,125,27480
1791634332,68,0,1368075,20261010,1,53340,0,feed,28800,0,118,28800
1791634332,68,1,1369082,20261010,49,332,-39,feed,25920,48,125,23880
1791634332,686,1,1171517,20261010,1,56939,0,feed,27660,0,4,27660
1791634332,686,0,1331155,20261010,2,57622,-336,feed,27000,1,3,25620
1791634332,686,1,1334842,20261010,3,57622,-94,feed,26040,2,4,24840
1791634332,686,0,1335558,20261010,1,47705,0,feed,28500,0,3,28500
1791634332,7,0,1356026,20261010,43,19304,-96,feed,25920,42,64,23580
1791634332,7,0,1357335,20261010,11,15273,63,feed,25860,10,64,25380
1791634332,7,1,1358852,20261010,24,56706,3,feed,25920,23,60,24660
1791634332,7,1,1359429,20261010,1,17679,0,feed,28260,0,60,28260
1791634332,7,0,1359569,20261010,1,51779,0,feed,27180,0,64,27180
1791634332,7,1,1360685,20261010,47,51545,89,feed,25920,46,60,23100
1791634332,7,0,1370557,20261010,1,51779,0,feed,,,,
1791634332,7,1,1370715,20261010,1,17679,0,feed,,,,
1791634332,71,0,1264727,20261010,42,18113,104,feed,25800,41,58,24120
1791634332,71,1,1266361,20261010,1,51291,0,feed,25860,0,60,25860
1791634332,71,0,1267561,20261010,1,9715,0,feed,26220,0,58,26220
1791634332,71,1,1268612,20261010,45,10057,129,feed,25800,44,60,24060
1791634332,71,1,1275684,20261010,1,51291,0,feed,29400,0,60,29400
1791634332,71,0,1286572,20261010,1,9715,0,feed,28020,0,58,28020
1791634332,71,1,1363660,20261010,1,51291,0,feed,27660,0,60,27660
1791634332,716,0,1136877,20261010,1,50154,0,feed,29400,0,51,29400
1791634332,716,0,1137213,20261010,1,50154,94,feed,25800,0,51,25800
1791634332,716,1,1137784,20261010,1,8728,0,feed,27720,0,50,27720
1791634332,72,0,1370280,20261010,1,57615,0,feed,,,,
1791634332,72,0,1370464,20261010,1,57615,0,feed,,,,
1791634332,721,1,1180924,20261010,1,9522,0,feed,28800,0,41,28800
1791634332,721,0,1183526,20261010,1,51845,0,feed,29160,0,43,29160
1791634332,721,0,1183639,20261010,1,51845,0,feed,27300,0,43,27300
1791634332,721,1,1289226,20261010,1,9522,0,feed,27000,0,41,27000
1791634332,722,1,1181165,20261010,1,11486,0,feed,29520,0,14,29520
1791634332,722,0,1184725,20261010,1,56827,0,feed,27300,0,51,27300
1791634332,722,1,1185035,20261010,1,57636,0,feed,26520,0,53,26520
1791634332,722,0,1187439,20261010,1,56827,0,feed,28800,0,11,28800
1791634332,723,1,1183220,20261010,1,53224,0,feed,28740,0,41,28740
1791634332,724,1,1130986,20261010,1,53222,0,feed,27120,0,35,27120
1791634332,724,1,1131506,20261010,1,53222,0,feed,28920,0,35,28920
1791634332,724,0,1131523,20261010,1,51846,0,feed,28800,0,33,28800
1791634332,724,1,1135735,20261010,18,8744,73,feed,25860,17,35,25320
1791634332,724,0,1135938,20261010,1,51846,0,feed,27000,0,33,27000
1791634332,725,0,1312779,20261010,1,57580,0,feed,26940,0,50,26940
1791634332,725,1,1316658,20261010,1,56775,0,feed,26100,0,49,26100
1791634332,74,0,1355795,20261010,1,51546,0,feed,29280,0,59,29280
1791634332,74,0,1358069,20261010,2,48896,-77,feed,26100,1,59,25740
1791634332,74,1,1358995,20261010,24,11859,-10,feed,25980,23,61,24540
1791634332,74,0,1359251,20261010,1,51546,0,feed,27540,0,59,27540
1791634332,74,1,1359469,20261010,1,13667,0,feed,26340,0,61,26340
1791634332,74,0,1359674,20261010,35,11837,111,feed,25860,34,59,23940
1791634332,74,1,1359864,20261010,46,11716,776,feed,25200,45,61,22740
1791634332,74,1,1360346,20261010,1,13667,0,feed,28140,0,61,28140
1791634332,802,0,1195013,20261010,1,57169,0,feed,29040,0,46,29040
1791634332,802,1,1195528,20261010,1,42622,163,feed,26520,0,45,26520
1791634332,804,0,1261569,20261010,1,14153,0,feed,28800,0,32,28800
1791634332,805,0,1212210,20261010,1,56775,0,feed,29040,0,72,29040
1791634332,83,0,1265376,20261010,1,53725,0,feed,29340,0,44,29340
1791634332,83,1,1351655,20261010,1,52532,0,feed,28500,0,41,28500
1791634332,87,1,1305398,20261010,2,3948,77,feed,25860,1,70,25800
1791634332,87,1,1305499,20261010,1,57690,0,feed,27780,0,70,27780
1791634332,87,1,1305552,20261010,51,13043,68,feed,25740,50,70,24000
1791634332,87,0,1349518,20261010,1,51892,0,feed,28920,0,71,28920
1791634332,87,0,1349992,20261010,67,51370,-18,feed,25920,66,71,23640
1791634332,87,0,1350383,20261010,1,51892,0,feed,27120,0,71,27120
1791634332,87,0,1351529,20261010,12,13076,178,feed,25740,11,71,25320
1791634332,9,0,1356090,20261010,1,40247,0,feed,29520,0,112,29520
1791634332,9,0,1358009,20261010,1,52552,0,feed,27960,0,100,27960
1791634332,9,0,1360478,20261010,83,16469,494,feed,25380,82,100,22740
1791634332,9,1,1365790,20261010,42,15344,177,feed,25740,41,111,23940
1791634332,9,1,1366959,20261010,1,51551,0,feed,27480,0,111,27480
1791634332,9,1,1367498,20261010,2,48896,55,feed,26100,1,96,25740
1791634332,9,1,1367916,20261010,1,51551,0,feed,29220,0,96,29220
1791634332,9,0,1368117,20261010,1,40247,0,feed,25920,0,112,25920
1791634332,9,0,1368559,20261010,47,3053,114,feed,25860,46,100,24420
1791634332,901,0,882747,20261010,5,51435,120,feed,25920,4,20,25440
1791634332,901,0,883688,20261010,10,51430,60,feed,25920,9,20,24720
1791634332,901,1,883894,20261010,3,56336,0,feed,26700,2,20,26520
1791634332,901,1,885207,20261010,17,53279,420,feed,25560,16,20,23640
1791634332,901,1,894362,20261010,8,51412,180,feed,25740,7,20,25080
1791634332,901,0,895953,20261010,15,56330,300,feed,25920,14,20,24000
1791634332,901,1,901577,20261010,3,56336,0,feed,25980,2,20,25800
1791634332,901,0,903982,20261010,1,51405,0,feed,26160,0,20,26160
1791634332,901,1,976337,20261010,15,51419,60,feed,25980,14,20,24360
1791634332,902,1,878714,20261010,17,56042,300,feed,25680,16,24,23640
1791634332,902,1,880385,20261010,1,56026,0,feed,26580,0,24,26580
1791634332,902,0,885867,20261010,16,56010,60,feed,25920,15,24,24060
1791634332,902,0,889403,20261010,11,56005,60,feed,25980,10,24,24780
1791634332,902,0,890837,20261010,6,56338,0,feed,25980,5,24,25500
1791634332,902,1,892152,20261010,6,56031,240,feed,25740,5,24,25140
1791634332,902,0,894669,20261010,22,56016,0,feed,25980,21,24,23340
1791634332,902,1,903655,20261010,14,56039,0,feed,26040,13,24,24420
1791634332,902,0,905061,20261010,3,56336,0,feed,26400,2,24,26220
1791634332,903,1,1262783,20261010,1,56874,0,feed,29520,0,6,29520
1791634332,903,0,1267569,20261010,1,57285,0,feed,27960,0,6,27960
1791634332,903,1,1273379,20261010,1,56874,0,feed,27720,0,6,27720
1791634332,903,0,1275557,20261010,1,57285,0,feed,26160,0,6,26160
1791634332,903,1,1276084,20261010,1,56874,1,feed,25920,0,6,25920
1791634332,904,1,1266741,20261010,1,56800,0,feed,27060,0,12,27060
1791634332,904,1,1268165,20261010,12,56830,505,feed,25560,11,12,23460
1791634332,904,1,1271789,20261010,1,56800,0,feed,26160,0,12,26160
1791634332,904,0,1365530,20261010,1,56830,0,feed,26460,0,13,26460
1791634332,904,0,1366151,20261010,1,56830,0,feed,29160,0,13,29160
1791634332,904,1,1367422,20261010,1,56800,0,feed,27960,0,12,27960
1791634332,904,1,1368368,20261010,11,56833,7,feed,26160,10,12,24360
1791634332,904,1,1368435,20261010,1,56800,0,feed,28860,0,12,28860
1791634332,904,0,1368817,20261010,3,56831,289,feed,25980,2,13,25560
1791634332,904,0,1368821,20261010,1,56830,0,feed,28260,0,13,28260
1791634332,904,0,1368948,20261010,1,56830,0,feed,27360,0,13,27360
1791634332,904,1,1368992,20261010,6,17781,134,feed,25920,5,12,25260
1791634332,904,0,1369203,20261010,6,48084,257,feed,25680,5,13,24720
1791634332,905,0,1344095,20261010,15,57440,-350,feed,26040,14,16,24000
1791634332,905,1,1344290,20261010,15,52759,-313,feed,26040,14,16,23940
1791634332,905,0,1344329,20261010,9,57428,-47,feed,26040,8,16,24900
1791634332,905,0,1344494,20261010,1,52761,108,feed,25800,0,16,25800
1791634332,905,1,1344690,20261010,3,57437,70,feed,25980,2,16,25740
1791634332,905,1,1344728,20261010,9,57425,96,feed,25920,8,16,24840
1791634332,905,0,1344976,20261010,1,52761,0,feed,26700,0,16,26700
1791634332,905,1,1345360,20261010,1,57441,0,feed,26640,0,16,26640
1791634332,905,1,1345395,20261010,1,57441,0,feed,27540,0,16,27540
1791634332,905,0,1345575,20261010,1,52761,0,feed,27600,0,16,27600
1791634332,905,0,1345720,20261010,1,52761,0,feed,28500,0,16,28500
1791634332,905,1,1345824,20261010,1,57441,0,feed,28440,0,16,28440
1791634332,905,0,1345882,20261010,1,52761,0,feed,29400,0,16,29400
1791634332,905,1,1345894,20261010,1,57441,0,feed,29340,0,16,29340
1791634332,921,1,1364641,20261010,1,52531,0,feed,28500,0,20,28500
1791634332,921,0,1364777,20261010,2,53362,-23,feed,26040,1,20,25680
1791634332,921,1,1366169,20261010,1,52531,0,feed,29400,0,20,29400
1791634332,921,0,1366182,20261010,1,51544,0,feed,26580,0,20,26580
1791634332,921,0,1366875,20261010,1,51544,0,feed,29280,0,20,29280
1791634332,921,0,1367025,20261010,12,17371,-23,feed,25920,11,20,24840
1791634332,921,0,1367258,20261010,1,51544,0,feed,28380,0,20,28380
1791634332,921,1,1368062,20261010,1,52531,0,feed,26700,0,20,26700
1791634332,921,1,1368115,20261010,1,52531,0,feed,27600,0,20,27600
1791634332,921,1,1368238,20261010,2,50015,8,feed,25920,1,20,25800
1791634332,921,0,1368929,20261010,20,52531,278,feed,25740,19,20,23940
1791634332,922,0,1311219,20261010,1,57314,0,feed,26160,0,35,26160
1791634332,922,0,1311468,20261010,1,57314,0,feed,27600,0,35,27600
1791634332,922,1,1312096,20261010,30,3523,8,feed,26040,29,34,23040
1791634332,922,0,1313079,20261010,1,57314,0,feed,26880,0,35,26880
1791634332,922,1,1313080,20261010,1,56100,0,feed,28560,0,34,28560
1791634332,922,0,1313260,20261010,22,16971,-58,feed,25980,21,35,24060
1791634332,922,0,1313444,20261010,29,11885,-115,feed,25920,28,35,23160
1791634332,922,1,1313532,20261010,10,17013,97,feed,25860,9,34,24840
1791634332,922,1,1313808,20261010,20,16913,34,feed,25920,19,34,23940
1791634332,922,1,1313979,20261010,1,56100,0,feed,27900,0,34,27900
1791634332,922,1,1314831,20261010,1,56100,0,feed,29220,0,34,29220
1791634332,922,0,1314847,20261010,1,57314,0,feed,29040,0,35,29040
1791634332,922,1,1314879,20261010,2,57419,208,feed,25800,1,34,25620
1791634332,922,0,1315911,20261010,1,57314,0,feed,28320,0,35,28320
1791634332,922,0,1315961,20261010,5,4866,196,feed,25800,4,35,25500
1791634332,922,1,1316443,20261010,1,56100,0,feed,27180,0,34,27180
1791634332,922,1,1316963,20261010,1,56100,0,feed,26400,0,34,26400
1791634332,922,0,1317039,20261010,12,16884,239,feed,25800,11,35,24780
1791634332,923,1,1262753,20261010,1,57278,0,feed,28320,0,23,28320
1791634332,923,1,1262965,20261010,1,57278,0,feed,,,,
1791634332,923,1,1266175,20261010,1,57278,0,feed,26220,0,23,26220
1791634332,923,1,1267901,20261010,13,56422,95,feed,25920,12,23,24960
1791634332,923,0,1268664,20261010,1,56897,0,feed,26880,0,22,26880
1791634332,923,1,1268740,20261010,1,57278,0,feed,29220,0,23,29220
1791634332,923,1,1270042,20261010,19,17906,461,feed,25440,18,23,23820
1791634332,923,0,1270936,20261010,1,56897,0,feed,26040,0,22,26040
1791634332,923,0,1271263,20261010,14,56401,506,feed,,,,
1791634332,923,0,1271777,20261010,1,56897,0,feed,,,,
1791634332,923,0,1275401,20261010,1,56897,0,feed,28680,0,22,28680
1791634332,923,0,1276181,20261010,9,17840,32,feed,25920,8,22,25140
1791634332,924,1,1262676,20261010,25,56913,56,feed,,,,
1791634332,924,1,1265262,20261010,1,56823,0,feed,,,,
1791634332,924,0,1265875,20261010,1,56873,0,feed,,,,
1791634332,924,1,1267579,20261010,1,56823,0,feed,,,,
1791634332,924,0,1270023,20261010,17,52300,84,feed,,,,
1791634332,924,0,1270550,20261010,11,779,-13,feed,,,,
1791634332,924,0,1271275,20261010,1,56873,0,feed,,,,
1791634332,924,1,1271559,20261010,8,56904,57,feed,,,,
1791634332,924,0,1271601,20261010,1,56873,0,feed,,,,
1791634332,924,1,1271660,20261010,1,56823,0,feed,,,,
1791634332,924,1,1271853,20261010,1,56823,0,feed,,,,
1791634332,924,0,1272338,20261010,1,56873,0,feed,,,,
1791634332,924,0,1272470,20261010,2,4513,63,feed,,,,
1791634332,924,1,1273476,20261010,11,56906,598,feed,,,,
1791634332,924,0,1273777,20261010,32,56950,58,feed,,,,
1791634332,924,1,1273796,20261010,1,56823,0,feed,,,,
1791634332,924,0,1273947,20261010,1,56873,0,feed,,,,
1791634332,924,1,1274359,20261010,1,56823,0,feed,,,,
1791634332,924,1,1275279,20261010,34,436,101,feed,,,,
1791634332,924,0,1275874,20261010,24,17902,74,feed,,,,
1791634332,925,0,1271836,20261010,5,1259,57,feed,25860,4,35,25560
1791634332,925,0,1273285,20261010,1,53703,0,feed,27660,0,35,27660
1791634332,925,0,1275013,20261010,1,53703,0,feed,26220,0,35,26220
1791634332,925,1,1333394,20261010,2,15881,51,feed,25980,1,35,25860
1791634332,925,1,1333922,20261010,1,57541,0,feed,27300,0,35,27300
1791634332,925,0,1334038,20261010,15,50195,5,feed,25980,14,35,24840
1791634332,925,1,1334209,20261010,12,17919,-65,feed,26040,11,35,24960
1791634332,925,1,1334472,20261010,21,50196,-39,feed,25980,20,35,24060
1791634332,925,0,1334536,20261010,1,53703,0,feed,26940,0,35,26940
1791634332,925,0,1334615,20261010,35,57541,370,feed,25560,34,35,22680
1791634332,925,0,1334722,20261010,31,16143,-33,feed,25980,30,35,23400
1791634332,925,1,1334788,20261010,1,57541,0,feed,26580,0,35,26580
1791634332,925,0,1335043,20261010,19,17941,297,feed,25740,18,35,24120
1791634332,925,0,1335271,20261010,1,53703,0,feed,29040,0,35,29040
1791634332,925,1,1335342,20261010,31,1145,168,feed,25800,30,35,23160
1791634332,925,1,1335505,20261010,1,57541,0,feed,28740,0,35,28740
1791634332,925,1,1335575,20261010,1,57541,0,feed,28020,0,35,28020
1791634332,925,0,1335632,20261010,1,53703,0,feed,28320,0,35,28320
1791634332,925,1,1335851,20261010,1,57541,0,feed,29400,0,35,29400
1791634332,94,1,1185711,20261010,1,56100,0,feed,28440,0,16,28440
1791634332,94,0,1186967,20261010,1,51200,0,feed,25980,0,15,25980
1791634332,94,0,1347990,20261010,1,51200,0,feed,27780,0,15,27780
1791634332,94,1,1371313,20261010,1,56100,0,feed,,,,
1791635236,10,0,1369716,20261010,1,19337,0,feed,,,,
1791635236,10,0,1369750,20261010,1,19337,0,feed,,,,
1791635236,10,1,1369896,20261010,1,57165,0,feed,,,,
1791635236,10,1,1369994,20261010,58,17980,285,feed,,,,
1791635236,10,0,1370031,20261010,6,17992,112,feed,,,,
1791635236,10,1,1370219,20261010,10,14022,217,feed,,,,
1791635236,10,1,1370268,20261010,30,17188,-156,feed,,,,
1791635236,10,1,1370307,20261010,1,57165,0,feed,,,,
1791635236,10,0,1370704,20261010,30,49353,477,feed,,,,
1791635236,10,1,1370706,20261010,1,57165,0,feed,,,,
1791635236,10,1,1370921,20261010,1,57165,0,feed,,,,
1791635236,11,1,1319832,20261010,34,14681,399,feed,26400,33,79,25380
1791635236,11,1,1333584,20261010,1,49304,0,feed,28800,0,79,28800
1791635236,11,0,1365010,20261010,1,51828,0,feed,29340,0,80,29340
1791635236,11,0,1366133,20261010,23,51795,299,feed,26520,22,80,25860
1791635236,11,0,1367545,20261010,69,80995,64,feed,26700,68,80,24060
1791635236,11,1,1368811,20261010,1,49304,0,feed,27060,0,79,27060
1791635236,11,0,1371026,20261010,1,51828,0,feed,,,,
1791635236,14,0,1332502,20261010,1,4345,0,feed,26820,0,80,26820
1791635236,14,1,1369968,20261010,1,50153,0,feed,,,,
1791635236,14,1,1370035,20261010,75,755,-50,feed,,,,
1791635236,14,0,1370837,20261010,1,4345,0,feed,,,,
1791635236,14,1,1370854,20261010,1,50153,0,feed,,,,
1791635236,14,0,1370944,20261010,1,4345,0,feed,,,,
1791635236,14,1,1371285,20261010,29,16401,361,feed,,,,
1791635236,14,0,1371341,20261010,37,15642,264,feed,,,,
1791635236,17,1,1317951,20261010,1,17192,0,feed,27240,0,65,27240
1791635236,17,1,1318246,20261010,18,19308,287,feed,26520,17,65,25620
1791635236,17,1,1318412,20261010,1,17192,0,feed,29040,0,65,29040
1791635236,17,0,1324422,20261010,1,57458,0,feed,29820,0,63,29820
1791635236,17,0,1324662,20261010,43,17988,22,feed,26820,42,63,24600
1791635236,17,0,1333883,20261010,6,43325,128,feed,26700,5,63,26340
1791635236,17,1,1367244,20261010,59,5753,-28,feed,26820,58,65,23820
1791635236,17,0,1367673,20261010,1,57458,0,feed,28080,0,63,28080
1791635236,18,0,1361017,20261010,1,51852,0,feed,27240,0,51,27240
1791635236,18,0,1361345,20261010,39,56922,101,feed,26700,38,84,25620
1791635236,18,1,1365183,20261010,32,135,535,feed,26340,31,83,24600
1791635236,18,1,1366496,20261010,1,56800,0,feed,28080,0,83,28080
1791635236,18,0,1366999,20261010,1,57131,0,feed,29040,0,84,29040
1791635236,18,1,1367384,20261010,1,56800,0,feed,27180,0,52,27180
1791635236,18,0,1367478,20261010,50,19317,164,feed,26700,49,51,23760
1791635236,18,1,1367855,20261010,1,56800,0,feed,28980,0,52,28980
1791635236,18,0,1368311,20261010,,,,canceled,,,,
1791635236,18,1,1368678,20261010,17,42211,197,feed,26640,16,52,25500
1791635236,18,0,1368895,20261010,1,57131,0,feed,27300,0,84,27300
1791635236,18,0,1368999,20261010,73,1905,38,feed,26760,72,84,23820
1791635236,18,0,1369255,20261010,1,51852,0,feed,28980,0,51,28980
1791635236,18,1,1369355,20261010,7,17984,-11,feed,26880,6,83,26400
1791635236,2,0,1331522,20261010,31,13223,-241,feed,26820,30,41,25140
1791635236,2,0,1333277,20261010,1,57469,0,feed,29580,0,41,29580
1791635236,2,1,1361535,20261010,1,57618,0,feed,27960,0,42,27960
1791635236,2,1,1361732,20261010,11,41248,-37,feed,26820,10,42,26160
1791635236,2,0,1362530,20261010,1,57469,0,feed,26880,0,41,26880
1791635236,2,1,1363769,20261010,1,57618,0,feed,29760,0,42,29760
1791635236,2,1,1370692,20261010,27,13309,758,feed,,,,
1791635236,2,0,1371046,20261010,1,57469,0,feed,,,,
1791635236,215,0,1265096,20261010,1,49979,0,feed,27840,0,30,27840
1791635236,215,1,1269764,20261010,1,5020,0,feed,29760,0,27,29760
1791635236,215,1,1273522,20261010,11,57714,110,feed,26700,10,27,26160
1791635236,219,0,1303185,20261010,1,57340,0,feed,29760,0,74,29760
1791635236,219,0,1303536,20261010,16,50529,96,feed,26700,15,74,26160
1791635236,219,1,1311113,20261010,19,52169,-150,feed,26820,18,71,26100
1791635236,219,1,1311569,20261010,1,5020,0,feed,29700,0,71,29700
1791635236,22,1,1357692,20261010,1,56825,0,feed,27180,0,84,27180
1791635236,22,1,1357780,20261010,1,56825,0,feed,29400,0,87,29400
1791635236,22,1,1357959,20261010,48,15364,686,feed,26160,47,84,23580
1791635236,22,0,1364296,20261010,55,2875,-122,feed,26820,54,86,24060
1791635236,22,0,1366038,20261010,7,15264,60,feed,26760,6,82,26460
1791635236,22,0,1366517,20261010,1,4558,0,feed,28800,0,82,28800
1791635236,22,0,1367267,20261010,70,11412,418,feed,26460,69,82,22920
1791635236,22,1,1368123,20261010,1,56825,0,feed,28320,0,84,28320
1791635236,22,1,1368394,20261010,21,11635,-20,feed,26820,20,87,25860
1791635236,22,1,1368894,20261010,37,18009,-8,feed,26820,36,84,24780
1791635236,22,0,1368944,20261010,36,15618,-32,feed,26820,35,82,25260
1791635236,22,0,1369165,20261010,1,4558,0,feed,30000,0,82,30000
1791635236,22,0,1369270,20261010,1,4558,0,feed,27660,0,86,27660
1791635236,223,0,1361983,20261010,1,57691,0,feed,27960,0,33,27960
1791635236,223,1,1362113,20261010,12,17240,181,feed,26640,11,34,25860
1791635236,223,0,1362666,20261010,1,57691,0,feed,29760,0,33,29760
1791635236,223,1,1362920,20261010,1,5020,0,feed,27660,0,34,27660
1791635236,25,0,1369778,20261010,91,57166,144,feed,,,,
1791635236,25,1,1369797,20261010,1,57166,0,feed,,,,
1791635236,25,0,1369822,20261010,6,17994,116,feed,,,,
1791635236,27,1,1349382,20261010,1,51367,0,feed,28080,0,21,28080
1791635236,27,0,1369466,20261010,1,52857,0,feed,28800,0,23,28800
1791635236,3,0,1321117,20261010,1,54097,0,feed,28860,0,64,28860
1791635236,3,0,1321470,20261010,18,57014,171,feed,26640,17,64,25260
1791635236,3,1,1321969,20261010,1,56100,0,feed,30120,0,64,30120
1791635236,3,0,1322590,20261010,60,49450,-6,feed,26820,59,65,23460
1791635236,3,0,1323136,20261010,1,54097,0,feed,27060,0,65,27060
1791635236,3,1,1323332,20261010,62,16330,176,feed,26640,61,65,23640
1791635236,3,1,1323352,20261010,1,56100,0,feed,28140,0,65,28140
1791635236,3,1,1324397,20261010,1,56100,0,feed,26820,0,64,26820
1791635236,3,1,1370663,20261010,26,860,252,feed,,,,
1791635236,30,1,1213071,20261010,1,15882,0,feed,27420,0,44,27420
1791635236,30,1,1214617,20261010,1,15882,0,feed,29220,0,44,29220
1791635236,30,0,1215064,20261010,1,40238,0,feed,30240,0,48,30240
1791635236,30,0,1218781,20261010,38,15763,418,feed,26400,37,48,24840
1791635236,32,0,1331601,20261010,1,50155,0,feed,27900,0,59,27900
1791635236,32,0,1332088,20261010,10,52527,470,feed,26340,9,59,26100
1791635236,32,0,1332305,20261010,1,50155,0,feed,29700,0,59,29700
1791635236,32,1,1365346,20261010,1,57685,0,feed,29040,0,61,29040
1791635236,32,1,1368017,20261010,1,57685,0,feed,27240,0,61,27240
1791635236,323,0,1132200,20261010,1,51116,0,feed,29640,0,23,29640
1791635236,323,1,1132330,20261010,1,57508,0,feed,29220,0,25,29220
1791635236,323,0,1134004,20261010,1,51116,0,feed,27840,0,23,27840
1791635236,323,1,1134558,20261010,1,57508,0,feed,28320,0,25,28320
1791635236,323,0,1136188,20261010,16,57033,50,feed,26760,15,23,26040
1791635236,345,1,1134141,20261010,1,57508,0,feed,28920,0,15,28920
1791635236,345,0,1134463,20261010,14,53873,184,feed,27000,13,15,25200
1791635236,345,1,1135441,20261010,8,56939,-77,feed,27300,7,15,25440
1791635236,345,0,1137191,20261010,1,56879,0,feed,28800,0,15,28800
1791635236,36,1,1220779,20261010,1,50160,0,feed,28020,0,50,28020
1791635236,36,1,1221282,20261010,1,50160,0,feed,29820,0,50,29820
1791635236,36,0,1362765,20261010,1,57537,0,feed,29580,0,53,29580
1791635236,36,0,1363268,20261010,1,57537,0,feed,27780,0,53,27780
1791635236,36,1,1363924,20261010,14,6379,114,feed,26700,13,50,26220
1791635236,36,0,1367240,20261010,21,53705,82,feed,26820,20,53,25980
1791635236,38,1,1349332,20261010,101,81108,18,feed,26820,100,104,23040
1791635236,38,1,1349414,20261010,2,16496,133,feed,26700,1,104,26640
1791635236,38,0,1349639,20261010,1,48213,0,feed,28200,0,108,28200
1791635236,38,0,1351901,20261010,7,81108,91,feed,26760,6,109,26460
1791635236,38,1,1353688,20261010,47,3525,34,feed,26820,46,107,24660
1791635236,38,1,1354748,20261010,1,16494,0,feed,30240,0,104,30240
1791635236,38,0,1354833,20261010,1,48213,0,feed,30000,0,109,30000
1791635236,38,0,1355206,20261010,58,50109,-50,feed,26880,57,108,24720
1791635236,38,0,1367608,20261010,95,12545,116,feed,26700,94,109,22920
1791635236,38,1,1368131,20261010,1,42032,0,feed,28260,0,107,28260
1791635236,4,0,1157630,20261010,46,17939,-59,feed,26820,45,87,24780
1791635236,4,0,1159065,20261010,1,50231,0,feed,28140,0,87,28140
1791635236,4,1,1356509,20261010,65,136,-100,feed,26820,64,85,23880
1791635236,4,1,1356771,20261010,1,14153,0,feed,29280,0,90,29280
1791635236,4,0,1358682,20261010,1,50231,0,feed,29400,0,89,29400
1791635236,4,1,1359006,20261010,1,14153,0,feed,27480,0,85,27480
1791635236,4,1,1359383,20261010,27,16045,218,feed,26580,26,90,25680
1791635236,4,0,1360168,20261010,5,2104,50,feed,26760,4,89,26640
1791635236,4,0,1360582,20261010,79,42297,245,feed,26580,78,89,23160
1791635236,46,0,1270543,20261010,1,220,0,feed,28860,0,62,28860
1791635236,46,1,1277051,20261010,1,51550,0,feed,27900,0,59,27900
1791635236,48,0,1304033,20261010,28,8216,176,feed,26640,27,61,25500
1791635236,48,1,1348922,20261010,1,50152,0,feed,29400,0,61,29400
1791635236,48,1,1352114,20261010,33,8214,-67,feed,26820,32,61,25860
1791635236,48,0,1354143,20261010,1,19301,0,feed,29100,0,61,29100
1791635236,5,0,1367363,20261010,12,787,64,feed,26760,11,81,26520
1791635236,5,0,1367768,20261010,1,51212,0,feed,30120,0,81,30120
1791635236,5,1,1367813,20261010,1,51846,0,feed,28560,0,80,28560
1791635236,5,1,1369245,20261010,37,11158,476,feed,26340,36,80,25260
1791635236,515,0,1350683,20261010,1,53704,0,feed,29460,0,49,29460
1791635236,515,1,1351098,20261010,1,56877,0,feed,27180,0,49,27180
1791635236,515,1,1351908,20261010,49,53704,-108,feed,26820,48,49,25380
1791635236,515,0,1352103,20261010,1,53704,35,feed,26760,0,49,26760
1791635236,515,1,1352996,20261010,1,56877,0,feed,28080,0,49,28080
1791635236,515,1,1353223,20261010,1,56877,0,feed,29880,0,49,29880
1791635236,515,0,1353967,20261010,1,53704,0,feed,28560,0,49,28560
1791635236,515,0,1354091,20261010,36,662,53,feed,26760,35,49,25860
1791635236,515,1,1354295,20261010,1,56877,0,feed,28980,0,49,28980
1791635236,515,0,1354351,20261010,1,53704,0,feed,30360,0,49,30360
1791635236,515,1,1354754,20261010,14,712,34,feed,26760,13,49,26280
1791635236,515,0,1355088,20261010,1,53704,0,feed,27660,0,49,27660
1791635236,534,1,1343788,20261010,11,50070,185,feed,26520,10,32,26100
1791635236,534,0,1344117,20261010,1,56725,0,feed,28020,0,35,28020
1791635236,534,1,1344342,20261010,1,51824,0,feed,29700,0,32,29700
1791635236,534,0,1344434,20261010,1,56725,0,feed,29820,0,35,29820
1791635236,534,0,1344604,20261010,18,2101,-47,feed,26820,17,35,26220
1791635236,534,1,1345857,20261010,1,51824,0,feed,27900,0,32,27900
1791635236,538,0,1132277,20261010,1,53704,0,feed,28800,0,42,28800
1791635236,538,0,1135114,20261010,1,53704,0,feed,27000,0,42,27000
1791635236,538,1,1318336,20261010,1,56880,0,feed,29880,0,40,29880
1791635236,538,1,1319019,20261010,10,51996,152,feed,26640,9,40,26280
1791635236,539,0,1136603,20261010,33,43724,-171,feed,26820,32,41,25860
1791635236,539,0,879515,20261010,1,56725,31,feed,29460,0,41,29460
1791635236,539,1,892839,20261010,1,56880,0,feed,28380,0,38,28380
1791635236,539,1,896945,20261010,5,690,45,feed,26760,4,38,26580
1791635236,54,1,1132240,20261010,1,56100,0,feed,30000,0,27,30000
1791635236,54,0,1132872,20261010,9,13143,38,feed,26880,8,25,25920
1791635236,54,0,1133608,20261010,1,56875,0,feed,29520,0,25,29520
1791635236,54,0,1346282,20261010,33,80939,96,feed,26760,32,46,24120
1791635236,54,0,1346471,20261010,1,56875,0,feed,27720,0,46,27720
1791635236,54,1,1346892,20261010,36,13128,36,feed,26820,35,47,24000
1791635236,54,1,1347987,20261010,1,42319,0,feed,29160,0,47,29160
1791635236,54,1,1348005,20261010,1,42319,0,feed,27360,0,47,27360
1791635236,54,1,1353102,20261010,1,56100,0,feed,27300,0,27,27300
1791635236,540,0,1136315,20261010,34,1943,104,feed,26700,33,51,25440
1791635236,540,0,1138304,20261010,1,53052,0,feed,29040,0,51,29040
1791635236,540,1,883185,20261010,1,56879,0,feed,28620,0,48,28620
1791635236,540,1,893327,20261010,1,56879,0,feed,26820,0,48,26820
1791635236,546,1,1132468,20261010,1,51824,0,feed,30060,0,31,30060
1791635236,546,1,1133968,20261010,1,51824,0,feed,28260,0,31,28260
1791635236,546,0,880880,20261010,14,51275,93,feed,26760,13,33,26160
1791635236,546,0,885448,20261010,1,56725,0,feed,29760,0,33,29760
1791635236,546,0,896252,20261010,1,56725,0,feed,27960,0,33,27960
1791635236,61,1,1364571,20261010,14,80817,114,feed,26760,13,73,25740
1791635236,61,1,1364671,20261010,1,52761,0,feed,29280,0,73,29280
1791635236,61,0,1365086,20261010,1,17905,0,feed,28860,0,76,28860
1791635236,61,1,1366242,20261010,44,10653,246,feed,,,,
1791635236,61,0,1366634,20261010,1,17905,0,feed,27120,0,76,27120
1791635236,61,0,1366891,20261010,70,43282,11,feed,26940,69,76,23520
1791635236,61,0,1367765,20261010,35,57535,-4,feed,26820,34,76,25320
1791635236,61,1,1368603,20261010,1,52761,0,feed,27540,0,73,27540
1791635236,615,0,1166764,20261010,18,4802,-65,feed,26820,17,42,26220
1791635236,615,1,1347073,20261010,1,3540,0,feed,28320,0,76,28320
1791635236,62,0,1349165,20261010,1,328,0,feed,29100,0,86,29100
1791635236,62,1,1349394,20261010,40,45128,-108,feed,26880,39,83,24900
1791635236,62,1,1352537,20261010,1,49141,0,feed,30240,0,83,30240
1791635236,62,0,1354903,20261010,1,328,0,feed,27300,0,86,27300
1791635236,62,1,1360619,20261010,1,49141,0,feed,28200,0,91,28200
1791635236,62,1,1362435,20261010,3,49179,39,feed,26760,2,83,26700
1791635236,62,0,1363784,20261010,86,49141,-90,feed,26820,85,86,23700
1791635236,62,0,1368581,20261010,44,289,129,feed,26700,43,86,25500
1791635236,63,1,1268320,20261010,43,3091,2,feed,26820,42,59,24480
1791635236,63,1,1274289,20261010,1,51114,0,feed,29820,0,59,29820
1791635236,63,0,1346389,20261010,1,15795,0,feed,29160,0,60,29160
1791635236,63,0,1346885,20261010,14,56943,133,feed,26700,13,60,26160
1791635236,63,0,1347332,20261010,1,15795,0,feed,27960,0,60,27960
1791635236,63,1,1348190,20261010,1,51114,0,feed,28020,0,59,28020
1791635236,63,0,1348368,20261010,45,3159,110,feed,26700,44,60,24360
1791635236,63,1,1370574,20261010,14,3239,140,feed,,,,
1791635236,63,0,1371063,20261010,1,15795,0,feed,,,,
1791635236,64,1,1342583,20261010,1,52015,0,feed,29460,0,76,29460
1791635236,64,1,1343234,20261010,1,52015,0,feed,28140,0,76,28140
1791635236,64,0,1357549,20261010,8,11776,84,feed,26820,7,78,26100
1791635236,64,0,1358435,20261010,1,52761,0,feed,27660,0,78,27660
1791635236,64,0,1358440,20261010,1,52761,0,feed,29460,0,78,29460
1791635236,64,1,1359178,20261010,1,42157,0,feed,27060,0,43,27060
1791635236,64,1,1359566,20261010,60,81103,175,feed,26640,59,76,24840
1791635236,64,1,1359588,20261010,1,52015,0,feed,27360,0,65,27360
1791635236,64,0,1359712,20261010,1,52761,0,feed,30360,0,43,30360
1791635236,64,0,1360098,20261010,1,52761,0,feed,28560,0,43,28560
1791635236,645,1,1208148,20261010,1,53293,0,feed,29820,0,55,29820
1791635236,645,0,1337929,20261010,8,7025,171,feed,26820,7,52,26520
1791635236,645,1,1340341,20261010,7,48749,188,feed,26940,6,55,26220
1791635236,645,0,1342044,20261010,1,6990,0,feed,30000,0,52,30000
1791635236,65,1,1348936,20261010,36,80981,100,feed,,,,
1791635236,65,1,1350622,20261010,1,57690,0,feed,27000,0,38,27000
1791635236,65,1,1351571,20261010,1,57690,0,feed,28800,0,38,28800
1791635236,65,0,1370096,20261010,1,10761,42,feed,,,,
1791635236,65,0,1370155,20261010,39,50454,-83,feed,,,,
1791635236,65,0,1370435,20261010,1,10761,0,feed,,,,
1791635236,67,0,1270586,20261010,1,53723,0,feed,27900,0,65,27900
1791635236,67,1,1351909,20261010,1,56100,0,feed,29880,0,65,29880
1791635236,67,1,1358213,20261010,7,20008,216,feed,26640,6,65,26280
1791635236,67,0,1359981,20261010,1,53723,0,feed,29700,0,65,29700
1791635236,67,1,1368614,20261010,1,56100,0,feed,28080,0,65,28080
1791635236,68,0,1276150,20261010,2,9806,86,feed,28620,1,59,28620
1791635236,68,0,1356050,20261010,61,9827,-53,feed,26820,60,118,25200
1791635236,68,0,1361913,20261010,55,57625,-96,feed,26940,54,87,25080
1791635236,68,1,1363087,20261010,3,49993,-23,feed,26880,2,61,26700
1791635236,68,0,1363096,20261010,124,46708,540,feed,26220,123,131,22200
1791635236,68,0,1363191,20261010,2,9806,38,feed,29520,1,87,29520
1791635236,68,1,1364071,20261010,1,11904,0,feed,30300,0,117,30300
1791635236,68,1,1366366,20261010,1,57511,0,feed,30180,0,83,30180
1791635236,68,1,1367360,20261010,1,57511,0,feed,28380,0,83,28380
1791635236,68,0,1367488,20261010,2,9806,132,feed,27720,1,87,27720
1791635236,68,1,1367646,20261010,1,57511,0,feed,27480,0,125,27480
1791635236,68,0,1368075,20261010,1,53340,0,feed,28800,0,118,28800
1791635236,68,1,1369082,20261010,78,52366,-151,feed,26820,77,125,23880
1791635236,686,1,1171517,20261010,1,56939,0,feed,27660,0,4,27660
1791635236,686,0,1331155,20261010,2,57622,-330,feed,27000,1,3,25620
1791635236,686,1,1334842,20261010,4,47705,-70,feed,27420,3,4,24840
1791635236,686,0,1335558,20261010,1,47705,0,feed,28500,0,3,28500
1791635236,7,0,1356026,20261010,60,57162,6,feed,26820,59,64,23580
1791635236,7,0,1357335,20261010,27,16309,-39,feed,26820,26,64,25380
1791635236,7,1,1357950,20261010,1,17679,0,feed,30060,0,60,30060
1791635236,7,1,1358852,20261010,41,16601,-32,feed,26820,40,60,24660
1791635236,7,1,1359429,20261010,1,17679,0,feed,28260,0,60,28260
1791635236,7,0,1359569,20261010,1,51779,3,feed,27180,0,64,27180
1791635236,7,1,1360685,20261010,53,15422,644,feed,26160,52,60,23100
1791635236,7,0,1370557,20261010,1,51779,0,feed,,,,
1791635236,7,1,1370715,20261010,5,17692,175,feed,,,,
1791635236,71,1,1266361,20261010,26,11904,-57,feed,26820,25,60,25860
1791635236,71,0,1267561,20261010,14,9729,156,feed,26640,13,58,26220
1791635236,71,0,1267604,20261010,1,9715,0,feed,29820,0,58,29820
1791635236,71,1,1275684,20261010,1,51291,0,feed,29400,0,60,29400
1791635236,71,0,1286572,20261010,1,9715,0,feed,28020,0,58,28020
1791635236,71,1,1363660,20261010,1,51291,0,feed,27660,0,60,27660
1791635236,716,0,1136877,20261010,1,50154,0,feed,29400,0,51,29400
1791635236,716,0,1137213,20261010,20,8527,334,feed,26460,19,51,25800
1791635236,716,1,1137784,20261010,1,8728,0,feed,27720,0,50,27720
1791635236,72,1,1369752,20261010,1,13667,0,feed,,,,
1791635236,72,0,1370012,20261010,1,57615,0,feed,,,,
1791635236,72,0,1370280,20261010,2,57616,83,feed,,,,
1791635236,72,0,1370464,20261010,1,57615,0,feed,,,,
1791635236,721,1,1180924,20261010,1,9522,0,feed,28800,0,41,28800
1791635236,721,0,1183526,20261010,1,51845,0,feed,29160,0,43,29160
1791635236,721,0,1183639,20261010,1,51845,0,feed,27300,0,43,27300
1791635236,721,1,1289226,20261010,1,9522,0,feed,27000,0,41,27000
1791635236,722,1,1177444,20261010,1,57636,0,feed,30000,0,53,30000
1791635236,722,1,1181165,20261010,1,11486,0,feed,29520,0,14,29520
1791635236,722,0,1184725,20261010,1,56827,0,feed,27300,0,51,27300
1791635236,722,1,1185035,20261010,3,56412,49,feed,26760,2,53,26520
1791635236,722,0,1187439,20261010,1,56827,0,feed,28800,0,11,28800
1791635236,723,1,1183220,20261010,1,53224,0,feed,28740,0,41,28740
1791635236,724,1,1130986,20261010,1,53222,0,feed,27120,0,35,27120
1791635236,724,1,1131506,20261010,1,53222,0,feed,28920,0,35,28920
1791635236,724,0,1131523,20261010,1,51846,0,feed,28800,0,33,28800
1791635236,724,1,1132983,20261010,1,53222,0,feed,29820,0,35,29820
1791635236,724,0,1134855,20261010,1,51846,0,feed,29700,0,33,29700
1791635236,724,0,1135938,20261010,1,51846,0,feed,27000,0,33,27000
1791635236,725,1,1312574,20261010,1,56775,0,feed,29700,0,49,29700
1791635236,725,0,1312779,20261010,1,57580,0,feed,26940,0,50,26940
1791635236,725,1,1316658,20261010,11,57598,56,feed,26760,10,49,26100
1791635236,74,0,1355795,20261010,1,51546,0,feed,29280,0,59,29280
1791635236,74,1,1356106,20261010,1,13667,0,feed,29880,0,61,29880
1791635236,74,0,1358069,20261010,17,11721,-61,feed,26820,16,59,25740
1791635236,74,1,1358995,20261010,40,11704,46,feed,26700,39,61,24540
1791635236,74,0,1359251,20261010,1,51546,0,feed,27540,0,59,27540
1791635236,74,1,1359469,20261010,7,56052,118,feed,26700,6,61,26340
1791635236,74,0,1359674,20261010,49,10397,55,feed,26760,48,59,23940
1791635236,74,1,1359864,20261010,61,51546,971,feed,26100,60,61,22740
1791635236,74,1,1360346,20261010,1,13667,0,feed,28140,0,61,28140
1791635236,80,1,1316824,20261010,1,50689,0,feed,29520,0,38,29520
1791635236,802,0,1195013,20261010,1,57169,0,feed,29040,0,46,29040
1791635236,802,1,1195528,20261010,2,57305,303,feed,26520,1,45,26520
1791635236,802,1,1206022,20261010,1,42622,0,feed,30120,0,45,30120
1791635236,804,0,1261569,20261010,1,14153,0,feed,28800,0,32,28800
1791635236,805,0,1212210,20261010,1,56775,0,feed,29040,0,72,29040
1791635236,805,1,1215683,20261010,1,50716,0,feed,29460,0,72,29460
1791635236,827,1,1313446,20261010,1,57167,0,feed,29760,0,51,29760
1791635236,83,0,1265376,20261010,1,53725,0,feed,29340,0,44,29340
1791635236,83,1,1351655,20261010,1,52532,0,feed,28500,0,41,28500
1791635236,87,1,1303724,20261010,1,57690,0,feed,,,,
1791635236,87,1,1305398,20261010,23,15799,0,feed,26820,22,70,25800
1791635236,87,1,1305499,20261010,1,57690,0,feed,27780,0,70,27780
1791635236,87,0,1349518,20261010,1,51892,0,feed,28920,0,71,28920
1791635236,87,0,1350383,20261010,1,51892,0,feed,27120,0,71,27120
1791635236,87,0,1351529,20261010,43,43574,110,feed,26700,42,71,25320
1791635236,9,0,1356090,20261010,1,40247,0,feed,29520,0,112,29520
1791635236,9,0,1358009,20261010,1,52552,0,feed,27960,0,100,27960
1791635236,9,1,1365790,20261010,56,2884,416,feed,26400,55,111,23940
1791635236,9,1,1366959,20261010,1,51551,0,feed,27480,0,111,27480
1791635236,9,1,1367498,20261010,26,17593,63,feed,26760,25,96,25740
1791635236,9,1,1367916,20261010,1,51551,0,feed,29220,0,96,29220
1791635236,9,0,1368117,20261010,23,3007,293,feed,26520,22,112,25920
1791635236,9,0,1368559,20261010,64,51532,96,feed,26700,63,100,24420
1791635236,901,0,876908,20261010,1,51405,0,feed,26880,0,20,26880
1791635236,901,0,882747,20261010,11,51429,60,feed,26760,10,20,25440
1791635236,901,0,883688,20261010,16,51424,60,feed,26760,15,20,24720
1791635236,901,1,883894,20261010,4,51408,0,feed,26820,3,20,26520
1791635236,901,1,890381,20261010,3,56336,0,feed,27420,2,20,27240
1791635236,901,1,894362,20261010,15,51419,180,feed,26700,14,20,25080
1791635236,901,1,901577,20261010,10,51414,60,feed,26760,9,20,25800
1791635236,901,0,903982,20261010,5,51435,180,feed,26640,4,20,26160
1791635236,902,1,880385,20261010,3,56028,120,feed,26820,2,24,26580
1791635236,902,1,883692,20261010,1,56026,0,feed,27300,0,24,27300
1791635236,902,0,885867,20261010,23,56017,0,feed,26820,22,24,24060
1791635236,902,0,889403,20261010,17,56011,60,feed,26760,16,24,24780
1791635236,902,0,890837,20261010,12,56006,120,feed,26820,11,24,25500
1791635236,902,0,891927,20261010,3,56336,0,feed,27120,2,24,26940
1791635236,902,1,892152,20261010,14,56039,180,feed,26760,13,24,25140
1791635236,902,1,903655,20261010,19,56330,60,feed,26820,18,24,24420
1791635236,902,0,905061,20261010,7,56001,180,feed,26880,6,24,26220
1791635236,902,1,977985,20261010,9,56034,60,feed,26820,8,24,25860
1791635236,903,1,1262783,20261010,1,56874,0,feed,29520,0,6,29520
1791635236,903,0,1267569,20261010,1,57285,0,feed,27960,0,6,27960
1791635236,903,0,1271793,20261010,1,57285,0,feed,29760,0,6,29760
1791635236,903,1,1273379,20261010,1,56874,0,feed,27720,0,6,27720
1791635236,903,0,1275557,20261010,5,56511,28,feed,26880,4,6,26160
1791635236,903,1,1276084,20261010,5,56980,71,feed,26820,4,6,25920
1791635236,904,1,1266741,20261010,1,56800,0,feed,27060,0,12,27060
1791635236,904,1,1271789,20261010,6,17781,89,feed,26820,5,12,26160
1791635236,904,1,1274056,20261010,1,56800,0,feed,29760,0,12,29760
1791635236,904,0,1365530,20261010,3,56831,430,feed,26880,2,13,26460
1791635236,904,0,1366151,20261010,1,56830,0,feed,29160,0,13,29160
1791635236,904,1,1367422,20261010,1,56800,0,feed,27960,0,12,27960
1791635236,904,0,1367723,20261010,1,56830,0,feed,30060,0,13,30060
1791635236,904,1,1368435,20261010,1,56800,0,feed,28860,0,12,28860
1791635236,904,0,1368817,20261010,7,53542,171,feed,26820,6,13,25560
1791635236,904,0,1368821,20261010,1,56830,0,feed,28260,0,13,28260
1791635236,904,0,1368948,20261010,1,56830,0,feed,27360,0,13,27360
1791635236,904,1,1368992,20261010,11,56833,-80,feed,27060,10,12,25260
1791635236,904,0,1369203,20261010,11,53314,360,feed,26460,10,13,24720
1791635236,905,0,1343957,20261010,1,52761,0,feed,30300,0,16,30300
1791635236,905,0,1344329,20261010,15,57440,-103,feed,26940,14,16,24900
1791635236,905,0,1344494,20261010,9,57428,-188,feed,26940,8,16,25800
1791635236,905,1,1344690,20261010,9,57425,-43,feed,26820,8,16,25740
1791635236,905,1,1344728,20261010,15,52759,-119,feed,26940,14,16,24840
1791635236,905,1,1344816,20261010,1,57441,0,feed,30240,0,16,30240
1791635236,905,0,1344976,20261010,1,52761,98,feed,26700,0,16,26700
1791635236,905,1,1345360,20261010,1,57441,178,feed,26640,0,16,26640
1791635236,905,1,1345395,20261010,1,57441,0,feed,27540,0,16,27540
1791635236,905,0,1345575,20261010,1,52761,0,feed,27600,0,16,27600
1791635236,905,0,1345720,20261010,1,52761,0,feed,28500,0,16,28500
1791635236,905,1,1345824,20261010,1,57441,0,feed,28440,0,16,28440
1791635236,905,0,1345882,20261010,1,52761,0,feed,29400,0,16,29400
1791635236,905,1,1345894,20261010,1,57441,0,feed,29340,0,16,29340
1791635236,921,1,1364641,20261010,1,52531,0,feed,28500,0,20,28500
1791635236,921,0,1364777,20261010,12,17371,-80,feed,26820,11,20,25680
1791635236,921,1,1366169,20261010,1,52531,0,feed,29400,0,20,29400
1791635236,921,0,1366182,20261010,2,53362,-1,feed,26940,1,20,26580
1791635236,921,0,1366875,20261010,1,51544,0,feed,29280,0,20,29280
1791635236,921,0,1367258,20261010,1,51544,0,feed,28380,0,20,28380
1791635236,921,1,1368062,20261010,1,52531,92,feed,26700,0,20,26700
1791635236,921,1,1368115,20261010,1,52531,0,feed,27600,0,20,27600
1791635236,921,1,1368238,20261010,12,56123,124,feed,26700,11,20,25800
1791635236,921,0,1369262,20261010,1,51544,0,feed,30180,0,20,30180
1791635236,922,0,1311219,20261010,8,57359,-51,feed,26820,7,35,26160
1791635236,922,0,1311468,20261010,1,57314,0,feed,27600,0,35,27600
1791635236,922,0,1313079,20261010,1,57314,0,feed,26880,0,35,26880
1791635236,922,1,1313080,20261010,1,56100,0,feed,28560,0,34,28560
1791635236,922,0,1313260,20261010,29,11885,-101,feed,26820,28,35,24060
1791635236,922,1,1313532,20261010,19,57337,139,feed,26700,18,34,24840
1791635236,922,1,1313808,20261010,28,57358,188,feed,26640,27,34,23940
1791635236,922,1,1313979,20261010,1,56100,0,feed,27900,0,34,27900
1791635236,922,0,1314786,20261010,1,57314,0,feed,29760,0,35,29760
1791635236,922,1,1314831,20261010,1,56100,0,feed,29220,0,34,29220
1791635236,922,0,1314847,20261010,1,57314,0,feed,29040,0,35,29040
1791635236,922,1,1314879,20261010,11,17005,166,feed,26700,10,34,25620
1791635236,922,0,1315911,20261010,1,57314,0,feed,28320,0,35,28320
1791635236,922,0,1315961,20261010,13,51579,232,feed,26640,12,35,25500
1791635236,922,1,1316438,20261010,1,56100,0,feed,29880,0,34,29880
1791635236,922,1,1316443,20261010,1,56100,0,feed,27180,0,34,27180
1791635236,922,1,1316963,20261010,4,57417,185,feed,26700,3,34,26400
1791635236,922,0,1317039,20261010,22,16971,170,feed,26700,21,35,24780
1791635236,923,1,1262753,20261010,1,57278,0,feed,28320,0,23,28320
1791635236,923,1,1262965,20261010,1,57278,0,feed,,,,
1791635236,923,1,1266175,20261010,7,9674,104,feed,26760,6,23,26220
1791635236,923,1,1267369,20261010,1,57278,0,feed,30060,0,23,30060
1791635236,923,1,1267901,20261010,20,17907,146,feed,26700,19,23,24960
1791635236,923,0,1268664,20261010,1,56897,0,feed,26880,0,22,26880
1791635236,923,1,1268740,20261010,1,57278,0,feed,29220,0,23,29220
1791635236,923,0,1270936,20261010,9,17840,-7,feed,26820,8,22,26040
1791635236,923,0,1271777,20261010,1,56897,0,feed,,,,
1791635236,923,0,1274274,20261010,1,56897,0,feed,29580,0,22,29580
1791635236,923,0,1275401,20261010,1,56897,0,feed,28680,0,22,28680
1791635236,923,0,1276181,20261010,20,9089,-31,feed,26820,19,22,25140
1791635236,924,1,1262676,20261010,34,436,88,feed,,,,
1791635236,924,1,1265262,20261010,10,11146,170,feed,,,,
1791635236,924,0,1265875,20261010,2,4513,320,feed,,,,
1791635236,924,1,1267579,20261010,1,56823,0,feed,,,,
1791635236,924,1,1269774,20261010,1,56823,0,feed,,,,
1791635236,924,0,1270023,20261010,26,56930,61,feed,,,,
1791635236,924,0,1270185,20261010,1,56873,0,feed,,,,
1791635236,924,0,1270550,20261010,20,56928,-130,feed,,,,
1791635236,924,0,1271275,20261010,1,56873,0,feed,,,,
1791635236,924,1,1271559,20261010,16,17905,158,feed,,,,
1791635236,924,0,1271601,20261010,1,56873,0,feed,,,,
1791635236,924,1,1271660,20261010,2,9087,114,feed,,,,
1791635236,924,1,1271853,20261010,1,56823,0,feed,,,,
1791635236,924,0,1272338,20261010,1,56873,0,feed,,,,
1791635236,924,0,1272470,20261010,14,56924,-87,feed,,,,
1791635236,924,1,1273476,20261010,19,17910,711,feed,,,,
1791635236,924,1,1273796,20261010,1,56823,0,feed,,,,
1791635236,924,0,1273947,20261010,1,56873,0,feed,,,,
1791635236,924,1,1274359,20261010,1,56823,0,feed,,,,
1791635236,924,1,1275279,20261010,41,56873,243,feed,,,,
1791635236,924,0,1275874,20261010,33,56951,87,feed,,,,
1791635236,925,0,1271836,20261010,16,1327,124,feed,26820,15,35,25560
1791635236,925,0,1273285,20261010,1,53703,0,feed,27660,0,35,27660
1791635236,925,0,1275013,20261010,9,6195,59,feed,26760,8,35,26220
1791635236,925,1,1332423,20261010,1,57541,0,feed,30120,0,35,30120
1791635236,925,1,1333394,20261010,12,17919,-144,feed,26940,11,35,25860
1791635236,925,0,1333856,20261010,1,53703,0,feed,29760,0,35,29760
1791635236,925,1,1333922,20261010,1,57541,0,feed,27300,0,35,27300
1791635236,925,0,1334038,20261010,22,17947,154,feed,26640,21,35,24840
1791635236,925,1,1334209,20261010,21,50196,-90,feed,26880,20,35,24960
1791635236,925,1,1334472,20261010,32,1149,-140,feed,26880,31,35,24060
1791635236,925,0,1334536,20261010,1,53703,0,feed,26940,0,35,26940
1791635236,925,0,1334722,20261010,35,57541,461,feed,26340,34,35,23400
1791635236,925,1,1334788,20261010,4,56521,-106,feed,26880,3,35,26580
1791635236,925,0,1335043,20261010,31,16143,130,feed,26700,30,35,24120
1791635236,925,0,1335271,20261010,1,53703,0,feed,29040,0,35,29040
1791635236,925,1,1335505,20261010,1,57541,0,feed,28740,0,35,28740
1791635236,925,1,1335575,20261010,1,57541,0,feed,28020,0,35,28020
1791635236,925,0,1335632,20261010,1,53703,0,feed,28320,0,35,28320
1791635236,925,1,1335851,20261010,1,57541,0,feed,29400,0,35,29400
1791635236,94,1,1185711,20261010,1,56100,0,feed,28440,0,16,28440
1791635236,94,0,1186967,20261010,9,18665,66,feed,26880,8,15,25980
1791635236,94,1,1347126,20261010,1,56100,0,feed,30240,0,16,30240
1791635236,94,0,1347990,20261010,1,51200,0,feed,27780,0,15,27780
1791636138,10,0,1369716,20261010,1,19337,0,feed,,,,
1791636138,10,0,1369750,20261010,1,19337,0,feed,,,,
1791636138,10,1,1369896,20261010,1,57165,0,feed,,,,
1791636138,10,0,1370031,20261010,16,17215,135,feed,,,,
1791636138,10,1,1370219,20261010,32,17162,421,feed,,,,
1791636138,10,1,1370268,20261010,46,17978,-62,feed,,,,
1791636138,10,1,1370307,20261010,9,14182,29,feed,,,,
1791636138,10,0,1370631,20261010,1,19337,0,feed,,,,
1791636138,10,0,1370704,20261010,55,40706,418,feed,,,,
1791636138,10,1,1370706,20261010,1,57165,0,feed,,,,
1791636138,10,1,1370847,20261010,1,57165,0,feed,,,,
1791636138,10,1,1370921,20261010,1,57165,0,feed,,,,
1791636138,11,1,1317736,20261010,1,49304,0,feed,30600,0,79,30600
1791636138,11,1,1319832,20261010,53,17708,173,feed,27540,52,79,25380
1791636138,11,1,1333584,20261010,1,49304,0,feed,28800,0,79,28800
1791636138,11,0,1364493,20261010,1,51828,0,feed,31080,0,80,31080
1791636138,11,0,1365010,20261010,1,51828,0,feed,29340,0,80,29340
1791636138,11,0,1366133,20261010,40,17996,445,feed,27360,39,80,25860
1791636138,11,1,1368811,20261010,22,14637,-23,feed,27720,21,79,27060
1791636138,11,0,1371026,20261010,3,53545,96,feed,,,,
1791636138,14,0,1332502,20261010,23,15594,117,feed,27660,22,80,26820
1791636138,14,1,1369968,20261010,1,50153,0,feed,,,,
1791636138,14,0,1370837,20261010,1,4345,0,feed,,,,
1791636138,14,1,1370854,20261010,17,8332,-47,feed,,,,
1791636138,14,0,1370944,20261010,1,4345,0,feed,,,,
1791636138,14,1,1370949,20261010,1,50153,0,feed,,,,
1791636138,14,1,1371285,20261010,49,15668,296,feed,,,,
1791636138,14,0,1371341,20261010,51,16330,342,feed,,,,
1791636138,17,1,1317951,20261010,9,15522,75,feed,27660,8,65,27240
1791636138,17,1,1318246,20261010,29,1204,548,feed,27240,28,65,25620
1791636138,17,1,1318412,20261010,1,17192,0,feed,29040,0,65,29040
1791636138,17,0,1324422,20261010,1,57458,0,feed,29820,0,63,29820
1791636138,17,0,1324662,20261010,53,51077,126,feed,27600,52,63,24600
1791636138,17,0,1333883,20261010,27,4862,208,feed,27540,26,63,26340
1791636138,17,1,1335969,20261010,1,17192,0,feed,30840,0,65,30840
1791636138,17,0,1367673,20261010,1,57458,0,feed,28080,0,63,28080
1791636138,18,0,1361017,20261010,9,1446,2,feed,27720,8,51,27240
1791636138,18,0,1361139,20261010,1,57131,0,feed,30840,0,84,30840
1791636138,18,0,1361345,20261010,57,1872,208,feed,27600,56,84,25620
1791636138,18,1,1365183,20261010,49,449,784,feed,26940,48,83,24600
1791636138,18,1,1365623,20261010,1,56800,0,feed,30780,0,52,30780
1791636138,18,1,1366496,20261010,1,56800,0,feed,28080,0,83,28080
1791636138,18,0,1366999,20261010,1,57131,0,feed,29040,0,84,29040
1791636138,18,1,1367384,20261010,8,17986,-138,feed,27840,7,52,27180
1791636138,18,0,1367743,20261010,1,51852,0,feed,30780,0,51,30780
1791636138,18,1,1367855,20261010,1,56800,0,feed,28980,0,52,28980
1791636138,18,0,1368311,20261010,,,,canceled,,,,
1791636138,18,1,1368678,20261010,36,1341,258,feed,27480,35,52,25500
1791636138,18,0,1368895,20261010,14,51631,137,feed,27600,13,84,27300
1791636138,18,0,1368999,20261010,83,19317,77,feed,27660,82,84,23820
1791636138,18,0,1369255,20261010,1,51852,0,feed,28980,0,51,28980
1791636138,18,1,1369355,20261010,23,1219,60,feed,27720,22,83,26400
1791636138,2,0,1319576,20261010,1,57469,0,feed,30420,0,34,30420
1791636138,2,0,1331067,20261010,1,57469,0,feed,31320,0,41,31320
1791636138,2,0,1333277,20261010,1,57469,0,feed,29580,0,41,29580
1791636138,2,1,1361535,20261010,1,57618,0,feed,27960,0,42,27960
1791636138,2,1,1361732,20261010,26,56137,0,feed,27780,25,42,26160
1791636138,2,0,1362530,20261010,15,56926,69,feed,27660,14,41,26880
1791636138,2,1,1363769,20261010,1,57618,0,feed,29760,0,42,29760
1791636138,2,0,1371046,20261010,1,57469,0,feed,,,,
1791636138,215,0,1265096,20261010,1,49979,0,feed,27840,0,30,27840
1791636138,215,1,1269764,20261010,1,5020,0,feed,29760,0,27,29760
1791636138,219,0,1303185,20261010,1,57340,0,feed,29760,0,74,29760
1791636138,219,0,1303536,20261010,35,7513,86,feed,27660,34,74,26160
1791636138,219,1,1311113,20261010,42,49851,28,feed,27780,41,71,26100
1791636138,219,1,1311569,20261010,1,5020,0,feed,29700,0,71,29700
1791636138,22,1,1357692,20261010,8,11616,53,feed,27600,7,84,27180
1791636138,22,1,1357780,20261010,1,56825,0,feed,29400,0,87,29400
1791636138,22,1,1357959,20261010,64,19488,618,feed,27120,63,84,23580
1791636138,22,0,1364296,20261010,73,50609,-127,feed,27780,72,86,24060
1791636138,22,0,1365245,20261010,1,4558,0,feed,31200,0,86,31200
1791636138,22,0,1366038,20261010,31,19511,76,feed,27660,30,82,26460
1791636138,22,0,1366517,20261010,1,4558,0,feed,28800,0,82,28800
1791636138,22,1,1368123,20261010,1,56825,0,feed,28320,0,84,28320
1791636138,22,1,1368394,20261010,34,17906,38,feed,27720,33,87,25860
1791636138,22,1,1368894,20261010,53,15382,-57,feed,27780,52,84,24780
1791636138,22,0,1368944,20261010,51,53941,28,feed,27780,50,82,25260
1791636138,22,1,1369027,20261010,1,56825,0,feed,30600,0,84,30600
1791636138,22,0,1369165,20261010,1,4558,0,feed,30000,0,82,30000
1791636138,22,0,1369270,20261010,2,4559,64,feed,27660,1,86,27660
1791636138,223,1,1360923,20261010,1,5020,0,feed,31260,0,34,31260
1791636138,223,0,1361983,20261010,1,57691,27,feed,27960,0,33,27960
1791636138,223,1,1362113,20261010,29,57452,183,feed,27540,28,34,25860
1791636138,223,0,1362666,20261010,1,57691,0,feed,29760,0,33,29760
1791636138,223,1,1362920,20261010,1,5020,60,feed,27660,0,34,27660
1791636138,25,1,1369797,20261010,1,57166,0,feed,,,,
1791636138,25,0,1369822,20261010,18,15750,139,feed,,,,
1791636138,27,1,1349382,20261010,1,51367,0,feed,28080,0,21,28080
1791636138,27,0,1369466,20261010,1,52857,0,feed,28800,0,23,28800
1791636138,3,0,1321117,20261010,1,54097,0,feed,28860,0,64,28860
1791636138,3,0,1321470,20261010,42,18618,120,feed,27600,41,64,25260
1791636138,3,1,1321969,20261010,1,56100,0,feed,30120,0,64,30120
1791636138,3,0,1323136,20261010,7,19315,-3,feed,27720,6,65,27060
1791636138,3,1,1323352,20261010,1,56100,0,feed,28140,0,65,28140
1791636138,3,1,1324397,20261010,13,826,235,feed,27480,12,64,26820
1791636138,3,1,1369528,20261010,1,56100,0,feed,30840,0,65,30840
1791636138,3,1,1370663,20261010,49,49242,242,feed,,,,
1791636138,3,0,1371162,20261010,1,54097,0,feed,,,,
1791636138,30,1,1212213,20261010,1,15882,0,feed,30960,0,44,30960
1791636138,30,1,1213071,20261010,2,50665,-302,feed,28020,1,44,27420
1791636138,30,1,1214617,20261010,1,15882,0,feed,29220,0,44,29220
1791636138,30,0,1215064,20261010,1,40238,0,feed,30240,0,48,30240
1791636138,32,0,1331601,20261010,1,50155,0,feed,27900,0,59,27900
1791636138,32,0,1332088,20261010,37,12850,238,feed,27480,36,59,26100
1791636138,32,0,1332305,20261010,1,50155,0,feed,29700,0,59,29700
1791636138,32,1,1364965,20261010,1,57685,0,feed,30780,0,61,30780
1791636138,32,1,1365346,20261010,1,57685,0,feed,29040,0,61,29040
1791636138,32,1,1368017,20261010,8,4118,189,feed,27540,7,61,27240
1791636138,323,0,1132200,20261010,1,51116,0,feed,29640,0,23,29640
1791636138,323,1,1132330,20261010,1,57508,0,feed,29220,0,25,29220
1791636138,323,1,1133674,20261010,1,57508,0,feed,31020,0,25,31020
1791636138,323,0,1134004,20261010,1,51116,15,feed,27840,0,23,27840
1791636138,323,1,1134558,20261010,1,57508,0,feed,28320,0,25,28320
1791636138,345,1,1134141,20261010,1,57508,0,feed,28920,0,15,28920
1791636138,345,1,1135441,20261010,13,41253,-91,feed,27780,12,15,25440
1791636138,345,0,1137191,20261010,1,56879,0,feed,28800,0,15,28800
1791636138,36,1,1220779,20261010,1,50160,0,feed,28020,0,50,28020
1791636138,36,1,1221282,20261010,1,50160,0,feed,29820,0,50,29820
1791636138,36,0,1362765,20261010,1,57537,0,feed,29580,0,53,29580
1791636138,36,0,1363268,20261010,1,57537,0,feed,27780,0,53,27780
1791636138,36,1,1363924,20261010,44,53970,-115,feed,27780,43,50,26220
1791636138,36,0,1367240,20261010,46,1313,16,feed,27720,45,53,25980
1791636138,38,1,1349414,20261010,23,12593,236,feed,27480,22,104,26640
1791636138,38,0,1349639,20261010,1,48213,0,feed,28200,0,108,28200
1791636138,38,0,1351901,20261010,32,43380,64,feed,27660,31,109,26460
1791636138,38,1,1353688,20261010,71,3561,57,feed,27660,70,107,24660
1791636138,38,1,1354748,20261010,1,16494,0,feed,30240,0,104,30240
1791636138,38,0,1354833,20261010,1,48213,0,feed,30000,0,109,30000
1791636138,38,0,1355206,20261010,76,17516,-65,feed,27780,75,108,24720
1791636138,38,1,1368131,20261010,1,42032,0,feed,28260,0,107,28260
1791636138,4,0,1157630,20261010,62,16047,-137,feed,27780,61,87,24780
1791636138,4,0,1159065,20261010,1,50231,0,feed,28140,0,87,28140
1791636138,4,1,1356509,20261010,84,1055,66,feed,27660,83,85,23880
1791636138,4,1,1356771,20261010,1,14153,0,feed,29280,0,90,29280
1791636138,4,0,1358682,20261010,1,50231,0,feed,29400,0,89,29400
1791636138,4,1,1359006,20261010,4,56762,189,feed,27540,3,85,27480
1791636138,4,1,1359383,20261010,44,17931,101,feed,27660,43,90,25680
1791636138,4,0,1360168,20261010,31,40273,90,feed,27660,30,89,26640
1791636138,4,0,1360468,20261010,1,50231,0,feed,30480,0,53,30480
1791636138,4,1,1360574,20261010,1,14153,0,feed,31020,0,85,31020
1791636138,46,0,1270543,20261010,1,220,0,feed,28860,0,62,28860
1791636138,46,1,1277051,20261010,1,51550,19,feed,27900,0,59,27900
1791636138,46,0,1288147,20261010,1,220,0,feed,30660,0,62,30660
1791636138,48,1,1348922,20261010,1,50152,0,feed,29400,0,61,29400
1791636138,48,1,1352114,20261010,54,17906,-64,feed,27780,53,61,25860
1791636138,48,0,1354143,20261010,1,19301,0,feed,29100,0,61,29100
1791636138,5,0,1367363,20261010,30,815,94,feed,27660,29,81,26520
1791636138,5,0,1367768,20261010,1,51212,0,feed,30120,0,81,30120
1791636138,5,1,1367813,20261010,1,51846,0,feed,28560,0,80,28560
1791636138,5,1,1369245,20261010,51,34,580,feed,27180,50,80,25260
1791636138,515,0,1350683,20261010,1,53704,0,feed,29460,0,49,29460
1791636138,515,1,1351098,20261010,10,41271,184,feed,27540,9,49,27180
1791636138,515,0,1352103,20261010,37,663,13,feed,27720,36,49,26760
1791636138,515,0,1352230,20261010,1,53704,0,feed,31260,0,49,31260
1791636138,515,1,1352996,20261010,1,56877,0,feed,28080,0,49,28080
1791636138,515,1,1353223,20261010,1,56877,0,feed,29880,0,49,29880
1791636138,515,1,1353893,20261010,1,56877,0,feed,30780,0,49,30780
1791636138,515,0,1353967,20261010,1,53704,0,feed,28560,0,49,28560
1791636138,515,1,1354295,20261010,1,56877,0,feed,28980,0,49,28980
1791636138,515,0,1354351,20261010,1,53704,0,feed,30360,0,49,30360
1791636138,515,1,1354754,20261010,49,53704,97,feed,27720,48,49,26280
1791636138,515,0,1355088,20261010,2,44199,72,feed,27720,1,49,27660
1791636138,534,1,1343788,20261010,32,56725,372,feed,27360,31,32,26100
1791636138,534,0,1344117,20261010,1,56725,0,feed,28020,0,35,28020
1791636138,534,1,1344342,20261010,1,51824,0,feed,29700,0,32,29700
1791636138,534,0,1344434,20261010,1,56725,0,feed,29820,0,35,29820
1791636138,534,1,1345857,20261010,1,51824,0,feed,27900,0,32,27900
1791636138,538,0,1132277,20261010,1,53704,0,feed,28800,0,42,28800
1791636138,538,0,1135114,20261010,7,1926,335,feed,27360,6,42,27000
1791636138,538,1,1318336,20261010,1,56880,0,feed,29880,0,40,29880
1791636138,538,1,1319019,20261010,27,3729,113,feed,27600,26,40,26280
1791636138,539,0,879515,20261010,1,56725,30,feed,29460,0,41,29460
1791636138,539,0,884214,20261010,1,56725,0,feed,31260,0,41,31260
1791636138,539,1,892839,20261010,1,56880,0,feed,28380,0,38,28380
1791636138,539,1,896945,20261010,36,2066,-169,feed,27780,35,38,26580
1791636138,54,1,1132240,20261010,1,56100,0,feed,30000,0,27,30000
1791636138,54,0,1132872,20261010,21,3142,7,feed,27720,20,25,25920
1791636138,54,0,1133608,20261010,1,56875,0,feed,29520,0,25,29520
1791636138,54,0,1346282,20261010,43,5276,107,feed,27660,42,46,24120
1791636138,54,0,1346471,20261010,1,56875,0,feed,27720,0,46,27720
1791636138,54,1,1346892,20261010,41,48548,-57,feed,27780,40,47,24000
1791636138,54,1,1347987,20261010,1,42319,0,feed,29160,0,47,29160
1791636138,54,1,1348005,20261010,5,5293,-55,feed,27780,4,47,27360
1791636138,54,1,1353102,20261010,4,57417,68,feed,27660,3,27,27300
1791636138,54,0,1354169,20261010,1,56875,0,feed,31320,0,46,31320
1791636138,54,1,1360814,20261010,1,42319,0,feed,30960,0,47,30960
1791636138,540,0,1135740,20261010,1,53052,0,feed,30840,0,51,30840
1791636138,540,0,1138304,20261010,1,53052,0,feed,29040,0,51,29040
1791636138,540,1,883185,20261010,1,56879,0,feed,28620,0,48,28620
1791636138,540,1,893327,20261010,17,2038,113,feed,27600,16,48,26820
1791636138,546,1,1132468,20261010,1,51824,0,feed,30060,0,31,30060
1791636138,546,1,1133968,20261010,1,51824,0,feed,28260,0,31,28260
1791636138,546,0,885448,20261010,1,56725,0,feed,29760,0,33,29760
1791636138,546,0,896252,20261010,1,56725,0,feed,27960,0,33,27960
1791636138,61,1,1364571,20261010,26,81115,258,feed,27480,25,73,25740
1791636138,61,1,1364671,20261010,1,52761,0,feed,29280,0,73,29280
1791636138,61,0,1365086,20261010,1,17905,0,feed,28860,0,76,28860
1791636138,61,0,1365960,20261010,1,17905,0,feed,,,,
1791636138,61,1,1366242,20261010,72,40168,-33,feed,,,,
1791636138,61,0,1366634,20261010,10,14955,98,feed,27660,9,76,27120
1791636138,61,1,1367080,20261010,1,52761,0,feed,31080,0,73,31080
1791636138,61,0,1367765,20261010,56,40124,-29,feed,27780,55,76,25320
1791636138,61,1,1368603,20261010,3,11834,80,feed,27660,2,73,27540
1791636138,615,0,1166764,20261010,33,49329,278,feed,27480,32,42,26220
1791636138,615,1,1347073,20261010,1,3540,433,feed,28320,0,76,28320
1791636138,62,0,1349165,20261010,1,328,0,feed,29100,0,86,29100
1791636138,62,0,1349320,20261010,1,328,0,feed,30900,0,86,30900
1791636138,62,1,1349394,20261010,69,6346,-180,feed,27780,68,83,24900
1791636138,62,1,1352537,20261010,1,49141,0,feed,30240,0,83,30240
1791636138,62,0,1354903,20261010,14,6291,83,feed,27660,13,86,27300
1791636138,62,1,1360619,20261010,1,49141,0,feed,28200,0,91,28200
1791636138,62,1,1362435,20261010,28,80930,54,feed,27720,27,83,26700
1791636138,62,0,1368581,20261010,58,10488,303,feed,27420,57,86,25500
1791636138,63,1,1269139,20261010,1,51114,0,feed,30720,0,59,30720
1791636138,63,1,1274289,20261010,1,51114,0,feed,29820,0,59,29820
1791636138,63,0,1346389,20261010,1,15795,0,feed,29160,0,60,29160
1791636138,63,0,1346885,20261010,30,3134,269,feed,27480,29,60,26160
1791636138,63,0,1347332,20261010,1,15795,0,feed,27960,0,60,27960
1791636138,63,1,1348190,20261010,1,51114,0,feed,28020,0,59,28020
1791636138,63,1,1370574,20261010,20,43282,384,feed,,,,
1791636138,63,0,1371063,20261010,1,15795,0,feed,,,,
1791636138,64,1,1342583,20261010,1,52015,0,feed,29460,0,76,29460
1791636138,64,1,1343234,20261010,1,52015,0,feed,28140,0,76,28140
1791636138,64,0,1357549,20261010,35,42427,-41,feed,27780,34,78,26100
1791636138,64,0,1358435,20261010,1,52761,149,feed,27660,0,78,27660
1791636138,64,0,1358440,20261010,1,52761,0,feed,29460,0,78,29460
1791636138,64,1,1359178,20261010,26,81100,-60,feed,27780,25,43,27060
1791636138,64,0,1359236,20261010,1,52761,0,feed,31260,0,78,31260
1791636138,64,1,1359588,20261010,10,5294,77,feed,27660,9,65,27360
1791636138,64,0,1359712,20261010,1,52761,0,feed,30360,0,43,30360
1791636138,64,0,1360098,20261010,1,52761,0,feed,28560,0,43,28560
1791636138,64,1,1360799,20261010,1,52015,0,feed,31140,0,76,31140
1791636138,645,1,1208148,20261010,1,53293,0,feed,29820,0,55,29820
1791636138,645,0,1337929,20261010,25,6069,220,feed,27540,24,52,26520
1791636138,645,1,1340341,20261010,17,40577,319,feed,27420,16,55,26220
1791636138,645,0,1342044,20261010,1,6990,0,feed,30000,0,52,30000
1791636138,65,1,1349743,20261010,1,57690,0,feed,30480,0,38,30480
1791636138,65,1,1350622,20261010,16,4046,59,feed,27660,15,38,27000
1791636138,65,1,1351571,20261010,1,57690,0,feed,28800,0,38,28800
1791636138,65,0,1370096,20261010,8,10700,131,feed,,,,
1791636138,65,0,1370272,20261010,1,10761,91,feed,,,,
1791636138,65,0,1370435,20261010,1,10761,0,feed,,,,
1791636138,67,0,1270586,20261010,1,53723,0,feed,27900,0,65,27900
1791636138,67,1,1351909,20261010,1,56100,0,feed,29880,0,65,29880
1791636138,67,1,1358213,20261010,37,18875,202,feed,27540,36,65,26280
1791636138,67,0,1359981,20261010,1,53723,0,feed,29700,0,65,29700
1791636138,67,1,1368614,20261010,1,56100,0,feed,28080,0,65,28080
1791636138,68,0,1276150,20261010,2,9806,86,feed,28620,1,59,28620
1791636138,68,0,1356050,20261010,89,56425,2,feed,27720,88,118,25200
1791636138,68,0,1361913,20261010,69,49940,-81,feed,27780,68,87,25080
1791636138,68,1,1363087,20261010,27,332,17,feed,27720,26,61,26700
1791636138,68,0,1363191,20261010,2,9806,38,feed,29520,1,87,29520
1791636138,68,1,1364071,20261010,1,11904,0,feed,30300,0,117,30300
1791636138,68,1,1366366,20261010,1,57511,0,feed,30180,0,83,30180
1791636138,68,1,1367360,20261010,1,57511,0,feed,28380,0,83,28380
1791636138,68,0,1367376,20261010,2,9806,50,feed,31320,1,87,31320
1791636138,68,0,1367488,20261010,2,9806,132,feed,27720,1,87,27720
1791636138,68,1,1367646,20261010,6,46695,111,feed,27600,5,125,27480
1791636138,68,0,1368075,20261010,1,53340,0,feed,28800,0,118,28800
1791636138,68,1,1369082,20261010,119,47049,-145,feed,27780,118,125,23880
1791636138,686,1,1171517,20261010,1,56939,0,feed,27660,0,4,27660
1791636138,686,0,1331453,20261010,1,47705,0,feed,31320,0,3,31320
1791636138,686,1,1335159,20261010,1,56939,0,feed,30540,0,4,30540
1791636138,686,0,1335558,20261010,1,47705,0,feed,28500,0,3,28500
1791636138,7,0,1357335,20261010,42,19302,108,feed,27660,41,64,25380
1791636138,7,1,1357950,20261010,1,17679,0,feed,30060,0,60,30060
1791636138,7,1,1358852,20261010,52,15420,70,feed,27660,51,60,24660
1791636138,7,1,1359429,20261010,1,17679,0,feed,28260,0,60,28260
1791636138,7,0,1359569,20261010,3,19437,441,feed,27360,2,64,27180
1791636138,7,1,1370715,20261010,24,56706,51,feed,,,,
1791636138,7,0,1370805,20261010,1,51779,0,feed,,,,
1791636138,71,1,1266361,20261010,49,10061,-65,feed,27780,48,60,25860
1791636138,71,1,1266754,20261010,1,51291,0,feed,31200,0,60,31200
1791636138,71,0,1267561,20261010,36,18106,117,feed,27600,35,58,26220
1791636138,71,0,1267604,20261010,1,9715,0,feed,29820,0,58,29820
1791636138,71,1,1275684,20261010,1,51291,0,feed,29400,0,60,29400
1791636138,71,0,1286572,20261010,1,9715,0,feed,28020,0,58,28020
1791636138,71,0,1361292,20261010,1,9715,0,feed,31320,0,75,31320
1791636138,71,1,1363660,20261010,1,51291,55,feed,27660,0,60,27660
1791636138,716,0,1136877,20261010,1,50154,0,feed,29400,0,51,29400
1791636138,716,1,1137091,20261010,1,8728,0,feed,31320,0,50,31320
1791636138,716,1,1137784,20261010,2,8729,140,feed,27720,1,50,27720
1791636138,72,1,1369752,20261010,1,13667,0,feed,,,,
1791636138,72,0,1370012,20261010,1,57615,0,feed,,,,
1791636138,72,0,1370280,20261010,25,57416,53,feed,,,,
1791636138,72,0,1370464,20261010,1,57615,0,feed,,,,
1791636138,721,1,1180924,20261010,1,9522,0,feed,28800,0,41,28800
1791636138,721,1,1181860,20261010,1,9522,0,feed,30600,0,41,30600
1791636138,721,0,1183526,20261010,1,51845,0,feed,29160,0,43,29160
1791636138,721,0,1183639,20261010,12,40440,77,feed,27660,11,43,27300
1791636138,721,0,1186726,20261010,1,51845,0,feed,30900,0,43,30900
1791636138,721,1,1289226,20261010,20,9549,58,feed,27660,19,41,27000
1791636138,722,1,1177444,20261010,1,57636,0,feed,30000,0,53,30000
1791636138,722,1,1181165,20261010,1,11486,0,feed,29520,0,14,29520
1791636138,722,0,1182378,20261010,1,56827,0,feed,30600,0,51,30600
1791636138,722,0,1184725,20261010,6,17045,98,feed,27660,5,51,27300
1791636138,722,1,1185035,20261010,37,11558,-20,feed,27720,36,53,26520
1791636138,722,0,1187439,20261010,1,56827,0,feed,28800,0,11,28800
1791636138,723,0,1182074,20261010,1,51845,0,feed,30600,0,39,30600
1791636138,723,1,1183220,20261010,1,53224,0,feed,28740,0,41,28740
1791636138,724,1,1130986,20261010,19,8840,-140,feed,27780,18,35,27120
1791636138,724,1,1131506,20261010,1,53222,0,feed,28920,0,35,28920
1791636138,724,0,1131523,20261010,1,51846,0,feed,28800,0,33,28800
1791636138,724,1,1132983,20261010,1,53222,0,feed,29820,0,35,29820
1791636138,724,1,1134316,20261010,1,53222,0,feed,30720,0,35,30720
1791636138,724,0,1134855,20261010,1,51846,0,feed,29700,0,33,29700
1791636138,724,0,1135136,20261010,1,51846,0,feed,30600,0,33,30600
1791636138,724,0,1135938,20261010,17,8743,279,feed,27480,16,33,27000
1791636138,725,1,1312574,20261010,1,56775,0,feed,29700,0,49,29700
1791636138,725,0,1312779,20261010,10,57586,117,feed,27600,9,50,26940
1791636138,725,0,1315971,20261010,1,57580,0,feed,30540,0,50,30540
1791636138,725,1,1316658,20261010,38,41917,98,feed,27660,37,49,26100
1791636138,74,0,1355795,20261010,1,51546,0,feed,29280,0,59,29280
1791636138,74,1,1356106,20261010,1,13667,0,feed,29880,0,61,29880
1791636138,74,0,1358069,20261010,36,11838,39,feed,27720,35,59,25740
1791636138,74,1,1358995,20261010,61,51546,-71,feed,27900,60,61,24540
1791636138,74,0,1359251,20261010,2,48896,-31,feed,27900,1,59,27540
1791636138,74,1,1359469,20261010,23,43282,295,feed,27660,22,61,26340
1791636138,74,1,1360346,20261010,1,13667,0,feed,28140,0,61,28140
1791636138,74,0,1360675,20261010,1,51546,0,feed,31020,0,59,31020
1791636138,80,0,1313995,20261010,1,49979,0,feed,31320,0,42,31320
1791636138,80,1,1316824,20261010,1,50689,0,feed,29520,0,38,29520
1791636138,802,0,1195013,20261010,1,57169,0,feed,29040,0,46,29040
1791636138,802,1,1195528,20261010,23,11044,198,feed,27540,22,45,26520
1791636138,802,1,1206022,20261010,1,42622,0,feed,30120,0,45,30120
1791636138,804,0,1261569,20261010,1,14153,0,feed,28800,0,32,28800
1791636138,805,0,1212210,20261010,1,56775,0,feed,29040,0,72,29040
1791636138,805,1,1215683,20261010,1,50716,0,feed,29460,0,72,29460
1791636138,827,1,1313446,20261010,1,57167,0,feed,29760,0,51,29760
1791636138,83,0,1263947,20261010,1,53725,0,feed,31140,0,44,31140
1791636138,83,0,1265376,20261010,1,53725,0,feed,29340,0,44,29340
1791636138,83,1,1351655,20261010,1,52532,0,feed,28500,0,41,28500
1791636138,83,1,1355055,20261010,1,52532,0,feed,30480,0,41,30480
1791636138,87,1,1303724,20261010,1,57690,0,feed,,,,
1791636138,87,1,1305398,20261010,52,13044,113,feed,27600,51,70,25800
1791636138,87,1,1305499,20261010,1,57690,0,feed,27780,0,70,27780
1791636138,87,0,1349518,20261010,1,51892,0,feed,28920,0,71,28920
1791636138,87,0,1349920,20261010,1,51892,0,feed,30720,0,71,30720
1791636138,87,0,1350383,20261010,15,13081,78,feed,27600,14,71,27120
1791636138,87,0,1351529,20261010,65,51368,212,feed,27540,64,71,25320
1791636138,9,0,1356090,20261010,1,40247,0,feed,29520,0,112,29520
1791636138,9,0,1358009,20261010,1,52552,0,feed,27960,0,100,27960
1791636138,9,1,1365790,20261010,87,2978,504,feed,27240,86,111,23940
1791636138,9,1,1366959,20261010,2,48896,156,feed,27840,1,111,27480
1791636138,9,1,1367498,20261010,42,15344,302,feed,27540,41,96,25740
1791636138,9,1,1367916,20261010,1,51551,0,feed,29220,0,96,29220
1791636138,9,0,1368117,20261010,56,3050,268,feed,27480,55,112,25920
1791636138,9,0,1368559,20261010,91,16480,192,feed,27420,90,100,24420
1791636138,9,1,1368858,20261010,1,51551,0,feed,31020,0,111,31020
1791636138,901,0,876908,20261010,7,51433,120,feed,27720,6,20,26880
1791636138,901,0,882747,20261010,18,56332,0,feed,27720,17,20,25440
1791636138,901,1,883894,20261010,12,51416,60,feed,27720,11,20,26520
1791636138,901,1,886027,20261010,3,56336,0,feed,28140,2,20,27960
1791636138,901,1,890381,20261010,6,56338,0,feed,27720,5,20,27240
1791636138,901,1,894362,20261010,20,51405,420,feed,27480,19,20,25080
1791636138,901,1,901577,20261010,17,53279,120,feed,27720,16,20,25800
1791636138,901,0,903982,20261010,12,51428,180,feed,27600,11,20,26160
1791636138,902,1,878992,20261010,1,56026,0,feed,28020,0,24,28020
1791636138,902,1,880385,20261010,10,56035,180,feed,27660,9,24,26580
1791636138,902,1,883692,20261010,4,56029,120,feed,27660,3,24,27300
1791636138,902,0,889403,20261010,24,56018,60,feed,27720,23,24,24780
1791636138,902,0,890837,20261010,19,56013,0,feed,27720,18,24,25500
1791636138,902,0,891927,20261010,7,56001,180,feed,27600,6,24,26940
1791636138,902,1,892152,20261010,19,56330,240,feed,27540,18,24,25140
1791636138,902,0,899151,20261010,3,56336,0,feed,27840,2,24,27660
1791636138,902,0,902787,20261010,3,56336,0,feed,28560,2,24,28380
1791636138,902,0,905061,20261010,12,56006,180,feed,27540,11,24,26220
1791636138,902,1,977985,20261010,16,56041,60,feed,27780,15,24,25860
1791636138,903,1,1262783,20261010,1,56874,0,feed,29520,0,6,29520
1791636138,903,0,1267569,20261010,1,57285,0,feed,27960,0,6,27960
1791636138,903,0,1271793,20261010,1,57285,0,feed,29760,0,6,29760
1791636138,903,1,1273379,20261010,1,56874,124,feed,27720,0,6,27720
1791636138,903,1,1276237,20261010,1,56874,0,feed,31320,0,6,31320
1791636138,904,1,1266741,20261010,6,17781,144,feed,27720,5,12,27060
1791636138,904,1,1271789,20261010,10,56884,143,feed,27600,9,12,26160
1791636138,904,1,1274056,20261010,1,56800,0,feed,29760,0,12,29760
1791636138,904,0,1365530,20261010,6,48084,380,feed,27480,5,13,26460
1791636138,904,0,1366151,20261010,1,56830,0,feed,29160,0,13,29160
1791636138,904,1,1367422,20261010,1,56800,0,feed,27960,0,12,27960
1791636138,904,0,1367662,20261010,1,56830,0,feed,30900,0,13,30900
1791636138,904,0,1367723,20261010,1,56830,0,feed,30060,0,13,30060
1791636138,904,1,1368435,20261010,1,56800,0,feed,28860,0,12,28860
1791636138,904,0,1368817,20261010,12,19260,247,feed,27480,11,13,25560
1791636138,904,0,1368821,20261010,1,56830,0,feed,28260,0,13,28260
1791636138,904,0,1368948,20261010,3,56831,205,feed,27780,2,13,27360
1791636138,904,1,1369189,20261010,1,56800,0,feed,30660,0,12,30660
1791636138,905,0,1343957,20261010,1,52761,0,feed,30300,0,16,30300
1791636138,905,0,1344494,20261010,15,57440,-490,feed,27840,14,16,25800
1791636138,905,1,1344690,20261010,15,52759,-388,feed,27840,14,16,25740
1791636138,905,1,1344816,20261010,1,57441,0,feed,30240,0,16,30240
1791636138,905,0,1344888,20261010,1,52761,0,feed,31200,0,16,31200
1791636138,905,0,1344976,20261010,9,57428,-56,feed,27840,8,16,26700
1791636138,905,1,1345344,20261010,1,57441,0,feed,31140,0,16,31140
1791636138,905,1,1345360,20261010,9,57425,52,feed,27720,8,16,26640
1791636138,905,1,1345395,20261010,3,57437,-64,feed,27780,2,16,27540
1791636138,905,0,1345575,20261010,3,3142,16,feed,27780,2,16,27600
1791636138,905,0,1345720,20261010,1,52761,0,feed,28500,0,16,28500
1791636138,905,1,1345824,20261010,1,57441,0,feed,28440,0,16,28440
1791636138,905,0,1345882,20261010,1,52761,0,feed,29400,0,16,29400
1791636138,905,1,1345894,20261010,1,57441,0,feed,29340,0,16,29340
1791636138,921,1,1364641,20261010,1,52531,0,feed,28500,0,20,28500
1791636138,921,1,1366169,20261010,1,52531,0,feed,29400,0,20,29400
1791636138,921,0,1366182,20261010,9,56115,236,feed,27480,8,20,26580
1791636138,921,0,1366281,20261010,1,51544,0,feed,31080,0,20,31080
1791636138,921,0,1366875,20261010,1,51544,0,feed,29280,0,20,29280
1791636138,921,0,1367258,20261010,1,51544,0,feed,28380,0,20,28380
1791636138,921,1,1367980,20261010,1,52531,0,feed,31200,0,20,31200
1791636138,921,1,1368062,20261010,10,17312,251,feed,27480,9,20,26700
1791636138,921,1,1368115,20261010,2,50015,46,feed,27720,1,20,27600
1791636138,921,0,1369262,20261010,1,51544,0,feed,30180,0,20,30180
1791636138,922,0,1311219,20261010,18,57327,4,feed,27780,17,35,26160
1791636138,922,0,1311468,20261010,4,4862,-23,feed,27780,3,35,27600
1791636138,922,1,1311599,20261010,1,56100,0,feed,31260,0,34,31260
1791636138,922,1,1311892,20261010,1,56100,0,feed,30540,0,34,30540
1791636138,922,0,1313079,20261010,10,16863,69,feed,27660,9,35,26880
1791636138,922,1,1313080,20261010,1,56100,0,feed,28560,0,34,28560
1791636138,922,1,1313532,20261010,27,16855,279,feed,27480,26,34,24840
1791636138,922,1,1313979,20261010,1,56100,0,feed,27900,0,34,27900
1791636138,922,0,1314032,20261010,1,57314,0,feed,30480,0,35,30480
1791636138,922,0,1314786,20261010,1,57314,0,feed,29760,0,35,29760
1791636138,922,1,1314831,20261010,1,56100,0,feed,29220,0,34,29220
1791636138,922,0,1314847,20261010,1,57314,0,feed,29040,0,35,29040
1791636138,922,1,1314879,20261010,22,40954,22,feed,27720,21,34,25620
1791636138,922,0,1315911,20261010,1,57314,0,feed,28320,0,35,28320
1791636138,922,0,1315961,20261010,24,16996,81,feed,27660,23,35,25500
1791636138,922,1,1316438,20261010,1,56100,0,feed,29880,0,34,29880
1791636138,922,1,1316443,20261010,4,57417,242,feed,27480,3,34,27180
1791636138,922,1,1316963,20261010,12,16997,207,feed,27600,11,34,26400
1791636138,922,0,1317039,20261010,30,57416,124,feed,27660,29,35,24780
1791636138,922,0,1317366,20261010,1,57314,0,feed,31200,0,35,31200
1791636138,923,1,1262753,20261010,1,57278,0,feed,28320,0,23,28320
1791636138,923,1,1262965,20261010,4,9173,88,feed,,,,
1791636138,923,0,1264663,20261010,1,56897,0,feed,,,,
1791636138,923,1,1266175,20261010,17,56317,181,feed,27600,16,23,26220
1791636138,923,1,1267369,20261010,1,57278,0,feed,30060,0,23,30060
1791636138,923,0,1268664,20261010,8,17848,128,feed,27600,7,22,26880
1791636138,923,1,1268740,20261010,1,57278,0,feed,29220,0,23,29220
1791636138,923,0,1270936,20261010,20,9089,23,feed,27720,19,22,26040
1791636138,923,0,1271777,20261010,1,56897,0,feed,,,,
1791636138,923,0,1274274,20261010,1,56897,0,feed,29580,0,22,29580
1791636138,923,1,1274666,20261010,1,57278,0,feed,,,,
1791636138,923,0,1275401,20261010,1,56897,0,feed,28680,0,22,28680
1791636138,924,1,1265262,20261010,18,17907,260,feed,,,,
1791636138,924,1,1267339,20261010,1,56823,0,feed,,,,
1791636138,924,1,1267579,20261010,1,56823,0,feed,,,,
1791636138,924,0,1267666,20261010,1,56873,0,feed,,,,
1791636138,924,1,1269774,20261010,1,56823,0,feed,,,,
1791636138,924,0,1270023,20261010,36,9646,59,feed,,,,
1791636138,924,0,1270185,20261010,1,56873,0,feed,,,,
1791636138,924,0,1270550,20261010,28,8920,2,feed,,,,
1791636138,924,0,1271275,20261010,1,56873,0,feed,,,,
1791636138,924,1,1271559,20261010,26,56914,146,feed,,,,
1791636138,924,0,1271601,20261010,1,56873,0,feed,,,,
1791636138,924,1,1271660,20261010,13,11161,22,feed,,,,
1791636138,924,1,1271853,20261010,1,56823,0,feed,,,,
1791636138,924,0,1272338,20261010,1,56873,0,feed,,,,
1791636138,924,0,1272470,20261010,21,56929,63,feed,,,,
1791636138,924,1,1273476,20261010,27,80139,783,feed,,,,
1791636138,924,1,1273796,20261010,4,9577,94,feed,,,,
1791636138,924,0,1273947,20261010,11,779,-131,feed,,,,
1791636138,924,1,1274359,20261010,1,56823,0,feed,,,,
1791636138,925,0,1271836,20261010,26,12281,82,feed,27720,25,35,25560
1791636138,925,0,1273285,20261010,2,4369,75,feed,27720,1,35,27660
1791636138,925,0,1275013,20261010,18,17936,41,feed,27720,17,35,26220
1791636138,925,1,1332065,20261010,1,57541,0,feed,30840,0,35,30840
1791636138,925,1,1332423,20261010,1,57541,0,feed,30120,0,35,30120
1791636138,925,1,1333394,20261010,21,50196,-29,feed,27780,20,35,25860
1791636138,925,0,1333615,20261010,1,53703,0,feed,30480,0,35,30480
1791636138,925,0,1333671,20261010,1,53703,0,feed,31200,0,35,31200
1791636138,925,0,1333856,20261010,1,53703,0,feed,29760,0,35,29760
1791636138,925,1,1333922,20261010,6,16154,-76,feed,27780,5,35,27300
1791636138,925,0,1334038,20261010,34,15882,135,feed,27720,33,35,24840
1791636138,925,1,1334209,20261010,32,1149,-64,feed,27780,31,35,24960
1791636138,925,0,1334536,20261010,10,6202,187,feed,27540,9,35,26940
1791636138,925,1,1334788,20261010,14,17922,-95,feed,27780,13,35,26580
1791636138,925,0,1335043,20261010,35,57541,666,feed,27060,34,35,24120
1791636138,925,0,1335271,20261010,1,53703,0,feed,29040,0,35,29040
1791636138,925,1,1335505,20261010,1,57541,0,feed,28740,0,35,28740
1791636138,925,1,1335575,20261010,1,57541,0,feed,28020,0,35,28020
1791636138,925,0,1335632,20261010,1,53703,0,feed,28320,0,35,28320
1791636138,925,1,1335851,20261010,1,57541,0,feed,29400,0,35,29400
1791636138,94,1,1185711,20261010,1,56100,0,feed,28440,0,16,28440
1791636138,94,1,1347126,20261010,1,56100,0,feed,30240,0,16,30240
1791636138,94,0,1347990,20261010,1,51200,0,feed,27780,0,15,27780
1791637032,10,0,1369716,20261010,6,17992,37,feed,,,,
1791637032,10,0,1369750,20261010,1,19337,0,feed,,,,
1791637032,10,1,1369896,20261010,1,57165,0,feed,,,,
1791637032,10,0,1369909,20261010,1,19337,0,feed,,,,
1791637032,10,0,1370031,20261010,34,17151,238,feed,,,,
1791637032,10,1,1370219,20261010,46,17212,606,feed,,,,
1791637032,10,1,1370307,20261010,30,17188,-135,feed,,,,
1791637032,10,0,1370631,20261010,1,19337,0,feed,,,,
1791637032,10,1,1370706,20261010,1,57165,0,feed,,,,
1791637032,10,1,1370847,20261010,1,57165,0,feed,,,,
1791637032,10,1,1370921,20261010,18,14240,-37,feed,,,,
1791637032,10,1,1371233,20261010,1,57165,0,feed,,,,
1791637032,11,1,1317736,20261010,1,49304,0,feed,30600,0,79,30600
1791637032,11,1,1319832,20261010,78,53544,269,feed,28380,77,79,25380
1791637032,11,0,1364493,20261010,1,51828,0,feed,31080,0,80,31080
1791637032,11,0,1365010,20261010,1,51828,0,feed,29340,0,80,29340
1791637032,11,0,1366133,20261010,59,14639,478,feed,28140,58,80,25860
1791637032,11,0,1368798,20261010,1,51828,0,feed,31980,0,80,31980
1791637032,11,1,1368811,20261010,40,17976,60,feed,28560,39,79,27060
1791637032,11,0,1371026,20261010,29,17763,116,feed,,,,
1791637032,11,1,1371143,20261010,1,49304,0,feed,,,,
1791637032,14,0,1332502,20261010,39,15648,201,feed,28440,38,80,26820
1791637032,14,1,1369968,20261010,1,50153,0,feed,,,,
1791637032,14,0,1370570,20261010,1,4345,0,feed,,,,
1791637032,14,0,1370837,20261010,1,4345,0,feed,,,,
1791637032,14,1,1370854,20261010,35,17857,119,feed,,,,
1791637032,14,0,1370944,20261010,1,4345,0,feed,,,,
1791637032,14,1,1370949,20261010,1,50153,0,feed,,,,
1791637032,14,1,1371285,20261010,67,15571,302,feed,,,,
1791637032,14,0,1371341,20261010,70,41984,407,feed,,,,
1791637032,17,1,1317951,20261010,22,17982,1,feed,28620,21,65,27240
1791637032,17,1,1318246,20261010,44,4676,594,feed,28020,43,65,25620
1791637032,17,1,1318412,20261010,1,17192,0,feed,29040,0,65,29040
1791637032,17,0,1324422,20261010,1,57458,49,feed,29820,0,63,29820
1791637032,17,0,1333883,20261010,41,1914,124,feed,28500,40,63,26340
1791637032,17,0,1333898,20261010,1,57458,0,feed,31560,0,63,31560
1791637032,17,1,1335969,20261010,1,17192,0,feed,30840,0,65,30840
1791637032,17,0,1367673,20261010,6,43325,108,feed,28500,5,63,28080
1791637032,18,0,1361017,20261010,27,1876,-24,feed,28620,26,51,27240
1791637032,18,0,1361139,20261010,1,57131,0,feed,30840,0,84,30840
1791637032,18,0,1361345,20261010,69,1889,345,feed,28260,68,84,25620
1791637032,18,1,1365183,20261010,69,43614,1020,feed,27600,68,83,24600
1791637032,18,1,1365623,20261010,1,56800,0,feed,30780,0,52,30780
1791637032,18,1,1366496,20261010,5,17980,236,feed,28440,4,83,28080
1791637032,18,1,1366899,20261010,1,56800,0,feed,31680,0,83,31680
1791637032,18,0,1366999,20261010,1,57131,0,feed,29040,0,84,29040
1791637032,18,1,1367384,20261010,23,1219,-134,feed,28620,22,52,27180
1791637032,18,0,1367743,20261010,1,51852,0,feed,30780,0,51,30780
1791637032,18,1,1367843,20261010,1,56800,0,feed,29880,0,83,29880
1791637032,18,1,1367855,20261010,1,56800,0,feed,28980,0,52,28980
1791637032,18,0,1368311,20261010,,,,canceled,,,,
1791637032,18,1,1368678,20261010,51,51842,464,feed,28140,50,52,25500
1791637032,18,0,1368895,20261010,38,620,228,feed,28380,37,84,27300
1791637032,18,0,1369255,20261010,1,51852,0,feed,28980,0,51,28980
1791637032,18,1,1369355,20261010,42,1348,45,feed,28560,41,83,26400
1791637032,2,0,1319576,20261010,1,57469,0,feed,30420,0,34,30420
1791637032,2,0,1331067,20261010,1,57469,0,feed,31320,0,41,31320
1791637032,2,0,1333277,20261010,1,57469,0,feed,29580,0,41,29580
1791637032,2,1,1361535,20261010,9,16137,210,feed,28440,8,42,27960
1791637032,2,1,1361732,20261010,42,57469,-85,feed,28620,41,42,26160
1791637032,2,0,1362530,20261010,29,13219,162,feed,28500,28,41,26880
1791637032,2,1,1363769,20261010,1,57618,0,feed,29760,0,42,29760
1791637032,2,0,1371046,20261010,1,57469,0,feed,,,,
1791637032,2,1,1371123,20261010,1,57618,0,feed,,,,
1791637032,215,0,1265096,20261010,17,57709,-53,feed,28620,16,30,27840
1791637032,215,1,1269764,20261010,1,5020,0,feed,29760,0,27,29760
1791637032,215,0,1271377,20261010,1,49979,0,feed,31440,0,30,31440
1791637032,219,0,1303185,20261010,1,57340,0,feed,29760,0,74,29760
1791637032,219,0,1303536,20261010,58,49837,78,feed,28560,57,74,26160
1791637032,219,1,1311113,20261010,60,2280,-123,feed,28680,59,71,26100
1791637032,219,1,1311569,20261010,1,5020,0,feed,29700,0,71,29700
1791637032,22,1,1357692,20261010,22,11649,156,feed,28380,21,84,27180
1791637032,22,1,1357780,20261010,1,56825,0,feed,29400,0,87,29400
1791637032,22,0,1365245,20261010,1,4558,0,feed,31200,0,86,31200
1791637032,22,0,1366038,20261010,41,19426,193,feed,28440,40,82,26460
1791637032,22,0,1366517,20261010,1,4558,0,feed,28800,0,82,28800
1791637032,22,1,1367544,20261010,1,56825,0,feed,31860,0,84,31860
1791637032,22,1,1368123,20261010,5,11378,12,feed,28620,4,84,28320
1791637032,22,1,1368394,20261010,51,15364,61,feed,28620,50,87,25860
1791637032,22,1,1368894,20261010,70,4328,61,feed,28560,69,84,24780
1791637032,22,0,1368944,20261010,66,11199,181,feed,28740,65,82,25260
1791637032,22,1,1369027,20261010,1,56825,0,feed,30600,0,84,30600
1791637032,22,0,1369165,20261010,1,4558,0,feed,30000,0,82,30000
1791637032,22,0,1369270,20261010,25,51541,-16,feed,28620,24,86,27660
1791637032,223,1,1360923,20261010,1,5020,0,feed,31260,0,34,31260
1791637032,223,0,1361983,20261010,12,45291,115,feed,28500,11,33,27960
1791637032,223,0,1362666,20261010,1,57691,0,feed,29760,0,33,29760
1791637032,223,1,1362920,20261010,14,81096,73,feed,28620,13,34,27660
1791637032,25,1,1369797,20261010,6,49272,141,feed,,,,
1791637032,25,0,1369822,20261010,40,53146,194,feed,,,,
1791637032,25,1,1370340,20261010,1,57166,0,feed,,,,
1791637032,27,1,1349382,20261010,10,50164,-39,feed,28620,9,21,28080
1791637032,27,1,1368218,20261010,1,51367,0,feed,31680,0,21,31680
1791637032,27,0,1369466,20261010,1,52857,0,feed,28800,0,23,28800
1791637032,3,0,1321117,20261010,1,54097,0,feed,28860,0,64,28860
1791637032,3,0,1321470,20261010,62,20013,109,feed,28500,61,64,25260
1791637032,3,1,1321969,20261010,1,56100,0,feed,30120,0,64,30120
1791637032,3,1,1322705,20261010,1,56100,0,feed,31920,0,64,31920
1791637032,3,0,1323136,20261010,20,16097,63,feed,28560,19,65,27060
1791637032,3,1,1323352,20261010,4,41241,180,feed,28440,3,65,28140
1791637032,3,1,1324397,20261010,39,886,73,feed,28560,38,64,26820
1791637032,3,1,1369528,20261010,1,56100,0,feed,30840,0,65,30840
1791637032,3,1,1370663,20261010,63,16336,176,feed,,,,
1791637032,3,0,1371162,20261010,1,54097,0,feed,,,,
1791637032,30,1,1212213,20261010,1,15882,0,feed,30960,0,44,30960
1791637032,30,1,1213071,20261010,11,48321,247,feed,28380,10,44,27420
1791637032,30,1,1214617,20261010,1,15882,0,feed,29220,0,44,29220
1791637032,30,0,1215064,20261010,1,40238,0,feed,30240,0,48,30240
1791637032,30,0,1217801,20261010,1,40238,0,feed,32040,0,48,32040
1791637032,32,0,1331601,20261010,17,12757,231,feed,28380,16,59,27900
1791637032,32,0,1332116,20261010,1,50155,0,feed,31500,0,59,31500
1791637032,32,0,1332305,20261010,1,50155,0,feed,29700,0,59,29700
1791637032,32,1,1364965,20261010,1,57685,0,feed,30780,0,61,30780
1791637032,32,1,1365346,20261010,1,57685,0,feed,29040,0,61,29040
1791637032,32,1,1368017,20261010,33,42202,180,feed,28440,32,61,27240
1791637032,323,0,1132200,20261010,1,51116,41,feed,29640,0,23,29640
1791637032,323,1,1132330,20261010,1,57508,0,feed,29220,0,25,29220
1791637032,323,1,1133674,20261010,1,57508,0,feed,31020,0,25,31020
1791637032,323,0,1134004,20261010,17,57037,8,feed,28620,16,23,27840
1791637032,323,1,1134558,20261010,4,57036,128,feed,28500,3,25,28320
1791637032,323,0,1136212,20261010,1,51116,0,feed,31560,0,23,31560
1791637032,345,1,1134141,20261010,1,57508,0,feed,28920,0,15,28920
1791637032,345,0,1137191,20261010,1,56879,0,feed,28800,0,15,28800
1791637032,36,0,1185999,20261010,1,57537,0,feed,31380,0,53,31380
1791637032,36,1,1220779,20261010,15,6380,108,feed,28500,14,50,28020
1791637032,36,1,1221282,20261010,1,50160,0,feed,29820,0,50,29820
1791637032,36,1,1362326,20261010,1,50160,0,feed,31620,0,50,31620
1791637032,36,0,1362765,20261010,1,57537,0,feed,29580,0,53,29580
1791637032,36,0,1363268,20261010,19,50601,9,feed,28500,18,53,27780
1791637032,38,1,1349414,20261010,44,3525,47,feed,28620,43,104,26640
1791637032,38,0,1349639,20261010,9,48379,-143,feed,28620,8,108,28200
1791637032,38,0,1351532,20261010,1,48213,0,feed,31800,0,108,31800
1791637032,38,0,1351901,20261010,58,50109,1,feed,28620,57,109,26460
1791637032,38,1,1353688,20261010,100,48312,111,feed,28500,99,107,24660
1791637032,38,1,1354748,20261010,1,16494,0,feed,30240,0,104,30240
1791637032,38,0,1354833,20261010,1,48213,0,feed,30000,0,109,30000
1791637032,38,0,1355206,20261010,97,12537,40,feed,28560,96,108,24720
1791637032,38,1,1355347,20261010,1,42032,0,feed,31860,0,107,31860
1791637032,38,1,1368131,20261010,7,17566,53,feed,28560,6,107,28260
1791637032,4,0,1157630,20261010,85,11687,-102,feed,28620,84,87,24780
1791637032,4,0,1159065,20261010,10,51868,113,feed,28500,9,87,28140
1791637032,4,1,1356771,20261010,1,14153,0,feed,29280,0,90,29280
1791637032,4,0,1358191,20261010,1,50231,0,feed,31380,0,89,31380
1791637032,4,0,1358682,20261010,1,50231,0,feed,29400,0,89,29400
1791637032,4,1,1359006,20261010,25,20046,349,feed,28260,24,85,27480
1791637032,4,1,1359383,20261010,64,40386,33,feed,28560,63,90,25680
1791637032,4,0,1360168,20261010,50,17942,-2,feed,28620,49,89,26640
1791637032,4,0,1360468,20261010,1,50231,0,feed,30480,0,53,30480
1791637032,4,1,1360574,20261010,1,14153,0,feed,31020,0,85,31020
1791637032,46,1,1266877,20261010,1,51550,0,feed,31500,0,59,31500
1791637032,46,0,1270543,20261010,1,220,0,feed,28860,0,62,28860
1791637032,46,1,1277051,20261010,15,17792,296,feed,28320,14,59,27900
1791637032,46,0,1288147,20261010,1,220,0,feed,30660,0,62,30660
1791637032,48,1,1348922,20261010,1,50152,0,feed,29400,0,61,29400
1791637032,48,1,1352114,20261010,61,19301,408,feed,28200,60,61,25860
1791637032,48,0,1354143,20261010,1,19301,0,feed,29100,0,61,29100
1791637032,5,1,1367183,20261010,1,51846,0,feed,32100,0,80,32100
1791637032,5,0,1367363,20261010,47,43275,109,feed,28560,46,81,26520
1791637032,5,0,1367768,20261010,1,51212,0,feed,30120,0,81,30120
1791637032,5,1,1367813,20261010,1,51846,38,feed,28560,0,80,28560
1791637032,5,1,1369245,20261010,70,64,528,feed,28080,69,80,25260
1791637032,515,1,1350270,20261010,1,56877,0,feed,31620,0,49,31620
1791637032,515,0,1350683,20261010,1,53704,0,feed,29460,0,49,29460
1791637032,515,1,1351098,20261010,43,2190,217,feed,28380,42,49,27180
1791637032,515,0,1352230,20261010,1,53704,0,feed,31260,0,49,31260
1791637032,515,1,1352996,20261010,16,715,40,feed,28560,15,49,28080
1791637032,515,1,1353223,20261010,1,56877,0,feed,29880,0,49,29880
1791637032,515,1,1353893,20261010,1,56877,0,feed,30780,0,49,30780
1791637032,515,0,1353967,20261010,1,53704,49,feed,28560,0,49,28560
1791637032,515,1,1354295,20261010,1,56877,0,feed,28980,0,49,28980
1791637032,515,0,1354351,20261010,1,53704,0,feed,30360,0,49,30360
1791637032,515,0,1354827,20261010,1,53704,0,feed,32160,0,49,32160
1791637032,515,0,1355088,20261010,36,662,58,feed,28560,35,49,27660
1791637032,534,0,1344117,20261010,18,2101,-102,feed,28620,17,35,28020
1791637032,534,1,1344342,20261010,1,51824,0,feed,29700,0,32,29700
1791637032,534,0,1344416,20261010,1,56725,0,feed,31620,0,35,31620
1791637032,534,0,1344434,20261010,1,56725,0,feed,29820,0,35,29820
1791637032,534,1,1345027,20261010,1,51824,0,feed,31500,0,32,31500
1791637032,534,1,1345857,20261010,11,50070,207,feed,28320,10,32,27900
1791637032,538,0,1132277,20261010,1,53704,0,feed,28800,0,42,28800
1791637032,538,0,1135114,20261010,26,43693,256,feed,28380,25,42,27000
1791637032,538,1,1318024,20261010,1,56880,0,feed,31680,0,40,31680
1791637032,538,1,1318336,20261010,1,56880,0,feed,29880,0,40,29880
1791637032,539,0,879515,20261010,1,56725,0,feed,29460,0,41,29460
1791637032,539,0,884214,20261010,1,56725,0,feed,31260,0,41,31260
1791637032,539,1,887554,20261010,1,56880,0,feed,31980,0,38,31980
1791637032,539,1,892839,20261010,5,690,37,feed,28560,4,38,28380
1791637032,54,1,1132240,20261010,1,56100,0,feed,30000,0,27,30000
1791637032,54,0,1132790,20261010,1,56875,0,feed,32220,0,25,32220
1791637032,54,1,1132796,20261010,1,56100,0,feed,31800,0,27,31800
1791637032,54,0,1133608,20261010,1,56875,0,feed,29520,0,25,29520
1791637032,54,0,1346471,20261010,9,13143,97,feed,28680,8,46,27720
1791637032,54,1,1347987,20261010,1,42319,0,feed,29160,0,47,29160
1791637032,54,1,1348005,20261010,13,56680,110,feed,28500,12,47,27360
1791637032,54,1,1353102,20261010,15,57019,295,feed,28320,14,27,27300
1791637032,54,0,1354169,20261010,1,56875,0,feed,31320,0,46,31320
1791637032,54,1,1360814,20261010,1,42319,0,feed,30960,0,47,30960
1791637032,540,0,1135740,20261010,1,53052,0,feed,30840,0,51,30840
1791637032,540,0,1138304,20261010,1,53052,0,feed,29040,0,51,29040
1791637032,540,1,883185,20261010,1,56879,0,feed,28620,0,48,28620
1791637032,540,1,891771,20261010,1,56879,0,feed,32220,0,48,32220
1791637032,540,1,893327,20261010,43,6374,-72,feed,28620,42,48,26820
1791637032,546,1,1132468,20261010,1,51824,0,feed,30060,0,31,30060
1791637032,546,1,1133968,20261010,10,3452,47,feed,28560,9,31,28260
1791637032,546,1,1137938,20261010,1,51824,0,feed,31860,0,31,31860
1791637032,546,0,885448,20261010,1,56725,0,feed,29760,0,33,29760
1791637032,546,0,896252,20261010,14,51275,70,feed,28560,13,33,27960
1791637032,61,1,1364571,20261010,48,10661,131,feed,28500,47,73,25740
1791637032,61,1,1364671,20261010,1,52761,0,feed,29280,0,73,29280
1791637032,61,0,1365086,20261010,1,17905,0,feed,28860,0,76,28860
1791637032,61,0,1365960,20261010,1,17905,0,feed,,,,
1791637032,61,0,1366634,20261010,35,57535,-60,feed,28620,34,76,27120
1791637032,61,1,1367080,20261010,1,52761,0,feed,31080,0,73,31080
1791637032,61,0,1367765,20261010,70,43282,23,feed,28740,69,76,25320
1791637032,61,1,1368603,20261010,15,80939,-43,feed,28680,14,73,27540
1791637032,615,0,1166764,20261010,41,3539,1422,feed,27840,40,42,26220
1791637032,615,0,1346064,20261010,1,41157,0,feed,31980,0,76,31980
1791637032,615,1,1346165,20261010,1,3540,0,feed,31920,0,76,31920
1791637032,615,1,1347073,20261010,1,3540,1016,feed,28320,0,76,28320
1791637032,62,0,1349165,20261010,1,328,0,feed,29100,0,86,29100
1791637032,62,0,1349320,20261010,1,328,0,feed,30900,0,86,30900
1791637032,62,1,1349384,20261010,1,49141,0,feed,32040,0,83,32040
1791637032,62,1,1352537,20261010,1,49141,0,feed,30240,0,83,30240
1791637032,62,0,1354903,20261010,49,2611,-30,feed,28680,48,86,27300
1791637032,62,0,1359971,20261010,1,2611,0,feed,31380,0,67,31380
1791637032,62,1,1360619,20261010,11,46687,87,feed,28500,10,91,28200
1791637032,62,1,1362435,20261010,39,1246,165,feed,28500,38,83,26700
1791637032,62,0,1368581,20261010,77,45401,311,feed,28380,76,86,25500
1791637032,63,1,1262710,20261010,1,51114,0,feed,31620,0,59,31620
1791637032,63,1,1269139,20261010,1,51114,0,feed,30720,0,59,30720
1791637032,63,1,1274289,20261010,1,51114,0,feed,29820,0,59,29820
1791637032,63,0,1346389,20261010,1,15795,0,feed,29160,0,60,29160
1791637032,63,0,1346885,20261010,41,40160,524,feed,28080,40,60,26160
1791637032,63,0,1347332,20261010,12,18675,168,feed,28440,11,60,27960
1791637032,63,1,1348190,20261010,15,56948,49,feed,28560,14,59,28020
1791637032,63,0,1368837,20261010,1,15795,0,feed,31440,0,60,31440
1791637032,64,1,1342583,20261010,1,52015,0,feed,29460,0,76,29460
1791637032,64,1,1343234,20261010,9,5166,224,feed,28380,8,76,28140
1791637032,64,0,1356049,20261010,1,52761,0,feed,32160,0,43,32160
1791637032,64,0,1357549,20261010,66,3917,-86,feed,28620,65,78,26100
1791637032,64,0,1358435,20261010,7,57215,459,feed,28140,6,78,27660
1791637032,64,0,1358440,20261010,1,52761,0,feed,29460,0,78,29460
1791637032,64,1,1359178,20261010,38,11859,-113,feed,28620,37,43,27060
1791637032,64,0,1359236,20261010,1,52761,0,feed,31260,0,78,31260
1791637032,64,1,1359588,20261010,45,11798,21,feed,28620,44,65,27360
1791637032,64,0,1359712,20261010,1,52761,0,feed,30360,0,43,30360
1791637032,64,1,1359911,20261010,1,42157,0,feed,31380,0,43,31380
1791637032,64,0,1360098,20261010,1,52761,47,feed,28560,0,43,28560
1791637032,64,1,1360799,20261010,1,52015,0,feed,31140,0,76,31140
1791637032,645,1,1208148,20261010,1,53293,28,feed,29820,0,55,29820
1791637032,645,0,1337929,20261010,43,52551,535,feed,28140,42,52,26520
1791637032,645,1,1340341,20261010,39,6771,316,feed,28320,38,55,26220
1791637032,645,0,1342044,20261010,1,6990,0,feed,30000,0,52,30000
1791637032,65,1,1349743,20261010,1,57690,0,feed,30480,0,38,30480
1791637032,65,1,1349914,20261010,1,57690,0,feed,32220,0,38,32220
1791637032,65,1,1350622,20261010,38,10761,0,feed,28680,37,38,27000
1791637032,65,1,1351571,20261010,1,57690,0,feed,28800,0,38,28800
1791637032,65,0,1370096,20261010,38,41751,124,feed,,,,
1791637032,65,0,1370272,20261010,1,10761,89,feed,,,,
1791637032,65,0,1370435,20261010,1,10761,0,feed,,,,
1791637032,67,1,1351909,20261010,1,56100,0,feed,29880,0,65,29880
1791637032,67,1,1358213,20261010,58,16558,288,feed,28320,57,65,26280
1791637032,67,0,1359981,20261010,1,53723,0,feed,29700,0,65,29700
1791637032,67,1,1368614,20261010,3,1235,332,feed,28320,2,65,28080
1791637032,67,0,1369496,20261010,1,53723,0,feed,31500,0,65,31500
1791637032,68,1,1266613,20261010,1,11904,0,feed,32100,0,61,32100
1791637032,68,0,1276150,20261010,2,9806,86,feed,28620,1,59,28620
1791637032,68,0,1356050,20261010,113,57625,-106,feed,28740,112,118,25200
1791637032,68,0,1362641,20261010,2,9806,144,feed,32220,1,59,32220
1791637032,68,1,1363087,20261010,53,9968,108,feed,28500,52,61,26700
1791637032,68,0,1363191,20261010,2,9806,38,feed,29520,1,87,29520
1791637032,68,1,1364071,20261010,1,11904,0,feed,30300,0,117,30300
1791637032,68,1,1366366,20261010,1,57511,0,feed,30180,0,83,30180
1791637032,68,1,1367360,20261010,8,81112,58,feed,28560,7,83,28380
1791637032,68,0,1367376,20261010,2,9806,50,feed,31320,1,87,31320
1791637032,68,0,1367488,20261010,30,4988,-89,feed,28620,29,87,27720
1791637032,68,1,1367646,20261010,14,49949,650,feed,27960,13,125,27480
1791637032,68,0,1368075,20261010,1,53340,0,feed,28800,0,118,28800
1791637032,68,1,1369146,20261010,1,57511,0,feed,31920,0,83,31920
1791637032,686,1,1171517,20261010,3,57622,-89,feed,28860,2,4,27660
1791637032,686,0,1331453,20261010,1,47705,0,feed,31320,0,3,31320
1791637032,686,1,1335159,20261010,1,56939,0,feed,30540,0,4,30540
1791637032,686,0,1335558,20261010,1,47705,106,feed,28500,0,3,28500
1791637032,7,0,1357335,20261010,59,17669,-82,feed,28620,58,64,25380
1791637032,7,1,1357950,20261010,1,17679,0,feed,30060,0,60,30060
1791637032,7,1,1359429,20261010,9,17701,69,feed,28560,8,60,28260
1791637032,7,0,1359569,20261010,16,48896,440,feed,28200,15,64,27180
1791637032,7,1,1360783,20261010,1,17679,0,feed,31860,0,60,31860
1791637032,7,1,1370715,20261010,41,16601,-101,feed,,,,
1791637032,7,0,1370805,20261010,1,51779,0,feed,,,,
1791637032,71,1,1266361,20261010,59,9714,515,feed,28080,58,60,25860
1791637032,71,1,1266754,20261010,1,51291,0,feed,31200,0,60,31200
1791637032,71,0,1267604,20261010,1,9715,0,feed,29820,0,58,29820
1791637032,71,1,1275684,20261010,1,51291,0,feed,29400,0,60,29400
1791637032,71,0,1286572,20261010,10,9724,219,feed,28320,9,58,28020
1791637032,71,0,1361292,20261010,1,9715,0,feed,31320,0,75,31320
1791637032,71,1,1363660,20261010,22,18133,182,feed,28440,21,60,27660
1791637032,716,0,1136877,20261010,1,50154,0,feed,29400,0,51,29400
1791637032,716,1,1137091,20261010,1,8728,0,feed,31320,0,50,31320
1791637032,716,1,1137784,20261010,31,8524,104,feed,28500,30,50,27720
1791637032,72,1,1369752,20261010,1,13667,0,feed,,,,
1791637032,72,0,1370012,20261010,1,57615,0,feed,,,,
1791637032,72,0,1370280,20261010,37,47797,8,feed,,,,
1791637032,72,0,1370464,20261010,2,57616,212,feed,,,,
1791637032,72,1,1370924,20261010,1,13667,0,feed,,,,
1791637032,721,1,1180924,20261010,1,9522,346,feed,28800,0,41,28800
1791637032,721,1,1181860,20261010,1,9522,0,feed,30600,0,41,30600
1791637032,721,0,1183526,20261010,1,51845,0,feed,29160,0,43,29160
1791637032,721,0,1183639,20261010,31,9506,383,feed,28200,30,43,27300
1791637032,721,0,1186726,20261010,1,51845,0,feed,30900,0,43,30900
1791637032,721,1,1289226,20261010,41,51845,284,feed,28380,40,41,27000
1791637032,722,1,1177444,20261010,1,57636,0,feed,30000,0,53,30000
1791637032,722,1,1181165,20261010,1,11486,0,feed,29520,0,14,29520
1791637032,722,0,1182378,20261010,1,56827,0,feed,30600,0,51,30600
1791637032,722,0,1184725,20261010,39,8755,-2,feed,28620,38,51,27300
1791637032,722,0,1187439,20261010,1,56827,0,feed,28800,0,11,28800
1791637032,723,0,1182074,20261010,1,51845,0,feed,30600,0,39,30600
1791637032,723,1,1183220,20261010,1,53224,0,feed,28740,0,41,28740
1791637032,724,1,1131506,20261010,1,53222,0,feed,28920,0,35,28920
1791637032,724,0,1131523,20261010,1,51846,0,feed,28800,0,33,28800
1791637032,724,1,1131724,20261010,1,53222,0,feed,31620,0,35,31620
1791637032,724,0,1131975,20261010,1,51846,0,feed,31500,0,33,31500
1791637032,724,1,1132983,20261010,1,53222,0,feed,29820,0,35,29820
1791637032,724,1,1134316,20261010,1,53222,0,feed,30720,0,35,30720
1791637032,724,0,1134855,20261010,1,51846,0,feed,29700,0,33,29700
1791637032,724,0,1135136,20261010,1,51846,0,feed,30600,0,33,30600
1791637032,724,0,1135938,20261010,33,53222,611,feed,28020,32,33,27000
1791637032,725,1,1312574,20261010,1,56775,0,feed,29700,0,49,29700
1791637032,725,0,1312779,20261010,37,57594,287,feed,28320,36,50,26940
1791637032,725,0,1315971,20261010,1,57580,0,feed,30540,0,50,30540
1791637032,74,0,1355795,20261010,1,51546,0,feed,29280,0,59,29280
1791637032,74,1,1356106,20261010,1,13667,0,feed,29880,0,61,29880
1791637032,74,0,1358069,20261010,51,10401,-122,feed,28620,50,59,25740
1791637032,74,0,1359251,20261010,14,11770,158,feed,28440,13,59,27540
1791637032,74,1,1359469,20261010,34,10366,369,feed,28260,33,61,26340
1791637032,74,1,1359729,20261010,1,13667,0,feed,31680,0,61,31680
1791637032,74,1,1360346,20261010,9,12896,-20,feed,28620,8,61,28140
1791637032,74,0,1360675,20261010,1,51546,0,feed,31020,0,59,31020
1791637032,80,0,1313995,20261010,1,49979,0,feed,31320,0,42,31320
1791637032,80,1,1316824,20261010,1,50689,0,feed,29520,0,38,29520
1791637032,802,0,1195013,20261010,1,57169,0,feed,29040,0,46,29040
1791637032,802,1,1206022,20261010,1,42622,223,feed,30120,0,45,30120
1791637032,804,0,1261569,20261010,1,14153,0,feed,28800,0,32,28800
1791637032,805,0,1212210,20261010,1,56775,0,feed,29040,0,72,29040
1791637032,805,1,1215683,20261010,1,50716,0,feed,29460,0,72,29460
1791637032,827,1,1313446,20261010,1,57167,0,feed,29760,0,51,29760
1791637032,83,0,1263947,20261010,1,53725,0,feed,31140,0,44,31140
1791637032,83,0,1265376,20261010,1,53725,0,feed,29340,0,44,29340
1791637032,83,1,1351655,20261010,2,3958,-75,feed,28740,1,41,28500
1791637032,83,1,1355055,20261010,1,52532,0,feed,30480,0,41,30480
1791637032,87,1,1303724,20261010,1,57690,0,feed,,,,
1791637032,87,1,1304405,20261010,1,57690,0,feed,31380,0,70,31380
1791637032,87,1,1305499,20261010,17,18577,46,feed,28560,16,70,27780
1791637032,87,0,1349518,20261010,1,51892,0,feed,28920,0,71,28920
1791637032,87,0,1349920,20261010,1,51892,0,feed,30720,0,71,30720
1791637032,87,0,1350383,20261010,47,43794,-115,feed,28620,46,71,27120
1791637032,9,0,1356090,20261010,1,40247,0,feed,29520,0,112,29520
1791637032,9,0,1358009,20261010,22,7356,-36,feed,28620,21,100,27960
1791637032,9,1,1366959,20261010,24,17591,169,feed,28440,23,111,27480
1791637032,9,0,1367020,20261010,1,52552,0,feed,31500,0,100,31500
1791637032,9,1,1367498,20261010,57,2885,357,feed,28260,56,96,25740
1791637032,9,1,1367916,20261010,1,51551,0,feed,29220,0,96,29220
1791637032,9,0,1368117,20261010,72,80925,321,feed,28320,71,112,25920
1791637032,9,1,1368858,20261010,1,51551,0,feed,31020,0,111,31020
1791637032,901,0,876908,20261010,13,51427,120,feed,28560,12,20,26880
1791637032,901,0,882394,20261010,3,51436,60,feed,28560,2,20,28320
1791637032,901,1,883894,20261010,18,51421,60,feed,28560,17,20,26520
1791637032,901,1,886027,20261010,7,51411,180,feed,28560,6,20,27960
1791637032,901,1,887070,20261010,3,56336,0,feed,28860,2,20,28680
1791637032,901,1,890381,20261010,13,51417,120,feed,28560,12,20,27240
1791637032,901,0,899557,20261010,1,51405,0,feed,29040,0,20,29040
1791637032,901,1,904334,20261010,3,56336,0,feed,29580,2,20,29400
1791637032,902,1,878992,20261010,6,56031,60,feed,28620,5,24,28020
1791637032,902,1,879372,20261010,1,56026,0,feed,29460,0,24,29460
1791637032,902,1,880385,20261010,16,56041,180,feed,28500,15,24,26580
1791637032,902,1,883692,20261010,12,56037,60,feed,28620,11,24,27300
1791637032,902,0,891927,20261010,13,56007,420,feed,28380,12,24,26940
1791637032,902,0,894571,20261010,3,56336,0,feed,29280,2,24,29100
1791637032,902,1,894931,20261010,1,56026,0,feed,28740,0,24,28740
1791637032,902,0,899151,20261010,8,56002,180,feed,28440,7,24,27660
1791637032,902,0,902787,20261010,4,51408,0,feed,28680,3,24,28380
1791637032,902,0,905061,20261010,20,56014,120,feed,28560,19,24,26220
1791637032,902,1,977985,20261010,21,51423,120,feed,28500,20,24,25860
1791637032,903,1,1262783,20261010,1,56874,0,feed,29520,0,6,29520
1791637032,903,0,1267569,20261010,5,56511,-6,feed,28680,4,6,27960
1791637032,903,0,1269438,20261010,1,57285,0,feed,31560,0,6,31560
1791637032,903,0,1271793,20261010,1,57285,0,feed,29760,0,6,29760
1791637032,903,1,1273379,20261010,5,56980,15,feed,28620,4,6,27720
1791637032,903,1,1276237,20261010,1,56874,0,feed,31320,0,6,31320
1791637032,904,1,1266741,20261010,11,56833,22,feed,28860,10,12,27060
1791637032,904,1,1274056,20261010,1,56800,0,feed,29760,0,12,29760
1791637032,904,0,1365530,20261010,10,53313,522,feed,28200,9,13,26460
1791637032,904,0,1366151,20261010,1,56830,0,feed,29160,0,13,29160
1791637032,904,0,1366804,20261010,1,56830,0,feed,31800,0,13,31800
1791637032,904,1,1367422,20261010,6,17781,246,feed,28620,5,12,27960
1791637032,904,0,1367662,20261010,1,56830,0,feed,30900,0,13,30900
1791637032,904,0,1367723,20261010,1,56830,0,feed,30060,0,13,30060
1791637032,904,1,1368435,20261010,1,56800,0,feed,28860,0,12,28860
1791637032,904,1,1368727,20261010,1,56800,0,feed,31560,0,12,31560
1791637032,904,0,1368821,20261010,3,56831,403,feed,28680,2,13,28260
1791637032,904,0,1368948,20261010,7,53542,17,feed,28620,6,13,27360
1791637032,904,1,1369189,20261010,1,56800,0,feed,30660,0,12,30660
1791637032,905,0,1343818,20261010,1,52761,0,feed,32100,0,16,32100
1791637032,905,0,1343957,20261010,1,52761,0,feed,30300,0,16,30300
1791637032,905,1,1344391,20261010,1,57441,0,feed,32040,0,16,32040
1791637032,905,1,1344816,20261010,1,57441,0,feed,30240,0,16,30240
1791637032,905,0,1344888,20261010,1,52761,0,feed,31200,0,16,31200
1791637032,905,0,1344976,20261010,15,57440,-182,feed,28740,14,16,26700
1791637032,905,1,1345344,20261010,1,57441,0,feed,31140,0,16,31140
1791637032,905,1,1345360,20261010,15,52759,-139,feed,28740,14,16,26640
1791637032,905,1,1345395,20261010,9,57425,-95,feed,28620,8,16,27540
1791637032,905,0,1345575,20261010,9,57428,-37,feed,28740,8,16,27600
1791637032,905,0,1345720,20261010,3,3142,11,feed,28680,2,16,28500
1791637032,905,1,1345824,20261010,3,57437,-29,feed,28680,2,16,28440
1791637032,905,0,1345882,20261010,1,52761,0,feed,29400,0,16,29400
1791637032,905,1,1345894,20261010,1,57441,0,feed,29340,0,16,29340
1791637032,921,1,1364641,20261010,1,52531,0,feed,28500,0,20,28500
1791637032,921,1,1365033,20261010,1,52531,0,feed,32100,0,20,32100
1791637032,921,0,1365372,20261010,1,51544,0,feed,31920,0,20,31920
1791637032,921,1,1366169,20261010,1,52531,0,feed,29400,0,20,29400
1791637032,921,0,1366182,20261010,19,50013,346,feed,28320,18,20,26580
1791637032,921,0,1366281,20261010,1,51544,0,feed,31080,0,20,31080
1791637032,921,0,1366875,20261010,1,51544,0,feed,29280,0,20,29280
1791637032,921,0,1367258,20261010,2,53362,-39,feed,28740,1,20,28380
1791637032,921,1,1367980,20261010,1,52531,0,feed,31200,0,20,31200
1791637032,921,1,1368062,20261010,20,51544,197,feed,28500,19,20,26700
1791637032,921,1,1368115,20261010,12,56123,144,feed,28500,11,20,27600
1791637032,921,0,1369262,20261010,1,51544,0,feed,30180,0,20,30180
1791637032,922,0,1311219,20261010,26,57329,-33,feed,28620,25,35,26160
1791637032,922,0,1311468,20261010,12,16884,-79,feed,28680,11,35,27600
1791637032,922,1,1311599,20261010,1,56100,0,feed,31260,0,34,31260
1791637032,922,1,1311892,20261010,1,56100,0,feed,30540,0,34,30540
1791637032,922,1,1312027,20261010,1,56100,0,feed,31920,0,34,31920
1791637032,922,0,1313079,20261010,18,57327,138,feed,28500,17,35,26880
1791637032,922,1,1313080,20261010,1,56100,39,feed,28560,0,34,28560
1791637032,922,1,1313532,20261010,34,57314,541,feed,28140,33,34,24840
1791637032,922,1,1313979,20261010,7,11888,77,feed,28560,6,34,27900
1791637032,922,0,1314032,20261010,1,57314,0,feed,30480,0,35,30480
1791637032,922,0,1314530,20261010,1,57314,0,feed,31920,0,35,31920
1791637032,922,0,1314786,20261010,1,57314,0,feed,29760,0,35,29760
1791637032,922,1,1314831,20261010,1,56100,0,feed,29220,0,34,29220
1791637032,922,0,1314847,20261010,1,57314,0,feed,29040,0,35,29040
1791637032,922,1,1314879,20261010,30,3523,-87,feed,28620,29,34,25620
1791637032,922,0,1315911,20261010,2,5805,209,feed,28320,1,35,28320
1791637032,922,0,1315961,20261010,32,57455,-36,feed,28620,31,35,25500
1791637032,922,1,1316438,20261010,1,56100,0,feed,29880,0,34,29880
1791637032,922,1,1316443,20261010,13,17371,231,feed,28500,12,34,27180
1791637032,922,1,1316963,20261010,22,40954,122,feed,28500,21,34,26400
1791637032,922,0,1317366,20261010,1,57314,0,feed,31200,0,35,31200
1791637032,923,1,1262753,20261010,1,57278,284,feed,28320,0,23,28320
1791637032,923,1,1262965,20261010,14,17839,103,feed,,,,
1791637032,923,0,1264663,20261010,1,56897,0,feed,,,,
1791637032,923,0,1265790,20261010,1,56897,0,feed,31380,0,22,31380
1791637032,923,1,1267369,20261010,1,57278,0,feed,30060,0,23,30060
1791637032,923,1,1268277,20261010,1,57278,0,feed,31980,0,23,31980
1791637032,923,0,1268664,20261010,20,9089,179,feed,28560,19,22,26880
1791637032,923,1,1268740,20261010,1,57278,0,feed,29220,0,23,29220
1791637032,923,0,1268963,20261010,1,56897,0,feed,32220,0,22,32220
1791637032,923,0,1271777,20261010,6,17856,222,feed,,,,
1791637032,923,0,1274274,20261010,1,56897,0,feed,29580,0,22,29580
1791637032,923,1,1274666,20261010,1,57278,0,feed,,,,
1791637032,923,0,1275401,20261010,1,56897,0,feed,28680,0,22,28680
1791637032,924,0,1262606,20261010,1,56873,0,feed,,,,
1791637032,924,1,1265262,20261010,27,80139,293,feed,,,,
1791637032,924,0,1265875,20261010,,,,canceled,,,,
1791637032,924,1,1267339,20261010,1,56823,0,feed,,,,
1791637032,924,1,1267579,20261010,1,56823,0,feed,,,,
1791637032,924,0,1267666,20261010,1,56873,0,feed,,,,
1791637032,924,1,1269774,20261010,1,56823,0,feed,,,,
1791637032,924,0,1270185,20261010,1,56873,0,feed,,,,
1791637032,924,0,1270550,20261010,38,9263,-29,feed,,,,
1791637032,924,0,1271275,20261010,1,56873,0,feed,,,,
1791637032,924,1,1271559,20261010,34,436,123,feed,,,,
1791637032,924,0,1271601,20261010,7,639,230,feed,,,,
1791637032,924,1,1271660,20261010,21,56909,70,feed,,,,
1791637032,924,1,1271853,20261010,1,56823,0,feed,,,,
1791637032,924,0,1272338,20261010,1,56873,0,feed,,,,
1791637032,924,0,1272470,20261010,29,43275,-61,feed,,,,
1791637032,924,1,1273476,20261010,36,444,703,feed,,,,
1791637032,924,1,1273796,20261010,13,11161,201,feed,,,,
1791637032,924,0,1273947,20261010,16,56925,-23,feed,,,,
1791637032,924,0,1274005,20261010,1,56873,0,feed,,,,
1791637032,924,1,1274359,20261010,6,56903,59,feed,,,,
1791637032,924,1,1275735,20261010,1,56823,0,feed,,,,
1791637032,925,0,1271836,20261010,34,15882,158,feed,28440,33,35,25560
1791637032,925,0,1273285,20261010,13,1316,32,feed,28620,12,35,27660
1791637032,925,0,1275013,20261010,28,16136,83,feed,28620,27,35,26220
1791637032,925,1,1331708,20261010,1,57541,0,feed,32220,0,35,32220
1791637032,925,1,1332065,20261010,1,57541,0,feed,30840,0,35,30840
1791637032,925,1,1332423,20261010,1,57541,0,feed,30120,0,35,30120
1791637032,925,1,1333394,20261010,30,52177,122,feed,28500,29,35,25860
1791637032,925,0,1333615,20261010,1,53703,0,feed,30480,0,35,30480
1791637032,925,0,1333671,20261010,1,53703,0,feed,31200,0,35,31200
1791637032,925,0,1333856,20261010,1,53703,0,feed,29760,0,35,29760
1791637032,925,1,1333922,20261010,15,17923,112,feed,28560,14,35,27300
1791637032,925,1,1334075,20261010,1,57541,0,feed,31500,0,35,31500
1791637032,925,0,1334536,20261010,19,17941,122,feed,28620,18,35,26940
1791637032,925,1,1334788,20261010,22,42219,-86,feed,28620,21,35,26580
1791637032,925,0,1335271,20261010,1,53703,0,feed,29040,0,35,29040
1791637032,925,1,1335505,20261010,1,57541,0,feed,28740,0,35,28740
1791637032,925,1,1335575,20261010,8,16116,19,feed,28620,7,35,28020
1791637032,925,0,1335632,20261010,5,1259,40,feed,28620,4,35,28320
1791637032,925,1,1335851,20261010,1,57541,0,feed,29400,0,35,29400
1791637032,925,0,1335885,20261010,1,53703,0,feed,31920,0,35,31920
1791637032,94,0,1183455,20261010,1,51200,0,feed,31380,0,15,31380
1791637032,94,1,1185711,20261010,2,57419,133,feed,28620,1,16,28440
1791637032,94,1,1347126,20261010,1,56100,0,feed,30240,0,16,30240
1791637032,94,0,1347990,20261010,9,18665,194,feed,28680,8,15,27780
1791637938,10,1,1369598,20261010,1,57165,0,feed,,,,
1791637938,10,0,1369716,20261010,14,17224,300,feed,,,,
1791637938,10,0,1369750,20261010,1,19337,0,feed,,,,
1791637938,10,1,1369896,20261010,1,57165,0,feed,,,,
1791637938,10,0,1369909,20261010,1,19337,0,feed,,,,
1791637938,10,1,1370219,20261010,59,17982,755,feed,,,,
1791637938,10,1,1370307,20261010,46,17978,45,feed,,,,
1791637938,10,0,1370631,20261010,1,19337,0,feed,,,,
1791637938,10,1,1370706,20261010,8,40227,83,feed,,,,
1791637938,10,1,1370847,20261010,1,57165,0,feed,,,,
1791637938,10,0,1370911,20261010,1,19337,0,feed,,,,
1791637938,10,1,1370921,20261010,42,17192,-30,feed,,,,
1791637938,10,1,1371233,20261010,1,57165,0,feed,,,,
1791637938,11,1,1317736,20261010,1,49304,0,feed,30600,0,79,30600
1791637938,11,0,1364493,20261010,1,51828,0,feed,31080,0,80,31080
1791637938,11,0,1365010,20261010,3,53545,89,feed,29460,2,80,29340
1791637938,11,0,1368798,20261010,1,51828,0,feed,31980,0,80,31980
1791637938,11,1,1368811,20261010,59,14331,-43,feed,29580,58,79,27060
1791637938,11,1,1370778,20261010,1,49304,0,feed,,,,
1791637938,11,0,1371026,20261010,42,17951,192,feed,,,,
1791637938,11,1,1371143,20261010,1,49304,0,feed,,,,
1791637938,14,0,1332502,20261010,56,8316,7,feed,29520,55,80,26820
1791637938,14,1,1369968,20261010,12,8348,200,feed,,,,
1791637938,14,1,1370263,20261010,1,50153,0,feed,,,,
1791637938,14,0,1370570,20261010,1,4345,0,feed,,,,
1791637938,14,0,1370837,20261010,22,15590,56,feed,,,,
1791637938,14,1,1370854,20261010,54,15615,80,feed,,,,
1791637938,14,0,1370944,20261010,1,4345,0,feed,,,,
1791637938,14,1,1370949,20261010,1,50153,0,feed,,,,
1791637938,17,1,1317951,20261010,33,4672,127,feed,29400,32,65,27240
1791637938,17,1,1318246,20261010,62,4789,882,feed,28920,61,65,25620
1791637938,17,1,1318412,20261010,11,15531,-87,feed,29640,10,65,29040
1791637938,17,0,1324422,20261010,1,57458,128,feed,29820,0,63,29820
1791637938,17,0,1333883,20261010,54,15486,54,feed,29520,53,63,26340
1791637938,17,0,1333898,20261010,1,57458,0,feed,31560,0,63,31560
1791637938,17,1,1335969,20261010,1,17192,0,feed,30840,0,65,30840
1791637938,17,1,1367100,20261010,1,17192,0,feed,32640,0,65,32640
1791637938,17,0,1367673,20261010,27,4862,188,feed,29340,26,63,28080
1791637938,18,0,1361017,20261010,42,1914,-98,feed,29640,41,51,27240
1791637938,18,0,1361139,20261010,1,57131,0,feed,30840,0,84,30840
1791637938,18,0,1361345,20261010,82,17998,246,feed,29280,81,84,25620
1791637938,18,1,1365623,20261010,1,56800,0,feed,30780,0,52,30780
1791637938,18,1,1366496,20261010,17,42211,243,feed,29340,16,83,28080
1791637938,18,1,1366899,20261010,1,56800,0,feed,31680,0,83,31680
1791637938,18,0,1366999,20261010,17,43664,79,feed,29460,16,84,29040
1791637938,18,1,1367384,20261010,45,1351,-221,feed,29580,44,52,27180
1791637938,18,0,1367589,20261010,1,57131,0,feed,32520,0,84,32520
1791637938,18,0,1367743,20261010,1,51852,0,feed,30780,0,51,30780
1791637938,18,1,1367843,20261010,1,56800,0,feed,29880,0,83,29880
1791637938,18,1,1367855,20261010,5,17980,189,feed,29340,4,52,28980
1791637938,18,0,1368311,20261010,,,,canceled,,,,
1791637938,18,0,1368895,20261010,60,1876,4,feed,29520,59,84,27300
1791637938,18,1,1369195,20261010,1,56800,0,feed,32580,0,52,32580
1791637938,18,0,1369255,20261010,7,1444,147,feed,29400,6,51,28980
1791637938,18,1,1369355,20261010,69,43614,-56,feed,29580,68,83,26400
1791637938,18,0,1369467,20261010,1,51852,0,feed,32520,0,51,32520
1791637938,2,1,1275547,20261010,1,50670,0,feed,33000,0,34,33000
1791637938,2,0,1319327,20261010,1,57469,0,feed,32220,0,34,32220
1791637938,2,0,1319576,20261010,1,57469,0,feed,30420,0,34,30420
1791637938,2,0,1331067,20261010,1,57469,0,feed,31320,0,41,31320
1791637938,2,0,1333277,20261010,1,57469,0,feed,29580,0,41,29580
1791637938,2,1,1361535,20261010,22,13267,199,feed,29340,21,42,27960
1791637938,2,1,1363769,20261010,1,57618,0,feed,29760,0,42,29760
1791637938,2,0,1363982,20261010,1,57469,0,feed,33120,0,41,33120
1791637938,2,0,1371046,20261010,17,80925,-40,feed,,,,
1791637938,2,1,1371123,20261010,1,57618,0,feed,,,,
1791637938,215,1,1269764,20261010,1,5020,0,feed,29760,0,27,29760
1791637938,215,0,1271377,20261010,1,49979,0,feed,31440,0,30,31440
1791637938,219,0,1303185,20261010,1,57340,0,feed,29760,0,74,29760
1791637938,219,1,1311569,20261010,1,5020,0,feed,29700,0,71,29700
1791637938,22,1,1357692,20261010,29,11172,794,feed,28800,28,84,27180
1791637938,22,1,1357780,20261010,2,9086,78,feed,29460,1,87,29400
1791637938,22,0,1365015,20261010,1,4558,0,feed,32340,0,82,32340
1791637938,22,0,1365245,20261010,1,4558,0,feed,31200,0,86,31200
1791637938,22,0,1366038,20261010,59,11178,7,feed,29520,58,82,26460
1791637938,22,0,1366517,20261010,16,4447,152,feed,29400,15,82,28800
1791637938,22,1,1367544,20261010,1,56825,0,feed,31860,0,84,31860
1791637938,22,1,1368123,20261010,21,11646,-32,feed,29580,20,84,28320
1791637938,22,1,1368394,20261010,66,19492,4,feed,29520,65,87,25860
1791637938,22,1,1368672,20261010,1,56825,0,feed,33000,0,87,33000
1791637938,22,0,1368944,20261010,81,11241,121,feed,29460,80,82,25260
1791637938,22,1,1369027,20261010,1,56825,0,feed,30600,0,84,30600
1791637938,22,0,1369165,20261010,1,4558,0,feed,30000,0,82,30000
1791637938,22,0,1369270,20261010,41,19426,-42,feed,29640,40,86,27660
1791637938,223,1,1360923,20261010,1,5020,0,feed,31260,0,34,31260
1791637938,223,0,1361983,20261010,29,80852,157,feed,29400,28,33,27960
1791637938,223,0,1362666,20261010,1,57691,19,feed,29760,0,33,29760
1791637938,223,1,1362920,20261010,29,57452,185,feed,29340,28,34,27660
1791637938,223,1,1363749,20261010,1,5020,0,feed,33060,0,34,33060
1791637938,225,1,1131121,20261010,1,45174,0,feed,32280,0,20,32280
1791637938,227,1,1274259,20261010,1,45174,0,feed,32280,0,45,32280
1791637938,25,1,1369797,20261010,30,14044,120,feed,,,,
1791637938,25,0,1369822,20261010,69,57224,185,feed,,,,
1791637938,25,1,1370340,20261010,1,57166,0,feed,,,,
1791637938,27,0,1363609,20261010,1,52857,0,feed,32400,0,23,32400
1791637938,27,1,1368218,20261010,1,51367,0,feed,31680,0,21,31680
1791637938,27,0,1369466,20261010,8,16845,497,feed,29040,7,23,28800
1791637938,3,0,1185403,20261010,1,54097,0,feed,32100,0,64,32100
1791637938,3,0,1321117,20261010,7,19315,1,feed,29520,6,64,28860
1791637938,3,1,1321969,20261010,1,56100,0,feed,30120,0,64,30120
1791637938,3,1,1322705,20261010,1,56100,0,feed,31920,0,64,31920
1791637938,3,0,1323136,20261010,44,50125,-2,feed,29520,43,65,27060
1791637938,3,0,1323264,20261010,1,54097,0,feed,32940,0,65,32940
1791637938,3,1,1323352,20261010,21,5594,260,feed,29280,20,65,28140
1791637938,3,1,1324397,20261010,55,19306,9,feed,29520,54,64,26820
1791637938,3,1,1369528,20261010,1,56100,0,feed,30840,0,65,30840
1791637938,3,1,1371112,20261010,1,56100,0,feed,,,,
1791637938,3,0,1371162,20261010,1,54097,0,feed,,,,
1791637938,30,1,1212213,20261010,1,15882,0,feed,30960,0,44,30960
1791637938,30,1,1213071,20261010,30,57645,222,feed,29340,29,44,27420
1791637938,30,1,1214617,20261010,1,15882,300,feed,29220,0,44,29220
1791637938,30,0,1215064,20261010,1,40238,26,feed,30240,0,48,30240
1791637938,30,0,1217801,20261010,1,40238,0,feed,32040,0,48,32040
1791637938,32,0,1331601,20261010,43,49229,119,feed,29460,42,59,27900
1791637938,32,0,1332116,20261010,1,50155,0,feed,31500,0,59,31500
1791637938,32,0,1332305,20261010,1,50155,0,feed,29700,0,59,29700
1791637938,32,1,1364965,20261010,1,57685,0,feed,30780,0,61,30780
1791637938,32,1,1365346,20261010,8,4118,191,feed,29340,7,61,29040
1791637938,32,1,1366195,20261010,1,57685,0,feed,32580,0,61,32580
1791637938,32,1,1368017,20261010,55,8376,355,feed,29160,54,61,27240
1791637938,323,0,1132200,20261010,1,51116,112,feed,29640,0,23,29640
1791637938,323,1,1132330,20261010,5,57040,87,feed,29460,4,25,29220
1791637938,323,0,1133491,20261010,1,51116,0,feed,32700,0,23,32700
1791637938,323,1,1133674,20261010,1,57508,0,feed,31020,0,25,31020
1791637938,323,1,1134558,20261010,23,51131,174,feed,29460,22,25,28320
1791637938,323,1,1135512,20261010,1,57508,0,feed,32820,0,25,32820
1791637938,323,0,1136212,20261010,1,51116,0,feed,31560,0,23,31560
1791637938,345,1,1132958,20261010,1,57508,0,feed,32520,0,15,32520
1791637938,345,1,1134141,20261010,3,57538,44,feed,29940,2,15,28920
1791637938,345,0,1136184,20261010,1,56879,0,feed,32400,0,15,32400
1791637938,345,0,1137191,20261010,9,42845,-14,feed,30120,8,15,28800
1791637938,36,0,1176582,20261010,1,57537,0,feed,33060,0,53,33060
1791637938,36,0,1185999,20261010,1,57537,0,feed,31380,0,53,31380
1791637938,36,1,1220779,20261010,43,6236,-163,feed,29580,42,50,28020
1791637938,36,1,1221282,20261010,1,50160,0,feed,29820,0,50,29820
1791637938,36,1,1362326,20261010,1,50160,0,feed,31620,0,50,31620
1791637938,36,0,1362765,20261010,1,57537,0,feed,29580,0,53,29580
1791637938,36,0,1363268,20261010,42,6206,133,feed,29400,41,53,27780
1791637938,38,1,1349414,20261010,66,40245,196,feed,29340,65,104,26640
1791637938,38,0,1349639,20261010,37,4812,13,feed,29520,36,108,28200
1791637938,38,0,1351532,20261010,1,48213,0,feed,31800,0,108,31800
1791637938,38,0,1351901,20261010,76,17516,-66,feed,29580,75,109,26460
1791637938,38,1,1354748,20261010,1,16494,0,feed,30240,0,104,30240
1791637938,38,0,1354833,20261010,1,48213,0,feed,30000,0,109,30000
1791637938,38,1,1355347,20261010,1,42032,0,feed,31860,0,107,31860
1791637938,38,1,1368131,20261010,27,80988,99,feed,29340,26,107,28260
1791637938,4,0,1159065,20261010,29,40273,151,feed,29400,28,87,28140
1791637938,4,1,1356771,20261010,10,15999,60,feed,29460,9,90,29280
1791637938,4,0,1358191,20261010,1,50231,0,feed,31380,0,89,31380
1791637938,4,0,1358682,20261010,3,41217,118,feed,29460,2,89,29400
1791637938,4,1,1359006,20261010,41,17925,400,feed,29160,40,85,27480
1791637938,4,1,1359383,20261010,89,1055,67,feed,29460,88,90,25680
1791637938,4,1,1359891,20261010,1,14153,0,feed,32520,0,90,32520
1791637938,4,0,1359977,20261010,1,50231,0,feed,33120,0,89,33120
1791637938,4,0,1360168,20261010,66,20033,-65,feed,29580,65,89,26640
1791637938,4,0,1360423,20261010,1,50231,0,feed,32160,0,53,32160
1791637938,4,0,1360468,20261010,1,50231,0,feed,30480,0,53,30480
1791637938,4,1,1360574,20261010,1,14153,0,feed,31020,0,85,31020
1791637938,46,1,1266877,20261010,1,51550,0,feed,31500,0,59,31500
1791637938,46,0,1270543,20261010,26,54058,-45,feed,29580,25,62,28860
1791637938,46,1,1277051,20261010,48,203,187,feed,29340,47,59,27900
1791637938,46,0,1288147,20261010,1,220,0,feed,30660,0,62,30660
1791637938,48,0,1304579,20261010,1,19301,0,feed,32700,0,61,32700
1791637938,48,1,1348922,20261010,2,50106,70,feed,29460,1,61,29400
1791637938,48,0,1354143,20261010,9,2877,-14,feed,29580,8,61,29100
1791637938,48,1,1354633,20261010,1,50152,0,feed,33000,0,61,33000
1791637938,5,1,1367183,20261010,1,51846,0,feed,32100,0,80,32100
1791637938,5,0,1367363,20261010,78,52008,-48,feed,29580,77,81,26520
1791637938,5,0,1367768,20261010,1,51212,0,feed,30120,0,81,30120
1791637938,5,1,1367813,20261010,22,11141,308,feed,29220,21,80,28560
1791637938,515,1,1350270,20261010,1,56877,0,feed,31620,0,49,31620
1791637938,515,0,1350683,20261010,2,44199,136,feed,29520,1,49,29460
1791637938,515,0,1352230,20261010,1,53704,0,feed,31260,0,49,31260
1791637938,515,1,1352625,20261010,1,56877,0,feed,32520,0,49,32520
1791637938,515,1,1353223,20261010,1,56877,0,feed,29880,0,49,29880
1791637938,515,0,1353288,20261010,1,53704,0,feed,33060,0,49,33060
1791637938,515,1,1353893,20261010,1,56877,0,feed,30780,0,49,30780
1791637938,515,0,1353967,20261010,37,663,8,feed,29520,36,49,28560
1791637938,515,1,1354295,20261010,11,709,190,feed,29340,10,49,28980
1791637938,515,0,1354351,20261010,1,53704,0,feed,30360,0,49,30360
1791637938,515,0,1354827,20261010,1,53704,0,feed,32160,0,49,32160
1791637938,534,1,1344342,20261010,1,51824,0,feed,29700,0,32,29700
1791637938,534,0,1344416,20261010,1,56725,0,feed,31620,0,35,31620
1791637938,534,0,1344434,20261010,1,56725,0,feed,29820,0,35,29820
1791637938,534,1,1345027,20261010,1,51824,0,feed,31500,0,32,31500
1791637938,538,0,1132277,20261010,11,42325,216,feed,29340,10,42,28800
1791637938,538,0,1133562,20261010,1,53704,0,feed,32400,0,42,32400
1791637938,538,0,1135114,20261010,42,56880,410,feed,29100,41,42,27000
1791637938,538,1,1318024,20261010,1,56880,0,feed,31680,0,40,31680
1791637938,538,1,1318336,20261010,1,56880,0,feed,29880,0,40,29880
1791637938,539,0,1137973,20261010,1,56725,0,feed,33120,0,41,33120
1791637938,539,0,879515,20261010,2,2078,-2,feed,29520,1,41,29460
1791637938,539,0,884214,20261010,1,56725,0,feed,31260,0,41,31260
1791637938,539,1,887554,20261010,1,56880,0,feed,31980,0,38,31980
1791637938,539,1,892839,20261010,32,1624,114,feed,29400,31,38,28380
1791637938,54,1,1132240,20261010,1,56100,0,feed,30000,0,27,30000
1791637938,54,0,1132790,20261010,1,56875,0,feed,32220,0,25,32220
1791637938,54,1,1132796,20261010,1,56100,0,feed,31800,0,27,31800
1791637938,54,0,1133608,20261010,1,56875,5,feed,29520,0,25,29520
1791637938,54,0,1346176,20261010,1,56875,0,feed,33120,0,46,33120
1791637938,54,0,1346471,20261010,19,10236,266,feed,29400,18,46,27720
1791637938,54,1,1347038,20261010,1,42319,0,feed,32760,0,47,32760
1791637938,54,1,1347987,20261010,5,5293,-62,feed,29580,4,47,29160
1791637938,54,1,1348005,20261010,22,43282,337,feed,29220,21,47,27360
1791637938,54,1,1353102,20261010,21,48548,251,feed,29340,20,27,27300
1791637938,54,0,1354169,20261010,1,56875,0,feed,31320,0,46,31320
1791637938,54,1,1360814,20261010,1,42319,0,feed,30960,0,47,30960
1791637938,540,0,1135740,20261010,1,53052,0,feed,30840,0,51,30840
1791637938,540,0,1138304,20261010,7,4386,121,feed,29400,6,51,29040
1791637938,540,1,883185,20261010,15,52162,188,feed,29340,14,48,28620
1791637938,540,1,891771,20261010,1,56879,0,feed,32220,0,48,32220
1791637938,546,1,1132468,20261010,1,51824,0,feed,30060,0,31,30060
1791637938,546,1,1137938,20261010,1,51824,0,feed,31860,0,31,31860
1791637938,546,0,885448,20261010,1,56725,84,feed,29760,0,33,29760
1791637938,61,1,1364571,20261010,72,40168,-132,feed,29580,71,73,25740
1791637938,61,1,1364671,20261010,3,11834,160,feed,29400,2,73,29280
1791637938,61,0,1365086,20261010,9,57457,176,feed,29340,8,76,28860
1791637938,61,1,1365668,20261010,1,52761,0,feed,32820,0,73,32820
1791637938,61,0,1365960,20261010,1,17905,0,feed,,,,
1791637938,61,0,1366634,20261010,56,40124,-105,feed,29580,55,76,27120
1791637938,61,1,1367080,20261010,1,52761,0,feed,31080,0,73,31080
1791637938,61,1,1368603,20261010,29,42420,98,feed,29460,28,73,27540
1791637938,61,0,1368859,20261010,1,17905,0,feed,32580,0,76,32580
1791637938,615,0,1346064,20261010,1,41157,0,feed,31980,0,76,31980
1791637938,615,1,1346165,20261010,1,3540,0,feed,31920,0,76,31920
1791637938,615,1,1347073,20261010,22,5751,463,feed,29100,21,76,28320
1791637938,62,0,1349165,20261010,13,6290,134,feed,29400,12,86,29100
1791637938,62,0,1349320,20261010,1,328,0,feed,30900,0,86,30900
1791637938,62,1,1349384,20261010,1,49141,0,feed,32040,0,83,32040
1791637938,62,1,1352537,20261010,1,49141,0,feed,30240,0,83,30240
1791637938,62,0,1354903,20261010,63,10505,-100,feed,29700,62,86,27300
1791637938,62,0,1359926,20261010,1,328,0,feed,32700,0,86,32700
1791637938,62,0,1359971,20261010,1,2611,0,feed,31380,0,67,31380
1791637938,62,1,1360619,20261010,36,80930,24,feed,29520,35,91,28200
1791637938,62,1,1362435,20261010,64,6342,74,feed,29460,63,83,26700
1791637938,63,1,1262710,20261010,1,51114,0,feed,31620,0,59,31620
1791637938,63,1,1269139,20261010,1,51114,0,feed,30720,0,59,30720
1791637938,63,1,1274289,20261010,1,51114,0,feed,29820,0,59,29820
1791637938,63,0,1346389,20261010,8,18669,69,feed,29460,7,60,29160
1791637938,63,0,1346885,20261010,60,51114,316,feed,29220,59,60,26160
1791637938,63,1,1347243,20261010,1,51114,0,feed,32520,0,59,32520
1791637938,63,0,1347332,20261010,38,3142,6,feed,29580,37,60,27960
1791637938,63,0,1348039,20261010,1,15795,0,feed,32340,0,60,32340
1791637938,63,1,1348190,20261010,25,52760,71,feed,29520,24,59,28020
1791637938,63,0,1368837,20261010,1,15795,0,feed,31440,0,60,31440
1791637938,64,1,1342583,20261010,2,5283,68,feed,29520,1,76,29460
1791637938,64,1,1343234,20261010,42,12886,136,feed,29400,41,76,28140
1791637938,64,0,1356049,20261010,1,52761,0,feed,32160,0,43,32160
1791637938,64,0,1357757,20261010,1,52761,0,feed,33060,0,78,33060
1791637938,64,0,1358435,20261010,28,12924,393,feed,29100,27,78,27660
1791637938,64,0,1358440,20261010,3,11834,-60,feed,29580,2,78,29460
1791637938,64,0,1359236,20261010,1,52761,0,feed,31260,0,78,31260
1791637938,64,1,1359588,20261010,61,11861,-34,feed,29580,60,65,27360
1791637938,64,0,1359712,20261010,1,52761,0,feed,30360,0,43,30360
1791637938,64,1,1359911,20261010,1,42157,0,feed,31380,0,43,31380
1791637938,64,0,1360098,20261010,15,11787,1,feed,29520,14,43,28560
1791637938,64,1,1360712,20261010,1,52015,0,feed,32880,0,76,32880
1791637938,64,1,1360799,20261010,1,52015,0,feed,31140,0,76,31140
1791637938,645,1,1208148,20261010,1,53293,185,feed,29820,0,55,29820
1791637938,645,0,1337929,20261010,47,19332,832,feed,28800,46,52,26520
1791637938,645,1,1340341,20261010,55,6990,566,feed,28980,54,55,26220
1791637938,645,0,1342044,20261010,1,6990,0,feed,30000,0,52,30000
1791637938,65,1,1349743,20261010,1,57690,0,feed,30480,0,38,30480
1791637938,65,1,1349914,20261010,1,57690,0,feed,32220,0,38,32220
1791637938,65,1,1351571,20261010,10,45388,262,feed,29280,9,38,28800
1791637938,65,0,1369921,20261010,1,10761,0,feed,,,,
1791637938,65,0,1370272,20261010,1,10761,151,feed,,,,
1791637938,65,0,1370435,20261010,11,10705,59,feed,,,,
1791637938,67,0,1270586,20261010,,,,canceled,,,,
1791637938,67,1,1271715,20261010,1,56100,0,feed,31680,0,65,31680
1791637938,67,1,1351909,20261010,1,56100,0,feed,29880,0,65,29880
1791637938,67,0,1359981,20261010,1,53723,0,feed,29700,0,65,29700
1791637938,67,1,1368614,20261010,31,15100,315,feed,29220,30,65,28080
1791637938,67,0,1369496,20261010,1,53723,0,feed,31500,0,65,31500
1791637938,68,1,1266613,20261010,1,11904,0,feed,32100,0,61,32100
1791637938,68,0,1276150,20261010,29,9878,71,feed,29460,28,59,28620
1791637938,68,0,1362553,20261010,2,9806,26,feed,33120,1,87,33120
1791637938,68,0,1362641,20261010,2,9806,144,feed,32220,1,59,32220
1791637938,68,0,1363191,20261010,2,9806,57,feed,29520,1,87,29520
1791637938,68,0,1363418,20261010,1,53340,0,feed,32400,0,118,32400
1791637938,68,1,1364071,20261010,1,11904,0,feed,30300,0,117,30300
1791637938,68,1,1366366,20261010,1,57511,0,feed,30180,0,83,30180
1791637938,68,1,1367360,20261010,25,49993,-111,feed,29580,24,83,28380
1791637938,68,0,1367376,20261010,2,9806,50,feed,31320,1,87,31320
1791637938,68,0,1367488,20261010,55,57625,-128,feed,29640,54,87,27720
1791637938,68,1,1367646,20261010,31,2797,506,feed,29040,30,125,27480
1791637938,68,0,1368075,20261010,20,9760,118,feed,29400,19,118,28800
1791637938,68,1,1369146,20261010,1,57511,0,feed,31920,0,83,31920
1791637938,686,1,1171517,20261010,4,47705,-463,feed,30240,3,4,27660
1791637938,686,0,1331453,20261010,1,47705,0,feed,31320,0,3,31320
1791637938,686,1,1335159,20261010,1,56939,0,feed,30540,0,4,30540
1791637938,686,0,1335558,20261010,2,57622,-155,feed,29880,1,3,28500
1791637938,7,0,1356094,20261010,1,51779,0,feed,32340,0,64,32340
1791637938,7,1,1357950,20261010,1,17679,0,feed,30060,0,60,30060
1791637938,7,1,1359429,20261010,24,56706,47,feed,29520,23,60,28260
1791637938,7,0,1359569,20261010,38,13235,354,feed,29160,37,64,27180
1791637938,7,1,1360783,20261010,1,17679,0,feed,31860,0,60,31860
1791637938,7,0,1370557,20261010,15,51549,74,feed,,,,
1791637938,7,1,1370715,20261010,52,15420,14,feed,,,,
1791637938,7,0,1370805,20261010,1,51779,0,feed,,,,
1791637938,71,1,1266754,20261010,1,51291,0,feed,31200,0,60,31200
1791637938,71,1,1275684,20261010,2,5112,113,feed,29460,1,60,29400
1791637938,71,0,1286572,20261010,37,50330,34,feed,29520,36,58,28020
1791637938,71,0,1361292,20261010,1,9715,0,feed,31320,0,75,31320
1791637938,71,1,1363660,20261010,45,10057,124,feed,29400,44,60,27660
1791637938,716,0,1136708,20261010,1,50154,0,feed,33000,0,51,33000
1791637938,716,0,1136877,20261010,2,8472,91,feed,29460,1,51,29400
1791637938,716,1,1137091,20261010,1,8728,0,feed,31320,0,50,31320
1791637938,72,1,1369752,20261010,1,13667,0,feed,,,,
1791637938,72,0,1370012,20261010,1,57615,0,feed,,,,
1791637938,72,0,1370464,20261010,18,17029,293,feed,,,,
1791637938,72,1,1370924,20261010,1,13667,0,feed,,,,
1791637938,721,1,1180924,20261010,8,9534,434,feed,29100,7,41,28800
1791637938,721,1,1181860,20261010,1,9522,0,feed,30600,0,41,30600
1791637938,721,0,1183526,20261010,13,9487,-96,feed,29580,12,43,29160
1791637938,721,0,1185414,20261010,1,51845,0,feed,32760,0,43,32760
1791637938,721,1,1186203,20261010,1,9522,0,feed,32400,0,41,32400
1791637938,721,0,1186726,20261010,1,51845,0,feed,30900,0,43,30900
1791637938,722,1,1177444,20261010,1,57636,0,feed,30000,0,53,30000
1791637938,722,0,1177596,20261010,1,56827,0,feed,32400,0,11,32400
1791637938,722,1,1178420,20261010,1,11486,0,feed,33120,0,14,33120
1791637938,722,1,1181165,20261010,1,11486,0,feed,29520,0,14,29520
1791637938,722,0,1182378,20261010,1,56827,0,feed,30600,0,51,30600
1791637938,723,1,1179416,20261010,1,53224,0,feed,32340,0,41,32340
1791637938,723,0,1182074,20261010,1,51845,0,feed,30600,0,39,30600
1791637938,723,1,1183220,20261010,32,42562,31,feed,29520,31,41,28740
1791637938,724,1,1131506,20261010,18,8744,74,feed,29460,17,35,28920
1791637938,724,0,1131523,20261010,22,42060,93,feed,29460,21,33,28800
1791637938,724,1,1131724,20261010,1,53222,0,feed,31620,0,35,31620
1791637938,724,0,1131975,20261010,1,51846,0,feed,31500,0,33,31500
1791637938,724,1,1132983,20261010,1,53222,0,feed,29820,0,35,29820
1791637938,724,1,1134316,20261010,1,53222,0,feed,30720,0,35,30720
1791637938,724,1,1134468,20261010,1,53222,0,feed,32520,0,35,32520
1791637938,724,0,1134577,20261010,1,51846,0,feed,32400,0,33,32400
1791637938,724,0,1134855,20261010,1,51846,0,feed,29700,0,33,29700
1791637938,724,0,1135136,20261010,1,51846,0,feed,30600,0,33,30600
1791637938,725,1,1312574,20261010,1,56775,0,feed,29700,0,49,29700
1791637938,725,0,1315971,20261010,1,57580,0,feed,30540,0,50,30540
1791637938,74,0,1355795,20261010,2,48896,9,feed,29640,1,59,29280
1791637938,74,1,1356106,20261010,1,13667,0,feed,29880,0,61,29880
1791637938,74,0,1359251,20261010,32,10238,296,feed,29220,31,59,27540
1791637938,74,1,1359469,20261010,57,56127,289,feed,29220,56,61,26340
1791637938,74,0,1359551,20261010,1,51546,0,feed,32820,0,59,32820
1791637938,74,1,1359729,20261010,1,13667,0,feed,31680,0,61,31680
1791637938,74,1,1360346,20261010,23,43282,87,feed,29460,22,61,28140
1791637938,74,0,1360675,20261010,1,51546,0,feed,31020,0,59,31020
1791637938,80,0,1313995,20261010,1,49979,0,feed,31320,0,42,31320
1791637938,80,1,1314319,20261010,1,50689,0,feed,33120,0,38,33120
1791637938,80,1,1316824,20261010,1,50689,0,feed,29520,0,38,29520
1791637938,802,0,1195013,20261010,10,10940,121,feed,29400,9,46,29040
1791637938,802,0,1197663,20261010,1,57169,0,feed,32640,0,46,32640
1791637938,802,1,1206022,20261010,1,42622,339,feed,30120,0,45,30120
1791637938,804,0,1261508,20261010,1,14153,0,feed,32400,0,32,32400
1791637938,804,0,1261569,20261010,26,57048,-90,feed,29580,25,32,28800
1791637938,805,1,1215683,20261010,1,50716,0,feed,29460,0,72,29460
1791637938,805,0,1219010,20261010,1,56775,0,feed,32640,0,72,32640
1791637938,827,1,1313446,20261010,1,57167,0,feed,29760,0,51,29760
1791637938,83,0,1263947,20261010,1,53725,0,feed,31140,0,44,31140
1791637938,83,0,1265376,20261010,4,57343,80,feed,29520,3,44,29340
1791637938,83,1,1351655,20261010,17,49729,197,feed,29340,16,41,28500
1791637938,83,1,1353827,20261010,1,52532,0,feed,32280,0,41,32280
1791637938,83,0,1354493,20261010,1,53725,0,feed,32940,0,44,32940
1791637938,83,1,1355055,20261010,1,52532,0,feed,30480,0,41,30480
1791637938,87,1,1303724,20261010,1,57690,0,feed,,,,
1791637938,87,1,1304405,20261010,1,57690,0,feed,31380,0,70,31380
1791637938,87,1,1305499,20261010,49,11754,23,feed,29520,48,70,27780
1791637938,87,0,1349518,20261010,16,13082,130,feed,29400,15,71,28920
1791637938,87,0,1349920,20261010,1,51892,0,feed,30720,0,71,30720
1791637938,87,0,1350383,20261010,68,591,-155,feed,29700,67,71,27120
1791637938,87,0,1350918,20261010,1,51892,0,feed,,,,
1791637938,9,0,1356090,20261010,1,40247,0,feed,29520,0,112,29520
1791637938,9,0,1356953,20261010,1,40247,0,feed,33060,0,112,33060
1791637938,9,0,1358009,20261010,49,17906,-57,feed,29580,48,100,27960
1791637938,9,1,1364535,20261010,1,51551,0,feed,32820,0,96,32820
1791637938,9,1,1366959,20261010,44,57459,124,feed,29400,43,111,27480
1791637938,9,0,1367020,20261010,1,52552,0,feed,31500,0,100,31500
1791637938,9,1,1367498,20261010,93,2989,391,feed,29220,92,96,25740
1791637938,9,0,1368117,20261010,85,16459,660,feed,28860,84,112,25920
1791637938,9,1,1368858,20261010,1,51551,0,feed,31020,0,111,31020
1791637938,901,0,882394,20261010,9,51431,180,feed,29400,8,20,28320
1791637938,901,1,886027,20261010,13,51417,240,feed,29280,12,20,27960
1791637938,901,1,887070,20261010,9,51413,60,feed,29520,8,20,28680
1791637938,901,0,887424,20261010,1,51405,0,feed,29760,0,20,29760
1791637938,901,1,890381,20261010,20,51405,60,feed,29640,19,20,27240
1791637938,901,1,895400,20261010,3,56336,0,feed,30300,2,20,30120
1791637938,901,0,899557,20261010,4,53280,240,feed,29340,3,20,29040
1791637938,901,1,904334,20261010,3,56336,0,feed,29580,2,20,29400
1791637938,902,1,878992,20261010,13,56038,0,feed,29520,12,24,28020
1791637938,902,1,879372,20261010,2,56027,0,feed,29580,1,24,29460
1791637938,902,1,880385,20261010,21,51423,300,feed,29220,20,24,26580
1791637938,902,1,883692,20261010,18,56043,60,feed,29520,17,24,27300
1791637938,902,0,891927,20261010,20,56014,300,feed,29280,19,24,26940
1791637938,902,0,894571,20261010,6,56338,-60,feed,29580,5,24,29100
1791637938,902,1,894931,20261010,8,56033,-60,feed,29580,7,24,28740
1791637938,902,0,899151,20261010,14,56008,240,feed,29280,13,24,27660
1791637938,902,0,902787,20261010,9,56003,240,feed,29280,8,24,28380
1791637938,902,1,903373,20261010,1,56026,0,feed,30180,0,24,30180
1791637938,902,0,984370,20261010,3,56336,0,feed,30000,2,24,29820
1791637938,903,1,1262783,20261010,1,56874,5,feed,29520,0,6,29520
1791637938,903,0,1269438,20261010,1,57285,0,feed,31560,0,6,31560
1791637938,903,0,1271793,20261010,1,57285,0,feed,29760,0,6,29760
1791637938,903,1,1276237,20261010,1,56874,0,feed,31320,0,6,31320
1791637938,904,1,1264566,20261010,1,56800,0,feed,32460,0,12,32460
1791637938,904,1,1274056,20261010,1,56800,0,feed,29760,0,12,29760
1791637938,904,0,1365137,20261010,1,56830,0,feed,32700,0,13,32700
1791637938,904,0,1366151,20261010,3,56831,324,feed,29580,2,13,29160
1791637938,904,0,1366804,20261010,1,56830,0,feed,31800,0,13,31800
1791637938,904,1,1367422,20261010,10,56884,230,feed,29400,9,12,27960
1791637938,904,0,1367662,20261010,1,56830,0,feed,30900,0,13,30900
1791637938,904,0,1367723,20261010,1,56830,0,feed,30060,0,13,30060
1791637938,904,1,1368435,20261010,6,17781,210,feed,29520,5,12,28860
1791637938,904,1,1368727,20261010,1,56800,0,feed,31560,0,12,31560
1791637938,904,0,1368821,20261010,7,53542,238,feed,29520,6,13,28260
1791637938,904,1,1369189,20261010,1,56800,0,feed,30660,0,12,30660
1791637938,905,0,1343818,20261010,1,52761,0,feed,32100,0,16,32100
1791637938,905,0,1343957,20261010,1,52761,0,feed,30300,0,16,30300
1791637938,905,1,1344391,20261010,1,57441,0,feed,32040,0,16,32040
1791637938,905,1,1344518,20261010,1,57441,0,feed,32940,0,16,32940
1791637938,905,0,1344653,20261010,1,52761,0,feed,33000,0,16,33000
1791637938,905,1,1344816,20261010,1,57441,0,feed,30240,0,16,30240
1791637938,905,0,1344888,20261010,1,52761,0,feed,31200,0,16,31200
1791637938,905,1,1345344,20261010,1,57441,0,feed,31140,0,16,31140
1791637938,905,1,1345395,20261010,15,52759,-443,feed,29640,14,16,27540
1791637938,905,0,1345575,20261010,15,57440,-59,feed,29640,14,16,27600
1791637938,905,0,1345720,20261010,9,57428,-45,feed,29640,8,16,28500
1791637938,905,1,1345824,20261010,10,57423,-78,feed,29580,9,16,28440
1791637938,905,0,1345882,20261010,1,52761,124,feed,29400,0,16,29400
1791637938,905,1,1345894,20261010,3,57437,-19,feed,29580,2,16,29340
1791637938,921,1,1365033,20261010,1,52531,0,feed,32100,0,20,32100
1791637938,921,0,1365372,20261010,1,51544,0,feed,31920,0,20,31920
1791637938,921,1,1366169,20261010,2,50015,85,feed,29520,1,20,29400
1791637938,921,0,1366875,20261010,2,53362,-18,feed,29640,1,20,29280
1791637938,921,1,1367058,20261010,1,52531,0,feed,30300,0,20,30300
1791637938,921,0,1367258,20261010,10,56116,179,feed,29340,9,20,28380
1791637938,921,1,1367980,20261010,1,52531,0,feed,31200,0,20,31200
1791637938,921,1,1368466,20261010,1,52531,0,feed,33000,0,20,33000
1791637938,921,0,1368747,20261010,1,51544,0,feed,32820,0,20,32820
1791637938,921,0,1368907,20261010,20,52531,123,feed,29340,19,20,27480
1791637938,921,0,1369262,20261010,1,51544,0,feed,30180,0,20,30180
1791637938,922,0,1311468,20261010,22,16971,-147,feed,29580,21,35,27600
1791637938,922,1,1311599,20261010,1,56100,0,feed,31260,0,34,31260
1791637938,922,1,1311892,20261010,1,56100,0,feed,30540,0,34,30540
1791637938,922,1,1312027,20261010,1,56100,0,feed,31920,0,34,31920
1791637938,922,0,1313079,20261010,28,17029,-20,feed,29580,27,35,26880
1791637938,922,1,1313080,20261010,8,17031,233,feed,29340,7,34,28560
1791637938,922,1,1313979,20261010,15,57336,153,feed,29400,14,34,27900
1791637938,922,0,1314032,20261010,1,57314,0,feed,30480,0,35,30480
1791637938,922,0,1314530,20261010,1,57314,0,feed,31920,0,35,31920
1791637938,922,0,1314542,20261010,1,57314,0,feed,32640,0,35,32640
1791637938,922,0,1314786,20261010,1,57314,0,feed,29760,0,35,29760
1791637938,922,1,1314831,20261010,3,57456,76,feed,29460,2,34,29220
1791637938,922,0,1314847,20261010,7,57356,10,feed,29580,6,35,29040
1791637938,922,1,1314975,20261010,1,56100,0,feed,32640,0,34,32640
1791637938,922,0,1315911,20261010,9,16857,529,feed,29040,8,35,28320
1791637938,922,1,1316438,20261010,1,56100,0,feed,29880,0,34,29880
1791637938,922,1,1316443,20261010,22,40954,342,feed,29280,21,34,27180
1791637938,922,1,1316963,20261010,31,3525,150,feed,29460,30,34,26400
1791637938,922,0,1317366,20261010,1,57314,0,feed,31200,0,35,31200
1791637938,923,1,1262753,20261010,9,56834,636,feed,28980,8,23,28320
1791637938,923,1,1262965,20261010,21,17910,251,feed,,,,
1791637938,923,0,1264663,20261010,1,56897,0,feed,,,,
1791637938,923,0,1265790,20261010,1,56897,0,feed,31380,0,22,31380
1791637938,923,1,1267369,20261010,1,57278,0,feed,30060,0,23,30060
1791637938,923,1,1268277,20261010,1,57278,0,feed,31980,0,23,31980
1791637938,923,1,1268740,20261010,5,9577,-32,feed,29580,4,23,29220
1791637938,923,0,1268963,20261010,1,56897,0,feed,32220,0,22,32220
1791637938,923,0,1271777,20261010,17,56527,359,feed,,,,
1791637938,923,0,1274274,20261010,1,56897,0,feed,29580,0,22,29580
1791637938,923,1,1274666,20261010,1,57278,0,feed,,,,
1791637938,923,0,1275260,20261010,1,56897,0,feed,33120,0,22,33120
1791637938,923,0,1275401,20261010,7,17853,197,feed,29340,6,22,28680
1791637938,923,1,1275570,20261010,1,57278,0,feed,32820,0,23,32820
1791637938,924,0,1262606,20261010,1,56873,0,feed,,,,
1791637938,924,1,1265262,20261010,34,436,330,feed,,,,
1791637938,924,0,1265875,20261010,,,,canceled,,,,
1791637938,924,1,1267339,20261010,1,56823,0,feed,,,,
1791637938,924,1,1267579,20261010,8,56904,154,feed,,,,
1791637938,924,0,1267666,20261010,1,56873,0,feed,,,,
1791637938,924,0,1269428,20261010,1,56873,0,feed,,,,
1791637938,924,1,1269774,20261010,1,56823,0,feed,,,,
1791637938,924,0,1270185,20261010,1,56873,0,feed,,,,
1791637938,924,1,1270873,20261010,1,56823,0,feed,,,,
1791637938,924,0,1271275,20261010,2,4513,185,feed,,,,
1791637938,924,0,1271601,20261010,16,56925,231,feed,,,,
1791637938,924,1,1271660,20261010,29,56917,84,feed,,,,
1791637938,924,1,1271853,20261010,2,9087,94,feed,,,,
1791637938,924,0,1272338,20261010,11,779,287,feed,,,,
1791637938,924,0,1272470,20261010,39,9089,-120,feed,,,,
1791637938,924,1,1273796,20261010,21,56909,337,feed,,,,
1791637938,924,0,1273947,20261010,24,17902,66,feed,,,,
1791637938,924,0,1274005,20261010,1,56873,0,feed,,,,
1791637938,924,1,1274359,20261010,16,17905,-9,feed,,,,
1791637938,924,1,1275735,20261010,1,56823,0,feed,,,,
1791637938,925,0,1273285,20261010,23,17948,47,feed,29580,22,35,27660
1791637938,925,0,1275013,20261010,35,57541,303,feed,29220,34,35,26220
1791637938,925,1,1331708,20261010,1,57541,0,feed,32220,0,35,32220
1791637938,925,1,1332065,20261010,1,57541,0,feed,30840,0,35,30840
1791637938,925,1,1332423,20261010,1,57541,0,feed,30120,0,35,30120
1791637938,925,0,1333615,20261010,1,53703,0,feed,30480,0,35,30480
1791637938,925,0,1333671,20261010,1,53703,0,feed,31200,0,35,31200
1791637938,925,0,1333840,20261010,1,53703,0,feed,32640,0,35,32640
1791637938,925,0,1333856,20261010,1,53703,0,feed,29760,0,35,29760
1791637938,925,1,1333922,20261010,24,57540,48,feed,29520,23,35,27300
1791637938,925,1,1334075,20261010,1,57541,0,feed,31500,0,35,31500
1791637938,925,0,1334536,20261010,29,16137,174,feed,29400,28,35,26940
1791637938,925,1,1334788,20261010,35,53703,-49,feed,29640,34,35,26580
1791637938,925,1,1335200,20261010,1,57541,0,feed,32940,0,35,32940
1791637938,925,0,1335271,20261010,8,57460,31,feed,29520,7,35,29040
1791637938,925,1,1335505,20261010,9,16119,189,feed,29400,8,35,28740
1791637938,925,1,1335575,20261010,18,17932,-3,feed,29580,17,35,28020
1791637938,925,0,1335632,20261010,16,1327,-193,feed,29700,15,35,28320
1791637938,925,1,1335851,20261010,3,15884,-24,feed,29580,2,35,29400
1791637938,925,0,1335885,20261010,1,53703,0,feed,31920,0,35,31920
1791637938,94,0,1183455,20261010,1,51200,0,feed,31380,0,15,31380
1791637938,94,1,1185711,20261010,8,17894,205,feed,29700,7,16,28440
1791637938,94,1,1347126,20261010,1,56100,0,feed,30240,0,16,30240
1791637938,94,0,1347990,20261010,14,57420,250,feed,29280,13,15,27780
1791638835,10,1,1369598,20261010,1,57165,0,feed,,,,
1791638835,10,0,1369716,20261010,31,17160,240,feed,,,,
1791638835,10,0,1369750,20261010,11,56542,89,feed,,,,
1791638835,10,1,1369896,20261010,12,14260,191,feed,,,,
1791638835,10,0,1369909,20261010,1,19337,0,feed,,,,
1791638835,10,1,1370169,20261010,1,57165,0,feed,,,,
1791638835,10,0,1370544,20261010,1,19337,0,feed,,,,
1791638835,10,0,1370631,20261010,1,19337,0,feed,,,,
1791638835,10,1,1370706,20261010,27,17180,117,feed,,,,
1791638835,10,1,1370847,20261010,1,57165,0,feed,,,,
1791638835,10,0,1370911,20261010,1,19337,0,feed,,,,
1791638835,10,1,1370921,20261010,57,17978,-13,feed,,,,
1791638835,10,1,1371233,20261010,1,57165,0,feed,,,,
1791638835,11,1,1317736,20261010,1,49304,0,feed,30600,0,79,30600
1791638835,11,1,1333584,20261010,40,17976,109,feed,30360,39,79,28800
1791638835,11,0,1364493,20261010,1,51828,0,feed,31080,0,80,31080
1791638835,11,0,1364891,20261010,1,51828,0,feed,32880,0,80,32880
1791638835,11,0,1365010,20261010,26,17759,235,feed,30180,25,80,29340
1791638835,11,0,1365189,20261010,1,51828,0,feed,33780,0,80,33780
1791638835,11,1,1367697,20261010,1,49304,0,feed,33300,0,79,33300
1791638835,11,0,1368798,20261010,1,51828,0,feed,31980,0,80,31980
1791638835,11,1,1370778,20261010,1,49304,0,feed,,,,
1791638835,11,0,1371026,20261010,70,14609,47,feed,,,,
1791638835,11,1,1371143,20261010,1,49304,0,feed,,,,
1791638835,14,0,1331975,20261010,1,4345,0,feed,33960,0,80,33960
1791638835,14,0,1332502,20261010,79,52327,65,feed,30360,78,80,26820
1791638835,14,1,1369968,20261010,32,57011,266,feed,,,,
1791638835,14,1,1370263,20261010,1,50153,0,feed,,,,
1791638835,14,0,1370570,20261010,1,4345,0,feed,,,,
1791638835,14,0,1370837,20261010,42,17897,107,feed,,,,
1791638835,14,1,1370854,20261010,75,755,-113,feed,,,,
1791638835,14,0,1370944,20261010,1,4345,2,feed,,,,
1791638835,14,1,1370949,20261010,1,50153,0,feed,,,,
1791638835,17,0,1132652,20261010,1,57458,0,feed,33360,0,63,33360
1791638835,17,1,1317951,20261010,52,42374,268,feed,30180,51,65,27240
1791638835,17,1,1318412,20261010,22,17982,61,feed,30420,21,65,29040
1791638835,17,0,1324422,20261010,4,57449,307,feed,30120,3,63,29820
1791638835,17,0,1333898,20261010,1,57458,0,feed,31560,0,63,31560
1791638835,17,1,1335969,20261010,1,17192,0,feed,30840,0,65,30840
1791638835,17,1,1367100,20261010,1,17192,0,feed,32640,0,65,32640
1791638835,17,0,1367673,20261010,42,1920,111,feed,30360,41,63,28080
1791638835,18,0,1361139,20261010,1,57131,0,feed,30840,0,84,30840
1791638835,18,1,1365623,20261010,1,56800,0,feed,30780,0,52,30780
1791638835,18,1,1366496,20261010,32,135,495,feed,29940,31,83,28080
1791638835,18,1,1366899,20261010,1,56800,0,feed,31680,0,83,31680
1791638835,18,0,1366999,20261010,44,1756,-119,feed,30480,43,84,29040
1791638835,18,1,1367572,20261010,1,56800,0,feed,33480,0,83,33480
1791638835,18,0,1367589,20261010,1,57131,0,feed,32520,0,84,32520
1791638835,18,0,1367743,20261010,1,51852,0,feed,30780,0,51,30780
1791638835,18,1,1367843,20261010,8,17986,-91,feed,30540,7,83,29880
1791638835,18,1,1367855,20261010,17,42211,127,feed,30300,16,52,28980
1791638835,18,0,1368311,20261010,,,,canceled,,,,
1791638835,18,0,1368895,20261010,74,1911,14,feed,30420,73,84,27300
1791638835,18,1,1369195,20261010,1,56800,0,feed,32580,0,52,32580
1791638835,18,0,1369255,20261010,24,1872,229,feed,30240,23,51,28980
1791638835,18,0,1369467,20261010,1,51852,0,feed,32520,0,51,32520
1791638835,2,1,1275547,20261010,1,50670,0,feed,33000,0,34,33000
1791638835,2,0,1319327,20261010,1,57469,0,feed,32220,0,34,32220
1791638835,2,0,1319576,20261010,1,57469,0,feed,30420,0,34,30420
1791638835,2,0,1331067,20261010,1,57469,0,feed,31320,0,41,31320
1791638835,2,0,1333277,20261010,17,80925,-11,feed,30480,16,41,29580
1791638835,2,1,1361126,20261010,1,57618,0,feed,33300,0,42,33300
1791638835,2,1,1361535,20261010,36,80928,259,feed,30120,35,42,27960
1791638835,2,1,1363769,20261010,11,41248,3,feed,30420,10,42,29760
1791638835,2,0,1363982,20261010,1,57469,0,feed,33120,0,41,33120
1791638835,2,0,1371046,20261010,32,13209,-115,feed,,,,
1791638835,2,1,1371123,20261010,1,57618,0,feed,,,,
1791638835,215,1,1268010,20261010,1,5020,0,feed,33360,0,27,33360
1791638835,215,1,1269764,20261010,11,57714,120,feed,30300,10,27,29760
1791638835,215,0,1271377,20261010,1,49979,0,feed,31440,0,30,31440
1791638835,219,0,1303185,20261010,16,50529,163,feed,30300,15,74,29760
1791638835,219,0,1304104,20261010,1,57340,0,feed,33360,0,74,33360
1791638835,219,1,1311569,20261010,18,7724,52,feed,30360,17,71,29700
1791638835,219,1,1313107,20261010,1,5020,0,feed,33300,0,71,33300
1791638835,22,1,1357692,20261010,44,41705,804,feed,29580,43,84,27180
1791638835,22,1,1357780,20261010,22,11641,-59,feed,30600,21,87,29400
1791638835,22,0,1365015,20261010,1,4558,0,feed,32340,0,82,32340
1791638835,22,0,1365245,20261010,1,4558,0,feed,31200,0,86,31200
1791638835,22,0,1366038,20261010,74,8953,176,feed,30240,73,82,26460
1791638835,22,0,1366517,20261010,34,15313,183,feed,30240,33,82,28800
1791638835,22,1,1367544,20261010,1,56825,0,feed,31860,0,84,31860
1791638835,22,1,1368123,20261010,33,17908,122,feed,30300,32,84,28320
1791638835,22,0,1368193,20261010,1,4558,0,feed,33540,0,82,33540
1791638835,22,1,1368672,20261010,1,56825,0,feed,33000,0,87,33000
1791638835,22,1,1369027,20261010,1,56825,0,feed,30600,0,84,30600
1791638835,22,0,1369165,20261010,11,19434,3,feed,30420,10,82,30000
1791638835,22,0,1369270,20261010,55,2875,3,feed,30420,54,86,27660
1791638835,223,1,1360923,20261010,1,5020,0,feed,31260,0,34,31260
1791638835,223,0,1362089,20261010,1,57691,0,feed,33360,0,33,33360
1791638835,223,0,1362666,20261010,11,45289,115,feed,30300,10,33,29760
1791638835,223,1,1363749,20261010,1,5020,0,feed,33060,0,34,33060
1791638835,225,1,1131121,20261010,1,45174,0,feed,32280,0,20,32280
1791638835,227,1,1274259,20261010,1,45174,0,feed,32280,0,45,32280
1791638835,25,1,1369797,20261010,57,15719,-17,feed,,,,
1791638835,25,0,1370343,20261010,1,19337,0,feed,,,,
1791638835,27,0,1363609,20261010,1,52857,0,feed,32400,0,23,32400
1791638835,27,1,1368218,20261010,1,51367,0,feed,31680,0,21,31680
1791638835,3,0,1185403,20261010,1,54097,0,feed,32100,0,64,32100
1791638835,3,1,1188234,20261010,1,56100,0,feed,33720,0,64,33720
1791638835,3,0,1321117,20261010,22,16085,36,feed,30420,21,64,28860
1791638835,3,1,1321969,20261010,2,2611,183,feed,30300,1,64,30120
1791638835,3,1,1322705,20261010,1,56100,0,feed,31920,0,64,31920
1791638835,3,0,1323136,20261010,59,57018,69,feed,30360,58,65,27060
1791638835,3,0,1323264,20261010,1,54097,0,feed,32940,0,65,32940
1791638835,3,1,1323352,20261010,42,52305,220,feed,30240,41,65,28140
1791638835,3,1,1369528,20261010,1,56100,0,feed,30840,0,65,30840
1791638835,3,0,1370816,20261010,1,54097,0,feed,,,,
1791638835,3,1,1371112,20261010,1,56100,0,feed,,,,
1791638835,3,0,1371162,20261010,1,54097,0,feed,,,,
1791638835,30,1,1212213,20261010,1,15882,0,feed,30960,0,44,30960
1791638835,30,1,1214617,20261010,15,12696,85,feed,30360,14,44,29220
1791638835,30,0,1215064,20261010,6,8248,47,feed,30360,5,48,30240
1791638835,30,0,1216003,20261010,1,40238,0,feed,33840,0,48,33840
1791638835,30,0,1217801,20261010,1,40238,0,feed,32040,0,48,32040
1791638835,32,0,1331227,20261010,1,50155,0,feed,33300,0,59,33300
1791638835,32,0,1332116,20261010,1,50155,0,feed,31500,0,59,31500
1791638835,32,0,1332305,20261010,21,12775,99,feed,30360,20,59,29700
1791638835,32,1,1364965,20261010,1,57685,0,feed,30780,0,61,30780
1791638835,32,1,1365346,20261010,36,12792,41,feed,30420,35,61,29040
1791638835,32,1,1366195,20261010,1,57685,0,feed,32580,0,61,32580
1791638835,323,0,1132200,20261010,16,57033,74,feed,30360,15,23,29640
1791638835,323,0,1133491,20261010,1,51116,0,feed,32700,0,23,32700
1791638835,323,1,1133674,20261010,1,57508,0,feed,31020,0,25,31020
1791638835,323,1,1135512,20261010,1,57508,0,feed,32820,0,25,32820
1791638835,323,0,1136212,20261010,1,51116,0,feed,31560,0,23,31560
1791638835,345,1,1132958,20261010,1,57508,0,feed,32520,0,15,32520
1791638835,345,1,1134141,20261010,8,56939,-56,feed,30900,7,15,28920
1791638835,345,0,1136184,20261010,1,56879,0,feed,32400,0,15,32400
1791638835,345,0,1137191,20261010,14,53873,147,feed,30600,13,15,28800
1791638835,36,0,1176582,20261010,1,57537,0,feed,33060,0,53,33060
1791638835,36,0,1185999,20261010,1,57537,0,feed,31380,0,53,31380
1791638835,36,1,1221282,20261010,14,6379,83,feed,30360,13,50,29820
1791638835,36,1,1362326,20261010,1,50160,0,feed,31620,0,50,31620
1791638835,36,0,1362765,20261010,21,53705,30,feed,30420,20,53,29580
1791638835,36,1,1368040,20261010,1,50160,0,feed,33420,0,50,33420
1791638835,38,1,1349414,20261010,93,51119,179,feed,30240,92,104,26640
1791638835,38,0,1349639,20261010,58,50109,3,feed,30420,57,108,28200
1791638835,38,0,1351532,20261010,1,48213,0,feed,31800,0,108,31800
1791638835,38,1,1351767,20261010,1,16494,0,feed,33840,0,104,33840
1791638835,38,0,1351901,20261010,96,12541,56,feed,30360,95,109,26460
1791638835,38,1,1354748,20261010,3,16497,91,feed,30360,2,104,30240
1791638835,38,0,1354833,20261010,10,48213,-14,feed,30480,9,109,30000
1791638835,38,1,1355347,20261010,1,42032,0,feed,31860,0,107,31860
1791638835,38,1,1368131,20261010,47,3525,31,feed,30420,46,107,28260
1791638835,38,0,1369308,20261010,1,48213,0,feed,33540,0,109,33540
1791638835,4,0,1159065,20261010,46,17939,231,feed,30240,45,87,28140
1791638835,4,0,1159935,20261010,1,50231,0,feed,33840,0,53,33840
1791638835,4,1,1356771,20261010,32,15553,60,feed,30420,31,90,29280
1791638835,4,0,1358191,20261010,1,50231,0,feed,31380,0,89,31380
1791638835,4,0,1358682,20261010,27,1857,35,feed,30420,26,89,29400
1791638835,4,1,1359006,20261010,62,2856,140,feed,30300,61,85,27480
1791638835,4,1,1359891,20261010,1,14153,0,feed,32520,0,90,32520
1791638835,4,0,1359977,20261010,1,50231,0,feed,33120,0,89,33120
1791638835,4,0,1360423,20261010,1,50231,0,feed,32160,0,53,32160
1791638835,4,0,1360468,20261010,1,50231,0,feed,30480,0,53,30480
1791638835,4,1,1360574,20261010,1,14153,0,feed,31020,0,85,31020
1791638835,46,1,1266877,20261010,1,51550,0,feed,31500,0,59,31500
1791638835,46,0,1270543,20261010,56,15406,-86,feed,30480,55,62,28860
1791638835,46,1,1279525,20261010,1,51550,0,feed,33300,0,59,33300
1791638835,46,0,1288147,20261010,1,220,0,feed,30660,0,62,30660
1791638835,48,0,1304579,20261010,1,19301,0,feed,32700,0,61,32700
1791638835,48,1,1348922,20261010,34,8228,18,feed,30420,33,61,29400
1791638835,48,0,1354143,20261010,37,19579,-71,feed,30480,36,61,29100
1791638835,48,1,1354633,20261010,1,50152,0,feed,33000,0,61,33000
1791638835,5,0,1366026,20261010,1,51212,0,feed,33660,0,81,33660
1791638835,5,1,1367183,20261010,1,51846,0,feed,32100,0,80,32100
1791638835,5,0,1367768,20261010,13,788,10,feed,30420,12,81,30120
1791638835,5,1,1367813,20261010,44,17905,372,feed,30060,43,80,28560
1791638835,515,1,1350270,20261010,1,56877,0,feed,31620,0,49,31620
1791638835,515,0,1350683,20261010,28,655,244,feed,30180,27,49,29460
1791638835,515,1,1351176,20261010,1,56877,0,feed,33420,0,49,33420
1791638835,515,0,1351215,20261010,1,53704,0,feed,33960,0,49,33960
1791638835,515,0,1352230,20261010,1,53704,0,feed,31260,0,49,31260
1791638835,515,1,1352625,20261010,1,56877,0,feed,32520,0,49,32520
1791638835,515,1,1353223,20261010,1,56877,547,feed,29880,0,49,29880
1791638835,515,0,1353288,20261010,1,53704,0,feed,33060,0,49,33060
1791638835,515,1,1353893,20261010,1,56877,0,feed,30780,0,49,30780
1791638835,515,1,1354295,20261010,46,1807,180,feed,30240,45,49,28980
1791638835,515,0,1354351,20261010,2,44199,86,feed,30420,1,49,30360
1791638835,515,0,1354827,20261010,1,53704,0,feed,32160,0,49,32160
1791638835,534,1,1344342,20261010,11,50070,250,feed,30120,10,32,29700
1791638835,534,0,1344416,20261010,1,56725,0,feed,31620,0,35,31620
1791638835,534,0,1344434,20261010,16,2098,69,feed,30360,15,35,29820
1791638835,534,1,1345027,20261010,1,51824,0,feed,31500,0,32,31500
1791638835,534,1,1345372,20261010,1,51824,0,feed,33300,0,32,33300
1791638835,534,0,1345591,20261010,1,56725,0,feed,33420,0,35,33420
1791638835,538,0,1132277,20261010,24,42088,349,feed,30060,23,42,28800
1791638835,538,0,1133562,20261010,1,53704,48,feed,32400,0,42,32400
1791638835,538,1,1318024,20261010,1,56880,0,feed,31680,0,40,31680
1791638835,538,1,1318336,20261010,1,56880,499,feed,29880,0,40,29880
1791638835,539,0,1137973,20261010,1,56725,0,feed,33120,0,41,33120
1791638835,539,0,879515,20261010,33,43724,-6,feed,30420,32,41,29460
1791638835,539,0,884214,20261010,1,56725,0,feed,31260,0,41,31260
1791638835,539,1,887554,20261010,1,56880,0,feed,31980,0,38,31980
1791638835,539,1,892670,20261010,1,56880,0,feed,33780,0,38,33780
1791638835,54,1,1132240,20261010,4,57417,114,feed,30360,3,27,30000
1791638835,54,0,1132790,20261010,1,56875,0,feed,32220,0,25,32220
1791638835,54,1,1132796,20261010,1,56100,0,feed,31800,0,27,31800
1791638835,54,0,1133608,20261010,9,13143,-12,feed,30480,8,25,29520
1791638835,54,1,1342013,20261010,1,56100,0,feed,33600,0,27,33600
1791638835,54,0,1346176,20261010,1,56875,0,feed,33120,0,46,33120
1791638835,54,0,1346471,20261010,30,80957,309,feed,30120,29,46,27720
1791638835,54,1,1347038,20261010,1,42319,0,feed,32760,0,47,32760
1791638835,54,1,1347987,20261010,14,81104,-49,feed,30480,13,47,29160
1791638835,54,1,1348005,20261010,32,11698,480,feed,30000,31,47,27360
1791638835,54,0,1354169,20261010,1,56875,0,feed,31320,0,46,31320
1791638835,54,1,1360814,20261010,1,42319,0,feed,30960,0,47,30960
1791638835,540,0,1135740,20261010,1,53052,0,feed,30840,0,51,30840
1791638835,540,0,1138304,20261010,33,51839,158,feed,30300,32,51,29040
1791638835,540,1,883185,20261010,42,56745,147,feed,30300,41,48,28620
1791638835,540,1,891771,20261010,1,56879,0,feed,32220,0,48,32220
1791638835,540,1,897635,20261010,1,56879,0,feed,34020,0,48,34020
1791638835,546,1,1132468,20261010,8,3445,114,feed,30300,7,31,30060
1791638835,546,1,1137938,20261010,1,51824,0,feed,31860,0,31,31860
1791638835,546,0,885448,20261010,11,52209,109,feed,30300,10,33,29760
1791638835,546,0,895752,20261010,1,56725,13,feed,33360,0,33,33360
1791638835,61,1,1364671,20261010,14,80817,106,feed,30300,13,73,29280
1791638835,61,0,1365086,20261010,35,57535,-193,feed,30480,34,76,28860
1791638835,61,1,1365668,20261010,1,52761,0,feed,32820,0,73,32820
1791638835,61,0,1365960,20261010,1,17905,0,feed,,,,
1791638835,61,0,1366634,20261010,70,43282,-152,feed,30540,69,76,27120
1791638835,61,1,1367080,20261010,1,52761,0,feed,31080,0,73,31080
1791638835,61,1,1368603,20261010,52,7235,1,feed,30420,51,73,27540
1791638835,61,0,1368859,20261010,1,17905,0,feed,32580,0,76,32580
1791638835,615,0,1346064,20261010,1,41157,0,feed,31980,0,76,31980
1791638835,615,1,1346165,20261010,1,3540,0,feed,31920,0,76,31920
1791638835,615,1,1347073,20261010,44,3573,469,feed,29940,43,76,28320
1791638835,62,0,1349165,20261010,47,292,77,feed,30360,46,86,29100
1791638835,62,0,1349320,20261010,1,328,0,feed,30900,0,86,30900
1791638835,62,1,1349384,20261010,1,49141,0,feed,32040,0,83,32040
1791638835,62,1,1350721,20261010,1,49141,0,feed,33840,0,83,33840
1791638835,62,1,1352537,20261010,2,45305,182,feed,30240,1,83,30240
1791638835,62,0,1359926,20261010,1,328,0,feed,32700,0,86,32700
1791638835,62,0,1359971,20261010,1,2611,0,feed,31380,0,67,31380
1791638835,62,1,1360619,20261010,48,45128,22,feed,30480,47,91,28200
1791638835,63,1,1262710,20261010,1,51114,0,feed,31620,0,59,31620
1791638835,63,1,1269139,20261010,1,51114,0,feed,30720,0,59,30720
1791638835,63,1,1271234,20261010,1,51114,0,feed,33420,0,59,33420
1791638835,63,1,1274289,20261010,13,3236,214,feed,30240,12,59,29820
1791638835,63,0,1346133,20261010,1,15795,0,feed,33240,0,60,33240
1791638835,63,0,1346389,20261010,27,3130,86,feed,30360,26,60,29160
1791638835,63,1,1347243,20261010,1,51114,0,feed,32520,0,59,32520
1791638835,63,0,1347332,20261010,47,3164,-70,feed,30480,46,60,27960
1791638835,63,0,1348039,20261010,1,15795,0,feed,32340,0,60,32340
1791638835,63,1,1348190,20261010,42,3089,79,feed,30360,41,59,28020
1791638835,63,0,1368837,20261010,1,15795,0,feed,31440,0,60,31440
1791638835,64,1,1342583,20261010,28,5338,-6,feed,30360,27,76,29460
1791638835,64,1,1343234,20261010,67,11818,178,feed,30240,66,76,28140
1791638835,64,0,1356049,20261010,1,52761,0,feed,32160,0,43,32160
1791638835,64,0,1357136,20261010,1,52761,0,feed,33960,0,43,33960
1791638835,64,0,1357757,20261010,1,52761,0,feed,33060,0,78,33060
1791638835,64,0,1358435,20261010,65,3914,357,feed,30060,64,78,27660
1791638835,64,0,1358440,20261010,15,11787,-6,feed,30420,14,78,29460
1791638835,64,0,1359236,20261010,1,52761,0,feed,31260,0,78,31260
1791638835,64,1,1359435,20261010,1,42157,0,feed,33180,0,43,33180
1791638835,64,0,1359712,20261010,1,52761,59,feed,30360,0,43,30360
1791638835,64,1,1359911,20261010,1,42157,0,feed,31380,0,43,31380
1791638835,64,1,1360712,20261010,1,52015,0,feed,32880,0,76,32880
1791638835,64,1,1360799,20261010,1,52015,0,feed,31140,0,76,31140
1791638835,645,1,1208148,20261010,2,53294,552,feed,29880,1,55,29820
1791638835,645,0,1337122,20261010,1,6990,0,feed,33480,0,52,33480
1791638835,645,1,1341885,20261010,1,53293,0,feed,33420,0,55,33420
1791638835,645,0,1342044,20261010,12,7030,-61,feed,30480,11,52,30000
1791638835,65,1,1349743,20261010,1,57690,0,feed,30480,0,38,30480
1791638835,65,1,1349914,20261010,1,57690,0,feed,32220,0,38,32220
1791638835,65,1,1351571,20261010,36,80981,266,feed,30240,35,38,28800
1791638835,65,0,1369921,20261010,1,10761,0,feed,,,,
1791638835,65,0,1370272,20261010,1,10761,229,feed,,,,
1791638835,65,0,1370435,20261010,40,57690,-15,feed,,,,
1791638835,67,0,1270586,20261010,,,,canceled,,,,
1791638835,67,1,1271715,20261010,1,56100,0,feed,31680,0,65,31680
1791638835,67,1,1351909,20261010,3,1235,331,feed,30120,2,65,29880
1791638835,67,0,1355672,20261010,1,53723,0,feed,33300,0,65,33300
1791638835,67,1,1359653,20261010,1,56100,0,feed,33480,0,65,33480
1791638835,67,0,1359981,20261010,15,16523,122,feed,30300,14,65,29700
1791638835,67,1,1368614,20261010,56,16532,368,feed,30060,55,65,28080
1791638835,67,0,1369496,20261010,1,53723,0,feed,31500,0,65,31500
1791638835,68,1,1266613,20261010,1,11904,0,feed,32100,0,61,32100
1791638835,68,0,1276150,20261010,54,2610,62,feed,30360,53,59,28620
1791638835,68,1,1338346,20261010,1,11904,0,feed,33900,0,117,33900
1791638835,68,0,1362553,20261010,2,9806,26,feed,33120,1,87,33120
1791638835,68,0,1362641,20261010,2,9806,144,feed,32220,1,59,32220
1791638835,68,0,1363191,20261010,31,56425,50,feed,30420,30,87,29520
1791638835,68,0,1363418,20261010,1,53340,0,feed,32400,0,118,32400
1791638835,68,1,1364071,20261010,2,47356,63,feed,30360,1,117,30300
1791638835,68,1,1366205,20261010,1,57511,0,feed,33720,0,83,33720
1791638835,68,1,1366366,20261010,8,81112,60,feed,30360,7,83,30180
1791638835,68,1,1367360,20261010,50,364,-99,feed,30480,49,83,28380
1791638835,68,0,1367376,20261010,2,9806,50,feed,31320,1,87,31320
1791638835,68,0,1367488,20261010,67,49938,-175,feed,30480,66,87,27720
1791638835,68,1,1367646,20261010,63,9924,397,feed,30060,62,125,27480
1791638835,68,0,1368075,20261010,61,9827,14,feed,30420,60,118,28800
1791638835,68,1,1369146,20261010,1,57511,0,feed,31920,0,83,31920
1791638835,686,1,1170390,20261010,1,56939,0,feed,33360,0,4,33360
1791638835,686,0,1331453,20261010,1,47705,0,feed,31320,0,3,31320
1791638835,686,1,1335159,20261010,1,56939,98,feed,30540,0,4,30540
1791638835,686,0,1335558,20261010,3,56939,98,feed,30540,2,3,28500
1791638835,7,0,1356094,20261010,1,51779,0,feed,32340,0,64,32340
1791638835,7,1,1357950,20261010,8,17699,58,feed,30360,7,60,30060
1791638835,7,1,1359429,20261010,42,16602,-95,feed,30480,41,60,28260
1791638835,7,0,1359569,20261010,56,17658,219,feed,30240,55,64,27180
1791638835,7,1,1360783,20261010,1,17679,0,feed,31860,0,60,31860
1791638835,7,0,1370557,20261010,30,57481,2,feed,,,,
1791638835,7,0,1370805,20261010,1,51779,0,feed,,,,
1791638835,7,1,1371241,20261010,1,17679,0,feed,,,,
1791638835,71,1,1266754,20261010,1,51291,0,feed,31200,0,60,31200
1791638835,71,0,1267604,20261010,19,47044,-11,feed,30420,18,58,29820
1791638835,71,1,1268776,20261010,1,51291,0,feed,33000,0,60,33000
1791638835,71,0,1274522,20261010,1,9715,0,feed,33420,0,58,33420
1791638835,71,1,1275684,20261010,26,11904,48,feed,30360,25,60,29400
1791638835,71,0,1361292,20261010,1,9715,0,feed,31320,0,75,31320
1791638835,716,0,1136708,20261010,1,50154,0,feed,33000,0,51,33000
1791638835,716,0,1136877,20261010,35,8689,-125,feed,30480,34,51,29400
1791638835,716,1,1137091,20261010,1,8728,0,feed,31320,0,50,31320
1791638835,72,1,1369752,20261010,3,5003,60,feed,,,,
1791638835,72,1,1369953,20261010,1,13667,0,feed,,,,
1791638835,72,0,1370012,20261010,2,57616,236,feed,,,,
1791638835,72,0,1370047,20261010,1,57615,0,feed,,,,
1791638835,72,0,1370464,20261010,33,13734,122,feed,,,,
1791638835,72,1,1370924,20261010,1,13667,0,feed,,,,
1791638835,721,1,1181860,20261010,1,9522,126,feed,30600,0,41,30600
1791638835,721,0,1183526,20261010,37,9513,175,feed,30300,36,43,29160
1791638835,721,0,1185414,20261010,1,51845,0,feed,32760,0,43,32760
1791638835,722,1,1177444,20261010,10,8822,-91,feed,30480,9,53,30000
1791638835,722,0,1177596,20261010,1,56827,0,feed,32400,0,11,32400
1791638835,722,1,1178420,20261010,1,11486,0,feed,33120,0,14,33120
1791638835,722,1,1181355,20261010,1,57636,0,feed,33600,0,53,33600
1791638835,722,0,1182378,20261010,1,56827,0,feed,30600,0,51,30600
1791638835,723,1,1179416,20261010,1,53224,0,feed,32340,0,41,32340
1791638835,723,0,1182074,20261010,1,51845,0,feed,30600,0,39,30600
1791638835,724,1,1131724,20261010,1,53222,0,feed,31620,0,35,31620
1791638835,724,0,1131975,20261010,1,51846,0,feed,31500,0,33,31500
1791638835,724,1,1132983,20261010,19,8840,-33,feed,30480,18,35,29820
1791638835,724,1,1133199,20261010,1,53222,0,feed,33420,0,35,33420
1791638835,724,1,1134316,20261010,1,53222,0,feed,30720,0,35,30720
1791638835,724,1,1134468,20261010,1,53222,0,feed,32520,0,35,32520
1791638835,724,0,1134577,20261010,1,51846,0,feed,32400,0,33,32400
1791638835,724,0,1134855,20261010,19,8746,191,feed,30240,18,33,29700
1791638835,724,0,1134966,20261010,1,51846,0,feed,33300,0,33,33300
1791638835,724,0,1135136,20261010,1,51846,0,feed,30600,0,33,30600
1791638835,725,0,1312352,20261010,1,57580,0,feed,34020,0,50,34020
1791638835,725,1,1312574,20261010,11,57598,114,feed,30360,10,49,29700
1791638835,725,0,1315971,20261010,1,57580,0,feed,30540,0,50,30540
1791638835,725,1,1316719,20261010,1,56775,0,feed,33300,0,49,33300
1791638835,74,0,1355795,20261010,17,11721,108,feed,30360,16,59,29280
1791638835,74,1,1356106,20261010,11,12900,-142,feed,30480,10,61,29880
1791638835,74,1,1356281,20261010,1,13667,0,feed,33420,0,61,33420
1791638835,74,0,1359251,20261010,46,49609,172,feed,30240,45,59,27540
1791638835,74,0,1359551,20261010,1,51546,0,feed,32820,0,59,32820
1791638835,74,1,1359729,20261010,1,13667,0,feed,31680,0,61,31680
1791638835,74,1,1360346,20261010,39,11702,211,feed,30240,38,61,28140
1791638835,74,0,1360675,20261010,1,51546,0,feed,31020,0,59,31020
1791638835,80,0,1313995,20261010,1,49979,0,feed,31320,0,42,31320
1791638835,80,1,1314319,20261010,1,50689,0,feed,33120,0,38,33120
1791638835,80,1,1316824,20261010,23,12887,3,feed,30420,22,38,29520
1791638835,802,0,1195013,20261010,33,12066,48,feed,30360,32,46,29040
1791638835,802,0,1197663,20261010,1,57169,0,feed,32640,0,46,32640
1791638835,802,1,1204484,20261010,1,42622,0,feed,33720,0,45,33720
1791638835,802,1,1206022,20261010,3,57313,163,feed,30240,2,45,30120
1791638835,804,0,1261508,20261010,1,14153,0,feed,32400,0,32,32400
1791638835,805,0,1212210,20261010,32,10997,306,feed,30120,31,72,29040
1791638835,805,1,1212930,20261010,1,50716,0,feed,33000,0,72,33000
1791638835,827,1,1313446,20261010,18,12135,199,feed,30240,17,51,29760
1791638835,827,0,1315234,20261010,1,42837,0,feed,33180,0,51,33180
1791638835,827,1,1317072,20261010,1,57167,0,feed,33300,0,51,33300
1791638835,83,0,1263947,20261010,1,53725,0,feed,31140,0,44,31140
1791638835,83,0,1265376,20261010,21,49717,106,feed,30360,20,44,29340
1791638835,83,1,1351655,20261010,38,57344,60,feed,30360,37,41,28500
1791638835,83,1,1353827,20261010,1,52532,0,feed,32280,0,41,32280
1791638835,83,0,1354493,20261010,1,53725,0,feed,32940,0,44,32940
1791638835,83,1,1355055,20261010,1,52532,0,feed,30480,0,41,30480
1791638835,87,1,1303724,20261010,16,40810,120,feed,,,,
1791638835,87,1,1303774,20261010,1,57690,0,feed,33180,0,70,33180
1791638835,87,1,1304405,20261010,1,57690,0,feed,31380,0,70,31380
1791638835,87,0,1349518,20261010,46,18801,46,feed,30360,45,71,28920
1791638835,87,0,1349920,20261010,1,51892,0,feed,30720,0,71,30720
1791638835,87,0,1350918,20261010,1,51892,0,feed,,,,
1791638835,9,0,1356090,20261010,22,3006,350,feed,30060,21,112,29520
1791638835,9,0,1356953,20261010,1,40247,0,feed,33060,0,112,33060
1791638835,9,0,1358009,20261010,64,51532,61,feed,30360,63,100,27960
1791638835,9,1,1364535,20261010,1,51551,0,feed,32820,0,96,32820
1791638835,9,1,1366959,20261010,69,7340,119,feed,30300,68,111,27480
1791638835,9,0,1367020,20261010,1,52552,0,feed,31500,0,100,31500
1791638835,9,1,1367916,20261010,27,17594,45,feed,30360,26,96,29220
1791638835,9,0,1368117,20261010,112,51551,487,feed,29940,111,112,25920
1791638835,9,1,1368858,20261010,1,51551,0,feed,31020,0,111,31020
1791638835,901,0,882394,20261010,15,56330,300,feed,30240,14,20,28320
1791638835,901,1,886027,20261010,20,51405,240,feed,30360,19,20,27960
1791638835,901,1,887070,20261010,16,51420,60,feed,30420,15,20,28680
1791638835,901,0,887424,20261010,6,51434,0,feed,30480,5,20,29760
1791638835,901,0,894105,20261010,1,51405,0,feed,30480,0,20,30480
1791638835,901,1,895400,20261010,4,51408,180,feed,30420,3,20,30120
1791638835,901,0,899557,20261010,11,51429,180,feed,30360,10,20,29040
1791638835,901,1,904334,20261010,10,51414,60,feed,30360,9,20,29400
1791638835,902,1,878992,20261010,20,51424,60,feed,30540,19,24,28020
1791638835,902,1,879372,20261010,9,56034,60,feed,30420,8,24,29460
1791638835,902,0,882625,20261010,3,56336,0,feed,30720,2,24,30540
1791638835,902,0,884681,20261010,3,56336,0,feed,31440,2,24,31260
1791638835,902,0,894571,20261010,13,56007,60,feed,30540,12,24,29100
1791638835,902,1,894754,20261010,1,56026,0,feed,30900,0,24,30900
1791638835,902,1,894931,20261010,15,56040,0,feed,30480,14,24,28740
1791638835,902,0,899151,20261010,22,56016,120,feed,30300,21,24,27660
1791638835,902,0,902787,20261010,16,56010,240,feed,30240,15,24,28380
1791638835,902,1,903373,20261010,3,56028,60,feed,30420,2,24,30180
1791638835,902,0,984370,20261010,5,51409,360,feed,30180,4,24,29820
1791638835,903,1,1262783,20261010,5,56980,4,feed,30420,4,6,29520
1791638835,903,0,1264683,20261010,1,57285,0,feed,33300,0,6,33300
1791638835,903,0,1269438,20261010,1,57285,0,feed,31560,0,6,31560
1791638835,903,0,1271793,20261010,5,56511,-108,feed,30480,4,6,29760
1791638835,903,1,1275804,20261010,1,56874,0,feed,33300,0,6,33300
1791638835,903,1,1276237,20261010,1,56874,0,feed,31320,0,6,31320
1791638835,904,1,1264566,20261010,1,56800,0,feed,32460,0,12,32460
1791638835,904,1,1274056,20261010,6,17781,235,feed,30420,5,12,29760
1791638835,904,0,1365137,20261010,1,56830,0,feed,32700,0,13,32700
1791638835,904,0,1366151,20261010,7,53542,174,feed,30420,6,13,29160
1791638835,904,0,1366804,20261010,1,56830,0,feed,31800,0,13,31800
1791638835,904,1,1367422,20261010,12,56830,432,feed,30120,11,12,27960
1791638835,904,0,1367662,20261010,1,56830,0,feed,30900,0,13,30900
1791638835,904,0,1367723,20261010,3,56831,386,feed,30480,2,13,30060
1791638835,904,1,1368249,20261010,1,56800,0,feed,33360,0,12,33360
1791638835,904,0,1368388,20261010,1,56830,0,feed,33600,0,13,33600
1791638835,904,1,1368435,20261010,11,56833,70,feed,30660,10,12,28860
1791638835,904,1,1368727,20261010,1,56800,0,feed,31560,0,12,31560
1791638835,904,0,1368821,20261010,12,19260,262,feed,30180,11,13,28260
1791638835,904,1,1369189,20261010,1,56800,0,feed,30660,0,12,30660
1791638835,905,1,1343780,20261010,1,57441,0,feed,33840,0,16,33840
1791638835,905,0,1343818,20261010,1,52761,0,feed,32100,0,16,32100
1791638835,905,0,1343957,20261010,3,3142,2,feed,30480,2,16,30300
1791638835,905,1,1344391,20261010,1,57441,0,feed,32040,0,16,32040
1791638835,905,1,1344518,20261010,1,57441,0,feed,32940,0,16,32940
1791638835,905,0,1344653,20261010,1,52761,0,feed,33000,0,16,33000
1791638835,905,1,1344816,20261010,3,57437,-32,feed,30480,2,16,30240
1791638835,905,0,1344888,20261010,1,52761,0,feed,31200,0,16,31200
1791638835,905,1,1345344,20261010,1,57441,0,feed,31140,0,16,31140
1791638835,905,0,1345356,20261010,1,52761,0,feed,33900,0,16,33900
1791638835,905,0,1345720,20261010,15,57440,-101,feed,30540,14,16,28500
1791638835,905,1,1345824,20261010,15,52759,-445,feed,30540,14,16,28440
1791638835,905,0,1345882,20261010,9,57428,-8,feed,30540,8,16,29400
1791638835,905,1,1345894,20261010,10,57423,-109,feed,30480,9,16,29340
1791638835,921,1,1365033,20261010,1,52531,0,feed,32100,0,20,32100
1791638835,921,0,1365372,20261010,1,51544,0,feed,31920,0,20,31920
1791638835,921,1,1366169,20261010,10,17312,227,feed,30180,9,20,29400
1791638835,921,0,1366875,20261010,9,56115,219,feed,30180,8,20,29280
1791638835,921,1,1367058,20261010,2,50015,85,feed,30420,1,20,30300
1791638835,921,0,1367258,20261010,19,50013,314,feed,30120,18,20,28380
1791638835,921,1,1367980,20261010,1,52531,0,feed,31200,0,20,31200
1791638835,921,1,1368466,20261010,1,52531,0,feed,33000,0,20,33000
1791638835,921,0,1368747,20261010,1,51544,0,feed,32820,0,20,32820
1791638835,921,0,1369262,20261010,2,53362,-39,feed,30540,1,20,30180
1791638835,921,0,1369521,20261010,1,51544,0,feed,33720,0,20,33720
1791638835,922,0,1311468,20261010,29,11885,-171,feed,30480,28,35,27600
1791638835,922,1,1311599,20261010,1,56100,0,feed,31260,0,34,31260
1791638835,922,1,1311892,20261010,1,56100,0,feed,30540,0,34,30540
1791638835,922,1,1312027,20261010,1,56100,0,feed,31920,0,34,31920
1791638835,922,0,1312366,20261010,1,57314,0,feed,33360,0,35,33360
1791638835,922,1,1313080,20261010,18,16933,124,feed,30360,17,34,28560
1791638835,922,1,1313979,20261010,25,16871,168,feed,30360,24,34,27900
1791638835,922,0,1314032,20261010,1,57314,0,feed,30480,0,35,30480
1791638835,922,0,1314530,20261010,1,57314,0,feed,31920,0,35,31920
1791638835,922,0,1314542,20261010,1,57314,0,feed,32640,0,35,32640
1791638835,922,0,1314786,20261010,7,57356,160,feed,30300,6,35,29760
1791638835,922,1,1314831,20261010,11,17005,122,feed,30360,10,34,29220
1791638835,922,0,1314847,20261010,14,43022,92,feed,30360,13,35,29040
1791638835,922,1,1314975,20261010,1,56100,0,feed,32640,0,34,32640
1791638835,922,0,1315911,20261010,17,57326,568,feed,29880,16,35,28320
1791638835,922,1,1315993,20261010,1,56100,0,feed,33360,0,34,33360
1791638835,922,1,1316438,20261010,6,52760,6,feed,30480,5,34,29880
1791638835,922,1,1316443,20261010,30,3523,237,feed,30240,29,34,27180
1791638835,922,0,1317366,20261010,1,57314,0,feed,31200,0,35,31200
1791638835,923,1,1262753,20261010,19,17906,446,feed,30000,18,23,28320
1791638835,923,0,1264663,20261010,1,56897,0,feed,,,,
1791638835,923,0,1265790,20261010,1,56897,0,feed,31380,0,22,31380
1791638835,923,1,1267369,20261010,4,9173,155,feed,30300,3,23,30060
1791638835,923,1,1268277,20261010,1,57278,0,feed,31980,0,23,31980
1791638835,923,1,1268740,20261010,16,17852,-65,feed,30480,15,23,29220
1791638835,923,0,1268963,20261010,1,56897,0,feed,32220,0,22,32220
1791638835,923,0,1270746,20261010,1,56897,0,feed,,,,
1791638835,923,1,1271538,20261010,1,57278,0,feed,,,,
1791638835,923,0,1274274,20261010,10,56421,7,feed,30480,9,22,29580
1791638835,923,1,1274666,20261010,1,57278,0,feed,,,,
1791638835,923,0,1275260,20261010,1,56897,0,feed,33120,0,22,33120
1791638835,923,0,1275401,20261010,18,9658,284,feed,30180,17,22,28680
1791638835,923,1,1275570,20261010,1,57278,0,feed,32820,0,23,32820
1791638835,924,0,1262606,20261010,1,56873,0,feed,,,,
1791638835,924,0,1265875,20261010,,,,canceled,,,,
1791638835,924,1,1267339,20261010,1,56823,0,feed,,,,
1791638835,924,1,1267579,20261010,16,17905,136,feed,,,,
1791638835,924,0,1267666,20261010,1,56873,0,feed,,,,
1791638835,924,1,1268823,20261010,1,56823,0,feed,,,,
1791638835,924,0,1269428,20261010,1,56873,0,feed,,,,
1791638835,924,1,1269774,20261010,4,9577,42,feed,,,,
1791638835,924,0,1270185,20261010,4,47447,115,feed,,,,
1791638835,924,1,1270873,20261010,1,56823,0,feed,,,,
1791638835,924,0,1271275,20261010,11,779,269,feed,,,,
1791638835,924,0,1271601,20261010,25,17903,150,feed,,,,
1791638835,924,1,1271660,20261010,38,56920,190,feed,,,,
1791638835,924,1,1271853,20261010,11,56906,122,feed,,,,
1791638835,924,0,1272338,20261010,17,52300,343,feed,,,,
1791638835,924,1,1273796,20261010,28,56916,410,feed,,,,
1791638835,924,0,1273947,20261010,32,56950,81,feed,,,,
1791638835,924,0,1274005,20261010,1,56873,0,feed,,,,
1791638835,924,1,1274359,20261010,26,56914,82,feed,,,,
1791638835,924,1,1275735,20261010,1,56823,0,feed,,,,
1791638835,924,0,1275869,20261010,1,56873,0,feed,,,,
1791638835,925,0,1273285,20261010,31,16143,145,feed,30300,30,35,27660
1791638835,925,1,1331708,20261010,1,57541,0,feed,32220,0,35,32220
1791638835,925,1,1332065,20261010,1,57541,0,feed,30840,0,35,30840
1791638835,925,1,1332423,20261010,5,16569,-11,feed,30480,4,35,30120
1791638835,925,0,1333615,20261010,1,53703,-100,feed,30480,0,35,30480
1791638835,925,1,1333629,20261010,1,57541,0,feed,33660,0,35,33660
1791638835,925,0,1333671,20261010,1,53703,0,feed,31200,0,35,31200
1791638835,925,0,1333840,20261010,1,53703,0,feed,32640,0,35,32640
1791638835,925,0,1333856,20261010,10,6202,68,feed,30420,9,35,29760
1791638835,925,1,1333922,20261010,35,53703,91,feed,30420,34,35,27300
1791638835,925,1,1334075,20261010,1,57541,0,feed,31500,0,35,31500
1791638835,925,0,1334536,20261010,35,57541,484,feed,29940,34,35,26940
1791638835,925,1,1335200,20261010,1,57541,0,feed,32940,0,35,32940
1791638835,925,0,1335271,20261010,16,1327,24,feed,30420,15,35,29040
1791638835,925,1,1335505,20261010,18,17932,174,feed,30300,17,35,28740
1791638835,925,1,1335575,20261010,26,6379,37,feed,30420,25,35,28020
1791638835,925,0,1335632,20261010,25,15477,-210,feed,30540,24,35,28320
1791638835,925,0,1335789,20261010,1,53703,0,feed,33360,0,35,33360
1791638835,925,1,1335851,20261010,12,17919,-147,feed,30540,11,35,29400
1791638835,925,0,1335885,20261010,1,53703,0,feed,31920,0,35,31920
1791638835,94,0,1183455,20261010,1,51200,0,feed,31380,0,15,31380
1791638835,94,1,1187100,20261010,1,56100,0,feed,33840,0,16,33840
1791638835,94,1,1347126,20261010,2,57419,-75,feed,30420,1,16,30240
1791638835,94,0,1347865,20261010,1,51200,0,feed,33180,0,15,33180
1791638835,94,1,1371245,20261010,1,56100,0,feed,,,,
1791638835,94,0,1371260,20261010,9,18665,152,feed,,,,
1791639736,10,1,1369598,20261010,1,57165,0,feed,,,,
1791639736,10,1,1369666,20261010,1,57165,0,feed,,,,
1791639736,10,0,1369716,20261010,53,14276,351,feed,,,,
1791639736,10,0,1369750,20261010,27,17174,-69,feed,,,,
1791639736,10,1,1369896,20261010,33,17165,423,feed,,,,
1791639736,10,0,1369909,20261010,1,19337,0,feed,,,,
1791639736,10,0,1370109,20261010,1,19337,0,feed,,,,
1791639736,10,1,1370169,20261010,1,57165,0,feed,,,,
1791639736,10,1,1370526,20261010,1,57165,0,feed,,,,
1791639736,10,0,1370544,20261010,1,19337,0,feed,,,,
1791639736,10,0,1370631,20261010,7,17994,359,feed,,,,
1791639736,10,1,1370706,20261010,43,53966,167,feed,,,,
1791639736,10,1,1370847,20261010,9,14182,98,feed,,,,
1791639736,10,0,1370911,20261010,1,19337,0,feed,,,,
1791639736,10,1,1371233,20261010,1,57165,0,feed,,,,
1791639736,11,1,1317736,20261010,14,14611,315,feed,30960,13,79,30600
1791639736,11,1,1318806,20261010,1,49304,0,feed,34200,0,79,34200
1791639736,11,1,1333584,20261010,57,17712,76,feed,31260,56,79,28800
1791639736,11,0,1364237,20261010,1,51828,0,feed,34680,0,80,34680
1791639736,11,0,1364493,20261010,3,53545,128,feed,31200,2,80,31080
1791639736,11,0,1364891,20261010,1,51828,0,feed,32880,0,80,32880
1791639736,11,0,1365010,20261010,40,17996,428,feed,30960,39,80,29340
1791639736,11,0,1365189,20261010,1,51828,0,feed,33780,0,80,33780
1791639736,11,1,1367697,20261010,1,49304,0,feed,33300,0,79,33300
1791639736,11,0,1368798,20261010,1,51828,0,feed,31980,0,80,31980
1791639736,11,1,1370778,20261010,1,49304,0,feed,,,,
1791639736,11,1,1371143,20261010,1,49304,0,feed,,,,
1791639736,14,0,1331975,20261010,1,4345,0,feed,33960,0,80,33960
1791639736,14,1,1369968,20261010,49,15668,285,feed,,,,
1791639736,14,1,1370263,20261010,1,50153,0,feed,,,,
1791639736,14,0,1370570,20261010,1,4345,0,feed,,,,
1791639736,14,0,1370837,20261010,54,52658,108,feed,,,,
1791639736,14,0,1370944,20261010,24,15598,31,feed,,,,
1791639736,14,1,1370949,20261010,16,8337,50,feed,,,,
1791639736,14,1,1371230,20261010,1,50153,0,feed,,,,
1791639736,17,0,1132652,20261010,1,57458,0,feed,33360,0,63,33360
1791639736,17,1,1318157,20261010,1,17192,0,feed,34440,0,65,34440
1791639736,17,1,1318412,20261010,33,4672,106,feed,31200,32,65,29040
1791639736,17,0,1324422,20261010,21,57291,405,feed,30900,20,63,29820
1791639736,17,0,1333898,20261010,1,57458,0,feed,31560,0,63,31560
1791639736,17,1,1335969,20261010,11,15531,-161,feed,31440,10,65,30840
1791639736,17,1,1367100,20261010,1,17192,0,feed,32640,0,65,32640
1791639736,17,0,1367673,20261010,55,15488,-31,feed,31380,54,63,28080
1791639736,18,0,1361139,20261010,17,43664,97,feed,31260,16,84,30840
1791639736,18,0,1361386,20261010,1,57131,0,feed,34320,0,84,34320
1791639736,18,1,1365623,20261010,8,17986,-90,feed,31440,7,52,30780
1791639736,18,1,1366496,20261010,50,1361,568,feed,30780,49,83,28080
1791639736,18,1,1366899,20261010,1,56800,0,feed,31680,0,83,31680
1791639736,18,0,1366999,20261010,63,1882,-28,feed,31380,62,84,29040
1791639736,18,1,1367572,20261010,1,56800,0,feed,33480,0,83,33480
1791639736,18,0,1367589,20261010,1,57131,0,feed,32520,0,84,32520
1791639736,18,0,1367743,20261010,10,1754,48,feed,31320,9,51,30780
1791639736,18,1,1367843,20261010,18,1212,109,feed,31200,17,83,29880
1791639736,18,1,1367855,20261010,35,1339,148,feed,31200,34,52,28980
1791639736,18,0,1368106,20261010,1,51852,0,feed,34320,0,51,34320
1791639736,18,0,1368311,20261010,,,,canceled,,,,
1791639736,18,1,1368473,20261010,1,56800,0,feed,34380,0,52,34380
1791639736,18,0,1368895,20261010,84,56800,3,feed,31320,83,84,27300
1791639736,18,1,1369195,20261010,1,56800,0,feed,32580,0,52,32580
1791639736,18,0,1369255,20261010,41,1911,44,feed,31320,40,51,28980
1791639736,18,0,1369467,20261010,1,51852,0,feed,32520,0,51,32520
1791639736,2,1,1262240,20261010,1,50670,0,feed,34800,0,34,34800
1791639736,2,1,1275547,20261010,1,50670,0,feed,33000,0,34,33000
1791639736,2,0,1318333,20261010,1,57469,0,feed,34020,0,34,34020
1791639736,2,0,1319327,20261010,1,57469,0,feed,32220,0,34,32220
1791639736,2,0,1319576,20261010,17,80925,-35,feed,31380,16,34,30420
1791639736,2,0,1331067,20261010,1,57469,0,feed,31320,0,41,31320
1791639736,2,0,1333277,20261010,31,13223,1,feed,31320,30,41,29580
1791639736,2,1,1361126,20261010,1,57618,0,feed,33300,0,42,33300
1791639736,2,1,1363769,20261010,25,15630,26,feed,31320,24,42,29760
1791639736,2,0,1363982,20261010,1,57469,0,feed,33120,0,41,33120
1791639736,2,0,1370583,20261010,1,57469,0,feed,,,,
1791639736,2,1,1371123,20261010,1,57618,0,feed,,,,
1791639736,215,1,1268010,20261010,1,5020,0,feed,33360,0,27,33360
1791639736,215,0,1271377,20261010,1,49979,0,feed,31440,0,30,31440
1791639736,219,0,1303185,20261010,37,41752,-99,feed,31380,36,74,29760
1791639736,219,0,1304104,20261010,1,57340,0,feed,33360,0,74,33360
1791639736,219,1,1311569,20261010,41,53662,57,feed,31260,40,71,29700
1791639736,219,1,1313107,20261010,1,5020,0,feed,33300,0,71,33300
1791639736,22,1,1357463,20261010,1,56825,0,feed,34200,0,84,34200
1791639736,22,1,1357692,20261010,61,51541,706,feed,30600,60,84,27180
1791639736,22,1,1357780,20261010,35,17907,-130,feed,31440,34,87,29400
1791639736,22,0,1364420,20261010,1,4558,0,feed,34740,0,86,34740
1791639736,22,0,1365015,20261010,1,4558,0,feed,32340,0,82,32340
1791639736,22,0,1365245,20261010,1,4558,127,feed,31200,0,86,31200
1791639736,22,0,1366517,20261010,46,19304,201,feed,31140,45,82,28800
1791639736,22,1,1367544,20261010,1,56825,0,feed,31860,0,84,31860
1791639736,22,1,1368123,20261010,50,15619,152,feed,31200,49,84,28320
1791639736,22,0,1368193,20261010,1,4558,0,feed,33540,0,82,33540
1791639736,22,1,1368672,20261010,1,56825,0,feed,33000,0,87,33000
1791639736,22,1,1369027,20261010,13,11629,19,feed,31320,12,84,30600
1791639736,22,0,1369165,20261010,32,57192,-6,feed,31320,31,82,30000
1791639736,22,0,1369270,20261010,70,11412,26,feed,31320,69,86,27660
1791639736,223,1,1360923,20261010,1,5020,43,feed,31260,0,34,31260
1791639736,223,0,1362089,20261010,1,57691,0,feed,33360,0,33,33360
1791639736,223,0,1362666,20261010,29,80852,164,feed,31200,28,33,29760
1791639736,223,1,1363749,20261010,1,5020,0,feed,33060,0,34,33060
1791639736,225,1,1131121,20261010,1,45174,0,feed,32280,0,20,32280
1791639736,225,0,1275899,20261010,1,52530,0,feed,34260,0,20,34260
1791639736,227,0,1268554,20261010,1,52530,0,feed,34200,0,47,34200
1791639736,227,1,1274259,20261010,1,45174,0,feed,32280,0,45,32280
1791639736,25,1,1369797,20261010,80,53966,-149,feed,,,,
1791639736,25,0,1370343,20261010,1,19337,0,feed,,,,
1791639736,27,0,1363609,20261010,1,52857,0,feed,32400,0,23,32400
1791639736,27,1,1368218,20261010,1,51367,0,feed,31680,0,21,31680
1791639736,3,0,1179459,20261010,1,54097,0,feed,34740,0,65,34740
1791639736,3,0,1185403,20261010,1,54097,0,feed,32100,0,64,32100
1791639736,3,1,1188234,20261010,1,56100,0,feed,33720,0,64,33720
1791639736,3,0,1321117,20261010,42,18618,104,feed,31200,41,64,28860
1791639736,3,1,1321969,20261010,26,18563,28,feed,31320,25,64,30120
1791639736,3,1,1322705,20261010,1,56100,0,feed,31920,0,64,31920
1791639736,3,0,1323264,20261010,1,54097,0,feed,32940,0,65,32940
1791639736,3,1,1323352,20261010,57,19307,330,feed,31020,56,65,28140
1791639736,3,1,1369002,20261010,1,56100,0,feed,34320,0,65,34320
1791639736,3,0,1370816,20261010,1,54097,0,feed,,,,
1791639736,3,1,1371112,20261010,1,56100,0,feed,,,,
1791639736,3,0,1371162,20261010,6,19314,119,feed,,,,
1791639736,30,1,1212213,20261010,1,15882,351,feed,30960,0,44,30960
1791639736,30,1,1213255,20261010,1,15882,0,feed,32760,0,44,32760
1791639736,30,1,1214617,20261010,33,8306,92,feed,31260,32,44,29220
1791639736,30,0,1215064,20261010,27,16042,48,feed,31260,26,48,30240
1791639736,30,0,1216003,20261010,1,40238,0,feed,33840,0,48,33840
1791639736,30,0,1217801,20261010,1,40238,0,feed,32040,0,48,32040
1791639736,30,1,1218465,20261010,1,15882,0,feed,34560,0,44,34560
1791639736,32,0,1331227,20261010,1,50155,0,feed,33300,0,59,33300
1791639736,32,0,1332116,20261010,1,50155,0,feed,31500,0,59,31500
1791639736,32,0,1332305,20261010,44,12864,16,feed,31320,43,59,29700
1791639736,32,1,1364965,20261010,14,53419,70,feed,31260,13,61,30780
1791639736,32,1,1365346,20261010,61,50155,161,feed,31200,60,61,29040
1791639736,32,1,1365620,20261010,1,57685,0,feed,34380,0,61,34380
1791639736,32,1,1366195,20261010,1,57685,0,feed,32580,0,61,32580
1791639736,323,1,1131189,20261010,1,57508,0,feed,34560,0,25,34560
1791639736,323,0,1133491,20261010,1,51116,0,feed,32700,0,23,32700
1791639736,323,1,1133674,20261010,5,57040,76,feed,31260,4,25,31020
1791639736,323,1,1135512,20261010,1,57508,0,feed,32820,0,25,32820
1791639736,323,0,1136212,20261010,1,51116,0,feed,31560,0,23,31560
1791639736,345,1,1132958,20261010,1,57508,0,feed,32520,0,15,32520
1791639736,345,1,1134141,20261010,13,41253,-75,feed,31380,12,15,28920
1791639736,345,0,1136184,20261010,1,56879,0,feed,32400,0,15,32400
1791639736,345,0,1137191,20261010,15,57508,49,feed,31200,14,15,28800
1791639736,36,0,1176582,20261010,1,57537,0,feed,33060,0,53,33060
1791639736,36,0,1185999,20261010,1,57537,0,feed,31380,0,53,31380
1791639736,36,1,1221282,20261010,40,41130,-115,feed,31380,39,50,29820
1791639736,36,1,1362326,20261010,1,50160,0,feed,31620,0,50,31620
1791639736,36,0,1362765,20261010,44,57539,69,feed,31260,43,53,29580
1791639736,36,0,1362770,20261010,1,57537,0,feed,34860,0,53,34860
1791639736,36,1,1368040,20261010,1,50160,0,feed,33420,0,50,33420
1791639736,38,0,1349639,20261010,77,12626,-73,feed,31380,76,108,28200
1791639736,38,0,1351532,20261010,1,48213,0,feed,31800,0,108,31800
1791639736,38,1,1351767,20261010,1,16494,0,feed,33840,0,104,33840
1791639736,38,1,1354748,20261010,23,12593,242,feed,31080,22,104,30240
1791639736,38,0,1354833,20261010,31,4818,108,feed,31200,30,109,30000
1791639736,38,1,1355347,20261010,1,42032,0,feed,31860,0,107,31860
1791639736,38,1,1368131,20261010,71,3561,83,feed,31260,70,107,28260
1791639736,38,0,1369308,20261010,1,48213,0,feed,33540,0,109,33540
1791639736,4,0,1134761,20261010,1,50231,0,feed,34920,0,89,34920
1791639736,4,0,1159065,20261010,62,16047,5,feed,31320,61,87,28140
1791639736,4,0,1159935,20261010,1,50231,0,feed,33840,0,53,33840
1791639736,4,1,1356771,20261010,44,17931,79,feed,31260,43,90,29280
1791639736,4,0,1358191,20261010,1,50231,0,feed,31380,0,89,31380
1791639736,4,0,1358682,20261010,46,17936,31,feed,31320,45,89,29400
1791639736,4,1,1359006,20261010,77,3422,250,feed,31080,76,85,27480
1791639736,4,1,1359333,20261010,1,14153,0,feed,34200,0,90,34200
1791639736,4,1,1359891,20261010,1,14153,0,feed,32520,0,90,32520
1791639736,4,0,1359977,20261010,1,50231,0,feed,33120,0,89,33120
1791639736,4,0,1360423,20261010,1,50231,0,feed,32160,0,53,32160
1791639736,4,0,1360468,20261010,18,3375,96,feed,31260,17,53,30480
1791639736,4,1,1360574,20261010,13,42298,23,feed,31320,12,85,31020
1791639736,4,1,1360613,20261010,1,17971,0,feed,34800,0,50,34800
1791639736,46,1,1266877,20261010,1,51550,0,feed,31500,0,59,31500
1791639736,46,0,1275837,20261010,1,220,0,feed,34260,0,62,34260
1791639736,46,1,1279525,20261010,1,51550,0,feed,33300,0,59,33300
1791639736,46,0,1288147,20261010,22,1011,64,feed,31260,21,62,30660
1791639736,48,0,1304579,20261010,1,19301,0,feed,32700,0,61,32700
1791639736,48,1,1348922,20261010,54,17906,-25,feed,31380,53,61,29400
1791639736,48,1,1354633,20261010,1,50152,0,feed,33000,0,61,33000
1791639736,5,0,1366026,20261010,1,51212,0,feed,33660,0,81,33660
1791639736,5,1,1367183,20261010,1,51846,0,feed,32100,0,80,32100
1791639736,5,0,1367768,20261010,31,56929,3,feed,31320,30,81,30120
1791639736,5,1,1367813,20261010,59,48,486,feed,30840,58,80,28560
1791639736,515,1,1350270,20261010,1,56877,0,feed,31620,0,49,31620
1791639736,515,1,1351176,20261010,1,56877,0,feed,33420,0,49,33420
1791639736,515,0,1351215,20261010,1,53704,0,feed,33960,0,49,33960
1791639736,515,1,1351349,20261010,1,56877,0,feed,34320,0,49,34320
1791639736,515,0,1352230,20261010,2,44199,87,feed,31320,1,49,31260
1791639736,515,1,1352625,20261010,1,56877,0,feed,32520,0,49,32520
1791639736,515,1,1353223,20261010,30,49880,660,feed,30660,29,49,29880
1791639736,515,0,1353288,20261010,1,53704,0,feed,33060,0,49,33060
1791639736,515,1,1353893,20261010,17,716,9,feed,31320,16,49,30780
1791639736,515,0,1354351,20261010,36,662,59,feed,31260,35,49,30360
1791639736,515,0,1354827,20261010,1,53704,0,feed,32160,0,49,32160
1791639736,515,0,1355075,20261010,1,53704,0,feed,34860,0,49,34860
1791639736,534,1,1344342,20261010,32,56725,304,feed,31020,31,32,29700
1791639736,534,0,1344416,20261010,1,56725,0,feed,31620,0,35,31620
1791639736,534,1,1345027,20261010,1,51824,0,feed,31500,0,32,31500
1791639736,534,1,1345372,20261010,1,51824,0,feed,33300,0,32,33300
1791639736,534,0,1345591,20261010,1,56725,0,feed,33420,0,35,33420
1791639736,538,0,1133562,20261010,1,53704,0,feed,32400,0,42,32400
1791639736,538,0,1134427,20261010,1,53704,0,feed,34200,0,42,34200
1791639736,538,1,1318024,20261010,1,56880,0,feed,31680,0,40,31680
1791639736,538,1,1318336,20261010,23,41217,470,feed,30840,22,40,29880
1791639736,539,0,1137973,20261010,1,56725,0,feed,33120,0,41,33120
1791639736,539,0,884214,20261010,2,2078,26,feed,31320,1,41,31260
1791639736,539,1,887554,20261010,1,56880,0,feed,31980,0,38,31980
1791639736,539,1,892670,20261010,1,56880,0,feed,33780,0,38,33780
1791639736,54,1,1132240,20261010,17,13130,47,feed,31260,16,27,30000
1791639736,54,0,1132790,20261010,1,56875,0,feed,32220,0,25,32220
1791639736,54,1,1132796,20261010,1,56100,0,feed,31800,0,27,31800
1791639736,54,0,1133608,20261010,21,3142,39,feed,31320,20,25,29520
1791639736,54,1,1342013,20261010,1,56100,0,feed,33600,0,27,33600
1791639736,54,0,1346021,20261010,1,56875,0,feed,34920,0,46,34920
1791639736,54,0,1346176,20261010,1,56875,0,feed,33120,0,46,33120
1791639736,54,0,1346471,20261010,41,5318,308,feed,31080,40,46,27720
1791639736,54,1,1346741,20261010,1,42319,0,feed,34560,0,47,34560
1791639736,54,1,1347038,20261010,1,42319,0,feed,32760,0,47,32760
1791639736,54,1,1347987,20261010,24,57417,86,feed,31260,23,47,29160
1791639736,54,1,1348005,20261010,40,56939,462,feed,30840,39,47,27360
1791639736,54,0,1354169,20261010,2,41259,-24,feed,31380,1,46,31320
1791639736,54,1,1360814,20261010,5,5293,-49,feed,31380,4,47,30960
1791639736,54,0,1368541,20261010,1,56875,0,feed,34020,0,25,34020
1791639736,540,0,1135474,20261010,1,53052,0,feed,34380,0,51,34380
1791639736,540,0,1135740,20261010,8,57099,66,feed,31260,7,51,30840
1791639736,540,1,891771,20261010,1,56879,0,feed,32220,0,48,32220
1791639736,540,1,897635,20261010,1,56879,0,feed,34020,0,48,34020
1791639736,546,1,1137938,20261010,1,51824,0,feed,31860,0,31,31860
1791639736,546,0,895752,20261010,1,56725,12,feed,33360,0,33,33360
1791639736,61,0,1364460,20261010,1,17905,0,feed,34500,0,76,34500
1791639736,61,1,1364671,20261010,31,5647,2,feed,31320,30,73,29280
1791639736,61,0,1365086,20261010,54,41071,45,feed,31260,53,76,28860
1791639736,61,1,1365668,20261010,1,52761,0,feed,32820,0,73,32820
1791639736,61,0,1365960,20261010,8,15477,157,feed,,,,
1791639736,61,1,1367080,20261010,3,11834,172,feed,31200,2,73,31080
1791639736,61,1,1368603,20261010,72,40168,-40,feed,31380,71,73,27540
1791639736,61,1,1368621,20261010,1,52761,0,feed,34560,0,73,34560
1791639736,61,0,1368859,20261010,1,17905,0,feed,32580,0,76,32580
1791639736,615,0,1346064,20261010,1,41157,0,feed,31980,0,76,31980
1791639736,615,1,1346165,20261010,1,3540,0,feed,31920,0,76,31920
1791639736,615,1,1347073,20261010,76,41157,-61,feed,31380,75,76,28320
1791639736,62,0,1349165,20261010,61,80933,21,feed,31320,60,86,29100
1791639736,62,0,1349320,20261010,6,332,261,feed,31080,5,86,30900
1791639736,62,1,1349384,20261010,1,49141,0,feed,32040,0,83,32040
1791639736,62,1,1350721,20261010,1,49141,0,feed,33840,0,83,33840
1791639736,62,1,1352537,20261010,29,80931,-30,feed,31380,28,83,30240
1791639736,62,0,1352814,20261010,1,328,0,feed,34500,0,86,34500
1791639736,62,0,1359926,20261010,1,328,0,feed,32700,0,86,32700
1791639736,62,0,1359971,20261010,1,2611,0,feed,31380,0,67,31380
1791639736,62,1,1360619,20261010,76,40153,23,feed,31320,75,91,28200
1791639736,63,1,1262710,20261010,1,51114,0,feed,31620,0,59,31620
1791639736,63,1,1269139,20261010,17,3245,27,feed,31320,16,59,30720
1791639736,63,1,1271234,20261010,1,51114,0,feed,33420,0,59,33420
1791639736,63,1,1274289,20261010,22,11861,185,feed,31140,21,59,29820
1791639736,63,0,1346045,20261010,1,15795,0,feed,34140,0,60,34140
1791639736,63,0,1346133,20261010,1,15795,0,feed,33240,0,60,33240
1791639736,63,0,1346389,20261010,42,3152,-129,feed,31440,41,60,29160
1791639736,63,1,1347243,20261010,1,51114,0,feed,32520,0,59,32520
1791639736,63,0,1348039,20261010,1,15795,0,feed,32340,0,60,32340
1791639736,63,1,1348190,20261010,58,18640,252,feed,31140,57,59,28020
1791639736,63,0,1368837,20261010,1,15795,0,feed,31440,0,60,31440
1791639736,63,0,1371063,20261010,10,16956,628,feed,,,,
1791639736,63,1,1371376,20261010,1,51114,0,feed,,,,
1791639736,64,1,1342583,20261010,60,81103,71,feed,31260,59,76,29460
1791639736,64,1,1342597,20261010,1,42157,0,feed,34920,0,43,34920
1791639736,64,0,1356049,20261010,1,52761,0,feed,32160,0,43,32160
1791639736,64,0,1357136,20261010,1,52761,0,feed,33960,0,43,33960
1791639736,64,0,1357757,20261010,1,52761,0,feed,33060,0,78,33060
1791639736,64,0,1358440,20261010,45,40084,-9,feed,31320,44,78,29460
1791639736,64,0,1359236,20261010,3,11834,-11,feed,31380,2,78,31260
1791639736,64,1,1359435,20261010,1,42157,0,feed,33180,0,43,33180
1791639736,64,0,1359712,20261010,11,11781,132,feed,31200,10,43,30360
1791639736,64,0,1359733,20261010,1,52761,0,feed,34860,0,78,34860
1791639736,64,1,1359911,20261010,1,42157,0,feed,31380,0,43,31380
1791639736,64,1,1360712,20261010,1,52015,0,feed,32880,0,76,32880
1791639736,64,1,1360799,20261010,2,5283,138,feed,31200,1,76,31140
1791639736,64,1,1360820,20261010,1,52015,0,feed,34620,0,76,34620
1791639736,645,1,1208148,20261010,9,40322,790,feed,30540,8,55,29820
1791639736,645,0,1337122,20261010,1,6990,0,feed,33480,0,52,33480
1791639736,645,1,1341885,20261010,1,53293,0,feed,33420,0,55,33420
1791639736,645,0,1342044,20261010,36,8130,51,feed,31260,35,52,30000
1791639736,65,1,1349559,20261010,1,57690,0,feed,34140,0,38,34140
1791639736,65,1,1349743,20261010,17,10722,50,feed,31200,16,38,30480
1791639736,65,1,1349914,20261010,1,57690,0,feed,32220,0,38,32220
1791639736,65,0,1369692,20261010,1,10761,0,feed,,,,
1791639736,65,0,1369921,20261010,1,10761,0,feed,,,,
1791639736,65,0,1370272,20261010,4,10693,309,feed,,,,
1791639736,67,0,1270586,20261010,,,,canceled,,,,
1791639736,67,1,1271715,20261010,1,56100,0,feed,31680,0,65,31680
1791639736,67,1,1351909,20261010,29,15098,356,feed,30960,28,65,29880
1791639736,67,0,1355672,20261010,1,53723,0,feed,33300,0,65,33300
1791639736,67,1,1359653,20261010,1,56100,0,feed,33480,0,65,33480
1791639736,67,0,1359981,20261010,49,18835,-37,feed,31380,48,65,29700
1791639736,67,0,1369496,20261010,1,53723,0,feed,31500,0,65,31500
1791639736,68,1,1266613,20261010,1,11904,0,feed,32100,0,61,32100
1791639736,68,1,1338346,20261010,1,11904,0,feed,33900,0,117,33900
1791639736,68,0,1362553,20261010,2,9806,26,feed,33120,1,87,33120
1791639736,68,0,1362641,20261010,2,9806,144,feed,32220,1,59,32220
1791639736,68,0,1363191,20261010,54,2610,87,feed,31260,53,87,29520
1791639736,68,0,1363418,20261010,1,53340,0,feed,32400,0,118,32400
1791639736,68,1,1364071,20261010,22,9908,69,feed,31260,21,117,30300
1791639736,68,1,1366205,20261010,1,57511,0,feed,33720,0,83,33720
1791639736,68,1,1366366,20261010,25,49993,-21,feed,31380,24,83,30180
1791639736,68,1,1367360,20261010,70,9938,256,feed,31080,69,83,28380
1791639736,68,0,1367376,20261010,2,9806,50,feed,31320,1,87,31320
1791639736,68,1,1367646,20261010,99,10090,479,feed,30840,98,125,27480
1791639736,68,0,1368075,20261010,89,56425,-8,feed,31320,88,118,28800
1791639736,68,1,1369146,20261010,1,57511,0,feed,31920,0,83,31920
1791639736,686,1,1170390,20261010,1,56939,0,feed,33360,0,4,33360
1791639736,686,0,1331453,20261010,1,47705,3,feed,31320,0,3,31320
1791639736,686,0,1334493,20261010,1,47705,0,feed,34200,0,3,34200
1791639736,686,1,1335159,20261010,3,57622,-234,feed,31740,2,4,30540
1791639736,7,0,1356094,20261010,1,51779,0,feed,32340,0,64,32340
1791639736,7,1,1357950,20261010,22,42452,57,feed,31260,21,60,30060
1791639736,7,0,1358043,20261010,1,51779,0,feed,34140,0,64,34140
1791639736,7,1,1359429,20261010,51,15419,2,feed,31320,50,60,28260
1791639736,7,0,1359569,20261010,63,56977,645,feed,30660,62,64,27180
1791639736,7,1,1360783,20261010,1,17679,0,feed,31860,0,60,31860
1791639736,7,0,1370557,20261010,43,19304,-1,feed,,,,
1791639736,7,0,1370805,20261010,14,52743,105,feed,,,,
1791639736,7,1,1371241,20261010,1,17679,0,feed,,,,
1791639736,71,1,1266754,20261010,1,51291,88,feed,31200,0,60,31200
1791639736,71,0,1267604,20261010,38,56139,-65,feed,31380,37,58,29820
1791639736,71,1,1268776,20261010,1,51291,0,feed,33000,0,60,33000
1791639736,71,0,1274522,20261010,1,9715,0,feed,33420,0,58,33420
1791639736,71,1,1275684,20261010,49,10061,-144,feed,31380,48,60,29400
1791639736,71,0,1361292,20261010,1,9715,0,feed,31320,0,75,31320
1791639736,71,1,1361680,20261010,1,49141,0,feed,34740,0,74,34740
1791639736,716,0,1136708,20261010,1,50154,0,feed,33000,0,51,33000
1791639736,716,1,1137091,20261010,1,8728,0,feed,31320,0,50,31320
1791639736,716,1,1138302,20261010,1,8728,0,feed,34920,0,50,34920
1791639736,72,1,1369752,20261010,25,43282,280,feed,,,,
1791639736,72,1,1369953,20261010,1,13667,0,feed,,,,
1791639736,72,0,1370012,20261010,22,17038,186,feed,,,,
1791639736,72,0,1370047,20261010,1,57615,0,feed,,,,
1791639736,72,1,1370924,20261010,1,13667,0,feed,,,,
1791639736,721,1,1181788,20261010,1,9522,0,feed,34200,0,41,34200
1791639736,721,1,1181860,20261010,18,9545,110,feed,31200,17,41,30600
1791639736,721,0,1185414,20261010,1,51845,0,feed,32760,0,43,32760
1791639736,721,1,1186203,20261010,1,9522,0,feed,32400,0,41,32400
1791639736,721,0,1186726,20261010,12,40440,65,feed,31260,11,43,30900
1791639736,721,0,1187966,20261010,1,51845,0,feed,34560,0,43,34560
1791639736,722,1,1177444,20261010,41,51166,14,feed,31320,40,53,30000
1791639736,722,0,1177596,20261010,1,56827,0,feed,32400,0,11,32400
1791639736,722,1,1178420,20261010,1,11486,0,feed,33120,0,14,33120
1791639736,722,1,1181355,20261010,1,57636,0,feed,33600,0,53,33600
1791639736,722,0,1182378,20261010,18,48356,-6,feed,31320,17,51,30600
1791639736,722,0,1188260,20261010,1,56827,0,feed,34200,0,51,34200
1791639736,723,1,1179416,20261010,1,53224,0,feed,32340,0,41,32340
1791639736,723,0,1182074,20261010,25,8756,-55,feed,31380,24,39,30600
1791639736,723,0,1187876,20261010,1,51845,0,feed,34200,0,39,34200
1791639736,724,1,1131724,20261010,1,53222,0,feed,31620,0,35,31620
1791639736,724,0,1131975,20261010,1,51846,0,feed,31500,0,33,31500
1791639736,724,0,1133079,20261010,1,51846,0,feed,34200,0,33,34200
1791639736,724,1,1133199,20261010,1,53222,0,feed,33420,0,35,33420
1791639736,724,1,1134316,20261010,19,8840,-141,feed,31380,18,35,30720
1791639736,724,1,1134468,20261010,1,53222,0,feed,32520,0,35,32520
1791639736,724,0,1134577,20261010,1,51846,0,feed,32400,0,33,32400
1791639736,724,0,1134855,20261010,33,53222,608,feed,30720,32,33,29700
1791639736,724,0,1134966,20261010,1,51846,0,feed,33300,0,33,33300
1791639736,724,0,1135136,20261010,23,42245,7,feed,31320,22,33,30600
1791639736,724,1,1136218,20261010,1,53222,0,feed,34320,0,35,34320
1791639736,725,0,1312352,20261010,1,57580,0,feed,34020,0,50,34020
1791639736,725,1,1312574,20261010,37,53224,128,feed,31200,36,49,29700
1791639736,725,0,1315971,20261010,12,53224,66,feed,31320,11,50,30540
1791639736,725,1,1316719,20261010,1,56775,0,feed,33300,0,49,33300
1791639736,74,0,1355795,20261010,35,11837,137,feed,31260,34,59,29280
1791639736,74,1,1356106,20261010,24,11859,41,feed,31380,23,61,29880
1791639736,74,0,1356210,20261010,1,51546,0,feed,34560,0,59,34560
1791639736,74,1,1356281,20261010,1,13667,0,feed,33420,0,61,33420
1791639736,74,0,1359551,20261010,1,51546,0,feed,32820,0,59,32820
1791639736,74,1,1359729,20261010,1,13667,0,feed,31680,0,61,31680
1791639736,74,1,1360346,20261010,59,51515,122,feed,31200,58,61,28140
1791639736,74,0,1360675,20261010,2,48896,45,feed,31380,1,59,31020
1791639736,80,0,1313995,20261010,1,49979,0,feed,31320,0,42,31320
1791639736,80,1,1314319,20261010,1,50689,0,feed,33120,0,38,33120
1791639736,80,0,1315429,20261010,1,49979,0,feed,34920,0,42,34920
1791639736,802,0,1197663,20261010,1,57169,0,feed,32640,0,46,32640
1791639736,802,1,1204484,20261010,1,42622,0,feed,33720,0,45,33720
1791639736,802,1,1206022,20261010,27,11036,107,feed,31200,26,45,30120
1791639736,804,0,1261508,20261010,1,14153,0,feed,32400,0,32,32400
1791639736,804,1,1327941,20261010,1,14727,0,feed,34200,0,35,34200
1791639736,805,0,1212210,20261010,59,43887,175,feed,31140,58,72,29040
1791639736,805,1,1212930,20261010,1,50716,0,feed,33000,0,72,33000
1791639736,827,1,1313446,20261010,39,57573,154,feed,31080,38,51,29760
1791639736,827,0,1315234,20261010,1,42837,0,feed,33180,0,51,33180
1791639736,827,1,1317072,20261010,1,57167,0,feed,33300,0,51,33300
1791639736,83,0,1263947,20261010,4,57343,-4,feed,31320,3,44,31140
1791639736,83,0,1265376,20261010,41,580,171,feed,31140,40,44,29340
1791639736,83,1,1350783,20261010,1,52532,0,feed,34080,0,41,34080
1791639736,83,1,1353827,20261010,1,52532,0,feed,32280,0,41,32280
1791639736,83,0,1353975,20261010,1,53725,0,feed,34740,0,44,34740
1791639736,83,0,1354493,20261010,1,53725,0,feed,32940,0,44,32940
1791639736,83,1,1355055,20261010,10,53749,289,feed,31020,9,41,30480
1791639736,87,1,1303724,20261010,48,11751,-9,feed,,,,
1791639736,87,1,1303774,20261010,1,57690,0,feed,33180,0,70,33180
1791639736,87,1,1304405,20261010,1,57690,0,feed,31380,0,70,31380
1791639736,87,1,1304548,20261010,1,57690,0,feed,34920,0,70,34920
1791639736,87,0,1349518,20261010,67,51370,-2,feed,31320,66,71,28920
1791639736,87,0,1349920,20261010,19,13088,-11,feed,31320,18,71,30720
1791639736,87,0,1350438,20261010,1,51892,0,feed,34380,0,71,34380
1791639736,87,0,1350918,20261010,1,51892,0,feed,,,,
1791639736,9,0,1356090,20261010,52,3044,384,feed,30960,51,112,29520
1791639736,9,0,1356953,20261010,1,40247,0,feed,33060,0,112,33060
1791639736,9,0,1358009,20261010,98,16606,-10,feed,31320,97,100,27960
1791639736,9,1,1364535,20261010,1,51551,0,feed,32820,0,96,32820
1791639736,9,1,1365369,20261010,1,51551,0,feed,34620,0,111,34620
1791639736,9,1,1366959,20261010,93,8073,235,feed,31200,92,111,27480
1791639736,9,0,1367020,20261010,1,52552,0,feed,31500,0,100,31500
1791639736,9,1,1367916,20261010,43,15345,128,feed,31140,42,96,29220
1791639736,9,1,1368858,20261010,2,48896,99,feed,31380,1,111,31020
1791639736,901,0,879179,20261010,2,51437,60,feed,31380,1,20,31200
1791639736,901,0,887424,20261010,12,51428,120,feed,31200,11,20,29760
1791639736,901,0,889263,20261010,1,51405,0,feed,31920,0,20,31920
1791639736,901,0,894105,20261010,7,51433,60,feed,31320,6,20,30480
1791639736,901,1,895014,20261010,3,56336,0,feed,31740,2,20,31560
1791639736,901,1,895400,20261010,10,51414,300,feed,31080,9,20,30120
1791639736,901,0,899557,20261010,15,56330,420,feed,30960,14,20,29040
1791639736,901,1,904334,20261010,17,53279,0,feed,31320,16,20,29400
1791639736,902,1,879372,20261010,16,56041,60,feed,31380,15,24,29460
1791639736,902,0,882625,20261010,7,56001,120,feed,31200,6,24,30540
1791639736,902,0,884681,20261010,3,56336,0,feed,31440,2,24,31260
1791639736,902,0,894571,20261010,19,56013,0,feed,31320,18,24,29100
1791639736,902,1,894754,20261010,3,56028,240,feed,31140,2,24,30900
1791639736,902,1,894931,20261010,20,51424,60,feed,31260,19,24,28740
1791639736,902,1,895144,20261010,1,56026,0,feed,31620,0,24,31620
1791639736,902,0,902787,20261010,23,56017,240,feed,31140,22,24,28380
1791639736,902,1,903373,20261010,10,56035,60,feed,31260,9,24,30180
1791639736,902,0,984370,20261010,10,56004,480,feed,30900,9,24,29820
1791639736,903,0,1264683,20261010,1,57285,0,feed,33300,0,6,33300
1791639736,903,0,1269438,20261010,1,57285,0,feed,31560,0,6,31560
1791639736,903,1,1275804,20261010,1,56874,0,feed,33300,0,6,33300
1791639736,903,1,1276237,20261010,1,56874,1,feed,31320,0,6,31320
1791639736,904,1,1264566,20261010,1,56800,0,feed,32460,0,12,32460
1791639736,904,1,1274056,20261010,10,56884,260,feed,31200,9,12,29760
1791639736,904,0,1365137,20261010,1,56830,0,feed,32700,0,13,32700
1791639736,904,0,1366151,20261010,13,56800,195,feed,31200,12,13,29160
1791639736,904,0,1366804,20261010,1,56830,0,feed,31800,0,13,31800
1791639736,904,1,1367049,20261010,1,56800,0,feed,34260,0,12,34260
1791639736,904,0,1367662,20261010,2,56829,380,feed,31020,1,13,30900
1791639736,904,0,1367723,20261010,7,53542,217,feed,31320,6,13,30060
1791639736,904,1,1368249,20261010,1,56800,0,feed,33360,0,12,33360
1791639736,904,0,1368388,20261010,1,56830,0,feed,33600,0,13,33600
1791639736,904,1,1368435,20261010,12,56830,533,feed,31020,11,12,28860
1791639736,904,1,1368727,20261010,1,56800,0,feed,31560,0,12,31560
1791639736,904,1,1369189,20261010,6,17781,55,feed,31320,5,12,30660
1791639736,904,0,1369368,20261010,1,56830,0,feed,34500,0,13,34500
1791639736,905,1,1343780,20261010,1,57441,0,feed,33840,0,16,33840
1791639736,905,0,1343818,20261010,1,52761,0,feed,32100,0,16,32100
1791639736,905,0,1343957,20261010,9,57428,-150,feed,31440,8,16,30300
1791639736,905,0,1344044,20261010,1,52761,0,feed,34800,0,16,34800
1791639736,905,1,1344391,20261010,1,57441,0,feed,32040,0,16,32040
1791639736,905,1,1344518,20261010,1,57441,0,feed,32940,0,16,32940
1791639736,905,1,1344564,20261010,1,57441,0,feed,34740,0,16,34740
1791639736,905,0,1344653,20261010,1,52761,0,feed,33000,0,16,33000
1791639736,905,1,1344816,20261010,10,57423,-84,feed,31380,9,16,30240
1791639736,905,0,1344888,20261010,3,3142,-3,feed,31380,2,16,31200
1791639736,905,1,1345344,20261010,3,57437,43,feed,31380,2,16,31140
1791639736,905,0,1345356,20261010,1,52761,0,feed,33900,0,16,33900
1791639736,905,0,1345882,20261010,15,57440,-130,feed,31440,14,16,29400
1791639736,905,1,1345894,20261010,15,52759,-426,feed,31440,14,16,29340
1791639736,921,1,1364373,20261010,1,52531,0,feed,34740,0,20,34740
1791639736,921,0,1364514,20261010,1,51544,0,feed,34560,0,20,34560
1791639736,921,1,1365033,20261010,1,52531,0,feed,32100,0,20,32100
1791639736,921,0,1365372,20261010,1,51544,0,feed,31920,0,20,31920
1791639736,921,1,1366169,20261010,20,51544,109,feed,31200,19,20,29400
1791639736,921,0,1366875,20261010,18,50010,429,feed,30900,17,20,29280
1791639736,921,1,1367980,20261010,2,50015,42,feed,31320,1,20,31200
1791639736,921,1,1368466,20261010,1,52531,0,feed,33000,0,20,33000
1791639736,921,0,1369262,20261010,12,17371,98,feed,31320,11,20,30180
1791639736,921,0,1369521,20261010,1,51544,0,feed,33720,0,20,33720
1791639736,922,1,1311599,20261010,1,56100,67,feed,31260,0,34,31260
1791639736,922,1,1311892,20261010,8,17031,-22,feed,31380,7,34,30540
1791639736,922,1,1312027,20261010,1,56100,0,feed,31920,0,34,31920
1791639736,922,0,1312366,20261010,1,57314,0,feed,33360,0,35,33360
1791639736,922,1,1313080,20261010,25,16871,284,feed,31080,24,34,28560
1791639736,922,1,1313608,20261010,1,56100,0,feed,34080,0,34,34080
1791639736,922,0,1313940,20261010,1,57314,0,feed,34740,0,35,34740
1791639736,922,1,1313979,20261010,33,57353,178,feed,31200,32,34,27900
1791639736,922,0,1314032,20261010,10,16863,97,feed,31260,9,35,30480
1791639736,922,1,1314340,20261010,1,56100,0,feed,34800,0,34,34800
1791639736,922,0,1314530,20261010,1,57314,0,feed,31920,0,35,31920
1791639736,922,0,1314542,20261010,1,57314,0,feed,32640,0,35,32640
1791639736,922,0,1314709,20261010,1,57314,0,feed,34080,0,35,34080
1791639736,922,0,1314786,20261010,15,57331,265,feed,31140,14,35,29760
1791639736,922,1,1314831,20261010,20,16913,62,feed,31320,19,34,29220
1791639736,922,0,1314847,20261010,24,16996,-9,feed,31380,23,35,29040
1791639736,922,1,1314975,20261010,1,56100,0,feed,32640,0,34,32640
1791639736,922,0,1315911,20261010,25,57328,585,feed,30720,24,35,28320
1791639736,922,1,1315993,20261010,1,56100,0,feed,33360,0,34,33360
1791639736,922,1,1316438,20261010,13,17371,91,feed,31260,12,34,29880
1791639736,922,0,1317366,20261010,4,4862,39,feed,31380,3,35,31200
1791639736,923,0,1263288,20261010,1,56897,0,feed,34920,0,22,34920
1791639736,923,0,1264663,20261010,7,17853,167,feed,,,,
1791639736,923,0,1265790,20261010,1,56897,0,feed,31380,0,22,31380
1791639736,923,1,1267369,20261010,13,56422,270,feed,31080,12,23,30060
1791639736,923,1,1268277,20261010,1,57278,0,feed,31980,0,23,31980
1791639736,923,1,1268740,20261010,23,56897,123,feed,31200,22,23,29220
1791639736,923,0,1268963,20261010,1,56897,0,feed,32220,0,22,32220
1791639736,923,0,1270746,20261010,1,56897,0,feed,,,,
1791639736,923,1,1271303,20261010,1,57278,0,feed,34560,0,23,34560
1791639736,923,1,1271538,20261010,1,57278,0,feed,,,,
1791639736,923,0,1274274,20261010,21,56826,70,feed,31380,20,22,29580
1791639736,923,1,1274666,20261010,3,9087,130,feed,,,,
1791639736,923,0,1275260,20261010,1,56897,0,feed,33120,0,22,33120
1791639736,923,1,1275570,20261010,1,57278,0,feed,32820,0,23,32820
1791639736,924,0,1262606,20261010,1,56873,0,feed,,,,
1791639736,924,0,1265875,20261010,,,,canceled,,,,
1791639736,924,1,1266858,20261010,1,56823,0,feed,,,,
1791639736,924,1,1267339,20261010,6,56903,81,feed,,,,
1791639736,924,1,1267579,20261010,25,56913,292,feed,,,,
1791639736,924,0,1267666,20261010,5,620,197,feed,,,,
1791639736,924,1,1268823,20261010,1,56823,0,feed,,,,
1791639736,924,0,1269428,20261010,1,56873,0,feed,,,,
1791639736,924,1,1269774,20261010,12,56907,169,feed,,,,
1791639736,924,0,1270185,20261010,14,56924,171,feed,,,,
1791639736,924,1,1270873,20261010,1,56823,0,feed,,,,
1791639736,924,0,1271275,20261010,19,56927,259,feed,,,,
1791639736,924,0,1271601,20261010,34,8945,105,feed,,,,
1791639736,924,1,1271853,20261010,19,17910,120,feed,,,,
1791639736,924,0,1272338,20261010,26,56930,238,feed,,,,
1791639736,924,1,1273796,20261010,37,449,507,feed,,,,
1791639736,924,0,1274005,20261010,1,56873,0,feed,,,,
1791639736,924,1,1274359,20261010,34,436,-39,feed,,,,
1791639736,924,1,1275735,20261010,1,56823,0,feed,,,,
1791639736,924,0,1275869,20261010,1,56873,0,feed,,,,
1791639736,924,0,1276460,20261010,1,56873,0,feed,,,,
1791639736,924,0,1284758,20261010,1,56873,0,feed,,,,
1791639736,925,0,1263042,20261010,1,53703,0,feed,34740,0,35,34740
1791639736,925,1,1331708,20261010,1,57541,0,feed,32220,0,35,32220
1791639736,925,1,1332065,20261010,5,16569,144,feed,31200,4,35,30840
1791639736,925,1,1332423,20261010,14,17922,-13,feed,31380,13,35,30120
1791639736,925,0,1333615,20261010,13,1316,-104,feed,31500,12,35,30480
1791639736,925,1,1333629,20261010,1,57541,0,feed,33660,0,35,33660
1791639736,925,0,1333671,20261010,2,4369,192,feed,31260,1,35,31200
1791639736,925,0,1333840,20261010,1,53703,0,feed,32640,0,35,32640
1791639736,925,0,1333856,20261010,19,17941,-16,feed,31500,18,35,29760
1791639736,925,1,1334075,20261010,1,57541,0,feed,31500,0,35,31500
1791639736,925,1,1335200,20261010,1,57541,0,feed,32940,0,35,32940
1791639736,925,0,1335209,20261010,1,53703,0,feed,34080,0,35,34080
1791639736,925,1,1335236,20261010,1,57541,0,feed,34380,0,35,34380
1791639736,925,0,1335271,20261010,25,15477,76,feed,31260,24,35,29040
1791639736,925,1,1335505,20261010,25,1117,250,feed,31080,24,35,28740
1791639736,925,0,1335632,20261010,34,15882,49,feed,31320,33,35,28320
1791639736,925,0,1335789,20261010,1,53703,0,feed,33360,0,35,33360
1791639736,925,1,1335851,20261010,21,50196,-110,feed,31440,20,35,29400
1791639736,925,0,1335885,20261010,1,53703,0,feed,31920,0,35,31920
1791639736,94,0,1183455,20261010,1,51200,0,feed,31380,0,15,31380
1791639736,94,1,1187100,20261010,1,56100,0,feed,33840,0,16,33840
1791639736,94,1,1347126,20261010,8,17894,230,feed,31500,7,16,30240
1791639736,94,0,1347865,20261010,1,51200,0,feed,33180,0,15,33180
1791639736,94,1,1371245,20261010,1,56100,0,feed,,,,
1791639772,10,1,1369598,20261010,1,57165,0,feed,,,,
1791639772,10,1,1369666,20261010,1,57165,0,feed,,,,
1791639772,10,0,1369716,20261010,54,40723,333,feed,,,,
1791639772,10,0,1369750,20261010,27,17174,-61,feed,,,,
1791639772,10,1,1369896,20261010,33,17165,445,feed,,,,
1791639772,10,0,1369909,20261010,1,19337,0,feed,,,,
1791639772,10,0,1370109,20261010,1,19337,0,feed,,,,
1791639772,10,1,1370169,20261010,1,57165,0,feed,,,,
1791639772,10,1,1370526,20261010,1,57165,0,feed,,,,
1791639772,10,0,1370544,20261010,1,19337,0,feed,,,,
1791639772,10,0,1370631,20261010,7,17994,359,feed,,,,
1791639772,10,1,1370706,20261010,43,53966,183,feed,,,,
1791639772,10,1,1370847,20261010,9,14182,101,feed,,,,
1791639772,10,0,1370911,20261010,1,19337,0,feed,,,,
1791639772,10,1,1371233,20261010,1,57165,0,feed,,,,
1791639772,11,1,1317736,20261010,15,14616,335,feed,31020,14,79,30600
1791639772,11,1,1318806,20261010,1,49304,0,feed,34200,0,79,34200
1791639772,11,1,1333584,20261010,58,17713,55,feed,31320,57,79,28800
1791639772,11,0,1364237,20261010,1,51828,0,feed,34680,0,80,34680
1791639772,11,0,1364493,20261010,5,17624,170,feed,31200,4,80,31080
1791639772,11,0,1364891,20261010,1,51828,0,feed,32880,0,80,32880
1791639772,11,0,1365010,20261010,40,17996,440,feed,30960,39,80,29340
1791639772,11,0,1365189,20261010,1,51828,0,feed,33780,0,80,33780
1791639772,11,1,1367697,20261010,1,49304,0,feed,33300,0,79,33300
1791639772,11,0,1368798,20261010,1,51828,0,feed,31980,0,80,31980
1791639772,11,1,1370778,20261010,1,49304,0,feed,,,,
1791639772,11,1,1371143,20261010,1,49304,0,feed,,,,
1791639772,14,0,1331975,20261010,1,4345,0,feed,33960,0,80,33960
1791639772,14,1,1369968,20261010,49,15668,284,feed,,,,
1791639772,14,1,1370263,20261010,1,50153,0,feed,,,,
1791639772,14,0,1370570,20261010,1,4345,0,feed,,,,
1791639772,14,0,1370837,20261010,56,8316,103,feed,,,,
1791639772,14,0,1370944,20261010,25,15602,-7,feed,,,,
1791639772,14,1,1370949,20261010,17,8332,107,feed,,,,
1791639772,14,1,1371230,20261010,1,50153,0,feed,,,,
1791639772,17,0,1132652,20261010,1,57458,0,feed,33360,0,63,33360
1791639772,17,1,1318157,20261010,1,17192,0,feed,34440,0,65,34440
1791639772,17,1,1318412,20261010,34,1100,205,feed,31200,33,65,29040
1791639772,17,0,1324422,20261010,22,5802,384,feed,30960,21,63,29820
1791639772,17,0,1333898,20261010,1,57458,0,feed,31560,0,63,31560
1791639772,17,1,1335969,20261010,11,15531,-161,feed,31440,10,65,30840
1791639772,17,1,1367100,20261010,1,17192,0,feed,32640,0,65,32640
1791639772,17,0,1367673,20261010,55,15488,-33,feed,31380,54,63,28080
1791639772,18,0,1361139,20261010,17,43664,117,feed,31260,16,84,30840
1791639772,18,0,1361386,20261010,1,57131,0,feed,34320,0,84,34320
1791639772,18,1,1365623,20261010,8,17986,-76,feed,31440,7,52,30780
1791639772,18,1,1366496,20261010,51,48129,541,feed,30840,50,83,28080
1791639772,18,1,1366899,20261010,1,56800,0,feed,31680,0,83,31680
1791639772,18,0,1366999,20261010,63,1882,-21,feed,31380,62,84,29040
1791639772,18,1,1367572,20261010,1,56800,0,feed,33480,0,83,33480
1791639772,18,0,1367589,20261010,1,57131,0,feed,32520,0,84,32520
1791639772,18,0,1367743,20261010,10,1754,44,feed,31320,9,51,30780
1791639772,18,1,1367843,20261010,18,1212,141,feed,31200,17,83,29880
1791639772,18,1,1367855,20261010,35,1339,168,feed,31200,34,52,28980
1791639772,18,0,1368106,20261010,1,51852,0,feed,34320,0,51,34320
1791639772,18,0,1368311,20261010,,,,canceled,,,,
1791639772,18,1,1368473,20261010,1,56800,0,feed,34380,0,52,34380
1791639772,18,0,1368895,20261010,84,56800,35,feed,31320,83,84,27300
1791639772,18,1,1369195,20261010,1,56800,0,feed,32580,0,52,32580
1791639772,18,0,1369255,20261010,41,1911,44,feed,31320,40,51,28980
1791639772,18,0,1369467,20261010,1,51852,0,feed,32520,0,51,32520
1791639772,2,1,1262240,20261010,1,50670,0,feed,34800,0,34,34800
1791639772,2,1,1275547,20261010,1,50670,0,feed,33000,0,34,33000
1791639772,2,0,1318333,20261010,1,57469,0,feed,34020,0,34,34020
1791639772,2,0,1319327,20261010,1,57469,0,feed,32220,0,34,32220
1791639772,2,0,1319576,20261010,17,80925,-10,feed,31380,16,34,30420
1791639772,2,0,1331067,20261010,1,57469,21,feed,31320,0,41,31320
1791639772,2,0,1333277,20261010,32,13209,-68,feed,31440,31,41,29580
1791639772,2,1,1361126,20261010,1,57618,0,feed,33300,0,42,33300
1791639772,2,1,1363769,20261010,25,15630,26,feed,31320,24,42,29760
1791639772,2,0,1363982,20261010,1,57469,0,feed,33120,0,41,33120
1791639772,2,0,1370583,20261010,1,57469,0,feed,,,,
1791639772,2,1,1371123,20261010,1,57618,0,feed,,,,
1791639772,215,1,1268010,20261010,1,5020,0,feed,33360,0,27,33360
1791639772,215,0,1271377,20261010,1,49979,0,feed,31440,0,30,31440
1791639772,219,0,1303185,20261010,37,41752,-99,feed,31380,36,74,29760
1791639772,219,0,1304104,20261010,1,57340,0,feed,33360,0,74,33360
1791639772,219,1,1311569,20261010,42,49851,58,feed,31380,41,71,29700
1791639772,219,1,1313107,20261010,1,5020,0,feed,33300,0,71,33300
1791639772,22,1,1357463,20261010,1,56825,0,feed,34200,0,84,34200
1791639772,22,1,1357692,20261010,61,51541,706,feed,30600,60,84,27180
1791639772,22,1,1357780,20261010,35,17907,-103,feed,31440,34,87,29400
1791639772,22,0,1364420,20261010,1,4558,0,feed,34740,0,86,34740
1791639772,22,0,1365015,20261010,1,4558,0,feed,32340,0,82,32340
1791639772,22,0,1365245,20261010,1,4558,152,feed,31200,0,86,31200
1791639772,22,0,1366517,20261010,47,19306,153,feed,31200,46,82,28800
1791639772,22,1,1367544,20261010,1,56825,0,feed,31860,0,84,31860
1791639772,22,1,1368123,20261010,51,81107,218,feed,31320,50,84,28320
1791639772,22,0,1368193,20261010,1,4558,0,feed,33540,0,82,33540
1791639772,22,1,1368672,20261010,1,56825,0,feed,33000,0,87,33000
1791639772,22,1,1369027,20261010,13,11629,27,feed,31320,12,84,30600
1791639772,22,0,1369165,20261010,33,15310,-22,feed,31380,32,82,30000
1791639772,22,0,1369270,20261010,71,11415,-26,feed,31380,70,86,27660
1791639772,223,1,1360923,20261010,1,5020,77,feed,31260,0,34,31260
1791639772,223,0,1362089,20261010,1,57691,0,feed,33360,0,33,33360
1791639772,223,0,1362666,20261010,29,80852,150,feed,31200,28,33,29760
1791639772,223,1,1363749,20261010,1,5020,0,feed,33060,0,34,33060
1791639772,225,1,1131121,20261010,1,45174,0,feed,32280,0,20,32280
1791639772,225,0,1275899,20261010,1,52530,0,feed,34260,0,20,34260
1791639772,227,0,1268554,20261010,1,52530,0,feed,34200,0,47,34200
1791639772,227,1,1274259,20261010,1,45174,0,feed,32280,0,45,32280
1791639772,25,1,1369797,20261010,80,53966,-121,feed,,,,
1791639772,25,0,1370343,20261010,1,19337,0,feed,,,,
1791639772,27,0,1363609,20261010,1,52857,0,feed,32400,0,23,32400
1791639772,27,1,1368218,20261010,1,51367,0,feed,31680,0,21,31680
1791639772,3,0,1179459,20261010,1,54097,0,feed,34740,0,65,34740
1791639772,3,0,1185403,20261010,1,54097,0,feed,32100,0,64,32100
1791639772,3,1,1188234,20261010,1,56100,0,feed,33720,0,64,33720
1791639772,3,0,1321117,20261010,43,18621,88,feed,31260,42,64,28860
1791639772,3,1,1321969,20261010,26,18563,28,feed,31320,25,64,30120
1791639772,3,1,1322705,20261010,1,56100,0,feed,31920,0,64,31920
1791639772,3,0,1323264,20261010,1,54097,0,feed,32940,0,65,32940
1791639772,3,1,1323352,20261010,57,19307,342,feed,31020,56,65,28140
1791639772,3,1,1369002,20261010,1,56100,0,feed,34320,0,65,34320
1791639772,3,0,1370816,20261010,1,54097,0,feed,,,,
1791639772,3,1,1371112,20261010,1,56100,0,feed,,,,
1791639772,3,0,1371162,20261010,7,19315,69,feed,,,,
1791639772,30,1,1212213,20261010,1,15882,376,feed,30960,0,44,30960
1791639772,30,1,1213255,20261010,1,15882,0,feed,32760,0,44,32760
1791639772,30,1,1214617,20261010,34,8294,112,feed,31320,33,44,29220
1791639772,30,0,1215064,20261010,28,42307,43,feed,31320,27,48,30240
1791639772,30,0,1216003,20261010,1,40238,0,feed,33840,0,48,33840
1791639772,30,0,1217801,20261010,1,40238,0,feed,32040,0,48,32040
1791639772,30,1,1218465,20261010,1,15882,0,feed,34560,0,44,34560
1791639772,32,0,1331227,20261010,1,50155,0,feed,33300,0,59,33300
1791639772,32,0,1332116,20261010,1,50155,0,feed,31500,0,59,31500
1791639772,32,0,1332305,20261010,44,12864,15,feed,31320,43,59,29700
1791639772,32,1,1364965,20261010,14,53419,70,feed,31260,13,61,30780
1791639772,32,1,1365346,20261010,61,50155,159,feed,31200,60,61,29040
1791639772,32,1,1365620,20261010,1,57685,0,feed,34380,0,61,34380
1791639772,32,1,1366195,20261010,1,57685,0,feed,32580,0,61,32580
1791639772,323,1,1131189,20261010,1,57508,0,feed,34560,0,25,34560
1791639772,323,0,1133491,20261010,1,51116,0,feed,32700,0,23,32700
1791639772,323,1,1133674,20261010,5,57040,94,feed,31260,4,25,31020
1791639772,323,1,1135512,20261010,1,57508,0,feed,32820,0,25,32820
1791639772,323,0,1136212,20261010,1,51116,0,feed,31560,0,23,31560
1791639772,345,1,1132958,20261010,1,57508,0,feed,32520,0,15,32520
1791639772,345,1,1134141,20261010,13,41253,-75,feed,31380,12,15,28920
1791639772,345,0,1136184,20261010,1,56879,0,feed,32400,0,15,32400
1791639772,345,0,1137191,20261010,15,57508,49,feed,31200,14,15,28800
1791639772,36,0,1176582,20261010,1,57537,0,feed,33060,0,53,33060
1791639772,36,0,1185999,20261010,1,57537,0,feed,31380,0,53,31380
1791639772,36,1,1221282,20261010,40,41130,-115,feed,31380,39,50,29820
1791639772,36,1,1362326,20261010,1,50160,0,feed,31620,0,50,31620
1791639772,36,0,1362765,20261010,45,1312,87,feed,31260,44,53,29580
1791639772,36,0,1362770,20261010,1,57537,0,feed,34860,0,53,34860
1791639772,36,1,1368040,20261010,1,50160,0,feed,33420,0,50,33420
1791639772,38,0,1349639,20261010,77,12626,-73,feed,31380,76,108,28200
1791639772,38,0,1351532,20261010,1,48213,0,feed,31800,0,108,31800
1791639772,38,1,1351767,20261010,1,16494,0,feed,33840,0,104,33840
1791639772,38,1,1354748,20261010,23,12593,242,feed,31080,22,104,30240
1791639772,38,0,1354833,20261010,33,4819,159,feed,31200,32,109,30000
1791639772,38,1,1355347,20261010,1,42032,0,feed,31860,0,107,31860
1791639772,38,1,1368131,20261010,71,3561,87,feed,31260,70,107,28260
1791639772,38,0,1369308,20261010,1,48213,0,feed,33540,0,109,33540
1791639772,4,0,1134761,20261010,1,50231,0,feed,34920,0,89,34920
1791639772,4,0,1159065,20261010,63,16048,-10,feed,31380,62,87,28140
1791639772,4,0,1159935,20261010,1,50231,0,feed,33840,0,53,33840
1791639772,4,1,1356771,20261010,44,17931,81,feed,31260,43,90,29280
1791639772,4,0,1358191,20261010,1,50231,0,feed,31380,0,89,31380
1791639772,4,0,1358682,20261010,46,17936,51,feed,31320,45,89,29400
1791639772,4,1,1359006,20261010,78,51869,270,feed,31140,77,85,27480
1791639772,4,1,1359333,20261010,1,14153,0,feed,34200,0,90,34200
1791639772,4,1,1359891,20261010,1,14153,0,feed,32520,0,90,32520
1791639772,4,0,1359977,20261010,1,50231,0,feed,33120,0,89,33120
1791639772,4,0,1360423,20261010,1,50231,0,feed,32160,0,53,32160
1791639772,4,0,1360468,20261010,18,3375,106,feed,31260,17,53,30480
1791639772,4,1,1360574,20261010,13,42298,25,feed,31320,12,85,31020
1791639772,4,1,1360613,20261010,1,17971,0,feed,34800,0,50,34800
1791639772,46,1,1266877,20261010,1,51550,0,feed,31500,0,59,31500
1791639772,46,0,1275837,20261010,1,220,0,feed,34260,0,62,34260
1791639772,46,1,1279525,20261010,1,51550,0,feed,33300,0,59,33300
1791639772,46,0,1288147,20261010,22,1011,79,feed,31260,21,62,30660
1791639772,48,0,1304579,20261010,1,19301,0,feed,32700,0,61,32700
1791639772,48,1,1348922,20261010,54,17906,-25,feed,31380,53,61,29400
1791639772,48,1,1354633,20261010,1,50152,0,feed,33000,0,61,33000
1791639772,5,0,1366026,20261010,1,51212,0,feed,33660,0,81,33660
1791639772,5,1,1367183,20261010,1,51846,0,feed,32100,0,80,32100
1791639772,5,0,1367768,20261010,31,56929,10,feed,31320,30,81,30120
1791639772,5,1,1367813,20261010,59,48,502,feed,30840,58,80,28560
1791639772,515,1,1350270,20261010,1,56877,0,feed,31620,0,49,31620
1791639772,515,1,1351176,20261010,1,56877,0,feed,33420,0,49,33420
1791639772,515,0,1351215,20261010,1,53704,0,feed,33960,0,49,33960
1791639772,515,1,1351349,20261010,1,56877,0,feed,34320,0,49,34320
1791639772,515,0,1352230,20261010,2,44199,70,feed,31320,1,49,31260
1791639772,515,1,1352625,20261010,1,56877,0,feed,32520,0,49,32520
1791639772,515,1,1353223,20261010,31,4352,631,feed,30720,30,49,29880
1791639772,515,0,1353288,20261010,1,53704,0,feed,33060,0,49,33060
1791639772,515,1,1353893,20261010,18,717,22,feed,31320,17,49,30780
1791639772,515,0,1354351,20261010,38,664,33,feed,31320,37,49,30360
1791639772,515,0,1354827,20261010,1,53704,0,feed,32160,0,49,32160
1791639772,515,0,1355075,20261010,1,53704,0,feed,34860,0,49,34860
1791639772,534,1,1344342,20261010,32,56725,337,feed,31020,31,32,29700
1791639772,534,0,1344416,20261010,1,56725,0,feed,31620,0,35,31620
1791639772,534,1,1345027,20261010,1,51824,0,feed,31500,0,32,31500
1791639772,534,1,1345372,20261010,1,51824,0,feed,33300,0,32,33300
1791639772,534,0,1345591,20261010,1,56725,0,feed,33420,0,35,33420
1791639772,538,0,1133562,20261010,1,53704,0,feed,32400,0,42,32400
1791639772,538,0,1134427,20261010,1,53704,0,feed,34200,0,42,34200
1791639772,538,1,1318024,20261010,1,56880,0,feed,31680,0,40,31680
1791639772,538,1,1318336,20261010,24,44366,409,feed,30960,23,40,29880
1791639772,539,0,1137973,20261010,1,56725,0,feed,33120,0,41,33120
1791639772,539,0,884214,20261010,3,2079,25,feed,31320,2,41,31260
1791639772,539,1,887554,20261010,1,56880,0,feed,31980,0,38,31980
1791639772,539,1,892670,20261010,1,56880,0,feed,33780,0,38,33780
1791639772,54,1,1132240,20261010,18,13132,41,feed,31320,17,27,30000
1791639772,54,0,1132790,20261010,1,56875,0,feed,32220,0,25,32220
1791639772,54,1,1132796,20261010,1,56100,0,feed,31800,0,27,31800
1791639772,54,0,1133608,20261010,22,57455,-50,feed,31440,21,25,29520
1791639772,54,1,1342013,20261010,1,56100,0,feed,33600,0,27,33600
1791639772,54,0,1346021,20261010,1,56875,0,feed,34920,0,46,34920
1791639772,54,0,1346176,20261010,1,56875,0,feed,33120,0,46,33120
1791639772,54,0,1346471,20261010,41,5318,308,feed,31080,40,46,27720
1791639772,54,1,1346741,20261010,1,42319,0,feed,34560,0,47,34560
1791639772,54,1,1347038,20261010,1,42319,0,feed,32760,0,47,32760
1791639772,54,1,1347987,20261010,25,11863,93,feed,31320,24,47,29160
1791639772,54,1,1348005,20261010,41,48548,460,feed,31200,40,47,27360
1791639772,54,0,1354169,20261010,2,41259,9,feed,31380,1,46,31320
1791639772,54,1,1360814,20261010,5,5293,-44,feed,31380,4,47,30960
1791639772,54,0,1368541,20261010,1,56875,0,feed,34020,0,25,34020
1791639772,540,0,1135474,20261010,1,53052,0,feed,34380,0,51,34380
1791639772,540,0,1135740,20261010,9,41102,50,feed,31320,8,51,30840
1791639772,540,1,891771,20261010,1,56879,0,feed,32220,0,48,32220
1791639772,540,1,897635,20261010,1,56879,0,feed,34020,0,48,34020
1791639772,546,1,1137938,20261010,1,51824,0,feed,31860,0,31,31860
1791639772,546,0,895752,20261010,1,56725,12,feed,33360,0,33,33360
1791639772,61,0,1364460,20261010,1,17905,0,feed,34500,0,76,34500
1791639772,61,1,1364671,20261010,32,5651,-29,feed,31380,31,73,29280
1791639772,61,0,1365086,20261010,55,41075,17,feed,31320,54,76,28860
1791639772,61,1,1365668,20261010,1,52761,0,feed,32820,0,73,32820
1791639772,61,0,1365960,20261010,8,15477,157,feed,,,,
1791639772,61,1,1367080,20261010,4,3142,119,feed,31260,3,73,31080
1791639772,61,1,1368603,20261010,72,40168,-34,feed,31380,71,73,27540
1791639772,61,1,1368621,20261010,1,52761,0,feed,34560,0,73,34560
1791639772,61,0,1368859,20261010,1,17905,0,feed,32580,0,76,32580
1791639772,615,0,1346064,20261010,1,41157,0,feed,31980,0,76,31980
1791639772,615,1,1346165,20261010,1,3540,0,feed,31920,0,76,31920
1791639772,615,1,1347073,20261010,76,41157,-61,feed,31380,75,76,28320
1791639772,62,0,1349165,20261010,62,80934,78,feed,31320,61,86,29100
1791639772,62,0,1349320,20261010,6,332,259,feed,31080,5,86,30900
1791639772,62,1,1349384,20261010,1,49141,0,feed,32040,0,83,32040
1791639772,62,1,1350721,20261010,1,49141,0,feed,33840,0,83,33840
1791639772,62,1,1352537,20261010,29,80931,-30,feed,31380,28,83,30240
1791639772,62,0,1352814,20261010,1,328,0,feed,34500,0,86,34500
1791639772,62,0,1359926,20261010,1,328,0,feed,32700,0,86,32700
1791639772,62,0,1359971,20261010,1,2611,0,feed,31380,0,67,31380
1791639772,62,1,1360619,20261010,77,6346,-1,feed,31380,76,91,28200
1791639772,63,1,1262710,20261010,1,51114,0,feed,31620,0,59,31620
1791639772,63,1,1269139,20261010,17,3245,28,feed,31320,16,59,30720
1791639772,63,1,1271234,20261010,1,51114,0,feed,33420,0,59,33420
1791639772,63,1,1274289,20261010,23,11863,196,feed,31200,22,59,29820
1791639772,63,0,1346045,20261010,1,15795,0,feed,34140,0,60,34140
1791639772,63,0,1346133,20261010,1,15795,0,feed,33240,0,60,33240
1791639772,63,0,1346389,20261010,42,3152,-105,feed,31440,41,60,29160
1791639772,63,1,1347243,20261010,1,51114,0,feed,32520,0,59,32520
1791639772,63,0,1348039,20261010,1,15795,0,feed,32340,0,60,32340
1791639772,63,1,1348190,20261010,58,18640,252,feed,31140,57,59,28020
1791639772,63,0,1368837,20261010,1,15795,0,feed,31440,0,60,31440
1791639772,63,0,1371063,20261010,10,16956,629,feed,,,,
1791639772,63,1,1371376,20261010,1,51114,0,feed,,,,
1791639772,64,1,1342583,20261010,61,11807,73,feed,31380,60,76,29460
1791639772,64,1,1342597,20261010,1,42157,0,feed,34920,0,43,34920
1791639772,64,0,1356049,20261010,1,52761,0,feed,32160,0,43,32160
1791639772,64,0,1357136,20261010,1,52761,0,feed,33960,0,43,33960
1791639772,64,0,1357757,20261010,1,52761,0,feed,33060,0,78,33060
1791639772,64,0,1358440,20261010,47,40132,15,feed,31320,46,78,29460
1791639772,64,0,1359236,20261010,3,11834,-44,feed,31380,2,78,31260
1791639772,64,1,1359435,20261010,1,42157,0,feed,33180,0,43,33180
1791639772,64,0,1359712,20261010,12,49751,179,feed,31200,11,43,30360
1791639772,64,0,1359733,20261010,1,52761,0,feed,34860,0,78,34860
1791639772,64,1,1359911,20261010,1,42157,0,feed,31380,0,43,31380
1791639772,64,1,1360712,20261010,1,52015,0,feed,32880,0,76,32880
1791639772,64,1,1360799,20261010,2,5283,138,feed,31200,1,76,31140
1791639772,64,1,1360820,20261010,1,52015,0,feed,34620,0,76,34620
1791639772,645,1,1208148,20261010,9,40322,806,feed,30540,8,55,29820
1791639772,645,0,1337122,20261010,1,6990,0,feed,33480,0,52,33480
1791639772,645,1,1341885,20261010,1,53293,0,feed,33420,0,55,33420
1791639772,645,0,1342044,20261010,37,8131,82,feed,31260,36,52,30000
1791639772,65,1,1349559,20261010,1,57690,0,feed,34140,0,38,34140
1791639772,65,1,1349743,20261010,17,10722,50,feed,31200,16,38,30480
1791639772,65,1,1349914,20261010,1,57690,0,feed,32220,0,38,32220
1791639772,65,0,1369692,20261010,1,10761,0,feed,,,,
1791639772,65,0,1369921,20261010,1,10761,0,feed,,,,
1791639772,65,0,1370272,20261010,5,10695,349,feed,,,,
1791639772,67,0,1270586,20261010,,,,canceled,,,,
1791639772,67,1,1271715,20261010,1,56100,0,feed,31680,0,65,31680
1791639772,67,1,1351909,20261010,30,15099,307,feed,31020,29,65,29880
1791639772,67,0,1355672,20261010,1,53723,0,feed,33300,0,65,33300
1791639772,67,1,1359653,20261010,1,56100,0,feed,33480,0,65,33480
1791639772,67,0,1359981,20261010,49,18835,-37,feed,31380,48,65,29700
1791639772,67,0,1369496,20261010,1,53723,0,feed,31500,0,65,31500
1791639772,68,1,1266613,20261010,1,11904,0,feed,32100,0,61,32100
1791639772,68,1,1338346,20261010,1,11904,0,feed,33900,0,117,33900
1791639772,68,0,1362553,20261010,2,9806,26,feed,33120,1,87,33120
1791639772,68,0,1362641,20261010,2,9806,144,feed,32220,1,59,32220
1791639772,68,0,1363191,20261010,54,2610,89,feed,31260,53,87,29520
1791639772,68,0,1363418,20261010,1,53340,0,feed,32400,0,118,32400
1791639772,68,1,1364071,20261010,23,326,22,feed,31320,22,117,30300
1791639772,68,1,1366205,20261010,1,57511,0,feed,33720,0,83,33720
1791639772,68,1,1366366,20261010,25,49993,-12,feed,31380,24,83,30180
1791639772,68,1,1367360,20261010,71,9964,214,feed,31140,70,83,28380
1791639772,68,0,1367376,20261010,2,9806,30,feed,31320,1,87,31320
1791639772,68,1,1367646,20261010,101,40047,459,feed,30900,100,125,27480
1791639772,68,0,1368075,20261010,90,425,-10,feed,31380,89,118,28800
1791639772,68,1,1369146,20261010,1,57511,0,feed,31920,0,83,31920
1791639772,686,1,1170390,20261010,1,56939,0,feed,33360,0,4,33360
1791639772,686,0,1331453,20261010,1,47705,32,feed,31320,0,3,31320
1791639772,686,0,1334493,20261010,1,47705,0,feed,34200,0,3,34200
1791639772,686,1,1335159,20261010,3,57622,-234,feed,31740,2,4,30540
1791639772,7,0,1356094,20261010,1,51779,0,feed,32340,0,64,32340
1791639772,7,1,1357950,20261010,23,42454,134,feed,31260,22,60,30060
1791639772,7,0,1358043,20261010,1,51779,0,feed,34140,0,64,34140
1791639772,7,1,1359429,20261010,51,15419,17,feed,31320,50,60,28260
1791639772,7,0,1359569,20261010,63,56977,678,feed,30660,62,64,27180
1791639772,7,1,1360783,20261010,1,17679,0,feed,31860,0,60,31860
1791639772,7,0,1370557,20261010,44,19306,-21,feed,,,,
1791639772,7,0,1370805,20261010,14,52743,105,feed,,,,
1791639772,7,1,1371241,20261010,1,17679,0,feed,,,,
1791639772,71,1,1266754,20261010,1,51291,88,feed,31200,0,60,31200
1791639772,71,0,1267604,20261010,38,56139,-39,feed,31380,37,58,29820
1791639772,71,1,1268776,20261010,1,51291,0,feed,33000,0,60,33000
1791639772,71,0,1274522,20261010,1,9715,0,feed,33420,0,58,33420
1791639772,71,1,1275684,20261010,49,10061,-144,feed,31380,48,60,29400
1791639772,71,0,1361292,20261010,1,9715,22,feed,31320,0,75,31320
1791639772,71,1,1361680,20261010,1,49141,0,feed,34740,0,74,34740
1791639772,716,0,1136708,20261010,1,50154,0,feed,33000,0,51,33000
1791639772,716,1,1137091,20261010,1,8728,0,feed,31320,0,50,31320
1791639772,716,1,1138302,20261010,1,8728,0,feed,34920,0,50,34920
1791639772,72,1,1369752,20261010,25,43282,304,feed,,,,
1791639772,72,1,1369953,20261010,1,13667,0,feed,,,,
1791639772,72,0,1370012,20261010,23,11885,232,feed,,,,
1791639772,72,0,1370047,20261010,1,57615,0,feed,,,,
1791639772,72,1,1370924,20261010,1,13667,0,feed,,,,
1791639772,721,1,1181788,20261010,1,9522,0,feed,34200,0,41,34200
1791639772,721,1,1181860,20261010,18,9545,110,feed,31200,17,41,30600
1791639772,721,0,1185414,20261010,1,51845,0,feed,32760,0,43,32760
1791639772,721,1,1186203,20261010,1,9522,0,feed,32400,0,41,32400
1791639772,721,0,1186726,20261010,14,9488,33,feed,31320,13,43,30900
1791639772,721,0,1187966,20261010,1,51845,0,feed,34560,0,43,34560
1791639772,722,1,1177444,20261010,42,51188,-20,feed,31380,41,53,30000
1791639772,722,0,1177596,20261010,1,56827,0,feed,32400,0,11,32400
1791639772,722,1,1178420,20261010,1,11486,0,feed,33120,0,14,33120
1791639772,722,1,1181355,20261010,1,57636,0,feed,33600,0,53,33600
1791639772,722,0,1182378,20261010,19,11502,27,feed,31380,18,51,30600
1791639772,722,0,1188260,20261010,1,56827,0,feed,34200,0,51,34200
1791639772,723,1,1179416,20261010,1,53224,0,feed,32340,0,41,32340
1791639772,723,0,1182074,20261010,25,8756,-55,feed,31380,24,39,30600
1791639772,723,0,1187876,20261010,1,51845,0,feed,34200,0,39,34200
1791639772,724,1,1131724,20261010,1,53222,0,feed,31620,0,35,31620
1791639772,724,0,1131975,20261010,1,51846,0,feed,31500,0,33,31500
1791639772,724,0,1133079,20261010,1,51846,0,feed,34200,0,33,34200
1791639772,724,1,1133199,20261010,1,53222,0,feed,33420,0,35,33420
1791639772,724,1,1134316,20261010,19,8840,-141,feed,31380,18,35,30720
1791639772,724,1,1134468,20261010,1,53222,0,feed,32520,0,35,32520
1791639772,724,0,1134577,20261010,1,51846,0,feed,32400,0,33,32400
1791639772,724,0,1134855,20261010,33,53222,633,feed,30720,32,33,29700
1791639772,724,0,1134966,20261010,1,51846,0,feed,33300,0,33,33300
1791639772,724,0,1135136,20261010,24,42063,71,feed,31320,23,33,30600
1791639772,724,1,1136218,20261010,1,53222,0,feed,34320,0,35,34320
1791639772,725,0,1312352,20261010,1,57580,0,feed,34020,0,50,34020
1791639772,725,1,1312574,20261010,37,53224,142,feed,31200,36,49,29700
1791639772,725,0,1315971,20261010,12,53224,71,feed,31320,11,50,30540
1791639772,725,1,1316719,20261010,1,56775,0,feed,33300,0,49,33300
1791639772,74,0,1355795,20261010,35,11837,163,feed,31260,34,59,29280
1791639772,74,1,1356106,20261010,24,11859,39,feed,31380,23,61,29880
1791639772,74,0,1356210,20261010,1,51546,0,feed,34560,0,59,34560
1791639772,74,1,1356281,20261010,1,13667,0,feed,33420,0,61,33420
1791639772,74,0,1359551,20261010,1,51546,0,feed,32820,0,59,32820
1791639772,74,1,1359729,20261010,1,13667,0,feed,31680,0,61,31680
1791639772,74,1,1360346,20261010,60,16607,189,feed,31200,59,61,28140
1791639772,74,0,1360675,20261010,2,48896,45,feed,31380,1,59,31020
1791639772,80,0,1313995,20261010,1,49979,20,feed,31320,0,42,31320
1791639772,80,1,1314319,20261010,1,50689,0,feed,33120,0,38,33120
1791639772,80,0,1315429,20261010,1,49979,0,feed,34920,0,42,34920
1791639772,802,0,1197663,20261010,1,57169,0,feed,32640,0,46,32640
1791639772,802,1,1204484,20261010,1,42622,0,feed,33720,0,45,33720
1791639772,802,1,1206022,20261010,27,11036,107,feed,31200,26,45,30120
1791639772,804,0,1261508,20261010,1,14153,0,feed,32400,0,32,32400
1791639772,804,1,1327941,20261010,1,14727,0,feed,34200,0,35,34200
1791639772,805,0,1212210,20261010,61,43889,160,feed,31200,60,72,29040
1791639772,805,1,1212930,20261010,1,50716,0,feed,33000,0,72,33000
1791639772,827,1,1313446,20261010,39,57573,154,feed,31080,38,51,29760
1791639772,827,0,1315234,20261010,1,42837,0,feed,33180,0,51,33180
1791639772,827,1,1317072,20261010,1,57167,0,feed,33300,0,51,33300
1791639772,83,0,1263947,20261010,5,11706,-4,feed,31440,4,44,31140
1791639772,83,0,1265376,20261010,42,41751,142,feed,31200,41,44,29340
1791639772,83,1,1350783,20261010,1,52532,0,feed,34080,0,41,34080
1791639772,83,1,1353827,20261010,1,52532,0,feed,32280,0,41,32280
1791639772,83,0,1353975,20261010,1,53725,0,feed,34740,0,44,34740
1791639772,83,0,1354493,20261010,1,53725,0,feed,32940,0,44,32940
1791639772,83,1,1355055,20261010,11,560,298,feed,31080,10,41,30480
1791639772,87,1,1303724,20261010,49,11754,36,feed,,,,
1791639772,87,1,1303774,20261010,1,57690,0,feed,33180,0,70,33180
1791639772,87,1,1304405,20261010,1,57690,0,feed,31380,0,70,31380
1791639772,87,1,1304548,20261010,1,57690,0,feed,34920,0,70,34920
1791639772,87,0,1349518,20261010,67,51370,-2,feed,31320,66,71,28920
1791639772,87,0,1349920,20261010,20,13091,34,feed,31320,19,71,30720
1791639772,87,0,1350438,20261010,1,51892,0,feed,34380,0,71,34380
1791639772,87,0,1350918,20261010,1,51892,0,feed,,,,
1791639772,9,0,1356090,20261010,53,42205,382,feed,30960,52,112,29520
1791639772,9,0,1356953,20261010,1,40247,0,feed,33060,0,112,33060
1791639772,9,0,1358009,20261010,99,16607,-48,feed,31380,98,100,27960
1791639772,9,1,1364535,20261010,1,51551,0,feed,32820,0,96,32820
1791639772,9,1,1365369,20261010,1,51551,0,feed,34620,0,111,34620
1791639772,9,1,1366959,20261010,93,8073,234,feed,31200,92,111,27480
1791639772,9,0,1367020,20261010,1,52552,0,feed,31500,0,100,31500
1791639772,9,1,1367916,20261010,44,57459,189,feed,31200,43,96,29220
1791639772,9,1,1368858,20261010,2,48896,126,feed,31380,1,111,31020
1791639772,901,0,879179,20261010,2,51437,60,feed,31380,1,20,31200
1791639772,901,0,887424,20261010,12,51428,120,feed,31200,11,20,29760
1791639772,901,0,889263,20261010,1,51405,0,feed,31920,0,20,31920
1791639772,901,0,894105,20261010,7,51433,60,feed,31320,6,20,30480
1791639772,901,1,895014,20261010,3,56336,0,feed,31740,2,20,31560
1791639772,901,1,895400,20261010,10,51414,300,feed,31080,9,20,30120
1791639772,901,0,899557,20261010,15,56330,420,feed,30960,14,20,29040
1791639772,901,1,904334,20261010,17,53279,60,feed,31320,16,20,29400
1791639772,902,1,879372,20261010,16,56041,60,feed,31380,15,24,29460
1791639772,902,0,882625,20261010,7,56001,120,feed,31200,6,24,30540
1791639772,902,0,884681,20261010,3,56336,0,feed,31440,2,24,31260
1791639772,902,0,894571,20261010,20,56014,60,feed,31440,19,24,29100
1791639772,902,1,894754,20261010,3,56028,300,feed,31140,2,24,30900
1791639772,902,1,894931,20261010,21,51423,120,feed,31380,20,24,28740
1791639772,902,1,895144,20261010,1,56026,0,feed,31620,0,24,31620
1791639772,902,0,902787,20261010,23,56017,300,feed,31140,22,24,28380
1791639772,902,1,903373,20261010,11,56036,60,feed,31380,10,24,30180
1791639772,902,0,984370,20261010,10,56004,480,feed,30900,9,24,29820
1791639772,903,0,1264683,20261010,1,57285,0,feed,33300,0,6,33300
1791639772,903,0,1269438,20261010,1,57285,0,feed,31560,0,6,31560
1791639772,903,1,1275804,20261010,1,56874,0,feed,33300,0,6,33300
1791639772,903,1,1276237,20261010,2,56510,19,feed,31680,1,6,31320
1791639772,904,1,1264566,20261010,1,56800,0,feed,32460,0,12,32460
1791639772,904,1,1274056,20261010,10,56884,261,feed,31200,9,12,29760
1791639772,904,0,1365137,20261010,1,56830,0,feed,32700,0,13,32700
1791639772,904,0,1366151,20261010,13,56800,203,feed,31200,12,13,29160
1791639772,904,0,1366804,20261010,1,56830,0,feed,31800,0,13,31800
1791639772,904,1,1367049,20261010,1,56800,0,feed,34260,0,12,34260
1791639772,904,0,1367662,20261010,2,56829,382,feed,31020,1,13,30900
1791639772,904,0,1367723,20261010,7,53542,218,feed,31320,6,13,30060
1791639772,904,1,1368249,20261010,1,56800,0,feed,33360,0,12,33360
1791639772,904,0,1368388,20261010,1,56830,0,feed,33600,0,13,33600
1791639772,904,1,1368435,20261010,12,56830,530,feed,31020,11,12,28860
1791639772,904,1,1368727,20261010,1,56800,0,feed,31560,0,12,31560
1791639772,904,1,1369189,20261010,6,17781,53,feed,31320,5,12,30660
1791639772,904,0,1369368,20261010,1,56830,0,feed,34500,0,13,34500
1791639772,905,1,1343780,20261010,1,57441,0,feed,33840,0,16,33840
1791639772,905,0,1343818,20261010,1,52761,0,feed,32100,0,16,32100
1791639772,905,0,1343957,20261010,9,57428,-150,feed,31440,8,16,30300
1791639772,905,0,1344044,20261010,1,52761,0,feed,34800,0,16,34800
1791639772,905,1,1344391,20261010,1,57441,0,feed,32040,0,16,32040
1791639772,905,1,1344518,20261010,1,57441,0,feed,32940,0,16,32940
1791639772,905,1,1344564,20261010,1,57441,0,feed,34740,0,16,34740
1791639772,905,0,1344653,20261010,1,52761,0,feed,33000,0,16,33000
1791639772,905,1,1344816,20261010,10,57423,-84,feed,31380,9,16,30240
1791639772,905,0,1344888,20261010,3,3142,-3,feed,31380,2,16,31200
1791639772,905,1,1345344,20261010,3,57437,42,feed,31380,2,16,31140
1791639772,905,0,1345356,20261010,1,52761,0,feed,33900,0,16,33900
1791639772,905,0,1345882,20261010,15,57440,-130,feed,31440,14,16,29400
1791639772,905,1,1345894,20261010,15,52759,-426,feed,31440,14,16,29340
1791639772,921,1,1364373,20261010,1,52531,0,feed,34740,0,20,34740
1791639772,921,0,1364514,20261010,1,51544,0,feed,34560,0,20,34560
1791639772,921,1,1365033,20261010,1,52531,0,feed,32100,0,20,32100
1791639772,921,0,1365372,20261010,1,51544,0,feed,31920,0,20,31920
1791639772,921,0,1366875,20261010,19,50013,347,feed,31080,18,20,29280
1791639772,921,1,1367980,20261010,2,50015,35,feed,31320,1,20,31200
1791639772,921,1,1368466,20261010,1,52531,0,feed,33000,0,20,33000
1791639772,921,0,1369262,20261010,12,17371,98,feed,31320,11,20,30180
1791639772,921,0,1369521,20261010,1,51544,0,feed,33720,0,20,33720
1791639772,922,1,1311599,20261010,2,57419,60,feed,31440,1,34,31260
1791639772,922,1,1311892,20261010,8,17031,-22,feed,31380,7,34,30540
1791639772,922,1,1312027,20261010,1,56100,0,feed,31920,0,34,31920
1791639772,922,0,1312366,20261010,1,57314,0,feed,33360,0,35,33360
1791639772,922,1,1313080,20261010,25,16871,298,feed,31080,24,34,28560
1791639772,922,1,1313608,20261010,1,56100,0,feed,34080,0,34,34080
1791639772,922,0,1313940,20261010,1,57314,0,feed,34740,0,35,34740
1791639772,922,1,1313979,20261010,33,57353,190,feed,31200,32,34,27900
1791639772,922,0,1314032,20261010,11,56796,61,feed,31380,10,35,30480
1791639772,922,1,1314340,20261010,1,56100,0,feed,34800,0,34,34800
1791639772,922,0,1314530,20261010,1,57314,0,feed,31920,0,35,31920
1791639772,922,0,1314542,20261010,1,57314,0,feed,32640,0,35,32640
1791639772,922,0,1314709,20261010,1,57314,0,feed,34080,0,35,34080
1791639772,922,0,1314786,20261010,15,57331,275,feed,31140,14,35,29760
1791639772,922,1,1314831,20261010,20,16913,62,feed,31320,19,34,29220
1791639772,922,0,1314847,20261010,24,16996,-19,feed,31380,23,35,29040
1791639772,922,1,1314975,20261010,1,56100,0,feed,32640,0,34,32640
1791639772,922,0,1315911,20261010,26,57329,568,feed,30840,25,35,28320
1791639772,922,1,1315993,20261010,1,56100,0,feed,33360,0,34,33360
1791639772,922,1,1316438,20261010,13,17371,85,feed,31260,12,34,29880
1791639772,922,0,1317366,20261010,4,4862,62,feed,31380,3,35,31200
1791639772,923,0,1263288,20261010,1,56897,0,feed,34920,0,22,34920
1791639772,923,0,1264663,20261010,7,17853,200,feed,,,,
1791639772,923,0,1265790,20261010,1,56897,0,feed,31380,0,22,31380
1791639772,923,1,1267369,20261010,13,56422,267,feed,31080,12,23,30060
1791639772,923,1,1268277,20261010,1,57278,0,feed,31980,0,23,31980
1791639772,923,1,1268740,20261010,23,56897,148,feed,31200,22,23,29220
1791639772,923,0,1268963,20261010,1,56897,0,feed,32220,0,22,32220
1791639772,923,0,1270746,20261010,1,56897,0,feed,,,,
1791639772,923,1,1271303,20261010,1,57278,0,feed,34560,0,23,34560
1791639772,923,1,1271538,20261010,1,57278,0,feed,,,,
1791639772,923,0,1274274,20261010,21,56826,79,feed,31380,20,22,29580
1791639772,923,1,1274666,20261010,3,9087,137,feed,,,,
1791639772,923,0,1275260,20261010,1,56897,0,feed,33120,0,22,33120
1791639772,923,1,1275570,20261010,1,57278,0,feed,32820,0,23,32820
1791639772,924,0,1262606,20261010,1,56873,0,feed,,,,
1791639772,924,0,1265875,20261010,,,,canceled,,,,
1791639772,924,1,1266858,20261010,1,56823,0,feed,,,,
1791639772,924,1,1267339,20261010,6,56903,80,feed,,,,
1791639772,924,1,1267579,20261010,25,56913,294,feed,,,,
1791639772,924,0,1267666,20261010,5,620,224,feed,,,,
1791639772,924,1,1268823,20261010,1,56823,0,feed,,,,
1791639772,924,0,1269428,20261010,1,56873,0,feed,,,,
1791639772,924,1,1269774,20261010,13,11161,190,feed,,,,
1791639772,924,0,1270185,20261010,14,56924,171,feed,,,,
1791639772,924,1,1270873,20261010,1,56823,0,feed,,,,
1791639772,924,0,1271275,20261010,19,56927,266,feed,,,,
1791639772,924,0,1271601,20261010,34,8945,109,feed,,,,
1791639772,924,1,1271853,20261010,19,17910,105,feed,,,,
1791639772,924,0,1272338,20261010,26,56930,236,feed,,,,
1791639772,924,1,1273796,20261010,37,449,517,feed,,,,
1791639772,924,0,1274005,20261010,1,56873,0,feed,,,,
1791639772,924,1,1274359,20261010,34,436,-34,feed,,,,
1791639772,924,1,1275735,20261010,1,56823,0,feed,,,,
1791639772,924,0,1275869,20261010,1,56873,0,feed,,,,
1791639772,924,0,1276460,20261010,1,56873,0,feed,,,,
1791639772,924,0,1284758,20261010,1,56873,0,feed,,,,
1791639772,925,0,1263042,20261010,1,53703,0,feed,34740,0,35,34740
1791639772,925,1,1331708,20261010,1,57541,0,feed,32220,0,35,32220
1791639772,925,1,1332065,20261010,5,16569,144,feed,31200,4,35,30840
1791639772,925,1,1332423,20261010,14,17922,10,feed,31380,13,35,30120
1791639772,925,0,1333615,20261010,13,1316,-104,feed,31500,12,35,30480
1791639772,925,1,1333629,20261010,1,57541,0,feed,33660,0,35,33660
1791639772,925,0,1333671,20261010,2,4369,197,feed,31260,1,35,31200
1791639772,925,0,1333840,20261010,1,53703,0,feed,32640,0,35,32640
1791639772,925,0,1333856,20261010,19,17941,-61,feed,31500,18,35,29760
1791639772,925,1,1334075,20261010,1,57541,0,feed,31500,0,35,31500
1791639772,925,1,1335200,20261010,1,57541,0,feed,32940,0,35,32940
1791639772,925,0,1335209,20261010,1,53703,0,feed,34080,0,35,34080
1791639772,925,1,1335236,20261010,1,57541,0,feed,34380,0,35,34380
1791639772,925,0,1335271,20261010,25,15477,80,feed,31260,24,35,29040
1791639772,925,1,1335505,20261010,26,6379,228,feed,31200,25,35,28740
1791639772,925,0,1335632,20261010,34,15882,49,feed,31320,33,35,28320
1791639772,925,0,1335789,20261010,1,53703,0,feed,33360,0,35,33360
1791639772,925,1,1335851,20261010,21,50196,-95,feed,31440,20,35,29400
1791639772,925,0,1335885,20261010,1,53703,0,feed,31920,0,35,31920
1791639772,94,0,1183455,20261010,1,51200,0,feed,31380,0,15,31380
1791639772,94,1,1187100,20261010,1,56100,0,feed,33840,0,16,33840
1791639772,94,1,1347126,20261010,8,17894,229,feed,31500,7,16,30240
1791639772,94,0,1347865,20261010,1,51200,0,feed,33180,0,15,33180
1791639772,94,1,1371245,20261010,1,56100,0,feed,,,,
1791640666,10,1,1369598,20261010,1,57165,0,feed,,,,
1791640666,10,1,1369666,20261010,1,57165,0,feed,,,,
1791640666,10,0,1369750,20261010,42,40228,41,feed,,,,
1791640666,10,1,1369896,20261010,49,17225,455,feed,,,,
1791640666,10,0,1369909,20261010,8,17996,272,feed,,,,
1791640666,10,1,1369914,20261010,1,57165,0,feed,,,,
1791640666,10,0,1370109,20261010,1,19337,0,feed,,,,
1791640666,10,1,1370169,20261010,1,57165,0,feed,,,,
1791640666,10,0,1370521,20261010,1,19337,0,feed,,,,
1791640666,10,1,1370526,20261010,1,57165,0,feed,,,,
1791640666,10,0,1370544,20261010,1,19337,0,feed,,,,
1791640666,10,0,1370631,20261010,13,14954,629,feed,,,,
1791640666,10,1,1370706,20261010,51,80867,380,feed,,,,
1791640666,10,1,1370847,20261010,31,17192,-72,feed,,,,
1791640666,10,0,1370911,20261010,1,19337,0,feed,,,,
1791640666,10,1,1371233,20261010,16,14247,107,feed,,,,
1791640666,11,1,1317736,20261010,38,17916,339,feed,31920,37,79,30600
1791640666,11,1,1318806,20261010,1,49304,0,feed,34200,0,79,34200
1791640666,11,1,1319883,20261010,1,49304,0,feed,35040,0,79,35040
1791640666,11,1,1333584,20261010,79,51828,101,feed,32100,78,79,28800
1791640666,11,0,1364237,20261010,1,51828,0,feed,34680,0,80,34680
1791640666,11,0,1364493,20261010,29,17763,212,feed,32040,28,80,31080
1791640666,11,0,1364891,20261010,1,51828,0,feed,32880,0,80,32880
1791640666,11,0,1365010,20261010,54,14652,648,feed,31620,53,80,29340
1791640666,11,0,1365189,20261010,1,51828,0,feed,33780,0,80,33780
1791640666,11,1,1367697,20261010,1,49304,0,feed,33300,0,79,33300
1791640666,11,0,1368798,20261010,8,17741,47,feed,32220,7,80,31980
1791640666,11,1,1370778,20261010,1,49304,0,feed,,,,
1791640666,11,1,1371143,20261010,23,14638,39,feed,,,,
1791640666,11,0,1371234,20261010,1,51828,0,feed,,,,
1791640666,14,0,1331975,20261010,1,4345,0,feed,33960,0,80,33960
1791640666,14,1,1369747,20261010,1,50153,0,feed,,,,
1791640666,14,1,1369968,20261010,72,77,107,feed,,,,
1791640666,14,1,1370263,20261010,1,50153,0,feed,,,,
1791640666,14,0,1370547,20261010,1,4345,0,feed,,,,
1791640666,14,0,1370570,20261010,2,4347,89,feed,,,,
1791640666,14,0,1370944,20261010,40,17894,158,feed,,,,
1791640666,14,1,1370949,20261010,35,17857,164,feed,,,,
1791640666,14,1,1371230,20261010,1,50153,0,feed,,,,
1791640666,17,0,1132652,20261010,1,57458,0,feed,33360,0,63,33360
1791640666,17,0,1135251,20261010,1,57458,0,feed,35040,0,63,35040
1791640666,17,1,1318157,20261010,1,17192,0,feed,34440,0,65,34440
1791640666,17,1,1318412,20261010,49,5726,399,feed,31860,48,65,29040
1791640666,17,0,1324422,20261010,36,40339,563,feed,31680,35,63,29820
1791640666,17,0,1333898,20261010,7,5763,264,feed,32040,6,63,31560
1791640666,17,1,1335969,20261010,23,17984,-195,feed,32280,22,65,30840
1791640666,17,1,1367100,20261010,1,17192,0,feed,32640,0,65,32640
1791640666,18,0,1361139,20261010,43,1754,72,feed,32220,42,84,30840
1791640666,18,0,1361386,20261010,1,57131,0,feed,34320,0,84,34320
1791640666,18,1,1365623,20261010,22,1217,34,feed,32220,21,52,30780
1791640666,18,1,1366496,20261010,79,57127,185,feed,32040,78,83,28080
1791640666,18,1,1366899,20261010,5,17980,212,feed,32040,4,83,31680
1791640666,18,0,1366999,20261010,74,1911,27,feed,32220,73,84,29040
1791640666,18,1,1367572,20261010,1,56800,0,feed,33480,0,83,33480
1791640666,18,0,1367589,20261010,1,57131,0,feed,32520,0,84,32520
1791640666,18,0,1367743,20261010,29,1880,47,feed,32220,28,51,30780
1791640666,18,1,1367843,20261010,37,1342,121,feed,32160,36,83,29880
1791640666,18,1,1367855,20261010,52,51852,220,feed,32040,51,52,28980
1791640666,18,0,1368106,20261010,1,51852,0,feed,34320,0,51,34320
1791640666,18,1,1368473,20261010,1,56800,0,feed,34380,0,52,34380
1791640666,18,1,1368807,20261010,1,56800,0,feed,35280,0,83,35280
1791640666,18,1,1369195,20261010,1,56800,0,feed,32580,0,52,32580
1791640666,18,0,1369467,20261010,1,51852,0,feed,32520,0,51,32520
1791640666,2,1,1262240,20261010,1,50670,0,feed,34800,0,34,34800
1791640666,2,1,1275547,20261010,1,50670,0,feed,33000,0,34,33000
1791640666,2,0,1318333,20261010,1,57469,0,feed,34020,0,34,34020
1791640666,2,0,1319327,20261010,1,57469,29,feed,32220,0,34,32220
1791640666,2,0,1319576,20261010,32,13209,-82,feed,32340,31,34,30420
1791640666,2,0,1319772,20261010,1,57469,0,feed,35820,0,34,35820
1791640666,2,0,1331067,20261010,13,52240,227,feed,32040,12,41,31320
1791640666,2,1,1360898,20261010,1,57618,0,feed,35100,0,42,35100
1791640666,2,1,1361126,20261010,1,57618,0,feed,33300,0,42,33300
1791640666,2,0,1363982,20261010,1,57469,0,feed,33120,0,41,33120
1791640666,2,0,1370583,20261010,1,57469,0,feed,,,,
1791640666,2,1,1371123,20261010,12,13207,80,feed,,,,
1791640666,215,1,1268010,20261010,1,5020,0,feed,33360,0,27,33360
1791640666,215,0,1271377,20261010,19,57713,-8,feed,32280,18,30,31440
1791640666,215,0,1274610,20261010,1,49979,0,feed,35040,0,30,35040
1791640666,219,0,1303185,20261010,62,7784,-110,feed,32280,61,74,29760
1791640666,219,0,1304104,20261010,1,57340,0,feed,33360,0,74,33360
1791640666,219,1,1311569,20261010,60,2280,-7,feed,32280,59,71,29700
1791640666,219,1,1313107,20261010,1,5020,0,feed,33300,0,71,33300
1791640666,22,1,1357463,20261010,1,56825,0,feed,34200,0,84,34200
1791640666,22,1,1357692,20261010,83,4557,669,feed,31560,82,84,27180
1791640666,22,1,1357780,20261010,51,15364,33,feed,32220,50,87,29400
1791640666,22,0,1364420,20261010,1,4558,0,feed,34740,0,86,34740
1791640666,22,0,1365015,20261010,1,4558,0,feed,32340,0,82,32340
1791640666,22,0,1365245,20261010,19,19479,351,feed,31920,18,86,31200
1791640666,22,0,1366517,20261010,58,57195,389,feed,31860,57,82,28800
1791640666,22,1,1367544,20261010,6,41839,40,feed,32220,5,84,31860
1791640666,22,1,1367942,20261010,1,56825,0,feed,35460,0,84,35460
1791640666,22,1,1368123,20261010,66,19480,210,feed,32040,65,84,28320
1791640666,22,0,1368193,20261010,1,4558,0,feed,33540,0,82,33540
1791640666,22,1,1368672,20261010,1,56825,0,feed,33000,0,87,33000
1791640666,22,1,1369027,20261010,27,51791,25,feed,32220,26,84,30600
1791640666,22,0,1369165,20261010,45,19302,-33,feed,32280,44,82,30000
1791640666,223,1,1360923,20261010,14,81096,67,feed,32220,13,34,31260
1791640666,223,0,1362089,20261010,1,57691,0,feed,33360,0,33,33360
1791640666,223,1,1363749,20261010,1,5020,0,feed,33060,0,34,33060
1791640666,223,0,1363895,20261010,1,57691,0,feed,35160,0,33,35160
1791640666,225,1,1131121,20261010,1,45174,0,feed,32280,0,20,32280
1791640666,225,0,1275899,20261010,1,52530,0,feed,34260,0,20,34260
1791640666,227,0,1268554,20261010,1,52530,0,feed,34200,0,47,34200
1791640666,227,1,1274259,20261010,1,45174,0,feed,32280,0,45,32280
1791640666,25,1,1369797,20261010,88,19337,-295,feed,,,,
1791640666,25,0,1370343,20261010,1,19337,0,feed,,,,
1791640666,27,1,1351320,20261010,1,51367,0,feed,35220,0,21,35220
1791640666,27,0,1363609,20261010,1,52857,0,feed,32400,0,23,32400
1791640666,27,1,1368218,20261010,9,51508,117,feed,32160,8,21,31680
1791640666,3,0,1179459,20261010,1,54097,0,feed,34740,0,65,34740
1791640666,3,0,1185403,20261010,2,16406,82,feed,32400,1,64,32100
1791640666,3,1,1188234,20261010,1,56100,0,feed,33720,0,64,33720
1791640666,3,0,1321117,20261010,63,1246,81,feed,32160,62,64,28860
1791640666,3,1,1321969,20261010,46,16102,-88,feed,32280,45,64,30120
1791640666,3,1,1322705,20261010,3,1235,130,feed,32160,2,64,31920
1791640666,3,0,1323264,20261010,1,54097,0,feed,32940,0,65,32940
1791640666,3,1,1369002,20261010,1,56100,0,feed,34320,0,65,34320
1791640666,3,0,1370816,20261010,1,54097,0,feed,,,,
1791640666,3,1,1371112,20261010,1,56100,0,feed,,,,
1791640666,3,1,1371127,20261010,1,56100,0,feed,,,,
1791640666,3,0,1371162,20261010,19,16101,176,feed,,,,
1791640666,30,1,1212213,20261010,15,12696,165,feed,32100,14,44,30960
1791640666,30,0,1215064,20261010,46,15880,-302,feed,32700,45,48,30240
1791640666,30,0,1216003,20261010,1,40238,0,feed,33840,0,48,33840
1791640666,30,0,1217801,20261010,7,52662,25,feed,32220,6,48,32040
1791640666,30,1,1218465,20261010,1,15882,0,feed,34560,0,44,34560
1791640666,32,0,1331227,20261010,1,50155,0,feed,33300,0,59,33300
1791640666,32,0,1331974,20261010,1,50155,0,feed,35100,0,59,35100
1791640666,32,0,1332116,20261010,13,40658,398,feed,31860,12,59,31500
1791640666,32,1,1364965,20261010,38,12785,2,feed,32280,37,61,30780
1791640666,32,1,1365620,20261010,1,57685,0,feed,34380,0,61,34380
1791640666,32,1,1366195,20261010,1,57685,0,feed,32580,0,61,32580
1791640666,323,0,1131034,20261010,1,51116,0,feed,35100,0,23,35100
1791640666,323,1,1131189,20261010,1,57508,0,feed,34560,0,25,34560
1791640666,323,0,1133491,20261010,1,51116,0,feed,32700,0,23,32700
1791640666,323,1,1133674,20261010,25,51116,53,feed,32220,24,25,31020
1791640666,323,1,1135512,20261010,1,57508,0,feed,32820,0,25,32820
1791640666,323,0,1136212,20261010,15,57028,21,feed,32220,14,23,31560
1791640666,345,1,1132958,20261010,1,57508,0,feed,32520,0,15,32520
1791640666,345,0,1136184,20261010,1,56879,0,feed,32400,0,15,32400
1791640666,36,0,1176582,20261010,1,57537,0,feed,33060,0,53,33060
1791640666,36,0,1185999,20261010,20,1815,148,feed,32100,19,53,31380
1791640666,36,1,1186621,20261010,1,50160,0,feed,35220,0,50,35220
1791640666,36,1,1362326,20261010,13,6378,156,feed,32100,12,50,31620
1791640666,36,0,1362770,20261010,1,57537,0,feed,34860,0,53,34860
1791640666,36,1,1368040,20261010,1,50160,0,feed,33420,0,50,33420
1791640666,38,0,1349639,20261010,95,12545,166,feed,32100,94,108,28200
1791640666,38,0,1350168,20261010,1,48213,0,feed,35340,0,108,35340
1791640666,38,0,1351532,20261010,7,81108,153,feed,32100,6,108,31800
1791640666,38,1,1351767,20261010,1,16494,0,feed,33840,0,104,33840
1791640666,38,1,1352194,20261010,1,42032,0,feed,35460,0,107,35460
1791640666,38,1,1354748,20261010,42,3523,171,feed,32160,41,104,30240
1791640666,38,0,1354833,20261010,58,50109,50,feed,32220,57,109,30000
1791640666,38,1,1355347,20261010,6,16498,159,feed,32100,5,107,31860
1791640666,38,1,1368131,20261010,102,48208,91,feed,32160,101,107,28260
1791640666,38,0,1369308,20261010,1,48213,0,feed,33540,0,109,33540
1791640666,4,0,1134761,20261010,1,50231,0,feed,34920,0,89,34920
1791640666,4,0,1157675,20261010,1,50231,0,feed,35640,0,53,35640
1791640666,4,0,1159065,20261010,83,11691,96,feed,32160,82,87,28140
1791640666,4,0,1159935,20261010,1,50231,0,feed,33840,0,53,33840
1791640666,4,1,1356771,20261010,62,2856,155,feed,32100,61,90,29280
1791640666,4,0,1358191,20261010,22,1005,-68,feed,32280,21,89,31380
1791640666,4,0,1358682,20261010,58,15477,-52,feed,32280,57,89,29400
1791640666,4,1,1359333,20261010,1,14153,0,feed,34200,0,90,34200
1791640666,4,1,1359891,20261010,1,14153,0,feed,32520,0,90,32520
1791640666,4,0,1359977,20261010,1,50231,0,feed,33120,0,89,33120
1791640666,4,0,1360423,20261010,3,51974,39,feed,32220,2,53,32160
1791640666,4,0,1360468,20261010,39,171,89,feed,32220,38,53,30480
1791640666,4,1,1360574,20261010,33,15559,30,feed,32220,32,85,31020
1791640666,4,1,1360613,20261010,1,17971,0,feed,34800,0,50,34800
1791640666,46,1,1266877,20261010,24,51571,111,feed,32160,23,59,31500
1791640666,46,0,1275837,20261010,1,220,0,feed,34260,0,62,34260
1791640666,46,1,1279525,20261010,1,51550,0,feed,33300,0,59,33300
1791640666,46,0,1288147,20261010,56,15406,-25,feed,32280,55,62,30660
1791640666,48,0,1304579,20261010,1,19301,0,feed,32700,0,61,32700
1791640666,48,1,1354633,20261010,1,50152,0,feed,33000,0,61,33000
1791640666,5,0,1366026,20261010,1,51212,0,feed,33660,0,81,33660
1791640666,5,1,1367183,20261010,2,9086,221,feed,32160,1,80,32100
1791640666,5,1,1367449,20261010,1,51846,0,feed,35640,0,80,35640
1791640666,5,0,1367768,20261010,44,8922,161,feed,32100,43,81,30120
1791640666,515,1,1350270,20261010,18,717,84,feed,32160,17,49,31620
1791640666,515,1,1351176,20261010,1,56877,0,feed,33420,0,49,33420
1791640666,515,0,1351215,20261010,1,53704,0,feed,33960,0,49,33960
1791640666,515,1,1351349,20261010,1,56877,0,feed,34320,0,49,34320
1791640666,515,0,1351747,20261010,1,53704,0,feed,35760,0,49,35760
1791640666,515,0,1352230,20261010,34,660,78,feed,32160,33,49,31260
1791640666,515,1,1352625,20261010,1,56877,0,feed,32520,0,49,32520
1791640666,515,0,1353288,20261010,1,53704,0,feed,33060,0,49,33060
1791640666,515,0,1354827,20261010,1,53704,92,feed,32160,0,49,32160
1791640666,515,1,1354922,20261010,1,56877,0,feed,35220,0,49,35220
1791640666,515,0,1355075,20261010,1,53704,0,feed,34860,0,49,34860
1791640666,534,1,1344040,20261010,1,51824,0,feed,35100,0,32,35100
1791640666,534,0,1344383,20261010,1,56725,0,feed,35220,0,35,35220
1791640666,534,0,1344416,20261010,18,2101,39,feed,32220,17,35,31620
1791640666,534,1,1345027,20261010,11,50070,278,feed,31920,10,32,31500
1791640666,534,1,1345372,20261010,1,51824,0,feed,33300,0,32,33300
1791640666,534,0,1345591,20261010,1,56725,0,feed,33420,0,35,33420
1791640666,538,0,1133562,20261010,1,53704,0,feed,32400,0,42,32400
1791640666,538,0,1134427,20261010,1,53704,0,feed,34200,0,42,34200
1791640666,538,1,1318024,20261010,13,52000,159,feed,32100,12,40,31680
1791640666,538,1,1318205,20261010,1,56880,0,feed,35280,0,40,35280
1791640666,539,1,1136709,20261010,1,56880,0,feed,35580,0,38,35580
1791640666,539,0,1137973,20261010,1,56725,0,feed,33120,0,41,33120
1791640666,539,0,884214,20261010,35,56937,-65,feed,32280,34,41,31260
1791640666,539,1,887554,20261010,4,689,154,feed,32100,3,38,31980
1791640666,539,1,892670,20261010,1,56880,0,feed,33780,0,38,33780
1791640666,54,1,1132240,20261010,26,41258,-35,feed,32280,25,27,30000
1791640666,54,0,1132790,20261010,1,56875,32,feed,32220,0,25,32220
1791640666,54,1,1132796,20261010,3,57456,155,feed,32100,2,27,31800
1791640666,54,1,1342013,20261010,1,56100,0,feed,33600,0,27,33600
1791640666,54,0,1346021,20261010,1,56875,0,feed,34920,0,46,34920
1791640666,54,0,1346176,20261010,1,56875,0,feed,33120,0,46,33120
1791640666,54,1,1346741,20261010,1,42319,0,feed,34560,0,47,34560
1791640666,54,1,1347038,20261010,1,42319,0,feed,32760,0,47,32760
1791640666,54,0,1347392,20261010,1,56875,0,feed,35760,0,25,35760
1791640666,54,1,1347987,20261010,35,57019,327,feed,31980,34,47,29160
1791640666,54,1,1348472,20261010,1,56100,0,feed,35400,0,27,35400
1791640666,54,0,1354169,20261010,9,13143,50,feed,32280,8,46,31320
1791640666,54,1,1360814,20261010,14,81104,-47,feed,32280,13,47,30960
1791640666,54,0,1368541,20261010,1,56875,0,feed,34020,0,25,34020
1791640666,540,0,1135474,20261010,1,53052,0,feed,34380,0,51,34380
1791640666,540,0,1135740,20261010,34,1943,167,feed,32100,33,51,30840
1791640666,540,1,891771,20261010,2,43340,33,feed,32400,1,48,32220
1791640666,540,1,897635,20261010,1,56879,0,feed,34020,0,48,34020
1791640666,546,1,1135383,20261010,1,51824,0,feed,35460,0,31,35460
1791640666,546,1,1137938,20261010,11,3454,20,feed,32220,10,31,31860
1791640666,546,0,895752,20261010,1,56725,219,feed,33360,0,33,33360
1791640666,546,0,896382,20261010,1,56725,0,feed,35160,0,33,35160
1791640666,61,0,1364460,20261010,1,17905,0,feed,34500,0,76,34500
1791640666,61,1,1364671,20261010,50,7233,99,feed,32160,49,73,29280
1791640666,61,0,1365086,20261010,70,43282,18,feed,32460,69,76,28860
1791640666,61,1,1365668,20261010,1,52761,0,feed,32820,0,73,32820
1791640666,61,0,1365960,20261010,30,10628,88,feed,,,,
1791640666,61,1,1367080,20261010,15,80939,78,feed,32220,14,73,31080
1791640666,61,1,1368621,20261010,1,52761,0,feed,34560,0,73,34560
1791640666,61,0,1368859,20261010,1,17905,0,feed,32580,0,76,32580
1791640666,615,0,1346064,20261010,3,8120,98,feed,32160,2,76,31980
1791640666,615,1,1346165,20261010,6,43329,58,feed,32160,5,76,31920
1791640666,615,1,1346927,20261010,1,3540,0,feed,35520,0,76,35520
1791640666,615,0,1347002,20261010,1,41157,0,feed,35580,0,76,35580
1791640666,62,0,1349320,20261010,44,289,181,feed,32100,43,86,30900
1791640666,62,1,1349384,20261010,6,46793,23,feed,32220,5,83,32040
1791640666,62,1,1350721,20261010,1,49141,0,feed,33840,0,83,33840
1791640666,62,1,1350961,20261010,1,49141,0,feed,35340,0,91,35340
1791640666,62,1,1352537,20261010,40,45128,-65,feed,32280,39,83,30240
1791640666,62,0,1352814,20261010,1,328,0,feed,34500,0,86,34500
1791640666,62,0,1359926,20261010,1,328,0,feed,32700,0,86,32700
1791640666,62,0,1359971,20261010,15,10505,-87,feed,32400,14,67,31380
1791640666,62,1,1360776,20261010,1,45191,0,feed,35760,0,67,35760
1791640666,63,1,1262710,20261010,15,56948,92,feed,32160,14,59,31620
1791640666,63,1,1269139,20261010,25,52760,67,feed,32220,24,59,30720
1791640666,63,1,1271234,20261010,1,51114,0,feed,33420,0,59,33420
1791640666,63,1,1274289,20261010,41,3087,179,feed,32100,40,59,29820
1791640666,63,0,1346045,20261010,1,15795,0,feed,34140,0,60,34140
1791640666,63,0,1346133,20261010,1,15795,0,feed,33240,0,60,33240
1791640666,63,0,1346389,20261010,59,13624,-73,feed,32280,58,60,29160
1791640666,63,0,1346623,20261010,1,15795,0,feed,35040,0,60,35040
1791640666,63,1,1347243,20261010,1,51114,0,feed,32520,0,59,32520
1791640666,63,0,1348039,20261010,1,15795,0,feed,32340,0,60,32340
1791640666,63,0,1368837,20261010,17,3112,39,feed,32220,16,60,31440
1791640666,63,1,1368978,20261010,1,51114,0,feed,35220,0,59,35220
1791640666,63,0,1371063,20261010,27,3130,729,feed,,,,
1791640666,63,1,1371376,20261010,1,51114,0,feed,,,,
1791640666,64,1,1342583,20261010,73,11863,111,feed,32160,72,76,29460
1791640666,64,1,1342597,20261010,1,42157,0,feed,34920,0,43,34920
1791640666,64,0,1356049,20261010,3,11834,-32,feed,32280,2,43,32160
1791640666,64,0,1357136,20261010,1,52761,0,feed,33960,0,43,33960
1791640666,64,0,1357757,20261010,1,52761,0,feed,33060,0,78,33060
1791640666,64,0,1358440,20261010,77,52047,45,feed,32220,76,78,29460
1791640666,64,0,1359236,20261010,13,11784,43,feed,32160,12,78,31260
1791640666,64,1,1359435,20261010,1,42157,0,feed,33180,0,43,33180
1791640666,64,0,1359712,20261010,39,10419,220,feed,32040,38,43,30360
1791640666,64,0,1359733,20261010,1,52761,0,feed,34860,0,78,34860
1791640666,64,1,1359911,20261010,24,11799,200,feed,32040,23,43,31380
1791640666,64,0,1360462,20261010,1,52761,0,feed,35760,0,43,35760
1791640666,64,1,1360712,20261010,1,52015,0,feed,32880,0,76,32880
1791640666,64,1,1360799,20261010,28,5338,94,feed,32160,27,76,31140
1791640666,64,1,1360820,20261010,1,52015,0,feed,34620,0,76,34620
1791640666,645,1,1208148,20261010,24,8159,990,feed,31260,23,55,29820
1791640666,645,0,1337122,20261010,1,6990,181,feed,33480,0,52,33480
1791640666,645,1,1341885,20261010,1,53293,0,feed,33420,0,55,33420
1791640666,645,0,1342044,20261010,47,19332,301,feed,32280,46,52,30000
1791640666,65,1,1349559,20261010,1,57690,0,feed,34140,0,38,34140
1791640666,65,1,1349914,20261010,1,57690,20,feed,32220,0,38,32220
1791640666,65,0,1369692,20261010,1,10761,0,feed,,,,
1791640666,65,0,1369921,20261010,1,10761,0,feed,,,,
1791640666,65,0,1370272,20261010,35,576,267,feed,,,,
1791640666,67,0,1265901,20261010,1,53723,0,feed,35100,0,65,35100
1791640666,67,0,1270586,20261010,,,,canceled,,,,
1791640666,67,1,1271715,20261010,8,56164,125,feed,32160,7,65,31680
1791640666,67,1,1351909,20261010,56,16532,387,feed,31860,55,65,29880
1791640666,67,0,1355672,20261010,1,53723,0,feed,33300,0,65,33300
1791640666,67,1,1359653,20261010,1,56100,0,feed,33480,0,65,33480
1791640666,67,0,1359981,20261010,65,56099,-111,feed,32280,64,65,29700
1791640666,67,1,1367072,20261010,1,56100,0,feed,35280,0,65,35280
1791640666,67,0,1369496,20261010,14,54099,240,feed,32040,13,65,31500
1791640666,68,1,1266613,20261010,3,49993,-15,feed,32280,2,61,32100
1791640666,68,0,1267491,20261010,2,9806,108,feed,35760,1,59,35760
1791640666,68,1,1276087,20261010,1,11904,0,feed,35700,0,61,35700
1791640666,68,1,1338346,20261010,1,11904,0,feed,33900,0,117,33900
1791640666,68,0,1362553,20261010,2,9806,26,feed,33120,1,87,33120
1791640666,68,0,1362641,20261010,3,9808,-21,feed,32280,2,59,32220
1791640666,68,0,1363191,20261010,67,49938,-115,feed,32280,66,87,29520
1791640666,68,0,1363418,20261010,1,53340,0,feed,32400,0,118,32400
1791640666,68,1,1364071,20261010,53,56773,-4,feed,32280,52,117,30300
1791640666,68,1,1366205,20261010,1,57511,0,feed,33720,0,83,33720
1791640666,68,1,1366366,20261010,46,329,72,feed,32220,45,83,30180
1791640666,68,0,1367376,20261010,32,425,-38,feed,32280,31,87,31320
1791640666,68,1,1367646,20261010,124,53408,688,feed,31560,123,125,27480
1791640666,68,0,1368075,20261010,113,57625,-172,feed,32340,112,118,28800
1791640666,68,1,1369065,20261010,1,57511,0,feed,35520,0,83,35520
1791640666,68,1,1369146,20261010,9,49945,155,feed,32100,8,83,31920
1791640666,68,0,1369417,20261010,2,9806,119,feed,34920,1,87,34920
1791640666,686,1,1170390,20261010,1,56939,0,feed,33360,0,4,33360
1791640666,686,0,1331453,20261010,2,57622,-181,feed,32700,1,3,31320
1791640666,686,0,1334493,20261010,1,47705,0,feed,34200,0,3,34200
1791640666,686,1,1335159,20261010,4,47705,-322,feed,33120,3,4,30540
1791640666,7,0,1356094,20261010,1,51779,0,feed,32340,0,64,32340
1791640666,7,1,1357950,20261010,42,16602,-34,feed,32280,41,60,30060
1791640666,7,0,1358043,20261010,1,51779,0,feed,34140,0,64,34140
1791640666,7,1,1360783,20261010,1,17679,378,feed,31860,0,60,31860
1791640666,7,0,1370557,20261010,59,17669,31,feed,,,,
1791640666,7,0,1370805,20261010,29,16311,92,feed,,,,
1791640666,7,1,1370938,20261010,1,17679,0,feed,,,,
1791640666,7,1,1371241,20261010,1,17679,0,feed,,,,
1791640666,71,1,1266754,20261010,23,18134,158,feed,32040,22,60,31200
1791640666,71,0,1267604,20261010,58,51291,265,feed,31980,57,58,29820
1791640666,71,1,1268776,20261010,1,51291,0,feed,33000,0,60,33000
1791640666,71,0,1274522,20261010,1,9715,0,feed,33420,0,58,33420
1791640666,71,0,1279561,20261010,1,9715,0,feed,35220,0,58,35220
1791640666,71,0,1361292,20261010,19,47044,317,feed,31920,18,75,31320
1791640666,71,1,1361680,20261010,1,49141,0,feed,34740,0,74,34740
1791640666,716,0,1136708,20261010,1,50154,0,feed,33000,0,51,33000
1791640666,716,1,1137091,20261010,31,8524,125,feed,32100,30,50,31320
1791640666,716,1,1138302,20261010,1,8728,0,feed,34920,0,50,34920
1791640666,72,1,1369752,20261010,36,17031,340,feed,,,,
1791640666,72,0,1369818,20261010,1,57615,0,feed,,,,
1791640666,72,1,1369953,20261010,1,13667,0,feed,,,,
1791640666,72,0,1370012,20261010,36,13750,93,feed,,,,
1791640666,72,0,1370047,20261010,1,57615,0,feed,,,,
1791640666,72,1,1370924,20261010,2,42425,177,feed,,,,
1791640666,721,1,1181788,20261010,1,9522,0,feed,34200,0,41,34200
1791640666,721,0,1185414,20261010,1,51845,0,feed,32760,0,43,32760
1791640666,721,1,1186203,20261010,1,9522,261,feed,32400,0,41,32400
1791640666,721,0,1186726,20261010,35,9511,334,feed,31920,34,43,30900
1791640666,721,0,1187966,20261010,1,51845,0,feed,34560,0,43,34560
1791640666,722,0,1177596,20261010,1,56827,0,feed,32400,0,11,32400
1791640666,722,1,1178420,20261010,1,11486,0,feed,33120,0,14,33120
1791640666,722,1,1181355,20261010,1,57636,0,feed,33600,0,53,33600
1791640666,722,0,1182378,20261010,49,57246,-165,feed,32280,48,51,30600
1791640666,722,0,1188260,20261010,1,56827,0,feed,34200,0,51,34200
1791640666,723,1,1179416,20261010,1,53224,0,feed,32340,0,41,32340
1791640666,723,0,1187876,20261010,1,51845,0,feed,34200,0,39,34200
1791640666,724,1,1131724,20261010,19,8840,-73,feed,32280,18,35,31620
1791640666,724,0,1131975,20261010,22,42060,44,feed,32220,21,33,31500
1791640666,724,0,1133079,20261010,1,51846,0,feed,34200,0,33,34200
1791640666,724,1,1133199,20261010,1,53222,0,feed,33420,0,35,33420
1791640666,724,1,1134426,20261010,1,53222,0,feed,35220,0,35,35220
1791640666,724,1,1134468,20261010,1,53222,0,feed,32520,0,35,32520
1791640666,724,0,1134577,20261010,1,51846,0,feed,32400,0,33,32400
1791640666,724,0,1134966,20261010,1,51846,0,feed,33300,0,33,33300
1791640666,724,0,1135959,20261010,1,51846,0,feed,35100,0,33,35100
1791640666,724,1,1136218,20261010,1,53222,0,feed,34320,0,35,34320
1791640666,725,0,1312352,20261010,1,57580,0,feed,34020,0,50,34020
1791640666,725,0,1315971,20261010,41,10941,17,feed,32340,40,50,30540
1791640666,725,1,1316719,20261010,1,56775,0,feed,33300,0,49,33300
1791640666,74,0,1355795,20261010,51,10401,-21,feed,32280,50,59,29280
1791640666,74,1,1356106,20261010,41,11706,124,feed,32160,40,61,29880
1791640666,74,0,1356210,20261010,1,51546,0,feed,34560,0,59,34560
1791640666,74,1,1356281,20261010,1,13667,0,feed,33420,0,61,33420
1791640666,74,1,1359455,20261010,1,13667,0,feed,35220,0,61,35220
1791640666,74,0,1359551,20261010,1,51546,0,feed,32820,0,59,32820
1791640666,74,1,1359729,20261010,10,12898,24,feed,32220,9,61,31680
1791640666,74,0,1360675,20261010,14,11770,325,feed,31920,13,59,31020
1791640666,80,0,1313995,20261010,31,5317,146,feed,32100,30,42,31320
1791640666,80,1,1314319,20261010,1,50689,0,feed,33120,0,38,33120
1791640666,80,0,1315429,20261010,1,49979,0,feed,34920,0,42,34920
1791640666,802,0,1197663,20261010,1,57169,0,feed,32640,0,46,32640
1791640666,802,1,1204484,20261010,1,42622,0,feed,33720,0,45,33720
1791640666,804,0,1261508,20261010,1,14153,0,feed,32400,0,32,32400
1791640666,804,1,1327941,20261010,1,14727,0,feed,34200,0,35,34200
1791640666,805,1,1212930,20261010,1,50716,0,feed,33000,0,72,33000
1791640666,827,0,1315234,20261010,1,42837,0,feed,33180,0,51,33180
1791640666,827,1,1317072,20261010,1,57167,0,feed,33300,0,51,33300
1791640666,83,0,1263947,20261010,21,49717,107,feed,32160,20,44,31140
1791640666,83,1,1350783,20261010,1,52532,0,feed,34080,0,41,34080
1791640666,83,1,1353827,20261010,1,52532,0,feed,32280,0,41,32280
1791640666,83,0,1353975,20261010,1,53725,0,feed,34740,0,44,34740
1791640666,83,0,1354493,20261010,1,53725,0,feed,32940,0,44,32940
1791640666,83,1,1355055,20261010,30,53755,297,feed,31980,29,41,30480
1791640666,87,1,1303774,20261010,1,57690,0,feed,33180,0,70,33180
1791640666,87,1,1304405,20261010,16,40810,155,feed,32100,15,70,31380
1791640666,87,1,1304548,20261010,1,57690,0,feed,34920,0,70,34920
1791640666,87,0,1349920,20261010,48,56941,-68,feed,32280,47,71,30720
1791640666,87,0,1350438,20261010,1,51892,0,feed,34380,0,71,34380
1791640666,87,0,1350918,20261010,1,51892,0,feed,,,,
1791640666,9,0,1356090,20261010,74,15664,199,feed,32040,73,112,29520
1791640666,9,0,1356953,20261010,1,40247,0,feed,33060,0,112,33060
1791640666,9,1,1364535,20261010,1,51551,0,feed,32820,0,96,32820
1791640666,9,1,1365369,20261010,1,51551,0,feed,34620,0,111,34620
1791640666,9,0,1367020,20261010,25,7342,-1,feed,32280,24,100,31500
1791640666,9,1,1367916,20261010,67,7337,145,feed,32100,66,96,29220
1791640666,9,0,1368775,20261010,1,52552,0,feed,35100,0,100,35100
1791640666,9,1,1368858,20261010,23,17590,324,feed,32040,22,111,31020
1791640666,901,0,879179,20261010,8,51432,120,feed,32160,7,20,31200
1791640666,901,0,889263,20261010,4,53280,120,feed,32220,3,20,31920
1791640666,901,0,894105,20261010,14,51426,0,feed,32280,13,20,30480
1791640666,901,1,895014,20261010,7,51411,180,feed,32160,6,20,31560
1791640666,901,1,895400,20261010,17,53279,360,feed,32040,16,20,30120
1791640666,901,1,896657,20261010,3,56336,0,feed,33180,2,20,33000
1791640666,901,0,903288,20261010,1,51405,0,feed,32640,0,20,32640
1791640666,901,1,905809,20261010,3,56336,0,feed,32460,2,20,32280
1791640666,902,1,879372,20261010,22,56332,120,feed,32220,21,24,29460
1791640666,902,0,880526,20261010,4,51408,0,feed,32280,3,24,31980
1791640666,902,1,882375,20261010,1,56026,0,feed,33060,0,24,33060
1791640666,902,0,882625,20261010,13,56007,300,feed,31980,12,24,30540
1791640666,902,0,884681,20261010,8,56002,180,feed,32040,7,24,31260
1791640666,902,0,889999,20261010,3,56336,0,feed,32880,2,24,32700
1791640666,902,1,894754,20261010,10,56035,240,feed,31980,9,24,30900
1791640666,902,1,895144,20261010,6,56031,120,feed,32220,5,24,31620
1791640666,902,1,899995,20261010,1,56026,0,feed,32340,0,24,32340
1791640666,902,1,903373,20261010,16,56041,180,feed,32100,15,24,30180
1791640666,902,0,984370,20261010,17,56011,540,feed,31800,16,24,29820
1791640666,903,0,1264683,20261010,1,57285,0,feed,33300,0,6,33300
1791640666,903,1,1264955,20261010,1,56874,0,feed,35160,0,6,35160
1791640666,903,0,1269438,20261010,5,56511,-96,feed,32280,4,6,31560
1791640666,903,0,1271542,20261010,1,57285,0,feed,35100,0,6,35100
1791640666,903,1,1275804,20261010,1,56874,0,feed,33300,0,6,33300
1791640666,903,1,1276237,20261010,5,56980,43,feed,32220,4,6,31320
1791640666,904,1,1264566,20261010,1,56800,0,feed,32460,0,12,32460
1791640666,904,1,1269945,20261010,1,56800,0,feed,35160,0,12,35160
1791640666,904,1,1274056,20261010,12,56830,441,feed,31920,11,12,29760
1791640666,904,0,1365137,20261010,1,56830,0,feed,32700,0,13,32700
1791640666,904,0,1366804,20261010,3,56831,374,feed,32220,2,13,31800
1791640666,904,1,1367049,20261010,1,56800,0,feed,34260,0,12,34260
1791640666,904,0,1367181,20261010,1,56830,0,feed,35400,0,13,35400
1791640666,904,0,1367662,20261010,5,56828,571,feed,31740,4,13,30900
1791640666,904,0,1367723,20261010,13,56800,188,feed,32100,12,13,30060
1791640666,904,1,1368249,20261010,1,56800,0,feed,33360,0,12,33360
1791640666,904,0,1368388,20261010,1,56830,0,feed,33600,0,13,33600
1791640666,904,1,1368727,20261010,6,17781,125,feed,32220,5,12,31560
1791640666,904,1,1369189,20261010,11,56833,-14,feed,32460,10,12,30660
1791640666,904,0,1369368,20261010,1,56830,0,feed,34500,0,13,34500
1791640666,905,1,1343780,20261010,1,57441,0,feed,33840,0,16,33840
1791640666,905,0,1343818,20261010,1,52761,144,feed,32100,0,16,32100
1791640666,905,0,1343957,20261010,15,57440,-323,feed,32340,14,16,30300
1791640666,905,0,1344044,20261010,1,52761,0,feed,34800,0,16,34800
1791640666,905,1,1344175,20261010,1,57441,0,feed,35640,0,16,35640
1791640666,905,1,1344391,20261010,3,57437,3,feed,32280,2,16,32040
1791640666,905,1,1344518,20261010,1,57441,0,feed,32940,0,16,32940
1791640666,905,1,1344564,20261010,1,57441,0,feed,34740,0,16,34740
1791640666,905,0,1344653,20261010,1,52761,0,feed,33000,0,16,33000
1791640666,905,1,1344816,20261010,15,52759,-403,feed,32340,14,16,30240
1791640666,905,0,1344888,20261010,9,57428,-92,feed,32340,8,16,31200
1791640666,905,0,1344895,20261010,1,52761,0,feed,35700,0,16,35700
1791640666,905,1,1345344,20261010,9,57425,25,feed,32220,8,16,31140
1791640666,905,0,1345356,20261010,1,52761,0,feed,33900,0,16,33900
1791640666,921,1,1364373,20261010,1,52531,0,feed,34740,0,20,34740
1791640666,921,1,1364412,20261010,1,52531,0,feed,33840,0,20,33840
1791640666,921,0,1364514,20261010,1,51544,0,feed,34560,0,20,34560
1791640666,921,1,1365033,20261010,2,50015,159,feed,32220,1,20,32100
1791640666,921,0,1365372,20261010,2,53362,74,feed,32280,1,20,31920
1791640666,921,0,1366281,20261010,9,56115,155,feed,31980,8,20,31080
1791640666,921,1,1367980,20261010,10,17312,277,feed,31980,9,20,31200
1791640666,921,0,1368404,20261010,1,51544,0,feed,35400,0,20,35400
1791640666,921,1,1368466,20261010,1,52531,0,feed,33000,0,20,33000
1791640666,921,0,1369262,20261010,20,52531,71,feed,32220,19,20,30180
1791640666,921,0,1369521,20261010,1,51544,0,feed,33720,0,20,33720
1791640666,922,1,1311599,20261010,10,17013,2,feed,32340,9,34,31260
1791640666,922,1,1311892,20261010,16,16949,-75,feed,32280,15,34,30540
1791640666,922,1,1312027,20261010,2,57419,154,feed,32100,1,34,31920
1791640666,922,0,1312366,20261010,1,57314,0,feed,33360,0,35,33360
1791640666,922,0,1312850,20261010,1,57314,0,feed,35400,0,35,35400
1791640666,922,1,1313080,20261010,32,3528,391,feed,31860,31,34,28560
1791640666,922,1,1313608,20261010,1,56100,0,feed,34080,0,34,34080
1791640666,922,0,1313940,20261010,1,57314,0,feed,34740,0,35,34740
1791640666,922,0,1314032,20261010,18,57327,145,feed,32160,17,35,30480
1791640666,922,1,1314340,20261010,1,56100,0,feed,34800,0,34,34800
1791640666,922,0,1314530,20261010,6,57355,48,feed,32280,5,35,31920
1791640666,922,0,1314542,20261010,1,57314,0,feed,32640,0,35,32640
1791640666,922,0,1314709,20261010,1,57314,0,feed,34080,0,35,34080
1791640666,922,0,1314786,20261010,25,57328,129,feed,32220,24,35,29760
1791640666,922,1,1314831,20261010,29,57357,34,feed,32220,28,34,29220
1791640666,922,0,1314847,20261010,31,3142,-191,feed,32280,30,35,29040
1791640666,922,1,1314975,20261010,1,56100,0,feed,32640,0,34,32640
1791640666,922,0,1315911,20261010,34,57420,508,feed,31740,33,35,28320
1791640666,922,1,1315993,20261010,1,56100,0,feed,33360,0,34,33360
1791640666,922,1,1316438,20261010,22,40954,171,feed,32160,21,34,29880
1791640666,922,1,1317332,20261010,1,56100,0,feed,35520,0,34,35520
1791640666,922,0,1317366,20261010,11,56796,168,feed,32100,10,35,31200
1791640666,923,0,1263288,20261010,1,56897,0,feed,34920,0,22,34920
1791640666,923,0,1264663,20261010,17,56527,399,feed,,,,
1791640666,923,0,1265790,20261010,7,17853,247,feed,32040,6,22,31380
1791640666,923,1,1267369,20261010,21,17910,338,feed,31980,20,23,30060
1791640666,923,1,1268277,20261010,4,9173,143,feed,32220,3,23,31980
1791640666,923,0,1268963,20261010,2,17897,0,feed,32340,1,22,32220
1791640666,923,0,1270746,20261010,1,56897,0,feed,,,,
1791640666,923,0,1270912,20261010,1,56897,0,feed,35820,0,22,35820
1791640666,923,1,1271303,20261010,1,57278,0,feed,34560,0,23,34560
1791640666,923,1,1271538,20261010,1,57278,0,feed,,,,
1791640666,923,1,1272743,20261010,1,57278,0,feed,35520,0,23,35520
1791640666,923,1,1274666,20261010,12,52667,251,feed,,,,
1791640666,923,0,1275260,20261010,1,56897,0,feed,33120,0,22,33120
1791640666,923,1,1275570,20261010,1,57278,0,feed,32820,0,23,32820
1791640666,924,0,1262606,20261010,11,779,169,feed,,,,
1791640666,924,0,1265875,20261010,,,,canceled,,,,
1791640666,924,1,1266858,20261010,1,56823,0,feed,,,,
1791640666,924,1,1267339,20261010,16,17905,-106,feed,,,,
1791640666,924,1,1267505,20261010,1,56823,0,feed,,,,
1791640666,924,1,1267579,20261010,34,436,326,feed,,,,
1791640666,924,0,1267666,20261010,16,56925,100,feed,,,,
1791640666,924,1,1268823,20261010,1,56823,0,feed,,,,
1791640666,924,0,1269428,20261010,1,56873,0,feed,,,,
1791640666,924,1,1269774,20261010,19,17910,267,feed,,,,
1791640666,924,0,1270185,20261010,21,56929,211,feed,,,,
1791640666,924,1,1270873,20261010,1,56823,0,feed,,,,
1791640666,924,1,1271097,20261010,1,56823,0,feed,,,,
1791640666,924,0,1271275,20261010,27,8919,162,feed,,,,
1791640666,924,1,1271853,20261010,27,80139,210,feed,,,,
1791640666,924,0,1272338,20261010,36,9646,163,feed,,,,
1791640666,924,0,1272595,20261010,1,56873,0,feed,,,,
1791640666,924,0,1273992,20261010,1,56873,0,feed,,,,
1791640666,924,0,1274005,20261010,2,4513,30,feed,,,,
1791640666,924,1,1275735,20261010,1,56823,34,feed,,,,
1791640666,924,1,1275782,20261010,7,9611,154,feed,,,,
1791640666,924,0,1275869,20261010,1,56873,0,feed,,,,
1791640666,924,0,1276460,20261010,1,56873,0,feed,,,,
1791640666,924,0,1284758,20261010,1,56873,0,feed,,,,
1791640666,925,0,1263042,20261010,1,53703,0,feed,34740,0,35,34740
1791640666,925,0,1275511,20261010,1,53703,0,feed,35460,0,35,35460
1791640666,925,1,1331708,20261010,2,15881,-11,feed,32340,1,35,32220
1791640666,925,1,1332065,20261010,14,17922,157,feed,32100,13,35,30840
1791640666,925,1,1332423,20261010,22,42219,60,feed,32280,21,35,30120
1791640666,925,1,1333381,20261010,1,57541,0,feed,35820,0,35,35820
1791640666,925,0,1333615,20261010,20,17944,-72,feed,32280,19,35,30480
1791640666,925,1,1333629,20261010,1,57541,0,feed,33660,0,35,33660
1791640666,925,0,1333671,20261010,13,1316,112,feed,32220,12,35,31200
1791640666,925,0,1333840,20261010,1,53703,0,feed,32640,0,35,32640
1791640666,925,0,1333856,20261010,28,16136,-213,feed,32280,27,35,29760
1791640666,925,1,1334007,20261010,1,57541,0,feed,35100,0,35,35100
1791640666,925,1,1334075,20261010,10,16124,-66,feed,32340,9,35,31500
1791640666,925,1,1335200,20261010,1,57541,0,feed,32940,0,35,32940
1791640666,925,0,1335209,20261010,1,53703,0,feed,34080,0,35,34080
1791640666,925,1,1335236,20261010,1,57541,0,feed,34380,0,35,34380
1791640666,925,0,1335271,20261010,35,57541,133,feed,32160,34,35,29040
1791640666,925,1,1335505,20261010,35,53703,322,feed,31980,34,35,28740
1791640666,925,0,1335789,20261010,1,53703,0,feed,33360,0,35,33360
1791640666,925,1,1335851,20261010,31,1145,-85,feed,32340,30,35,29400
1791640666,925,0,1335885,20261010,5,1259,68,feed,32220,4,35,31920
1791640666,94,0,1183455,20261010,9,18665,329,feed,32280,8,15,31380
1791640666,94,1,1184191,20261010,1,56100,0,feed,35640,0,16,35640
1791640666,94,1,1187100,20261010,1,56100,0,feed,33840,0,16,33840
1791640666,94,1,1347126,20261010,16,51200,268,feed,32220,15,16,30240
1791640666,94,0,1347865,20261010,1,51200,0,feed,33180,0,15,33180
1791641569,10,1,1369598,20261010,8,40227,106,feed,,,,
1791641569,10,1,1369666,20261010,1,57165,0,feed,,,,
1791641569,10,1,1369896,20261010,56,17976,933,feed,,,,
1791641569,10,0,1369909,20261010,19,17201,223,feed,,,,
1791641569,10,1,1369914,20261010,1,57165,0,feed,,,,
1791641569,10,0,1370109,20261010,1,19337,0,feed,,,,
1791641569,10,1,1370169,20261010,1,57165,0,feed,,,,
1791641569,10,0,1370521,20261010,1,19337,0,feed,,,,
1791641569,10,1,1370526,20261010,1,57165,0,feed,,,,
1791641569,10,0,1370544,20261010,1,19337,0,feed,,,,
1791641569,10,0,1370631,20261010,28,17169,702,feed,,,,
1791641569,10,1,1370830,20261010,1,57165,0,feed,,,,
1791641569,10,1,1370847,20261010,46,17978,-42,feed,,,,
1791641569,10,0,1370911,20261010,10,19315,105,feed,,,,
1791641569,10,1,1371233,20261010,37,17179,187,feed,,,,
1791641569,10,0,1371248,20261010,1,19337,0,feed,,,,
1791641569,11,1,1317736,20261010,51,17706,271,feed,32880,50,79,30600
1791641569,11,1,1318806,20261010,1,49304,0,feed,34200,0,79,34200
1791641569,11,1,1319883,20261010,1,49304,0,feed,35040,0,79,35040
1791641569,11,0,1364237,20261010,1,51828,0,feed,34680,0,80,34680
1791641569,11,0,1364493,20261010,40,17996,388,feed,32760,39,80,31080
1791641569,11,0,1364891,20261010,3,53545,161,feed,33000,2,80,32880
1791641569,11,0,1365010,20261010,80,49304,718,feed,32460,79,80,29340
1791641569,11,0,1365189,20261010,1,51828,0,feed,33780,0,80,33780
1791641569,11,1,1367697,20261010,1,49304,0,feed,33300,0,79,33300
1791641569,11,0,1368798,20261010,35,1920,-81,feed,33300,34,80,31980
1791641569,11,1,1369025,20261010,1,49304,0,feed,35940,0,79,35940
1791641569,11,1,1370778,20261010,24,14641,-45,feed,,,,
1791641569,11,0,1370855,20261010,1,51828,0,feed,,,,
1791641569,11,1,1371143,20261010,42,17980,-13,feed,,,,
1791641569,11,0,1371234,20261010,1,51828,0,feed,,,,
1791641569,14,0,1331975,20261010,1,4345,0,feed,33960,0,80,33960
1791641569,14,1,1369747,20261010,1,50153,0,feed,,,,
1791641569,14,1,1370263,20261010,16,8337,98,feed,,,,
1791641569,14,0,1370547,20261010,1,4345,0,feed,,,,
1791641569,14,0,1370570,20261010,24,15598,114,feed,,,,
1791641569,14,1,1370737,20261010,1,50153,0,feed,,,,
1791641569,14,0,1370944,20261010,56,8316,34,feed,,,,
1791641569,14,1,1370949,20261010,49,15668,279,feed,,,,
1791641569,14,1,1371230,20261010,1,50153,0,feed,,,,
1791641569,14,0,1371277,20261010,1,4345,0,feed,,,,
1791641569,17,0,1132652,20261010,1,57458,0,feed,33360,0,63,33360
1791641569,17,0,1135251,20261010,1,57458,0,feed,35040,0,63,35040
1791641569,17,1,1318157,20261010,1,17192,0,feed,34440,0,65,34440
1791641569,17,0,1324422,20261010,47,17996,610,feed,32520,46,63,29820
1791641569,17,0,1333898,20261010,26,5807,362,feed,32820,25,63,31560
1791641569,17,0,1335074,20261010,1,57458,0,feed,35940,0,63,35940
1791641569,17,1,1335256,20261010,1,17192,0,feed,36240,0,65,36240
1791641569,17,1,1335969,20261010,36,50196,-90,feed,33180,35,65,30840
1791641569,17,1,1367100,20261010,11,15531,-94,feed,33240,10,65,32640
1791641569,18,0,1361139,20261010,61,1878,118,feed,33060,60,84,30840
1791641569,18,0,1361203,20261010,1,51852,0,feed,36120,0,51,36120
1791641569,18,0,1361386,20261010,1,57131,0,feed,34320,0,84,34320
1791641569,18,1,1365623,20261010,37,1342,93,feed,33060,36,52,30780
1791641569,18,1,1366191,20261010,1,56800,0,feed,36120,0,52,36120
1791641569,18,1,1366496,20261010,83,57131,990,feed,32160,82,83,28080
1791641569,18,1,1366899,20261010,16,14850,272,feed,32940,15,83,31680
1791641569,18,0,1366999,20261010,83,19317,245,feed,33060,82,84,29040
1791641569,18,1,1367572,20261010,1,56800,0,feed,33480,0,83,33480
1791641569,18,0,1367589,20261010,24,1422,-53,feed,33180,23,84,32520
1791641569,18,0,1367743,20261010,42,1914,-160,feed,33240,41,51,30780
1791641569,18,1,1367843,20261010,59,56867,138,feed,33000,58,83,29880
1791641569,18,0,1368106,20261010,1,51852,0,feed,34320,0,51,34320
1791641569,18,0,1368244,20261010,1,57131,0,feed,36060,0,84,36060
1791641569,18,1,1368473,20261010,1,56800,0,feed,34380,0,52,34380
1791641569,18,1,1368807,20261010,1,56800,0,feed,35280,0,83,35280
1791641569,18,1,1369195,20261010,8,17986,-78,feed,33240,7,52,32580
1791641569,18,0,1369467,20261010,12,1758,23,feed,33120,11,51,32520
1791641569,2,1,1262240,20261010,1,50670,0,feed,34800,0,34,34800
1791641569,2,1,1263672,20261010,1,50670,0,feed,36600,0,34,36600
1791641569,2,1,1275547,20261010,3,13207,102,feed,33180,2,34,33000
1791641569,2,0,1318333,20261010,1,57469,0,feed,34020,0,34,34020
1791641569,2,0,1319327,20261010,13,52240,221,feed,32940,12,34,32220
1791641569,2,0,1319772,20261010,1,57469,0,feed,35820,0,34,35820
1791641569,2,0,1331067,20261010,28,13225,171,feed,32940,27,41,31320
1791641569,2,0,1333280,20261010,1,57469,0,feed,36720,0,41,36720
1791641569,2,1,1360898,20261010,1,57618,0,feed,35100,0,42,35100
1791641569,2,1,1361126,20261010,1,57618,0,feed,33300,0,42,33300
1791641569,2,0,1363982,20261010,1,57469,26,feed,33120,0,41,33120
1791641569,2,0,1370583,20261010,1,57469,0,feed,,,,
1791641569,2,1,1371123,20261010,23,13279,156,feed,,,,
1791641569,215,1,1268010,20261010,1,5020,0,feed,33360,0,27,33360
1791641569,215,0,1274610,20261010,1,49979,0,feed,35040,0,30,35040
1791641569,219,0,1304104,20261010,1,57340,0,feed,33360,0,74,33360
1791641569,219,1,1313107,20261010,1,5020,0,feed,33300,0,71,33300
1791641569,22,1,1357463,20261010,1,56825,0,feed,34200,0,84,34200
1791641569,22,1,1357780,20261010,66,19492,21,feed,33120,65,87,29400
1791641569,22,1,1357886,20261010,1,56825,0,feed,36600,0,87,36600
1791641569,22,0,1364420,20261010,1,4558,0,feed,34740,0,86,34740
1791641569,22,0,1365015,20261010,19,19479,130,feed,33060,18,82,32340
1791641569,22,0,1365245,20261010,35,57362,447,feed,32700,34,86,31200
1791641569,22,0,1366517,20261010,73,11419,526,feed,32640,72,82,28800
1791641569,22,1,1367544,20261010,21,11646,36,feed,33120,20,84,31860
1791641569,22,1,1367942,20261010,1,56825,0,feed,35460,0,84,35460
1791641569,22,0,1368193,20261010,1,4558,0,feed,33540,0,82,33540
1791641569,22,1,1368672,20261010,5,9090,78,feed,33120,4,87,33000
1791641569,22,1,1369027,20261010,40,19318,206,feed,32940,39,84,30600
1791641569,22,0,1369165,20261010,60,11179,-111,feed,33180,59,82,30000
1791641569,22,0,1369396,20261010,1,4558,0,feed,35940,0,82,35940
1791641569,223,1,1360923,20261010,34,57691,-15,feed,33180,33,34,31260
1791641569,223,1,1361640,20261010,1,5020,0,feed,36660,0,34,36660
1791641569,223,0,1362089,20261010,1,57691,0,feed,33360,0,33,33360
1791641569,223,1,1363749,20261010,1,5020,70,feed,33060,0,34,33060
1791641569,223,0,1363895,20261010,1,57691,0,feed,35160,0,33,35160
1791641569,225,1,1131121,20261010,10,45458,144,feed,33000,9,20,32280
1791641569,225,1,1134978,20261010,1,45174,0,feed,35880,0,20,35880
1791641569,225,0,1275899,20261010,1,52530,0,feed,34260,0,20,34260
1791641569,227,1,1264459,20261010,1,45174,0,feed,35880,0,45,35880
1791641569,227,0,1268554,20261010,1,52530,0,feed,34200,0,47,34200
1791641569,227,1,1274259,20261010,29,49180,19,feed,33120,28,45,32280
1791641569,25,0,1370343,20261010,1,19337,0,feed,,,,
1791641569,27,0,1349913,20261010,1,52857,0,feed,36000,0,23,36000
1791641569,27,1,1351320,20261010,1,51367,0,feed,35220,0,21,35220
1791641569,27,0,1363609,20261010,18,51579,-13,feed,33240,17,23,32400
1791641569,3,0,1179459,20261010,1,54097,0,feed,34740,0,65,34740
1791641569,3,0,1185403,20261010,7,19315,325,feed,32760,6,64,32100
1791641569,3,1,1188234,20261010,1,56100,0,feed,33720,0,64,33720
1791641569,3,0,1321511,20261010,1,54097,0,feed,36480,0,65,36480
1791641569,3,1,1321969,20261010,60,19313,100,feed,33060,59,64,30120
1791641569,3,1,1322705,20261010,27,18565,-49,feed,33180,26,64,31920
1791641569,3,0,1323264,20261010,2,16406,-19,feed,33300,1,65,32940
1791641569,3,1,1368808,20261010,1,56100,0,feed,36060,0,65,36060
1791641569,3,1,1369002,20261010,1,56100,0,feed,34320,0,65,34320
1791641569,3,0,1370816,20261010,1,54097,0,feed,,,,
1791641569,3,1,1371112,20261010,7,20008,166,feed,,,,
1791641569,3,1,1371127,20261010,1,56100,0,feed,,,,
1791641569,3,0,1371162,20261010,40,939,149,feed,,,,
1791641569,30,1,1212213,20261010,33,8306,89,feed,33060,32,44,30960
1791641569,30,1,1215907,20261010,1,15882,0,feed,36360,0,44,36360
1791641569,30,0,1216003,20261010,1,40238,0,feed,33840,0,48,33840
1791641569,30,0,1217801,20261010,28,42307,34,feed,33120,27,48,32040
1791641569,30,1,1218465,20261010,1,15882,0,feed,34560,0,44,34560
1791641569,32,0,1331227,20261010,1,50155,0,feed,33300,0,59,33300
1791641569,32,0,1331974,20261010,1,50155,0,feed,35100,0,59,35100
1791641569,32,0,1332116,20261010,33,12827,448,feed,32700,32,59,31500
1791641569,32,1,1365620,20261010,1,57685,0,feed,34380,0,61,34380
1791641569,32,1,1365784,20261010,1,57685,0,feed,36180,0,61,36180
1791641569,32,1,1366195,20261010,15,4124,35,feed,33120,14,61,32580
1791641569,323,0,1131034,20261010,1,51116,0,feed,35100,0,23,35100
1791641569,323,1,1131189,20261010,1,57508,0,feed,34560,0,25,34560
1791641569,323,1,1131491,20261010,1,57508,0,feed,36300,0,25,36300
1791641569,323,0,1133491,20261010,11,3199,0,feed,33180,10,23,32700
1791641569,323,1,1135512,20261010,5,57040,130,feed,33060,4,25,32820
1791641569,345,1,1132958,20261010,3,57538,81,feed,33540,2,15,32520
1791641569,345,1,1134334,20261010,1,57508,0,feed,36120,0,15,36120
1791641569,345,0,1136184,20261010,9,42845,4,feed,33720,8,15,32400
1791641569,345,0,1136447,20261010,1,56879,0,feed,36000,0,15,36000
1791641569,36,0,1176582,20261010,1,57537,75,feed,33060,0,53,33060
1791641569,36,0,1185999,20261010,42,6206,148,feed,33000,41,53,31380
1791641569,36,1,1186621,20261010,1,50160,0,feed,35220,0,50,35220
1791641569,36,1,1362326,20261010,37,41126,227,feed,33060,36,50,31620
1791641569,36,0,1362770,20261010,1,57537,0,feed,34860,0,53,34860
1791641569,36,1,1368040,20261010,1,50160,0,feed,33420,0,50,33420
1791641569,36,0,1368723,20261010,1,57537,0,feed,36600,0,53,36600
1791641569,38,0,1350168,20261010,1,48213,0,feed,35340,0,108,35340
1791641569,38,0,1351532,20261010,35,50095,89,feed,33060,34,108,31800
1791641569,38,1,1351767,20261010,1,16494,0,feed,33840,0,104,33840
1791641569,38,1,1352194,20261010,1,42032,0,feed,35460,0,107,35460
1791641569,38,1,1354748,20261010,66,40245,153,feed,33000,65,104,30240
1791641569,38,0,1354833,20261010,75,57501,96,feed,33060,74,109,30000
1791641569,38,1,1355347,20261010,25,56383,270,feed,32880,24,107,31860
1791641569,38,0,1369308,20261010,1,48213,0,feed,33540,0,109,33540
1791641569,4,0,1134761,20261010,1,50231,0,feed,34920,0,89,34920
1791641569,4,0,1157675,20261010,1,50231,0,feed,35640,0,53,35640
1791641569,4,0,1159935,20261010,1,50231,0,feed,33840,0,53,33840
1791641569,4,1,1356771,20261010,83,1048,265,feed,32880,82,90,29280
1791641569,4,0,1358191,20261010,43,175,-99,feed,33240,42,89,31380
1791641569,4,1,1358624,20261010,1,17971,0,feed,36540,0,50,36540
1791641569,4,0,1358682,20261010,79,42297,-32,feed,33180,78,89,29400
1791641569,4,1,1359241,20261010,1,14153,0,feed,35940,0,90,35940
1791641569,4,0,1359283,20261010,1,50231,0,feed,36720,0,89,36720
1791641569,4,1,1359333,20261010,1,14153,0,feed,34200,0,90,34200
1791641569,4,1,1359891,20261010,20,16035,-49,feed,33180,19,90,32520
1791641569,4,0,1359977,20261010,1,50231,30,feed,33120,0,89,33120
1791641569,4,0,1360423,20261010,21,141,-170,feed,33180,20,53,32160
1791641569,4,0,1360468,20261010,51,17947,-54,feed,33180,50,53,30480
1791641569,4,1,1360574,20261010,45,102,-50,feed,33180,44,85,31020
1791641569,4,1,1360613,20261010,1,17971,0,feed,34800,0,50,34800
1791641569,46,1,1266877,20261010,51,210,82,feed,33060,50,59,31500
1791641569,46,0,1275837,20261010,1,220,0,feed,34260,0,62,34260
1791641569,46,1,1279525,20261010,1,51550,0,feed,33300,0,59,33300
1791641569,46,0,1281255,20261010,1,220,0,feed,36060,0,62,36060
1791641569,48,0,1304579,20261010,7,17902,195,feed,33000,6,61,32700
1791641569,48,0,1352138,20261010,1,19301,0,feed,36300,0,61,36300
1791641569,48,1,1354633,20261010,2,50106,114,feed,33060,1,61,33000
1791641569,48,1,1368493,20261010,1,50152,0,feed,36540,0,61,36540
1791641569,5,0,1366026,20261010,1,51212,0,feed,33660,0,81,33660
1791641569,5,1,1367183,20261010,27,11146,148,feed,33000,26,80,32100
1791641569,5,1,1367449,20261010,1,51846,0,feed,35640,0,80,35640
1791641569,5,0,1367768,20261010,77,8974,-72,feed,33180,76,81,30120
1791641569,515,1,1350002,20261010,1,56877,0,feed,36120,0,49,36120
1791641569,515,0,1350063,20261010,1,53704,0,feed,36660,0,49,36660
1791641569,515,1,1350270,20261010,49,53704,78,feed,33120,48,49,31620
1791641569,515,1,1351176,20261010,1,56877,0,feed,33420,0,49,33420
1791641569,515,0,1351215,20261010,1,53704,0,feed,33960,0,49,33960
1791641569,515,1,1351349,20261010,1,56877,0,feed,34320,0,49,34320
1791641569,515,0,1351747,20261010,1,53704,0,feed,35760,0,49,35760
1791641569,515,1,1352625,20261010,19,718,81,feed,33060,18,49,32520
1791641569,515,0,1353288,20261010,2,44199,101,feed,33120,1,49,33060
1791641569,515,0,1354827,20261010,29,4429,268,feed,32880,28,49,32160
1791641569,515,1,1354922,20261010,1,56877,0,feed,35220,0,49,35220
1791641569,515,0,1355075,20261010,1,53704,0,feed,34860,0,49,34860
1791641569,534,1,1344040,20261010,1,51824,0,feed,35100,0,32,35100
1791641569,534,0,1344383,20261010,1,56725,0,feed,35220,0,35,35220
1791641569,534,1,1345372,20261010,1,51824,0,feed,33300,0,32,33300
1791641569,534,0,1345591,20261010,1,56725,0,feed,33420,0,35,33420
1791641569,538,0,1133562,20261010,9,20195,231,feed,32880,8,42,32400
1791641569,538,0,1134427,20261010,1,53704,0,feed,34200,0,42,34200
1791641569,538,1,1318024,20261010,31,44364,-10,feed,33180,30,40,31680
1791641569,538,1,1318205,20261010,1,56880,0,feed,35280,0,40,35280
1791641569,539,1,1136709,20261010,1,56880,0,feed,35580,0,38,35580
1791641569,539,0,1137973,20261010,2,2078,-56,feed,33180,1,41,33120
1791641569,539,1,887554,20261010,34,1627,69,feed,33060,33,38,31980
1791641569,539,0,887627,20261010,1,56725,83,feed,36720,0,41,36720
1791641569,539,1,892670,20261010,1,56880,0,feed,33780,0,38,33780
1791641569,54,0,1132790,20261010,9,13143,194,feed,33180,8,25,32220
1791641569,54,1,1132796,20261010,15,57019,307,feed,32880,14,27,31800
1791641569,54,1,1342013,20261010,1,56100,0,feed,33600,0,27,33600
1791641569,54,0,1346021,20261010,1,56875,0,feed,34920,0,46,34920
1791641569,54,0,1346151,20261010,1,56875,0,feed,36660,0,46,36660
1791641569,54,0,1346176,20261010,1,56875,13,feed,33120,0,46,33120
1791641569,54,1,1346741,20261010,1,42319,0,feed,34560,0,47,34560
1791641569,54,1,1347038,20261010,5,5293,21,feed,33180,4,47,32760
1791641569,54,0,1347392,20261010,1,56875,0,feed,35760,0,25,35760
1791641569,54,1,1347987,20261010,41,48548,221,feed,33000,40,47,29160
1791641569,54,1,1348472,20261010,1,56100,0,feed,35400,0,27,35400
1791641569,54,0,1354169,20261010,21,3142,60,feed,33120,20,46,31320
1791641569,54,1,1359691,20261010,1,42319,0,feed,36360,0,47,36360
1791641569,54,1,1360814,20261010,24,57417,104,feed,33060,23,47,30960
1791641569,54,0,1368541,20261010,1,56875,0,feed,34020,0,25,34020
1791641569,540,0,1135141,20261010,1,53052,0,feed,36180,0,51,36180
1791641569,540,0,1135474,20261010,1,53052,0,feed,34380,0,51,34380
1791641569,540,1,891771,20261010,19,40414,80,feed,33060,18,48,32220
1791641569,540,1,897635,20261010,1,56879,0,feed,34020,0,48,34020
1791641569,546,1,1135383,20261010,1,51824,0,feed,35460,0,31,35460
1791641569,546,0,895752,20261010,1,56725,96,feed,33360,0,33,33360
1791641569,546,0,896382,20261010,1,56725,0,feed,35160,0,33,35160
1791641569,61,0,1364460,20261010,1,17905,0,feed,34500,0,76,34500
1791641569,61,1,1364671,20261010,72,40168,-32,feed,33180,71,73,29280
1791641569,61,1,1365114,20261010,1,52761,0,feed,,,,
1791641569,61,1,1365668,20261010,4,3142,127,feed,33000,3,73,32820
1791641569,61,0,1365960,20261010,48,49670,131,feed,,,,
1791641569,61,1,1367080,20261010,31,5647,31,feed,33120,30,73,31080
1791641569,61,0,1367145,20261010,1,17905,0,feed,36420,0,76,36420
1791641569,61,1,1368621,20261010,1,52761,0,feed,34560,0,73,34560
1791641569,61,0,1368859,20261010,9,57457,29,feed,33120,8,76,32580
1791641569,615,0,1346064,20261010,27,42552,12,feed,33120,26,76,31980
1791641569,615,1,1346165,20261010,26,4789,244,feed,32940,25,76,31920
1791641569,615,1,1346927,20261010,1,3540,0,feed,35520,0,76,35520
1791641569,615,0,1347002,20261010,1,41157,0,feed,35580,0,76,35580
1791641569,62,0,1349320,20261010,59,49895,314,feed,32820,58,86,30900
1791641569,62,1,1349384,20261010,29,80931,-84,feed,33180,28,83,32040
1791641569,62,1,1350721,20261010,1,49141,0,feed,33840,0,83,33840
1791641569,62,1,1350961,20261010,1,49141,0,feed,35340,0,91,35340
1791641569,62,0,1350967,20261010,1,328,0,feed,36300,0,86,36300
1791641569,62,1,1352537,20261010,69,6346,-89,feed,33180,68,83,30240
1791641569,62,0,1352814,20261010,1,328,0,feed,34500,0,86,34500
1791641569,62,0,1359926,20261010,14,6291,106,feed,33060,13,86,32700
1791641569,62,0,1359971,20261010,38,49141,89,feed,33120,37,67,31380
1791641569,62,1,1360776,20261010,1,45191,0,feed,35760,0,67,35760
1791641569,63,1,1262710,20261010,25,52760,31,feed,33120,24,59,31620
1791641569,63,1,1269139,20261010,43,3091,54,feed,33120,42,59,30720
1791641569,63,1,1271234,20261010,1,51114,0,feed,33420,0,59,33420
1791641569,63,0,1346045,20261010,1,15795,0,feed,34140,0,60,34140
1791641569,63,0,1346133,20261010,1,15795,0,feed,33240,0,60,33240
1791641569,63,0,1346623,20261010,1,15795,0,feed,35040,0,60,35040
1791641569,63,0,1346904,20261010,1,15795,0,feed,35940,0,60,35940
1791641569,63,1,1347243,20261010,17,3245,43,feed,33120,16,59,32520
1791641569,63,0,1348039,20261010,18,3114,-3,feed,33180,17,60,32340
1791641569,63,1,1348231,20261010,1,51114,0,feed,36120,0,59,36120
1791641569,63,0,1368837,20261010,38,3142,-48,feed,33180,37,60,31440
1791641569,63,1,1368978,20261010,1,51114,0,feed,35220,0,59,35220
1791641569,63,0,1371063,20261010,42,3152,628,feed,,,,
1791641569,63,1,1371376,20261010,1,51114,0,feed,,,,
1791641569,64,1,1342597,20261010,1,42157,0,feed,34920,0,43,34920
1791641569,64,1,1342675,20261010,1,42157,0,feed,36720,0,43,36720
1791641569,64,0,1356049,20261010,14,11786,32,feed,33120,13,43,32160
1791641569,64,0,1357136,20261010,1,52761,0,feed,33960,0,43,33960
1791641569,64,0,1357757,20261010,1,52761,90,feed,33060,0,78,33060
1791641569,64,0,1358581,20261010,1,52761,0,feed,36660,0,78,36660
1791641569,64,0,1359236,20261010,36,10413,215,feed,32880,35,78,31260
1791641569,64,1,1359330,20261010,1,52015,0,feed,36360,0,76,36360
1791641569,64,1,1359435,20261010,1,42157,0,feed,33180,0,43,33180
1791641569,64,0,1359733,20261010,1,52761,0,feed,34860,0,78,34860
1791641569,64,1,1359911,20261010,40,11863,117,feed,33060,39,43,31380
1791641569,64,0,1360462,20261010,1,52761,0,feed,35760,0,43,35760
1791641569,64,1,1360712,20261010,7,49910,11,feed,33120,6,76,32880
1791641569,64,1,1360799,20261010,60,81103,69,feed,33060,59,76,31140
1791641569,64,1,1360820,20261010,1,52015,0,feed,34620,0,76,34620
1791641569,645,1,1208148,20261010,42,7077,1157,feed,32100,41,55,29820
1791641569,645,0,1337122,20261010,1,6990,337,feed,33480,0,52,33480
1791641569,645,1,1341885,20261010,1,53293,0,feed,33420,0,55,33420
1791641569,65,1,1349335,20261010,1,57690,0,feed,,,,
1791641569,65,1,1349559,20261010,1,57690,0,feed,34140,0,38,34140
1791641569,65,1,1349914,20261010,22,10727,144,feed,33000,21,38,32220
1791641569,65,0,1369692,20261010,1,10761,0,feed,,,,
1791641569,65,0,1369921,20261010,12,10707,108,feed,,,,
1791641569,65,0,1369972,20261010,1,10761,0,feed,,,,
1791641569,67,0,1265901,20261010,1,53723,0,feed,35100,0,65,35100
1791641569,67,0,1270586,20261010,,,,canceled,,,,
1791641569,67,1,1271715,20261010,33,15102,266,feed,32880,32,65,31680
1791641569,67,0,1355672,20261010,1,53723,0,feed,33300,0,65,33300
1791641569,67,1,1359653,20261010,1,56100,0,feed,33480,0,65,33480
1791641569,67,1,1367072,20261010,1,56100,0,feed,35280,0,65,35280
1791641569,67,0,1369496,20261010,34,15054,376,feed,32760,33,65,31500
1791641569,68,1,1266613,20261010,23,326,34,feed,33120,22,61,32100
1791641569,68,0,1267491,20261010,2,9806,108,feed,35760,1,59,35760
1791641569,68,1,1276087,20261010,1,11904,0,feed,35700,0,61,35700
1791641569,68,1,1338346,20261010,1,11904,0,feed,33900,0,117,33900
1791641569,68,0,1362237,20261010,1,53340,0,feed,35880,0,118,35880
1791641569,68,0,1362553,20261010,2,9806,26,feed,33120,1,87,33120
1791641569,68,0,1362641,20261010,32,425,-44,feed,33180,31,59,32220
1791641569,68,0,1363418,20261010,25,9769,23,feed,33120,24,118,32400
1791641569,68,1,1364071,20261010,83,10005,-60,feed,33180,82,117,30300
1791641569,68,1,1366205,20261010,1,57511,0,feed,33720,0,83,33720
1791641569,68,1,1366366,20261010,75,9968,30,feed,33120,74,83,30180
1791641569,68,0,1367376,20261010,55,57625,-140,feed,33240,54,87,31320
1791641569,68,1,1369065,20261010,1,57511,0,feed,35520,0,83,35520
1791641569,68,1,1369146,20261010,25,49993,-33,feed,33180,24,83,31920
1791641569,68,0,1369354,20261010,2,9806,75,feed,36600,1,87,36600
1791641569,68,0,1369417,20261010,2,9806,119,feed,34920,1,87,34920
1791641569,686,1,1170390,20261010,1,56939,0,feed,33360,0,4,33360
1791641569,686,0,1331453,20261010,3,56939,-194,feed,33360,2,3,31320
1791641569,686,1,1334176,20261010,1,56939,0,feed,35940,0,4,35940
1791641569,686,0,1334493,20261010,1,47705,0,feed,34200,0,3,34200
1791641569,7,0,1356094,20261010,16,48896,-200,feed,33420,15,64,32340
1791641569,7,1,1357950,20261010,53,15422,-4,feed,33180,52,60,30060
1791641569,7,0,1358043,20261010,1,51779,0,feed,34140,0,64,34140
1791641569,7,0,1358768,20261010,1,51779,0,feed,35940,0,64,35940
1791641569,7,1,1360783,20261010,15,19314,708,feed,32520,14,60,31860
1791641569,7,0,1370805,20261010,42,19302,91,feed,,,,
1791641569,7,1,1370938,20261010,1,17679,0,feed,,,,
1791641569,7,1,1371241,20261010,1,17679,0,feed,,,,
1791641569,71,1,1265278,20261010,1,51291,0,feed,36600,0,60,36600
1791641569,71,1,1266754,20261010,49,10061,-46,feed,33180,48,60,31200
1791641569,71,1,1268776,20261010,1,51291,71,feed,33000,0,60,33000
1791641569,71,0,1274522,20261010,1,9715,0,feed,33420,0,58,33420
1791641569,71,0,1279561,20261010,1,9715,0,feed,35220,0,58,35220
1791641569,71,0,1361292,20261010,43,18115,68,feed,33060,42,75,31320
1791641569,71,1,1361680,20261010,1,49141,0,feed,34740,0,74,34740
1791641569,716,0,1136708,20261010,2,8472,122,feed,33060,1,51,33000
1791641569,716,0,1137760,20261010,1,50154,0,feed,36600,0,51,36600
1791641569,716,1,1138302,20261010,1,8728,0,feed,34920,0,50,34920
1791641569,72,0,1369818,20261010,1,57615,0,feed,,,,
1791641569,72,1,1369953,20261010,1,13667,0,feed,,,,
1791641569,72,0,1370047,20261010,1,57615,0,feed,,,,
1791641569,72,1,1370924,20261010,24,13729,299,feed,,,,
1791641569,721,0,1178136,20261010,1,51845,0,feed,36180,0,43,36180
1791641569,721,1,1181788,20261010,1,9522,0,feed,34200,0,41,34200
1791641569,721,1,1182485,20261010,1,9522,0,feed,36000,0,41,36000
1791641569,721,0,1185414,20261010,9,9481,44,feed,33060,8,43,32760
1791641569,721,1,1186203,20261010,17,9544,227,feed,32940,16,41,32400
1791641569,721,0,1187966,20261010,1,51845,0,feed,34560,0,43,34560
1791641569,722,1,1177375,20261010,1,11486,32,feed,36720,0,14,36720
1791641569,722,0,1177596,20261010,10,11483,264,feed,32880,9,11,32400
1791641569,722,1,1178420,20261010,1,11486,102,feed,33120,0,14,33120
1791641569,722,0,1179839,20261010,1,56827,0,feed,36120,0,11,36120
1791641569,722,1,1181355,20261010,1,57636,0,feed,33600,0,53,33600
1791641569,722,0,1188260,20261010,1,56827,0,feed,34200,0,51,34200
1791641569,723,1,1179416,20261010,33,41934,-23,feed,33180,32,41,32340
1791641569,723,1,1179682,20261010,1,53224,0,feed,35940,0,41,35940
1791641569,723,0,1187876,20261010,1,51845,0,feed,34200,0,39,34200
1791641569,724,0,1133079,20261010,1,51846,0,feed,34200,0,33,34200
1791641569,724,1,1133199,20261010,1,53222,0,feed,33420,0,35,33420
1791641569,724,1,1133436,20261010,1,53222,0,feed,36120,0,35,36120
1791641569,724,1,1134426,20261010,1,53222,0,feed,35220,0,35,35220
1791641569,724,1,1134468,20261010,19,8840,-26,feed,33180,18,35,32520
1791641569,724,0,1134577,20261010,24,42063,-17,feed,33180,23,33,32400
1791641569,724,0,1134966,20261010,1,51846,0,feed,33300,0,33,33300
1791641569,724,0,1135959,20261010,1,51846,0,feed,35100,0,33,35100
1791641569,724,1,1136218,20261010,1,53222,0,feed,34320,0,35,34320
1791641569,724,0,1286753,20261010,1,51846,0,feed,36000,0,33,36000
1791641569,725,0,1312352,20261010,1,57580,0,feed,34020,0,50,34020
1791641569,725,1,1316719,20261010,1,56775,0,feed,33300,0,49,33300
1791641569,74,1,1356106,20261010,60,16607,143,feed,33000,59,61,29880
1791641569,74,0,1356210,20261010,1,51546,0,feed,34560,0,59,34560
1791641569,74,1,1356281,20261010,1,13667,0,feed,33420,0,61,33420
1791641569,74,1,1359455,20261010,1,13667,0,feed,35220,0,61,35220
1791641569,74,0,1359551,20261010,2,48896,72,feed,33180,1,59,32820
1791641569,74,0,1359642,20261010,1,51546,0,feed,36360,0,59,36360
1791641569,74,1,1359729,20261010,23,43282,195,feed,33060,22,61,31680
1791641569,74,0,1360675,20261010,35,11837,163,feed,33060,34,59,31020
1791641569,80,1,1314319,20261010,1,50689,12,feed,33120,0,38,33120
1791641569,80,0,1315429,20261010,1,49979,0,feed,34920,0,42,34920
1791641569,80,1,1317260,20261010,1,50689,0,feed,36720,0,38,36720
1791641569,802,0,1197663,20261010,11,42440,164,feed,33000,10,46,32640
1791641569,802,0,1203617,20261010,1,57169,0,feed,36240,0,46,36240
1791641569,802,1,1204484,20261010,1,42622,0,feed,33720,0,45,33720
1791641569,804,0,1261508,20261010,26,57048,-53,feed,33180,25,32,32400
1791641569,804,0,1261518,20261010,1,14153,0,feed,36000,0,32,36000
1791641569,804,1,1327941,20261010,1,14727,0,feed,34200,0,35,34200
1791641569,805,1,1212930,20261010,2,57209,12,feed,33120,1,72,33000
1791641569,805,0,1214107,20261010,1,56775,0,feed,36240,0,72,36240
1791641569,827,0,1315234,20261010,1,42837,0,feed,33180,0,51,33180
1791641569,827,1,1317072,20261010,1,57167,0,feed,33300,0,51,33300
1791641569,83,0,1263947,20261010,37,573,311,feed,32820,36,44,31140
1791641569,83,0,1271792,20261010,1,53725,0,feed,36540,0,44,36540
1791641569,83,1,1350783,20261010,1,52532,0,feed,34080,0,41,34080
1791641569,83,1,1353827,20261010,15,53750,150,feed,33000,14,41,32280
1791641569,83,1,1353853,20261010,1,52532,0,feed,35880,0,41,35880
1791641569,83,0,1353975,20261010,1,53725,0,feed,34740,0,44,34740
1791641569,83,0,1354493,20261010,2,53726,137,feed,33060,1,44,32940
1791641569,87,1,1303596,20261010,1,57690,0,feed,36660,0,70,36660
1791641569,87,1,1303774,20261010,1,57690,0,feed,33180,0,70,33180
1791641569,87,1,1304405,20261010,44,18919,139,feed,33000,43,70,31380
1791641569,87,1,1304548,20261010,1,57690,0,feed,34920,0,70,34920
1791641569,87,0,1349136,20261010,1,51892,0,feed,36180,0,71,36180
1791641569,87,0,1349920,20261010,67,51370,-69,feed,33120,66,71,30720
1791641569,87,0,1350438,20261010,1,51892,0,feed,34380,0,71,34380
1791641569,87,0,1350918,20261010,15,13081,75,feed,,,,
1791641569,9,0,1356090,20261010,95,16469,404,feed,32760,94,112,29520
1791641569,9,0,1356953,20261010,1,40247,86,feed,33060,0,112,33060
1791641569,9,1,1364535,20261010,2,48896,-40,feed,33180,1,96,32820
1791641569,9,1,1365369,20261010,1,51551,0,feed,34620,0,111,34620
1791641569,9,0,1367020,20261010,47,3053,113,feed,33060,46,100,31500
1791641569,9,1,1367916,20261010,96,52552,84,feed,33060,95,96,29220
1791641569,9,0,1368775,20261010,1,52552,0,feed,35100,0,100,35100
1791641569,9,1,1368858,20261010,41,56698,388,feed,32760,40,111,31020
1791641569,9,0,1369312,20261010,1,40247,0,feed,36660,0,112,36660
1791641569,9,1,1369376,20261010,1,51551,0,feed,36420,0,96,36420
1791641569,901,0,879179,20261010,15,56330,180,feed,33120,14,20,31200
1791641569,901,0,879795,20261010,1,51405,0,feed,33360,0,20,33360
1791641569,901,0,889263,20261010,10,51430,60,feed,33120,9,20,31920
1791641569,901,1,890382,20261010,3,56336,0,feed,33900,2,20,33720
1791641569,901,1,895014,20261010,13,51417,300,feed,32880,12,20,31560
1791641569,901,1,896657,20261010,3,56336,0,feed,33180,2,20,33000
1791641569,901,0,903288,20261010,5,51435,120,feed,33120,4,20,32640
1791641569,901,1,905809,20261010,8,51412,180,feed,32940,7,20,32280
1791641569,902,0,876845,20261010,3,56336,0,feed,33600,2,24,33420
1791641569,902,0,880526,20261010,11,56005,60,feed,33180,10,24,31980
1791641569,902,1,882375,20261010,2,56027,0,feed,33180,1,24,33060
1791641569,902,0,882625,20261010,21,56015,60,feed,33060,20,24,30540
1791641569,902,0,884681,20261010,15,56009,240,feed,33000,14,24,31260
1791641569,902,0,889999,20261010,6,56338,0,feed,33180,5,24,32700
1791641569,902,1,894754,20261010,17,56042,240,feed,32940,16,24,30900
1791641569,902,1,895144,20261010,14,56039,0,feed,33240,13,24,31620
1791641569,902,1,899995,20261010,7,56032,120,feed,33060,6,24,32340
1791641569,902,1,903373,20261010,22,56332,300,feed,32940,21,24,30180
1791641569,902,0,984370,20261010,24,56018,360,feed,32760,23,24,29820
1791641569,903,0,1264683,20261010,1,57285,0,feed,33300,0,6,33300
1791641569,903,1,1264955,20261010,1,56874,0,feed,35160,0,6,35160
1791641569,903,0,1271542,20261010,1,57285,0,feed,35100,0,6,35100
1791641569,903,1,1275804,20261010,1,56874,0,feed,33300,0,6,33300
1791641569,904,1,1264566,20261010,6,17781,204,feed,33120,5,12,32460
1791641569,904,1,1269945,20261010,1,56800,0,feed,35160,0,12,35160
1791641569,904,0,1365137,20261010,3,56831,380,feed,33120,2,13,32700
1791641569,904,0,1366804,20261010,7,53542,228,feed,33120,6,13,31800
1791641569,904,1,1367049,20261010,1,56800,0,feed,34260,0,12,34260
1791641569,904,1,1367138,20261010,1,56800,0,feed,36060,0,12,36060
1791641569,904,0,1367181,20261010,1,56830,0,feed,35400,0,13,35400
1791641569,904,0,1367662,20261010,9,53311,625,feed,32580,8,13,30900
1791641569,904,1,1368249,20261010,1,56800,0,feed,33360,0,12,33360
1791641569,904,0,1368388,20261010,1,56830,0,feed,33600,0,13,33600
1791641569,904,0,1368537,20261010,1,56830,0,feed,36300,0,13,36300
1791641569,904,1,1368727,20261010,11,56833,84,feed,33360,10,12,31560
1791641569,904,0,1369368,20261010,1,56830,0,feed,34500,0,13,34500
1791641569,905,0,1343691,20261010,1,52761,0,feed,36600,0,16,36600
1791641569,905,1,1343780,20261010,1,57441,0,feed,33840,0,16,33840
1791641569,905,0,1343818,20261010,9,57428,22,feed,33240,8,16,32100
1791641569,905,0,1344044,20261010,1,52761,0,feed,34800,0,16,34800
1791641569,905,1,1344175,20261010,1,57441,0,feed,35640,0,16,35640
1791641569,905,1,1344391,20261010,10,57423,12,feed,33180,9,16,32040
1791641569,905,1,1344518,20261010,1,57441,190,feed,32940,0,16,32940
1791641569,905,1,1344564,20261010,1,57441,0,feed,34740,0,16,34740
1791641569,905,0,1344653,20261010,1,52761,152,feed,33000,0,16,33000
1791641569,905,0,1344888,20261010,15,57440,-79,feed,33240,14,16,31200
1791641569,905,0,1344895,20261010,1,52761,0,feed,35700,0,16,35700
1791641569,905,1,1345344,20261010,15,52759,-152,feed,33240,14,16,31140
1791641569,905,0,1345356,20261010,1,52761,0,feed,33900,0,16,33900
1791641569,905,1,1345461,20261010,1,57441,0,feed,36540,0,16,36540
1791641569,921,1,1364373,20261010,1,52531,0,feed,34740,0,20,34740
1791641569,921,1,1364412,20261010,1,52531,0,feed,33840,0,20,33840
1791641569,921,0,1364514,20261010,1,51544,0,feed,34560,0,20,34560
1791641569,921,1,1365033,20261010,10,17312,360,feed,32880,9,20,32100
1791641569,921,0,1365372,20261010,12,17371,87,feed,33120,11,20,31920
1791641569,921,0,1366281,20261010,16,56119,417,feed,32640,15,20,31080
1791641569,921,1,1367980,20261010,20,51544,253,feed,33060,19,20,31200
1791641569,921,0,1368404,20261010,1,51544,0,feed,35400,0,20,35400
1791641569,921,1,1368466,20261010,2,50015,157,feed,33120,1,20,33000
1791641569,921,1,1368695,20261010,1,52531,0,feed,36540,0,20,36540
1791641569,921,0,1369292,20261010,1,51544,0,feed,36300,0,20,36300
1791641569,921,0,1369521,20261010,1,51544,0,feed,33720,0,20,33720
1791641569,922,1,1311599,20261010,18,16933,-74,feed,33240,17,34,31260
1791641569,922,1,1311892,20261010,25,16871,-73,feed,33240,24,34,30540
1791641569,922,1,1312027,20261010,11,17005,51,feed,33120,10,34,31920
1791641569,922,0,1312366,20261010,1,57314,0,feed,33360,0,35,33360
1791641569,922,0,1312754,20261010,1,57314,0,feed,36120,0,35,36120
1791641569,922,0,1312850,20261010,1,57314,0,feed,35400,0,35,35400
1791641569,922,1,1313608,20261010,1,56100,0,feed,34080,0,34,34080
1791641569,922,0,1313940,20261010,1,57314,0,feed,34740,0,35,34740
1791641569,922,0,1314032,20261010,27,17022,-105,feed,33180,26,35,30480
1791641569,922,1,1314340,20261010,1,56100,0,feed,34800,0,34,34800
1791641569,922,0,1314530,20261010,14,43022,-148,feed,33240,13,35,31920
1791641569,922,0,1314542,20261010,7,57356,47,feed,33180,6,35,32640
1791641569,922,0,1314709,20261010,1,57314,0,feed,34080,0,35,34080
1791641569,922,0,1314786,20261010,33,57418,-45,feed,33180,32,35,29760
1791641569,922,1,1314975,20261010,2,57419,320,feed,32820,1,34,32640
1791641569,922,1,1315357,20261010,1,56100,0,feed,36240,0,34,36240
1791641569,922,1,1315993,20261010,1,56100,0,feed,33360,0,34,33360
1791641569,922,1,1316438,20261010,31,3525,4,feed,33180,30,34,29880
1791641569,922,1,1317332,20261010,1,56100,0,feed,35520,0,34,35520
1791641569,922,0,1317366,20261010,19,57333,149,feed,33060,18,35,31200
1791641569,923,1,1262643,20261010,1,57278,0,feed,36240,0,23,36240
1791641569,923,0,1263288,20261010,1,56897,0,feed,34920,0,22,34920
1791641569,923,0,1265790,20261010,16,9673,457,feed,32700,15,22,31380
1791641569,923,1,1268277,20261010,13,56422,192,feed,33000,12,23,31980
1791641569,923,0,1268963,20261010,10,56421,72,feed,33120,9,22,32220
1791641569,923,0,1270218,20261010,1,56897,0,feed,,,,
1791641569,923,0,1270746,20261010,1,56897,0,feed,,,,
1791641569,923,0,1270912,20261010,1,56897,0,feed,35820,0,22,35820
1791641569,923,1,1271303,20261010,1,57278,0,feed,34560,0,23,34560
1791641569,923,1,1271538,20261010,1,57278,0,feed,,,,
1791641569,923,1,1272743,20261010,1,57278,0,feed,35520,0,23,35520
1791641569,923,1,1274666,20261010,21,17910,235,feed,,,,
1791641569,923,0,1275260,20261010,2,17897,40,feed,33240,1,22,33120
1791641569,923,1,1275570,20261010,4,9173,183,feed,33060,3,23,32820
1791641569,924,0,1262606,20261010,17,52300,131,feed,,,,
1791641569,924,0,1265875,20261010,,,,canceled,,,,
1791641569,924,1,1266858,20261010,1,56823,0,feed,,,,
1791641569,924,1,1267339,20261010,25,56913,-30,feed,,,,
1791641569,924,1,1267505,20261010,1,56823,0,feed,,,,
1791641569,924,1,1267579,20261010,41,56873,486,feed,,,,
1791641569,924,0,1267666,20261010,24,17902,63,feed,,,,
1791641569,924,1,1268823,20261010,1,56823,0,feed,,,,
1791641569,924,0,1269428,20261010,3,56921,37,feed,,,,
1791641569,924,1,1269774,20261010,27,80139,319,feed,,,,
1791641569,924,0,1270185,20261010,29,43275,250,feed,,,,
1791641569,924,1,1270873,20261010,2,9087,159,feed,,,,
1791641569,924,1,1271097,20261010,1,56823,0,feed,,,,
1791641569,924,0,1271275,20261010,38,9263,88,feed,,,,
1791641569,924,1,1271853,20261010,36,444,211,feed,,,,
1791641569,924,0,1272595,20261010,1,56873,0,feed,,,,
1791641569,924,0,1273992,20261010,1,56873,0,feed,,,,
1791641569,924,0,1274005,20261010,11,779,146,feed,,,,
1791641569,924,0,1275713,20261010,1,56873,0,feed,,,,
1791641569,924,1,1275735,20261010,11,56906,32,feed,,,,
1791641569,924,1,1275782,20261010,16,17905,-18,feed,,,,
1791641569,924,0,1275869,20261010,1,56873,0,feed,,,,
1791641569,924,0,1276460,20261010,1,56873,0,feed,,,,
1791641569,924,1,1280239,20261010,1,56823,0,feed,,,,
1791641569,924,0,1284758,20261010,1,56873,0,feed,,,,
1791641569,925,0,1263042,20261010,1,53703,0,feed,34740,0,35,34740
1791641569,925,0,1275511,20261010,1,53703,0,feed,35460,0,35,35460
1791641569,925,1,1331708,20261010,11,15562,-49,feed,33180,10,35,32220
1791641569,925,1,1332065,20261010,23,1111,151,feed,33060,22,35,30840
1791641569,925,1,1332423,20261010,31,1145,93,feed,33060,30,35,30120
1791641569,925,1,1333381,20261010,1,57541,0,feed,35820,0,35,35820
1791641569,925,0,1333615,20261010,30,16142,-19,feed,33180,29,35,30480
1791641569,925,1,1333629,20261010,1,57541,0,feed,33660,0,35,33660
1791641569,925,0,1333671,20261010,19,17941,206,feed,32940,18,35,31200
1791641569,925,0,1333840,20261010,7,1290,122,feed,33060,6,35,32640
1791641569,925,0,1333856,20261010,35,57541,312,feed,32880,34,35,29760
1791641569,925,1,1334007,20261010,1,57541,0,feed,35100,0,35,35100
1791641569,925,1,1334075,20261010,18,17932,30,feed,33180,17,35,31500
1791641569,925,1,1335120,20261010,1,57541,0,feed,36540,0,35,36540
1791641569,925,1,1335200,20261010,3,15884,-59,feed,33180,2,35,32940
1791641569,925,0,1335209,20261010,1,53703,0,feed,34080,0,35,34080
1791641569,925,1,1335236,20261010,1,57541,0,feed,34380,0,35,34380
1791641569,925,0,1335776,20261010,1,53703,0,feed,36180,0,35,36180
1791641569,925,0,1335789,20261010,1,53703,0,feed,33360,0,35,33360
1791641569,925,0,1335885,20261010,15,50195,53,feed,33120,14,35,31920
1791641569,94,0,1183455,20261010,13,57418,316,feed,32820,12,15,31380
1791641569,94,1,1184191,20261010,1,56100,0,feed,35640,0,16,35640
1791641569,94,1,1187100,20261010,1,56100,0,feed,33840,0,16,33840
1791641569,94,0,1347865,20261010,1,51200,0,feed,33180,0,15,33180
1791641569,94,0,1370567,20261010,1,51200,0,feed,,,,
1791641569,94,1,1371245,20261010,8,17894,-58,feed,,,,
1791642468,10,1,1369598,20261010,30,17188,49,feed,,,,
1791642468,10,1,1369666,20261010,1,57165,0,feed,,,,
1791642468,10,0,1369885,20261010,1,19337,0,feed,,,,
1791642468,10,0,1369909,20261010,41,40226,111,feed,,,,
1791642468,10,1,1369914,20261010,1,57165,0,feed,,,,
1791642468,10,0,1370109,20261010,1,19337,0,feed,,,,
1791642468,10,1,1370169,20261010,20,57238,-111,feed,,,,
1791642468,10,0,1370521,20261010,1,19337,0,feed,,,,
1791642468,10,1,1370526,20261010,1,57165,0,feed,,,,
1791642468,10,0,1370544,20261010,10,19315,85,feed,,,,
1791642468,10,0,1370631,20261010,48,57445,814,feed,,,,
1791642468,10,1,1370768,20261010,1,57165,0,feed,,,,
1791642468,10,1,1370830,20261010,1,57165,0,feed,,,,
1791642468,10,0,1370911,20261010,24,17182,3,feed,,,,
1791642468,10,0,1371102,20261010,1,19337,0,feed,,,,
1791642468,10,1,1371233,20261010,54,53966,178,feed,,,,
1791642468,10,0,1371248,20261010,1,19337,0,feed,,,,
1791642468,11,1,1317736,20261010,78,53544,245,feed,33840,77,79,30600
1791642468,11,1,1318806,20261010,1,49304,0,feed,34200,0,79,34200
1791642468,11,1,1319483,20261010,1,49304,0,feed,36840,0,79,36840
1791642468,11,1,1319883,20261010,1,49304,0,feed,35040,0,79,35040
1791642468,11,0,1364237,20261010,1,51828,0,feed,34680,0,80,34680
1791642468,11,0,1364493,20261010,60,14636,412,feed,33660,59,80,31080
1791642468,11,0,1364891,20261010,28,17762,199,feed,33780,27,80,32880
1791642468,11,0,1365189,20261010,9,17742,54,feed,34020,8,80,33780
1791642468,11,1,1367697,20261010,16,14619,268,feed,33780,15,79,33300
1791642468,11,0,1368798,20261010,45,14691,211,feed,33960,44,80,31980
1791642468,11,1,1369025,20261010,1,49304,0,feed,35940,0,79,35940
1791642468,11,0,1369133,20261010,1,51828,0,feed,37380,0,80,37380
1791642468,11,1,1370778,20261010,40,17976,90,feed,,,,
1791642468,11,0,1370855,20261010,1,51828,0,feed,,,,
1791642468,11,1,1371143,20261010,59,14331,-55,feed,,,,
1791642468,11,0,1371234,20261010,1,51828,0,feed,,,,
1791642468,14,0,1331975,20261010,5,51885,41,feed,34020,4,80,33960
1791642468,14,0,1332739,20261010,1,4345,0,feed,37500,0,80,37500
1791642468,14,1,1369747,20261010,1,50153,0,feed,,,,
1791642468,14,1,1370263,20261010,31,57010,391,feed,,,,
1791642468,14,0,1370547,20261010,1,4345,0,feed,,,,
1791642468,14,0,1370570,20261010,44,53941,3,feed,,,,
1791642468,14,1,1370737,20261010,1,50153,0,feed,,,,
1791642468,14,0,1370944,20261010,79,52327,130,feed,,,,
1791642468,14,1,1370949,20261010,70,51834,275,feed,,,,
1791642468,14,1,1371230,20261010,1,50153,0,feed,,,,
1791642468,14,0,1371277,20261010,1,4345,0,feed,,,,
1791642468,17,0,1132652,20261010,8,5765,159,feed,33900,7,63,33360
1791642468,17,0,1135251,20261010,1,57458,0,feed,35040,0,63,35040
1791642468,17,0,1293527,20261010,1,57458,0,feed,36840,0,51,36840
1791642468,17,1,1318157,20261010,1,17192,0,feed,34440,0,65,34440
1791642468,17,0,1324422,20261010,62,12822,556,feed,33540,61,63,29820
1791642468,17,0,1333898,20261010,38,40340,411,feed,33660,37,63,31560
1791642468,17,0,1335074,20261010,1,57458,0,feed,35940,0,63,35940
1791642468,17,1,1335256,20261010,1,17192,0,feed,36240,0,65,36240
1791642468,17,1,1335969,20261010,52,42374,298,feed,33780,51,65,30840
1791642468,17,1,1367100,20261010,23,17984,-11,feed,34080,22,65,32640
1791642468,18,0,1361139,20261010,73,1905,134,feed,33960,72,84,30840
1791642468,18,0,1361203,20261010,1,51852,0,feed,36120,0,51,36120
1791642468,18,0,1361386,20261010,1,57131,0,feed,34320,0,84,34320
1791642468,18,0,1362100,20261010,1,57131,0,feed,37260,0,84,37260
1791642468,18,1,1365623,20261010,52,51852,233,feed,33840,51,52,30780
1791642468,18,1,1366191,20261010,1,56800,0,feed,36120,0,52,36120
1791642468,18,1,1366899,20261010,34,3386,239,feed,33840,33,83,31680
1791642468,18,1,1367572,20261010,3,17976,398,feed,33660,2,83,33480
1791642468,18,0,1367589,20261010,46,1759,-77,feed,34080,45,84,32520
1791642468,18,1,1367772,20261010,1,56800,0,feed,37020,0,83,37020
1791642468,18,1,1367843,20261010,83,57131,-19,feed,34080,82,83,29880
1791642468,18,0,1368106,20261010,1,51852,0,feed,34320,0,51,34320
1791642468,18,0,1368244,20261010,1,57131,0,feed,36060,0,84,36060
1791642468,18,1,1368473,20261010,1,56800,0,feed,34380,0,52,34380
1791642468,18,0,1368708,20261010,1,51852,0,feed,37560,0,51,37560
1791642468,18,1,1368807,20261010,1,56800,0,feed,35280,0,83,35280
1791642468,18,1,1369195,20261010,23,1219,11,feed,34080,22,52,32580
1791642468,18,0,1369467,20261010,29,1880,137,feed,33960,28,51,32520
1791642468,2,1,1262240,20261010,1,50670,0,feed,34800,0,34,34800
1791642468,2,1,1263672,20261010,1,50670,0,feed,36600,0,34,36600
1791642468,2,1,1275547,20261010,17,56137,-53,feed,34080,16,34,33000
1791642468,2,0,1318333,20261010,2,13337,-3,feed,34080,1,34,34020
1791642468,2,0,1318538,20261010,1,57469,0,feed,37560,0,34,37560
1791642468,2,0,1319327,20261010,28,13225,271,feed,33840,27,34,32220
1791642468,2,0,1319772,20261010,1,57469,0,feed,35820,0,34,35820
1791642468,2,0,1333280,20261010,1,57469,0,feed,36720,0,41,36720
1791642468,2,1,1360898,20261010,1,57618,0,feed,35100,0,42,35100
1791642468,2,1,1361126,20261010,12,13207,68,feed,34080,11,42,33300
1791642468,2,1,1363201,20261010,1,57618,0,feed,36840,0,42,36840
1791642468,2,0,1363982,20261010,17,80925,-54,feed,34080,16,41,33120
1791642468,2,0,1370583,20261010,1,57469,0,feed,,,,
1791642468,2,1,1371123,20261010,38,4667,249,feed,,,,
1791642468,215,1,1267920,20261010,1,5020,0,feed,36960,0,27,36960
1791642468,215,1,1268010,20261010,10,57683,209,feed,33840,9,27,33360
1791642468,215,0,1274610,20261010,1,49979,0,feed,35040,0,30,35040
1791642468,219,0,1304104,20261010,18,80993,-9,feed,34140,17,74,33360
1791642468,219,0,1305109,20261010,1,57340,0,feed,36960,0,74,36960
1791642468,219,1,1311603,20261010,1,5020,0,feed,36900,0,71,36900
1791642468,219,1,1313107,20261010,20,7727,-66,feed,34140,19,71,33300
1791642468,22,1,1357463,20261010,1,56825,0,feed,34200,0,84,34200
1791642468,22,1,1357886,20261010,1,56825,0,feed,36600,0,87,36600
1791642468,22,0,1364420,20261010,1,4558,0,feed,34740,0,86,34740
1791642468,22,0,1365015,20261010,37,15625,-22,feed,34080,36,82,32340
1791642468,22,0,1365245,20261010,45,19302,694,feed,33480,44,86,31200
1791642468,22,1,1367544,20261010,34,17910,200,feed,33960,33,84,31860
1791642468,22,1,1367942,20261010,1,56825,0,feed,35460,0,84,35460
1791642468,22,0,1367978,20261010,1,4558,0,feed,37140,0,82,37140
1791642468,22,0,1368193,20261010,13,4442,69,feed,34020,12,82,33540
1791642468,22,1,1368672,20261010,22,11641,-61,feed,34200,21,87,33000
1791642468,22,1,1369027,20261010,51,81107,451,feed,33720,50,84,30600
1791642468,22,0,1369165,20261010,78,41846,-26,feed,34080,77,82,30000
1791642468,22,0,1369396,20261010,1,4558,0,feed,35940,0,82,35940
1791642468,223,1,1361640,20261010,1,5020,0,feed,36660,0,34,36660
1791642468,223,0,1362089,20261010,8,45284,302,feed,33780,7,33,33360
1791642468,223,1,1363749,20261010,14,81096,122,feed,34020,13,34,33060
1791642468,223,0,1363895,20261010,1,57691,0,feed,35160,0,33,35160
1791642468,225,1,1134978,20261010,1,45174,0,feed,35880,0,20,35880
1791642468,225,0,1275899,20261010,1,52530,0,feed,34260,0,20,34260
1791642468,227,1,1264459,20261010,1,45174,0,feed,35880,0,45,35880
1791642468,227,0,1268554,20261010,1,52530,0,feed,34200,0,47,34200
1791642468,25,0,1370343,20261010,7,17996,107,feed,,,,
1791642468,27,0,1349913,20261010,1,52857,0,feed,36000,0,23,36000
1791642468,27,1,1351320,20261010,1,51367,0,feed,35220,0,21,35220
1791642468,3,0,1177964,20261010,1,54097,0,feed,37380,0,64,37380
1791642468,3,1,1179048,20261010,1,56100,0,feed,37200,0,64,37200
1791642468,3,0,1179459,20261010,1,54097,0,feed,34740,0,65,34740
1791642468,3,0,1185403,20261010,19,16101,420,feed,33540,18,64,32100
1791642468,3,1,1188234,20261010,2,2611,245,feed,33900,1,64,33720
1791642468,3,0,1321511,20261010,1,54097,0,feed,36480,0,65,36480
1791642468,3,1,1322705,20261010,45,16098,52,feed,34020,44,64,31920
1791642468,3,0,1323264,20261010,13,13221,90,feed,34020,12,65,32940
1791642468,3,1,1368808,20261010,1,56100,0,feed,36060,0,65,36060
1791642468,3,1,1369002,20261010,1,56100,0,feed,34320,0,65,34320
1791642468,3,0,1370816,20261010,2,16406,-28,feed,,,,
1791642468,3,1,1371112,20261010,26,860,64,feed,,,,
1791642468,3,1,1371127,20261010,1,56100,0,feed,,,,
1791642468,3,0,1371162,20261010,60,49450,90,feed,,,,
1791642468,30,1,1215907,20261010,1,15882,0,feed,36360,0,44,36360
1791642468,30,0,1216003,20261010,2,8214,265,feed,33840,1,48,33840
1791642468,30,0,1217801,20261010,46,15880,-375,feed,34500,45,48,32040
1791642468,30,0,1218097,20261010,1,40238,0,feed,37440,0,48,37440
1791642468,30,1,1218465,20261010,1,15882,0,feed,34560,0,44,34560
1791642468,32,0,1331227,20261010,11,41982,480,feed,33600,10,59,33300
1791642468,32,0,1331630,20261010,1,50155,0,feed,36900,0,59,36900
1791642468,32,0,1331974,20261010,1,50155,0,feed,35100,0,59,35100
1791642468,32,0,1332116,20261010,56,4138,512,feed,33540,55,59,31500
1791642468,32,1,1365620,20261010,1,57685,0,feed,34380,0,61,34380
1791642468,32,1,1365784,20261010,1,57685,0,feed,36180,0,61,36180
1791642468,32,1,1366195,20261010,38,12785,-126,feed,34080,37,61,32580
1791642468,323,0,1131034,20261010,1,51116,0,feed,35100,0,23,35100
1791642468,323,1,1131189,20261010,1,57508,0,feed,34560,0,25,34560
1791642468,323,1,1131491,20261010,1,57508,0,feed,36300,0,25,36300
1791642468,323,0,1132664,20261010,1,51116,0,feed,36900,0,23,36900
1791642468,345,1,1132958,20261010,8,56939,116,feed,34500,7,15,32520
1791642468,345,1,1134334,20261010,1,57508,0,feed,36120,0,15,36120
1791642468,345,0,1136184,20261010,14,53873,27,feed,34200,13,15,32400
1791642468,345,0,1136447,20261010,1,56879,0,feed,36000,0,15,36000
1791642468,36,0,1176582,20261010,21,53705,204,feed,33960,20,53,33060
1791642468,36,1,1186621,20261010,1,50160,0,feed,35220,0,50,35220
1791642468,36,1,1219584,20261010,1,50160,0,feed,37020,0,50,37020
1791642468,36,0,1362770,20261010,1,57537,0,feed,34860,0,53,34860
1791642468,36,1,1368040,20261010,12,6376,163,feed,33900,11,50,33420
1791642468,36,0,1368723,20261010,1,57537,0,feed,36600,0,53,36600
1791642468,38,1,1350025,20261010,1,16494,0,feed,37440,0,104,37440
1791642468,38,0,1350168,20261010,1,48213,0,feed,35340,0,108,35340
1791642468,38,0,1351532,20261010,56,4858,149,feed,33900,55,108,31800
1791642468,38,1,1351767,20261010,5,17566,44,feed,34020,4,104,33840
1791642468,38,1,1352194,20261010,1,42032,0,feed,35460,0,107,35460
1791642468,38,1,1354748,20261010,83,3606,292,feed,33780,82,104,30240
1791642468,38,0,1354833,20261010,95,12545,179,feed,33900,94,109,30000
1791642468,38,0,1355235,20261010,1,48213,0,feed,37140,0,109,37140
1791642468,38,1,1355347,20261010,45,3523,96,feed,33960,44,107,31860
1791642468,38,0,1369308,20261010,10,48213,41,feed,34020,9,109,33540
1791642468,4,0,1134761,20261010,1,50231,0,feed,34920,0,89,34920
1791642468,4,0,1157675,20261010,1,50231,0,feed,35640,0,53,35640
1791642468,4,0,1159935,20261010,6,42086,-3,feed,34080,5,53,33840
1791642468,4,0,1358191,20261010,53,17947,-170,feed,34080,52,89,31380
1791642468,4,1,1358624,20261010,1,17971,0,feed,36540,0,50,36540
1791642468,4,0,1359163,20261010,1,50231,0,feed,37440,0,53,37440
1791642468,4,1,1359241,20261010,1,14153,0,feed,35940,0,90,35940
1791642468,4,0,1359283,20261010,1,50231,0,feed,36720,0,89,36720
1791642468,4,1,1359333,20261010,1,14153,0,feed,34200,0,90,34200
1791642468,4,1,1359891,20261010,38,17921,102,feed,34020,37,90,32520
1791642468,4,0,1359977,20261010,23,1009,-31,feed,34080,22,89,33120
1791642468,4,0,1360423,20261010,41,175,-132,feed,34140,40,53,32160
1791642468,4,1,1360574,20261010,65,136,-36,feed,34080,64,85,31020
1791642468,4,1,1360613,20261010,1,17971,0,feed,34800,0,50,34800
1791642468,46,1,1267727,20261010,1,51550,0,feed,36840,0,59,36840
1791642468,46,0,1275837,20261010,1,220,0,feed,34260,0,62,34260
1791642468,46,1,1279525,20261010,21,42447,215,feed,33840,20,59,33300
1791642468,46,0,1281255,20261010,1,220,0,feed,36060,0,62,36060
1791642468,48,0,1304579,20261010,29,50471,167,feed,33900,28,61,32700
1791642468,48,1,1368493,20261010,1,50152,0,feed,36540,0,61,36540
1791642468,5,0,1366026,20261010,14,789,103,feed,33960,13,81,33660
1791642468,5,1,1367183,20261010,45,17906,391,feed,33720,44,80,32100
1791642468,5,1,1367449,20261010,1,51846,0,feed,35640,0,80,35640
1791642468,5,0,1367672,20261010,1,51212,0,feed,37080,0,81,37080
1791642468,515,1,1350002,20261010,1,56877,0,feed,36120,0,49,36120
1791642468,515,0,1350063,20261010,1,53704,0,feed,36660,0,49,36660
1791642468,515,1,1351176,20261010,22,4345,-32,feed,34080,21,49,33420
1791642468,515,0,1351215,20261010,2,44199,79,feed,34020,1,49,33960
1791642468,515,1,1351349,20261010,1,56877,0,feed,34320,0,49,34320
1791642468,515,0,1351747,20261010,1,53704,0,feed,35760,0,49,35760
1791642468,515,1,1352625,20261010,49,53704,67,feed,34020,48,49,32520
1791642468,515,0,1353288,20261010,39,665,-28,feed,34080,38,49,33060
1791642468,515,0,1354355,20261010,1,53704,0,feed,37560,0,49,37560
1791642468,515,1,1354922,20261010,1,56877,0,feed,35220,0,49,35220
1791642468,515,0,1355075,20261010,1,53704,0,feed,34860,0,49,34860
1791642468,515,1,1355479,20261010,1,56877,0,feed,37020,0,49,37020
1791642468,534,1,1344040,20261010,1,51824,0,feed,35100,0,32,35100
1791642468,534,0,1344383,20261010,1,56725,0,feed,35220,0,35,35220
1791642468,534,0,1345050,20261010,1,56725,0,feed,37020,0,35,37020
1791642468,534,1,1345270,20261010,1,51824,0,feed,36900,0,32,36900
1791642468,534,1,1345372,20261010,13,41217,88,feed,33960,12,32,33300
1791642468,534,0,1345591,20261010,16,2098,134,feed,33960,15,35,33420
1791642468,538,0,1133562,20261010,26,43693,272,feed,33840,25,42,32400
1791642468,538,0,1134427,20261010,1,53704,0,feed,34200,0,42,34200
1791642468,538,1,1318205,20261010,1,56880,0,feed,35280,0,40,35280
1791642468,538,1,1319593,20261010,1,56880,0,feed,37080,0,40,37080
1791642468,539,1,1136709,20261010,1,56880,0,feed,35580,0,38,35580
1791642468,539,0,1137973,20261010,33,43724,-198,feed,34080,32,41,33120
1791642468,539,0,887627,20261010,1,56725,83,feed,36720,0,41,36720
1791642468,539,1,892670,20261010,7,43736,52,feed,34020,6,38,33780
1791642468,54,0,1132790,20261010,18,11740,342,feed,33720,17,25,32220
1791642468,54,1,1132796,20261010,21,48548,244,feed,33900,20,27,31800
1791642468,54,1,1342013,20261010,5,11863,131,feed,34020,4,27,33600
1791642468,54,0,1346021,20261010,1,56875,0,feed,34920,0,46,34920
1791642468,54,0,1346151,20261010,1,56875,0,feed,36660,0,46,36660
1791642468,54,0,1346176,20261010,9,13143,40,feed,34080,8,46,33120
1791642468,54,1,1347038,20261010,14,81104,12,feed,34080,13,47,32760
1791642468,54,0,1347392,20261010,1,56875,0,feed,35760,0,25,35760
1791642468,54,1,1348472,20261010,1,56100,0,feed,35400,0,27,35400
1791642468,54,0,1348563,20261010,1,56875,0,feed,37560,0,25,37560
1791642468,54,1,1352766,20261010,1,56100,0,feed,37200,0,27,37200
1791642468,54,0,1354169,20261010,34,42053,54,feed,34020,33,46,31320
1791642468,54,1,1359691,20261010,1,42319,0,feed,36360,0,47,36360
1791642468,54,1,1360814,20261010,36,13128,261,feed,33840,35,47,30960
1791642468,54,0,1368541,20261010,1,56875,61,feed,34020,0,25,34020
1791642468,540,0,1135141,20261010,1,53052,0,feed,36180,0,51,36180
1791642468,540,0,1135474,20261010,1,53052,0,feed,34380,0,51,34380
1791642468,540,1,880679,20261010,1,56879,0,feed,37560,0,48,37560
1791642468,540,1,891771,20261010,45,57474,-54,feed,34080,44,48,32220
1791642468,540,1,897635,20261010,1,56879,30,feed,34020,0,48,34020
1791642468,546,1,1131267,20261010,1,51824,0,feed,37260,0,31,37260
1791642468,546,1,1135383,20261010,1,51824,0,feed,35460,0,31,35460
1791642468,546,0,881029,20261010,1,56725,0,feed,36960,0,33,36960
1791642468,546,0,895752,20261010,14,51275,50,feed,34020,13,33,33360
1791642468,546,0,896382,20261010,1,56725,1,feed,35160,0,33,35160
1791642468,61,0,1364460,20261010,1,17905,0,feed,34500,0,76,34500
1791642468,61,1,1365114,20261010,1,52761,0,feed,,,,
1791642468,61,1,1365668,20261010,17,42053,-30,feed,34080,16,73,32820
1791642468,61,0,1365960,20261010,65,80958,163,feed,,,,
1791642468,61,1,1367080,20261010,53,41628,51,feed,34080,52,73,31080
1791642468,61,0,1367145,20261010,1,17905,0,feed,36420,0,76,36420
1791642468,61,1,1368621,20261010,1,52761,0,feed,34560,0,73,34560
1791642468,61,0,1368859,20261010,30,10628,-47,feed,34080,29,76,32580
1791642468,615,0,1346064,20261010,53,43325,-74,feed,34140,52,76,31980
1791642468,615,1,1346165,20261010,52,42546,161,feed,33900,51,76,31920
1791642468,615,1,1346927,20261010,1,3540,0,feed,35520,0,76,35520
1791642468,615,0,1347002,20261010,1,41157,0,feed,35580,0,76,35580
1791642468,62,0,1349320,20261010,77,45401,299,feed,33780,76,86,30900
1791642468,62,1,1349384,20261010,40,45128,-15,feed,34080,39,83,32040
1791642468,62,1,1350170,20261010,1,49141,0,feed,37440,0,83,37440
1791642468,62,1,1350721,20261010,8,50575,-38,feed,34080,7,83,33840
1791642468,62,1,1350961,20261010,1,49141,0,feed,35340,0,91,35340
1791642468,62,0,1350967,20261010,1,328,0,feed,36300,0,86,36300
1791642468,62,0,1352814,20261010,1,328,0,feed,34500,0,86,34500
1791642468,62,0,1359926,20261010,47,292,119,feed,33960,46,86,32700
1791642468,62,0,1359971,20261010,65,45190,211,feed,33840,64,67,31380
1791642468,62,1,1360776,20261010,1,45191,0,feed,35760,0,67,35760
1791642468,63,1,1262710,20261010,43,3091,67,feed,34020,42,59,31620
1791642468,63,1,1271234,20261010,17,3245,51,feed,34020,16,59,33420
1791642468,63,0,1346045,20261010,1,15795,0,feed,34140,0,60,34140
1791642468,63,0,1346133,20261010,13,3104,272,feed,33780,12,60,33240
1791642468,63,0,1346623,20261010,1,15795,0,feed,35040,0,60,35040
1791642468,63,0,1346904,20261010,1,15795,0,feed,35940,0,60,35940
1791642468,63,1,1347243,20261010,25,52760,121,feed,34020,24,59,32520
1791642468,63,0,1348039,20261010,37,11834,59,feed,34020,36,60,32340
1791642468,63,1,1348231,20261010,1,51114,0,feed,36120,0,59,36120
1791642468,63,0,1348288,20261010,1,15795,0,feed,36840,0,60,36840
1791642468,63,1,1348435,20261010,1,51114,0,feed,37020,0,59,37020
1791642468,63,0,1368837,20261010,47,3164,-39,feed,34080,46,60,31440
1791642468,63,1,1368978,20261010,1,51114,0,feed,35220,0,59,35220
1791642468,63,0,1371063,20261010,60,51114,549,feed,,,,
1791642468,63,1,1371376,20261010,1,51114,0,feed,,,,
1791642468,64,1,1342597,20261010,1,42157,0,feed,34920,0,43,34920
1791642468,64,1,1342675,20261010,1,42157,0,feed,36720,0,43,36720
1791642468,64,0,1356049,20261010,42,40007,170,feed,33900,41,43,32160
1791642468,64,0,1357136,20261010,1,52761,98,feed,33960,0,43,33960
1791642468,64,0,1357757,20261010,15,11787,62,feed,34020,14,78,33060
1791642468,64,0,1358581,20261010,1,52761,0,feed,36660,0,78,36660
1791642468,64,0,1359236,20261010,72,5277,139,feed,33900,71,78,31260
1791642468,64,1,1359330,20261010,1,52015,0,feed,36360,0,76,36360
1791642468,64,1,1359435,20261010,28,11807,14,feed,34080,27,43,33180
1791642468,64,0,1359733,20261010,1,52761,0,feed,34860,0,78,34860
1791642468,64,0,1360462,20261010,1,52761,0,feed,35760,0,43,35760
1791642468,64,1,1360712,20261010,35,13853,-135,feed,34080,34,76,32880
1791642468,64,1,1360799,20261010,73,11863,135,feed,33960,72,76,31140
1791642468,64,1,1360820,20261010,1,52015,0,feed,34620,0,76,34620
1791642468,645,1,1208079,20261010,1,53293,0,feed,37020,0,55,37020
1791642468,645,1,1208148,20261010,55,6990,1379,feed,32700,54,55,29820
1791642468,645,0,1337122,20261010,1,6990,659,feed,33480,0,52,33480
1791642468,645,0,1340572,20261010,1,6990,0,feed,36960,0,52,36960
1791642468,645,1,1341885,20261010,7,48749,266,feed,34140,6,55,33420
1791642468,65,1,1349335,20261010,1,57690,0,feed,,,,
1791642468,65,1,1349559,20261010,1,57690,0,feed,34140,0,38,34140
1791642468,65,0,1369692,20261010,1,10761,0,feed,,,,
1791642468,65,0,1369972,20261010,1,10761,0,feed,,,,
1791642468,65,1,1371149,20261010,1,57690,0,feed,,,,
1791642468,67,0,1265901,20261010,1,53723,0,feed,35100,0,65,35100
1791642468,67,0,1270586,20261010,,,,canceled,,,,
1791642468,67,1,1271715,20261010,47,56941,690,feed,33360,46,65,31680
1791642468,67,1,1354022,20261010,1,56100,0,feed,37080,0,65,37080
1791642468,67,0,1355672,20261010,16,15798,71,feed,34020,15,65,33300
1791642468,67,0,1358806,20261010,1,53723,0,feed,36900,0,65,36900
1791642468,67,1,1359653,20261010,6,52329,351,feed,33780,5,65,33480
1791642468,67,1,1367072,20261010,1,56100,0,feed,35280,0,65,35280
1791642468,67,0,1369496,20261010,60,49450,448,feed,33660,59,65,31500
1791642468,68,1,1266613,20261010,52,9967,59,feed,34020,51,61,32100
1791642468,68,0,1267491,20261010,2,9806,108,feed,35760,1,59,35760
1791642468,68,1,1276087,20261010,1,11904,0,feed,35700,0,61,35700
1791642468,68,1,1338346,20261010,3,49993,-24,feed,34080,2,117,33900
1791642468,68,0,1362237,20261010,1,53340,0,feed,35880,0,118,35880
1791642468,68,0,1362553,20261010,31,56425,-76,feed,34020,30,87,33120
1791642468,68,0,1362641,20261010,55,57625,-34,feed,34140,54,59,32220
1791642468,68,0,1363418,20261010,61,9827,58,feed,34020,60,118,32400
1791642468,68,1,1363922,20261010,1,11904,0,feed,37500,0,117,37500
1791642468,68,1,1364071,20261010,117,53340,-151,feed,34080,116,117,30300
1791642468,68,1,1366205,20261010,12,81115,58,feed,34140,11,83,33720
1791642468,68,0,1367376,20261010,67,49938,17,feed,34080,66,87,31320
1791642468,68,1,1367526,20261010,1,57511,0,feed,37320,0,83,37320
1791642468,68,1,1369065,20261010,1,57511,0,feed,35520,0,83,35520
1791642468,68,1,1369146,20261010,43,9906,102,feed,33960,42,83,31920
1791642468,68,0,1369354,20261010,2,9806,75,feed,36600,1,87,36600
1791642468,68,0,1369417,20261010,2,9806,119,feed,34920,1,87,34920
1791642468,686,1,1170390,20261010,3,57622,-126,feed,34560,2,4,33360
1791642468,686,0,1331301,20261010,1,47705,0,feed,36780,0,3,36780
1791642468,686,1,1334176,20261010,1,56939,48,feed,35940,0,4,35940
1791642468,686,0,1334493,20261010,1,47705,0,feed,34200,0,3,34200
1791642468,7,0,1356094,20261010,31,16315,-28,feed,34080,30,64,32340
1791642468,7,0,1358043,20261010,1,51779,0,feed,34140,0,64,34140
1791642468,7,1,1358696,20261010,1,17679,0,feed,37200,0,60,37200
1791642468,7,0,1358768,20261010,1,51779,0,feed,35940,0,64,35940
1791642468,7,1,1360783,20261010,27,56704,813,feed,33240,26,60,31860
1791642468,7,0,1370805,20261010,60,57162,-50,feed,,,,
1791642468,7,1,1370938,20261010,1,17679,0,feed,,,,
1791642468,7,1,1371241,20261010,10,17702,56,feed,,,,
1791642468,71,1,1265278,20261010,1,51291,0,feed,36600,0,60,36600
1791642468,71,1,1268776,20261010,28,49993,-30,feed,34080,27,60,33000
1791642468,71,0,1271989,20261010,1,9715,0,feed,37020,0,58,37020
1791642468,71,0,1274522,20261010,17,9733,115,feed,33960,16,58,33420
1791642468,71,0,1279561,20261010,1,9715,0,feed,35220,0,58,35220
1791642468,71,0,1361292,20261010,73,81096,137,feed,33960,72,75,31320
1791642468,71,1,1361680,20261010,1,49141,0,feed,34740,0,74,34740
1791642468,716,0,1136708,20261010,35,8689,-103,feed,34080,34,51,33000
1791642468,716,0,1137760,20261010,1,50154,0,feed,36600,0,51,36600
1791642468,716,1,1138302,20261010,1,8728,0,feed,34920,0,50,34920
1791642468,72,0,1369818,20261010,1,57615,0,feed,,,,
1791642468,72,0,1369892,20261010,1,57615,0,feed,,,,
1791642468,72,1,1369953,20261010,3,5003,194,feed,,,,
1791642468,72,0,1370047,20261010,8,16996,-50,feed,,,,
1791642468,72,0,1370363,20261010,34,13735,169,feed,,,,
1791642468,72,1,1370924,20261010,32,11888,502,feed,,,,
1791642468,72,1,1371008,20261010,1,13667,0,feed,,,,
1791642468,72,1,1371342,20261010,1,13667,0,feed,,,,
1791642468,721,0,1178136,20261010,1,51845,0,feed,36180,0,43,36180
1791642468,721,1,1181788,20261010,1,9522,100,feed,34200,0,41,34200
1791642468,721,1,1182485,20261010,1,9522,0,feed,36000,0,41,36000
1791642468,721,0,1185414,20261010,38,9514,154,feed,33900,37,43,32760
1791642468,721,1,1186203,20261010,32,9564,658,feed,33420,31,41,32400
1791642468,721,0,1187966,20261010,1,51845,0,feed,34560,0,43,34560
1791642468,722,1,1177375,20261010,1,11486,32,feed,36720,0,14,36720
1791642468,722,0,1179839,20261010,1,56827,0,feed,36120,0,11,36120
1791642468,722,1,1180262,20261010,1,57636,0,feed,37200,0,53,37200
1791642468,722,1,1181355,20261010,5,56409,161,feed,33900,4,53,33600
1791642468,722,0,1188260,20261010,1,56827,0,feed,34200,0,51,34200
1791642468,723,1,1179682,20261010,1,53224,0,feed,35940,0,41,35940
1791642468,723,0,1187876,20261010,1,51845,0,feed,34200,0,39,34200
1791642468,724,0,1131044,20261010,1,51846,0,feed,36900,0,33,36900
1791642468,724,0,1133079,20261010,1,51846,0,feed,34200,0,33,34200
1791642468,724,1,1133199,20261010,19,8840,18,feed,34080,18,35,33420
1791642468,724,1,1133289,20261010,1,53222,0,feed,37020,0,35,37020
1791642468,724,1,1133436,20261010,1,53222,0,feed,36120,0,35,36120
1791642468,724,1,1134426,20261010,1,53222,0,feed,35220,0,35,35220
1791642468,724,0,1134966,20261010,24,42063,10,feed,34080,23,33,33300
1791642468,724,0,1135959,20261010,1,51846,0,feed,35100,0,33,35100
1791642468,724,1,1136218,20261010,1,53222,0,feed,34320,0,35,34320
1791642468,724,0,1286753,20261010,1,51846,0,feed,36000,0,33,36000
1791642468,725,0,1311325,20261010,1,57580,0,feed,37560,0,50,37560
1791642468,725,1,1312187,20261010,1,56775,0,feed,36900,0,49,36900
1791642468,725,0,1312352,20261010,1,57580,33,feed,34020,0,50,34020
1791642468,725,1,1316719,20261010,11,57598,123,feed,33960,10,49,33300
1791642468,74,0,1356210,20261010,1,51546,0,feed,34560,0,59,34560
1791642468,74,1,1356281,20261010,12,12902,-20,feed,34080,11,61,33420
1791642468,74,1,1358952,20261010,1,13667,0,feed,37020,0,61,37020
1791642468,74,1,1359455,20261010,1,13667,0,feed,35220,0,61,35220
1791642468,74,0,1359551,20261010,20,11726,49,feed,34020,19,59,32820
1791642468,74,0,1359642,20261010,1,51546,0,feed,36360,0,59,36360
1791642468,74,1,1359729,20261010,34,10366,460,feed,33660,33,61,31680
1791642468,74,0,1360675,20261010,51,10401,-125,feed,34080,50,59,31020
1791642468,80,0,1304273,20261010,1,49979,0,feed,36720,0,42,36720
1791642468,80,1,1314319,20261010,25,12890,34,feed,34020,24,38,33120
1791642468,80,0,1315429,20261010,1,49979,0,feed,34920,0,42,34920
1791642468,80,1,1317260,20261010,1,50689,0,feed,36720,0,38,36720
1791642468,802,1,1194600,20261010,1,42622,0,feed,37320,0,45,37320
1791642468,802,0,1197663,20261010,36,12058,-49,feed,34080,35,46,32640
1791642468,802,0,1203617,20261010,1,57169,0,feed,36240,0,46,36240
1791642468,802,1,1204484,20261010,5,12025,101,feed,34020,4,45,33720
1791642468,804,0,1261518,20261010,1,14153,0,feed,36000,0,32,36000
1791642468,804,1,1327941,20261010,1,14727,0,feed,34200,0,35,34200
1791642468,805,1,1212930,20261010,20,43912,216,feed,33840,19,72,33000
1791642468,805,0,1214107,20261010,1,56775,0,feed,36240,0,72,36240
1791642468,805,1,1216405,20261010,1,50716,0,feed,36540,0,72,36540
1791642468,805,0,1219010,20261010,41,11017,95,feed,33960,40,72,32640
1791642468,827,0,1313897,20261010,1,42837,0,feed,36780,0,51,36780
1791642468,827,0,1315234,20261010,11,57550,221,feed,33840,10,51,33180
1791642468,827,1,1316512,20261010,1,57167,0,feed,36840,0,51,36840
1791642468,827,1,1317072,20261010,22,12144,216,feed,33840,21,51,33300
1791642468,83,0,1271792,20261010,1,53725,0,feed,36540,0,44,36540
1791642468,83,1,1350783,20261010,1,52532,0,feed,34080,0,41,34080
1791642468,83,1,1353827,20261010,35,18732,111,feed,33960,34,41,32280
1791642468,83,1,1353853,20261010,1,52532,0,feed,35880,0,41,35880
1791642468,83,0,1353975,20261010,1,53725,0,feed,34740,0,44,34740
1791642468,83,0,1354493,20261010,21,49717,121,feed,33960,20,44,32940
1791642468,87,1,1303596,20261010,1,57690,0,feed,36660,0,70,36660
1791642468,87,1,1303774,20261010,16,40810,133,feed,33960,15,70,33180
1791642468,87,1,1304548,20261010,1,57690,0,feed,34920,0,70,34920
1791642468,87,0,1349136,20261010,1,51892,0,feed,36180,0,71,36180
1791642468,87,0,1350438,20261010,1,51892,0,feed,34380,0,71,34380
1791642468,87,0,1350918,20261010,47,43794,-54,feed,,,,
1791642468,9,0,1356953,20261010,26,3012,279,feed,33780,25,112,33060
1791642468,9,1,1364535,20261010,31,17601,40,feed,34020,30,96,32820
1791642468,9,1,1365369,20261010,1,51551,0,feed,34620,0,111,34620
1791642468,9,0,1367020,20261010,60,80925,431,feed,33720,59,100,31500
1791642468,9,0,1368775,20261010,1,52552,0,feed,35100,0,100,35100
1791642468,9,1,1368858,20261010,52,2879,533,feed,33540,51,111,31020
1791642468,9,0,1369312,20261010,1,40247,0,feed,36660,0,112,36660
1791642468,9,1,1369376,20261010,1,51551,0,feed,36420,0,96,36420
1791642468,901,0,879795,20261010,5,51435,180,feed,33840,4,20,33360
1791642468,901,1,884878,20261010,3,56336,0,feed,34620,2,20,34440
1791642468,901,0,889263,20261010,17,51423,0,feed,34080,16,20,31920
1791642468,901,1,890382,20261010,5,51409,0,feed,34080,4,20,33720
1791642468,901,1,895014,20261010,20,51405,240,feed,33960,19,20,31560
1791642468,901,1,896657,20261010,10,51414,120,feed,33960,9,20,33000
1791642468,901,0,903288,20261010,12,51428,60,feed,34080,11,20,32640
1791642468,901,1,905809,20261010,15,51419,180,feed,33900,14,20,32280
1791642468,901,0,979266,20261010,1,51405,0,feed,34080,0,20,34080
1791642468,902,0,876845,20261010,7,56001,60,feed,34080,6,24,33420
1791642468,902,0,880526,20261010,18,56012,-60,feed,34080,17,24,31980
1791642468,902,1,882375,20261010,10,56035,60,feed,34140,9,24,33060
1791642468,902,0,884681,20261010,23,56017,120,feed,34020,22,24,31260
1791642468,902,1,885492,20261010,1,56026,0,feed,34500,0,24,34500
1791642468,902,0,889999,20261010,12,56006,60,feed,34020,11,24,32700
1791642468,902,1,895144,20261010,20,51424,60,feed,34140,19,24,31620
1791642468,902,1,899995,20261010,14,56039,120,feed,33960,13,24,32340
1791642468,902,0,900029,20261010,3,56336,0,feed,34320,2,24,34140
1791642468,903,0,1264683,20261010,5,56511,110,feed,34020,4,6,33300
1791642468,903,1,1264955,20261010,1,56874,0,feed,35160,0,6,35160
1791642468,903,0,1265459,20261010,1,57285,0,feed,36900,0,6,36900
1791642468,903,1,1271463,20261010,1,56874,0,feed,36960,0,6,36960
1791642468,903,0,1271542,20261010,1,57285,0,feed,35100,0,6,35100
1791642468,903,1,1275804,20261010,4,48179,-2,feed,34080,3,6,33300
1791642468,904,1,1264566,20261010,10,56884,257,feed,33900,9,12,32460
1791642468,904,1,1269945,20261010,1,56800,0,feed,35160,0,12,35160
1791642468,904,0,1365137,20261010,7,53542,240,feed,34020,6,13,32700
1791642468,904,0,1366804,20261010,13,56800,231,feed,33900,12,13,31800
1791642468,904,1,1367049,20261010,1,56800,0,feed,34260,0,12,34260
1791642468,904,1,1367138,20261010,1,56800,0,feed,36060,0,12,36060
1791642468,904,0,1367181,20261010,1,56830,0,feed,35400,0,13,35400
1791642468,904,1,1368174,20261010,1,56800,0,feed,36960,0,12,36960
1791642468,904,0,1368242,20261010,1,56830,101,feed,37200,0,13,37200
1791642468,904,1,1368249,20261010,6,17781,166,feed,34020,5,12,33360
1791642468,904,0,1368388,20261010,3,56831,304,feed,34020,2,13,33600
1791642468,904,0,1368537,20261010,1,56830,0,feed,36300,0,13,36300
1791642468,904,0,1369368,20261010,1,56830,0,feed,34500,0,13,34500
1791642468,905,0,1343691,20261010,1,52761,0,feed,36600,0,16,36600
1791642468,905,1,1343780,20261010,3,57437,24,feed,34080,2,16,33840
1791642468,905,0,1343818,20261010,15,57440,-66,feed,34140,14,16,32100
1791642468,905,0,1344044,20261010,1,52761,0,feed,34800,0,16,34800
1791642468,905,1,1344175,20261010,1,57441,0,feed,35640,0,16,35640
1791642468,905,1,1344391,20261010,15,52759,-62,feed,34140,14,16,32040
1791642468,905,1,1344518,20261010,9,57425,69,feed,34020,8,16,32940
1791642468,905,0,1344523,20261010,1,52761,0,feed,37500,0,16,37500
1791642468,905,1,1344564,20261010,1,57441,0,feed,34740,0,16,34740
1791642468,905,0,1344653,20261010,9,57428,-86,feed,34140,8,16,33000
1791642468,905,1,1344709,20261010,1,57441,0,feed,37440,0,16,37440
1791642468,905,0,1344895,20261010,1,52761,0,feed,35700,0,16,35700
1791642468,905,0,1345356,20261010,3,3142,62,feed,34080,2,16,33900
1791642468,905,1,1345461,20261010,1,57441,0,feed,36540,0,16,36540
1791642468,921,1,1364373,20261010,1,52531,0,feed,34740,0,20,34740
1791642468,921,1,1364412,20261010,2,50015,55,feed,33960,1,20,33840
1791642468,921,0,1364514,20261010,1,51544,0,feed,34560,0,20,34560
1791642468,921,0,1364658,20261010,1,51544,0,feed,37200,0,20,37200
1791642468,921,1,1365033,20261010,20,51544,232,feed,33960,19,20,32100
1791642468,921,1,1365587,20261010,1,52531,0,feed,37380,0,20,37380
1791642468,921,0,1368404,20261010,1,51544,0,feed,35400,0,20,35400
1791642468,921,1,1368466,20261010,10,17312,241,feed,33780,9,20,33000
1791642468,921,1,1368695,20261010,1,52531,0,feed,36540,0,20,36540
1791642468,921,0,1369292,20261010,1,51544,0,feed,36300,0,20,36300
1791642468,921,0,1369521,20261010,2,53362,73,feed,34080,1,20,33720
1791642468,922,1,1311599,20261010,26,47529,16,feed,34080,25,34,31260
1791642468,922,1,1311892,20261010,33,57353,-15,feed,34080,32,34,30540
1791642468,922,1,1312027,20261010,20,16913,-52,feed,34080,19,34,31920
1791642468,922,0,1312366,20261010,9,16857,61,feed,34080,8,35,33360
1791642468,922,0,1312754,20261010,1,57314,0,feed,36120,0,35,36120
1791642468,922,0,1312840,20261010,1,57314,0,feed,36840,0,35,36840
1791642468,922,0,1312850,20261010,1,57314,0,feed,35400,0,35,35400
1791642468,922,1,1313156,20261010,1,56100,0,feed,36900,0,34,36900
1791642468,922,1,1313608,20261010,1,56100,0,feed,34080,0,34,34080
1791642468,922,0,1313940,20261010,1,57314,0,feed,34740,0,35,34740
1791642468,922,1,1314340,20261010,1,56100,0,feed,34800,0,34,34800
1791642468,922,0,1314530,20261010,23,17307,-77,feed,34140,22,35,31920
1791642468,922,0,1314542,20261010,14,43022,106,feed,33960,13,35,32640
1791642468,922,0,1314709,20261010,1,57314,0,feed,34080,0,35,34080
1791642468,922,1,1314975,20261010,12,16997,170,feed,33960,11,34,32640
1791642468,922,1,1315027,20261010,1,56100,0,feed,37560,0,34,37560
1791642468,922,1,1315357,20261010,1,56100,0,feed,36240,0,34,36240
1791642468,922,1,1315993,20261010,5,11863,309,feed,33780,4,34,33360
1791642468,922,0,1317158,20261010,1,57314,0,feed,37560,0,35,37560
1791642468,922,1,1317332,20261010,1,56100,0,feed,35520,0,34,35520
1791642468,922,0,1317366,20261010,28,17029,88,feed,34020,27,35,31200
1791642468,923,1,1262643,20261010,1,57278,0,feed,36240,0,23,36240
1791642468,923,1,1262872,20261010,1,57278,67,feed,,,,
1791642468,923,0,1263288,20261010,1,56897,0,feed,34920,0,22,34920
1791642468,923,0,1263432,20261010,1,56897,0,feed,37260,0,22,37260
1791642468,923,1,1268277,20261010,21,17910,272,feed,33900,20,23,31980
1791642468,923,0,1268963,20261010,21,56826,114,feed,34020,20,22,32220
1791642468,923,0,1270218,20261010,1,56897,0,feed,,,,
1791642468,923,0,1270746,20261010,1,56897,33,feed,,,,
1791642468,923,0,1270912,20261010,1,56897,0,feed,35820,0,22,35820
1791642468,923,1,1271303,20261010,1,57278,0,feed,34560,0,23,34560
1791642468,923,1,1271538,20261010,4,9173,169,feed,,,,
1791642468,923,1,1272743,20261010,1,57278,0,feed,35520,0,23,35520
1791642468,923,0,1275260,20261010,9,17840,216,feed,33900,8,22,33120
1791642468,923,1,1275570,20261010,13,56422,174,feed,33900,12,23,32820
1791642468,924,0,1262606,20261010,26,56930,-27,feed,,,,
1791642468,924,1,1264360,20261010,1,56823,0,feed,,,,
1791642468,924,1,1266858,20261010,1,56823,0,feed,,,,
1791642468,924,1,1267339,20261010,34,436,42,feed,,,,
1791642468,924,1,1267505,20261010,1,56823,0,feed,,,,
1791642468,924,0,1267666,20261010,33,56951,-61,feed,,,,
1791642468,924,0,1268293,20261010,1,56873,0,feed,,,,
1791642468,924,1,1268823,20261010,3,9173,173,feed,,,,
1791642468,924,0,1269428,20261010,12,784,153,feed,,,,
1791642468,924,1,1269774,20261010,36,444,436,feed,,,,
1791642468,924,0,1270185,20261010,35,8948,511,feed,,,,
1791642468,924,1,1270873,20261010,12,56907,74,feed,,,,
1791642468,924,1,1271097,20261010,1,56823,0,feed,,,,
1791642468,924,0,1272595,20261010,1,56873,0,feed,,,,
1791642468,924,0,1273992,20261010,1,56873,0,feed,,,,
1791642468,924,0,1274005,20261010,17,52300,288,feed,,,,
1791642468,924,0,1275713,20261010,1,56873,0,feed,,,,
1791642468,924,1,1275735,20261010,17,17906,138,feed,,,,
1791642468,924,1,1275782,20261010,26,56914,68,feed,,,,
1791642468,924,0,1275869,20261010,6,56922,104,feed,,,,
1791642468,924,0,1275955,20261010,1,56873,0,feed,,,,
1791642468,924,0,1276460,20261010,1,56873,0,feed,,,,
1791642468,924,1,1280239,20261010,1,56823,0,feed,,,,
1791642468,924,0,1284758,20261010,1,56873,0,feed,,,,
1791642468,925,0,1263042,20261010,1,53703,0,feed,34740,0,35,34740
1791642468,925,0,1267934,20261010,1,53703,0,feed,36900,0,35,36900
1791642468,925,0,1275511,20261010,1,53703,0,feed,35460,0,35,35460
1791642468,925,1,1331708,20261010,19,1096,109,feed,34020,18,35,32220
1791642468,925,1,1332065,20261010,35,53703,38,feed,34140,34,35,30840
1791642468,925,1,1333381,20261010,1,57541,0,feed,35820,0,35,35820
1791642468,925,0,1333615,20261010,35,57541,450,feed,33660,34,35,30480
1791642468,925,1,1333629,20261010,6,16154,-51,feed,34200,5,35,33660
1791642468,925,0,1333671,20261010,29,16137,364,feed,33840,28,35,31200
1791642468,925,0,1333840,20261010,17,1330,52,feed,34080,16,35,32640
1791642468,925,1,1334007,20261010,1,57541,0,feed,35100,0,35,35100
1791642468,925,1,1334075,20261010,26,6379,61,feed,34080,25,35,31500
1791642468,925,1,1335097,20261010,1,57541,0,feed,37260,0,35,37260
1791642468,925,1,1335120,20261010,1,57541,0,feed,36540,0,35,36540
1791642468,925,1,1335200,20261010,12,17919,-306,feed,34140,11,35,32940
1791642468,925,0,1335209,20261010,1,53703,0,feed,34080,0,35,34080
1791642468,925,1,1335236,20261010,1,57541,0,feed,34380,0,35,34380
1791642468,925,0,1335776,20261010,1,53703,0,feed,36180,0,35,36180
1791642468,925,0,1335789,20261010,10,6202,81,feed,34020,9,35,33360
1791642468,925,0,1335828,20261010,1,53703,0,feed,37620,0,35,37620
1791642468,925,0,1335885,20261010,24,17951,218,feed,33960,23,35,31920
1791642468,94,1,1184191,20261010,1,56100,0,feed,35640,0,16,35640
1791642468,94,1,1187100,20261010,3,57456,40,feed,34140,2,16,33840
1791642468,94,0,1187573,20261010,1,51200,0,feed,36780,0,15,36780
1791642468,94,0,1347865,20261010,9,18665,253,feed,34080,8,15,33180
1791642468,94,0,1370567,20261010,1,51200,0,feed,,,,
1791642468,94,1,1370731,20261010,1,56100,0,feed,,,,
1791643370,10,1,1369598,20261010,45,17976,126,feed,,,,
1791643370,10,1,1369666,20261010,9,14182,167,feed,,,,
1791643370,10,0,1369885,20261010,1,19337,0,feed,,,,
1791643370,10,0,1369911,20261010,1,19337,0,feed,,,,
1791643370,10,1,1369914,20261010,1,57165,0,feed,,,,
1791643370,10,0,1370109,20261010,8,17996,204,feed,,,,
1791643370,10,1,1370169,20261010,42,17192,-72,feed,,,,
1791643370,10,1,1370237,20261010,1,57165,0,feed,,,,
1791643370,10,1,1370526,20261010,1,57165,21,feed,,,,
1791643370,10,0,1370544,20261010,20,17194,184,feed,,,,
1791643370,10,1,1370768,20261010,1,57165,0,feed,,,,
1791643370,10,1,1370830,20261010,1,57165,0,feed,,,,
1791643370,10,0,1370911,20261010,35,17147,392,feed,,,,
1791643370,10,0,1371102,20261010,1,19337,0,feed,,,,
1791643370,10,1,1371233,20261010,61,17986,456,feed,,,,
1791643370,10,0,1371248,20261010,1,19337,0,feed,,,,
1791643370,11,1,1317761,20261010,1,49304,0,feed,37680,0,79,37680
1791643370,11,1,1318806,20261010,20,14633,96,feed,34860,19,79,34200
1791643370,11,1,1319483,20261010,1,49304,0,feed,36840,0,79,36840
1791643370,11,1,1319883,20261010,1,49304,0,feed,35040,0,79,35040
1791643370,11,0,1364237,20261010,8,17741,45,feed,34920,7,80,34680
1791643370,11,0,1364891,20261010,41,17998,299,feed,34680,40,80,32880
1791643370,11,0,1365189,20261010,35,1920,-42,feed,35100,34,80,33780
1791643370,11,0,1366848,20261010,1,51828,0,feed,38280,0,80,38280
1791643370,11,1,1367697,20261010,39,17917,302,feed,34740,38,79,33300
1791643370,11,0,1368798,20261010,62,14632,349,feed,34560,61,80,31980
1791643370,11,1,1369025,20261010,1,49304,0,feed,35940,0,79,35940
1791643370,11,0,1369133,20261010,1,51828,0,feed,37380,0,80,37380
1791643370,11,1,1370778,20261010,49,17704,334,feed,,,,
1791643370,11,0,1370855,20261010,1,51828,0,feed,,,,
1791643370,11,0,1371234,20261010,1,51828,0,feed,,,,
1791643370,14,0,1331975,20261010,25,15602,32,feed,34920,24,80,33960
1791643370,14,0,1332739,20261010,1,4345,0,feed,37500,0,80,37500
1791643370,14,1,1369747,20261010,1,50153,0,feed,,,,
1791643370,14,1,1370263,20261010,45,15655,418,feed,,,,
1791643370,14,1,1370517,20261010,1,50153,0,feed,,,,
1791643370,14,0,1370547,20261010,1,4345,0,feed,,,,
1791643370,14,0,1370570,20261010,57,8306,-46,feed,,,,
1791643370,14,1,1370737,20261010,1,50153,0,feed,,,,
1791643370,14,1,1371230,20261010,14,8342,139,feed,,,,
1791643370,14,0,1371277,20261010,1,4345,0,feed,,,,
1791643370,17,0,1132652,20261010,29,4866,195,feed,34800,28,63,33360
1791643370,17,0,1135251,20261010,1,57458,0,feed,35040,0,63,35040
1791643370,17,0,1293527,20261010,1,57458,0,feed,36840,0,51,36840
1791643370,17,1,1318157,20261010,10,12665,27,feed,34920,9,65,34440
1791643370,17,1,1318184,20261010,1,17192,0,feed,38040,0,65,38040
1791643370,17,0,1333898,20261010,47,17996,669,feed,34320,46,63,31560
1791643370,17,0,1335074,20261010,1,57458,0,feed,35940,0,63,35940
1791643370,17,1,1335256,20261010,1,17192,0,feed,36240,0,65,36240
1791643370,17,1,1367100,20261010,35,1102,89,feed,34920,34,65,32640
1791643370,17,0,1369114,20261010,1,57458,0,feed,37740,0,63,37740
1791643370,18,0,1361139,20261010,81,17996,401,feed,34560,80,84,30840
1791643370,18,0,1361203,20261010,1,51852,0,feed,36120,0,51,36120
1791643370,18,0,1361386,20261010,17,43664,258,feed,34740,16,84,34320
1791643370,18,0,1362100,20261010,1,57131,0,feed,37260,0,84,37260
1791643370,18,1,1366191,20261010,1,56800,0,feed,36120,0,52,36120
1791643370,18,1,1366899,20261010,52,1364,340,feed,34620,51,83,31680
1791643370,18,1,1367572,20261010,13,1204,473,feed,34500,12,83,33480
1791643370,18,0,1367589,20261010,64,1883,-97,feed,34980,63,84,32520
1791643370,18,1,1367772,20261010,1,56800,0,feed,37020,0,83,37020
1791643370,18,0,1368106,20261010,9,1446,144,feed,34800,8,51,34320
1791643370,18,0,1368244,20261010,1,57131,0,feed,36060,0,84,36060
1791643370,18,1,1368473,20261010,6,17982,88,feed,34860,5,52,34380
1791643370,18,0,1368708,20261010,1,51852,0,feed,37560,0,51,37560
1791643370,18,1,1368807,20261010,1,56800,0,feed,35280,0,83,35280
1791643370,18,1,1369195,20261010,40,1346,-48,feed,34980,39,52,32580
1791643370,18,1,1369422,20261010,1,56800,0,feed,37920,0,52,37920
1791643370,18,0,1369467,20261010,41,1911,29,feed,34920,40,51,32520
1791643370,2,1,1262240,20261010,3,13207,116,feed,34980,2,34,34800
1791643370,2,1,1263672,20261010,1,50670,0,feed,36600,0,34,36600
1791643370,2,1,1272511,20261010,1,50670,0,feed,38400,0,34,38400
1791643370,2,0,1318333,20261010,17,80925,-18,feed,34980,16,34,34020
1791643370,2,0,1318538,20261010,1,57469,0,feed,37560,0,34,37560
1791643370,2,0,1319772,20261010,1,57469,0,feed,35820,0,34,35820
1791643370,2,0,1331198,20261010,1,57469,0,feed,38160,0,41,38160
1791643370,2,0,1333280,20261010,1,57469,0,feed,36720,0,41,36720
1791643370,2,1,1360898,20261010,1,57618,0,feed,35100,0,42,35100
1791643370,2,1,1361126,20261010,25,15630,60,feed,34920,24,42,33300
1791643370,2,1,1363201,20261010,1,57618,0,feed,36840,0,42,36840
1791643370,2,0,1363982,20261010,28,13225,298,feed,34740,27,41,33120
1791643370,2,0,1370583,20261010,2,13337,26,feed,,,,
1791643370,2,1,1371362,20261010,1,57618,0,feed,,,,
1791643370,215,1,1267920,20261010,1,5020,0,feed,36960,0,27,36960
1791643370,215,0,1274610,20261010,1,49979,0,feed,35040,0,30,35040
1791643370,219,0,1304104,20261010,35,7513,114,feed,34860,34,74,33360
1791643370,219,0,1305109,20261010,1,57340,0,feed,36960,0,74,36960
1791643370,219,1,1311603,20261010,1,5020,0,feed,36900,0,71,36900
1791643370,219,1,1313107,20261010,42,49851,-204,feed,34980,41,71,33300
1791643370,22,1,1356264,20261010,1,56825,0,feed,37800,0,84,37800
1791643370,22,1,1357463,20261010,12,11628,74,feed,34920,11,84,34200
1791643370,22,1,1357886,20261010,1,56825,3,feed,36600,0,87,36600
1791643370,22,0,1364420,20261010,3,4662,104,feed,34860,2,86,34740
1791643370,22,0,1365015,20261010,51,53941,24,feed,34980,50,82,32340
1791643370,22,0,1365245,20261010,57,57216,813,feed,34140,56,86,31200
1791643370,22,1,1367544,20261010,48,15364,333,feed,34620,47,84,31860
1791643370,22,1,1367942,20261010,1,56825,0,feed,35460,0,84,35460
1791643370,22,0,1367978,20261010,1,4558,0,feed,37140,0,82,37140
1791643370,22,0,1368193,20261010,31,19511,154,feed,34800,30,82,33540
1791643370,22,1,1368672,20261010,35,17907,-53,feed,35040,34,87,33000
1791643370,22,0,1369010,20261010,1,4558,0,feed,38340,0,86,38340
1791643370,22,1,1369027,20261010,68,19472,416,feed,34560,67,84,30600
1791643370,22,0,1369396,20261010,1,4558,0,feed,35940,0,82,35940
1791643370,223,1,1361640,20261010,1,5020,0,feed,36660,0,34,36660
1791643370,223,0,1362089,20261010,22,48188,636,feed,34380,21,33,33360
1791643370,223,1,1363596,20261010,1,5020,0,feed,38460,0,34,38460
1791643370,223,1,1363749,20261010,32,4014,105,feed,34860,31,34,33060
1791643370,223,0,1363895,20261010,1,57691,0,feed,35160,0,33,35160
1791643370,225,1,1134978,20261010,1,45174,0,feed,35880,0,20,35880
1791643370,225,0,1272205,20261010,1,52530,0,feed,37860,0,20,37860
1791643370,225,0,1275899,20261010,12,49160,49,feed,34920,11,20,34260
1791643370,227,1,1264459,20261010,1,45174,0,feed,35880,0,45,35880
1791643370,227,0,1268554,20261010,27,4079,24,feed,34920,26,47,34200
1791643370,227,0,1271557,20261010,1,52530,0,feed,37800,0,47,37800
1791643370,25,0,1369654,20261010,1,19337,0,feed,,,,
1791643370,25,0,1370105,20261010,91,57166,815,feed,,,,
1791643370,25,1,1370340,20261010,77,46801,58,feed,,,,
1791643370,25,0,1370343,20261010,20,15786,175,feed,,,,
1791643370,25,1,1370398,20261010,1,57166,0,feed,,,,
1791643370,27,0,1349913,20261010,1,52857,0,feed,36000,0,23,36000
1791643370,27,1,1351320,20261010,1,51367,0,feed,35220,0,21,35220
1791643370,3,0,1177964,20261010,1,54097,0,feed,37380,0,64,37380
1791643370,3,0,1179459,20261010,2,16406,31,feed,35100,1,65,34740
1791643370,3,0,1182580,20261010,1,54097,0,feed,,,,
1791643370,3,1,1188234,20261010,18,838,344,feed,34620,17,64,33720
1791643370,3,0,1321511,20261010,1,54097,0,feed,36480,0,65,36480
1791643370,3,1,1322705,20261010,56,19307,353,feed,34620,55,64,31920
1791643370,3,0,1323264,20261010,27,914,93,feed,34860,26,65,32940
1791643370,3,1,1323326,20261010,1,56100,0,feed,37860,0,65,37860
1791643370,3,0,1368676,20261010,1,54097,0,feed,35640,0,64,35640
1791643370,3,1,1368808,20261010,1,56100,0,feed,36060,0,65,36060
1791643370,3,1,1369002,20261010,12,49895,-63,feed,34980,11,65,34320
1791643370,3,0,1370816,20261010,10,19320,232,feed,,,,
1791643370,3,1,1371112,20261010,47,16102,9,feed,,,,
1791643370,3,1,1371127,20261010,1,56100,0,feed,,,,
1791643370,30,1,1215127,20261010,1,15882,0,feed,38160,0,44,38160
1791643370,30,1,1215907,20261010,1,15882,0,feed,36360,0,44,36360
1791643370,30,0,1216003,20261010,22,15522,379,feed,34560,21,48,33840
1791643370,30,0,1218097,20261010,1,40238,0,feed,37440,0,48,37440
1791643370,30,1,1218465,20261010,2,50665,-217,feed,35160,1,44,34560
1791643370,32,0,1331227,20261010,33,12827,488,feed,34500,32,59,33300
1791643370,32,0,1331630,20261010,1,50155,0,feed,36900,0,59,36900
1791643370,32,0,1331752,20261010,1,50155,0,feed,38100,0,59,38100
1791643370,32,0,1331974,20261010,1,50155,0,feed,35100,0,59,35100
1791643370,32,1,1365620,20261010,7,4117,259,feed,34680,6,61,34380
1791643370,32,1,1365784,20261010,1,57685,0,feed,36180,0,61,36180
1791643370,32,1,1366726,20261010,1,57685,0,feed,37980,0,61,37980
1791643370,323,0,1131034,20261010,1,51116,0,feed,35100,0,23,35100
1791643370,323,1,1131189,20261010,7,57038,84,feed,34860,6,25,34560
1791643370,323,1,1131491,20261010,1,57508,0,feed,36300,0,25,36300
1791643370,323,0,1132664,20261010,1,51116,0,feed,36900,0,23,36900
1791643370,323,1,1133939,20261010,1,57508,0,feed,38100,0,25,38100
1791643370,345,1,1132958,20261010,9,48548,93,feed,34860,8,15,32520
1791643370,345,1,1134334,20261010,1,57508,0,feed,36120,0,15,36120
1791643370,345,0,1136447,20261010,1,56879,0,feed,36000,0,15,36000
1791643370,36,0,1176582,20261010,40,6203,233,feed,34740,39,53,33060
1791643370,36,0,1177875,20261010,1,57537,0,feed,38340,0,53,38340
1791643370,36,1,1186621,20261010,1,50160,0,feed,35220,0,50,35220
1791643370,36,1,1219584,20261010,1,50160,0,feed,37020,0,50,37020
1791643370,36,0,1362770,20261010,1,57537,96,feed,34860,0,53,34860
1791643370,36,1,1368040,20261010,37,41126,198,feed,34980,36,50,33420
1791643370,36,0,1368723,20261010,1,57537,0,feed,36600,0,53,36600
1791643370,38,1,1350025,20261010,1,16494,0,feed,37440,0,104,37440
1791643370,38,0,1350168,20261010,1,48213,0,feed,35340,0,108,35340
1791643370,38,0,1351532,20261010,74,17524,174,feed,34800,73,108,31800
1791643370,38,1,1351767,20261010,22,56383,284,feed,34680,21,104,33840
1791643370,38,1,1352194,20261010,1,42032,0,feed,35460,0,107,35460
1791643370,38,0,1355235,20261010,1,48213,0,feed,37140,0,109,37140
1791643370,38,1,1355347,20261010,65,3552,268,feed,34680,64,107,31860
1791643370,38,0,1369308,20261010,37,4812,84,feed,34860,36,109,33540
1791643370,4,1,1134737,20261010,1,17971,0,feed,38340,0,50,38340
1791643370,4,0,1134761,20261010,1,50231,38,feed,34920,0,89,34920
1791643370,4,0,1157675,20261010,1,50231,0,feed,35640,0,53,35640
1791643370,4,0,1159935,20261010,22,1853,9,feed,34980,21,53,33840
1791643370,4,0,1358191,20261010,71,42290,-66,feed,34980,70,89,31380
1791643370,4,1,1358624,20261010,1,17971,0,feed,36540,0,50,36540
1791643370,4,0,1359163,20261010,1,50231,0,feed,37440,0,53,37440
1791643370,4,1,1359241,20261010,1,14153,0,feed,35940,0,90,35940
1791643370,4,0,1359283,20261010,1,50231,0,feed,36720,0,89,36720
1791643370,4,0,1359298,20261010,1,50231,0,feed,38520,0,89,38520
1791643370,4,1,1359333,20261010,21,42306,34,feed,34920,20,90,34200
1791643370,4,1,1359891,20261010,50,20048,69,feed,34980,49,90,32520
1791643370,4,0,1359977,20261010,42,173,79,feed,34920,41,89,33120
1791643370,4,0,1360423,20261010,51,17947,-244,feed,34980,50,53,32160
1791643370,4,1,1360574,20261010,80,42091,72,feed,34920,79,85,31020
1791643370,4,1,1360613,20261010,2,17919,91,feed,34860,1,50,34800
1791643370,4,1,1369455,20261010,1,14153,0,feed,37740,0,90,37740
1791643370,46,1,1267727,20261010,1,51550,0,feed,36840,0,59,36840
1791643370,46,0,1275837,20261010,18,1002,203,feed,34740,17,62,34260
1791643370,46,1,1279525,20261010,43,195,334,feed,34620,42,59,33300
1791643370,46,0,1281255,20261010,1,220,0,feed,36060,0,62,36060
1791643370,48,0,1304579,20261010,61,50152,169,feed,34800,60,61,32700
1791643370,48,1,1368493,20261010,1,50152,0,feed,36540,0,61,36540
1791643370,5,0,1366026,20261010,32,819,-45,feed,34980,31,81,33660
1791643370,5,1,1367183,20261010,62,51,403,feed,34560,61,80,32100
1791643370,5,1,1367449,20261010,1,51846,0,feed,35640,0,80,35640
1791643370,5,0,1367672,20261010,1,51212,0,feed,37080,0,81,37080
1791643370,515,0,1349358,20261010,1,53704,0,feed,38460,0,49,38460
1791643370,515,1,1350002,20261010,1,56877,0,feed,36120,0,49,36120
1791643370,515,0,1350063,20261010,1,53704,0,feed,36660,0,49,36660
1791643370,515,1,1351176,20261010,49,53704,43,feed,34920,48,49,33420
1791643370,515,0,1351215,20261010,31,657,218,feed,34740,30,49,33960
1791643370,515,1,1351349,20261010,1,56877,629,feed,34320,0,49,34320
1791643370,515,0,1351747,20261010,1,53704,0,feed,35760,0,49,35760
1791643370,515,0,1354355,20261010,1,53704,0,feed,37560,0,49,37560
1791643370,515,1,1354922,20261010,1,56877,0,feed,35220,0,49,35220
1791643370,515,0,1355075,20261010,2,44199,66,feed,34920,1,49,34860
1791643370,515,1,1355479,20261010,1,56877,0,feed,37020,0,49,37020
1791643370,515,1,1358475,20261010,1,56877,0,feed,37920,0,49,37920
1791643370,534,1,1344040,20261010,1,51824,0,feed,35100,0,32,35100
1791643370,534,0,1344383,20261010,1,56725,0,feed,35220,0,35,35220
1791643370,534,0,1345050,20261010,1,56725,0,feed,37020,0,35,37020
1791643370,534,1,1345270,20261010,1,51824,0,feed,36900,0,32,36900
1791643370,534,1,1345372,20261010,32,56725,334,feed,34620,31,32,33300
1791643370,538,0,1133577,20261010,1,53704,0,feed,37800,0,42,37800
1791643370,538,0,1134427,20261010,10,44364,198,feed,34740,9,42,34200
1791643370,538,1,1318205,20261010,1,56880,0,feed,35280,0,40,35280
1791643370,538,1,1319593,20261010,1,56880,0,feed,37080,0,40,37080
1791643370,539,1,1136709,20261010,1,56880,0,feed,35580,0,38,35580
1791643370,539,0,878943,20261010,1,56725,0,feed,38520,0,41,38520
1791643370,539,0,887627,20261010,1,56725,83,feed,36720,0,41,36720
1791643370,539,1,892670,20261010,35,2065,24,feed,34920,34,38,33780
1791643370,54,1,1342013,20261010,15,57019,272,feed,34680,14,27,33600
1791643370,54,0,1346021,20261010,2,41259,72,feed,34980,1,46,34920
1791643370,54,0,1346151,20261010,1,56875,0,feed,36660,0,46,36660
1791643370,54,0,1346176,20261010,19,10236,179,feed,34800,18,46,33120
1791643370,54,1,1346741,20261010,5,5293,33,feed,34980,4,47,34560
1791643370,54,1,1346861,20261010,1,42319,0,feed,38160,0,47,38160
1791643370,54,1,1347038,20261010,23,57456,214,feed,34740,22,47,32760
1791643370,54,0,1347096,20261010,1,56875,0,feed,38460,0,46,38460
1791643370,54,0,1347392,20261010,1,56875,0,feed,35760,0,25,35760
1791643370,54,1,1348472,20261010,1,56100,0,feed,35400,0,27,35400
1791643370,54,0,1348563,20261010,1,56875,0,feed,37560,0,25,37560
1791643370,54,1,1352766,20261010,1,56100,0,feed,37200,0,27,37200
1791643370,54,0,1354169,20261010,45,52047,54,feed,34980,44,46,31320
1791643370,54,1,1359691,20261010,1,42319,0,feed,36360,0,47,36360
1791643370,54,1,1360814,20261010,46,41258,-21,feed,34980,45,47,30960
1791643370,54,0,1368541,20261010,9,13143,0,feed,34980,8,25,34020
1791643370,540,0,1135141,20261010,1,53052,0,feed,36180,0,51,36180
1791643370,540,0,1135474,20261010,8,57099,150,feed,34800,7,51,34380
1791643370,540,1,880679,20261010,1,56879,0,feed,37560,0,48,37560
1791643370,540,1,897635,20261010,17,2038,153,feed,34800,16,48,34020
1791643370,546,1,1131267,20261010,1,51824,0,feed,37260,0,31,37260
1791643370,546,1,1135383,20261010,1,51824,0,feed,35460,0,31,35460
1791643370,546,0,881029,20261010,1,56725,0,feed,36960,0,33,36960
1791643370,546,0,896382,20261010,1,56725,28,feed,35160,0,33,35160
1791643370,61,0,1364460,20261010,5,17951,135,feed,34860,4,76,34500
1791643370,61,1,1365114,20261010,1,52761,0,feed,,,,
1791643370,61,1,1365668,20261010,33,5655,19,feed,34980,32,73,32820
1791643370,61,0,1365960,20261010,74,3264,281,feed,,,,
1791643370,61,1,1367080,20261010,69,17919,287,feed,34740,68,73,31080
1791643370,61,1,1367117,20261010,1,52761,0,feed,38040,0,73,38040
1791643370,61,0,1367145,20261010,1,17905,0,feed,36420,0,76,36420
1791643370,61,1,1368621,20261010,2,57416,333,feed,34620,1,73,34560
1791643370,61,0,1368859,20261010,50,49672,-57,feed,34980,49,76,32580
1791643370,61,0,1370934,20261010,1,17905,0,feed,,,,
1791643370,615,0,1346064,20261010,71,4736,82,feed,34860,70,76,31980
1791643370,615,1,1346165,20261010,76,41157,13,feed,34980,75,76,31920
1791643370,615,1,1346927,20261010,1,3540,0,feed,35520,0,76,35520
1791643370,615,0,1347002,20261010,1,41157,0,feed,35580,0,76,35580
1791643370,62,1,1349384,20261010,69,6346,-14,feed,34980,68,83,32040
1791643370,62,0,1349816,20261010,1,328,0,feed,38100,0,86,38100
1791643370,62,1,1350170,20261010,1,49141,0,feed,37440,0,83,37440
1791643370,62,1,1350721,20261010,29,80931,-28,feed,34980,28,83,33840
1791643370,62,1,1350961,20261010,1,49141,0,feed,35340,0,91,35340
1791643370,62,0,1350967,20261010,1,328,0,feed,36300,0,86,36300
1791643370,62,0,1352814,20261010,4,330,391,feed,34560,3,86,34500
1791643370,62,0,1359926,20261010,60,80932,143,feed,34860,59,86,32700
1791643370,62,1,1360776,20261010,1,45191,0,feed,35760,0,67,35760
1791643370,63,1,1266542,20261010,1,51114,0,feed,37800,0,59,37800
1791643370,63,1,1271234,20261010,23,11863,154,feed,34800,22,59,33420
1791643370,63,0,1346045,20261010,15,3108,146,feed,34800,14,60,34140
1791643370,63,0,1346133,20261010,30,3134,286,feed,34680,29,60,33240
1791643370,63,0,1346623,20261010,1,15795,0,feed,35040,0,60,35040
1791643370,63,0,1346904,20261010,1,15795,0,feed,35940,0,60,35940
1791643370,63,1,1347243,20261010,38,3081,333,feed,34620,37,59,32520
1791643370,63,0,1348039,20261010,47,3164,3,feed,34980,46,60,32340
1791643370,63,1,1348231,20261010,1,51114,0,feed,36120,0,59,36120
1791643370,63,0,1348288,20261010,1,15795,0,feed,36840,0,60,36840
1791643370,63,1,1348435,20261010,1,51114,0,feed,37020,0,59,37020
1791643370,63,0,1366996,20261010,1,15795,0,feed,37740,0,60,37740
1791643370,63,1,1368978,20261010,1,51114,0,feed,35220,0,59,35220
1791643370,63,1,1371376,20261010,12,3233,213,feed,,,,
1791643370,64,1,1342597,20261010,2,40023,34,feed,34980,1,43,34920
1791643370,64,1,1342675,20261010,1,42157,0,feed,36720,0,43,36720
1791643370,64,1,1343003,20261010,1,52015,0,feed,38100,0,76,38100
1791643370,64,0,1357136,20261010,16,11788,-44,feed,34980,15,43,33960
1791643370,64,0,1357748,20261010,1,52761,0,feed,37680,0,43,37680
1791643370,64,0,1357757,20261010,41,51604,104,feed,34860,40,78,33060
1791643370,64,0,1358581,20261010,1,52761,0,feed,36660,0,78,36660
1791643370,64,1,1359239,20261010,1,42157,0,feed,38460,0,43,38460
1791643370,64,1,1359330,20261010,1,52015,0,feed,36360,0,76,36360
1791643370,64,1,1359435,20261010,40,11863,131,feed,34860,39,43,33180
1791643370,64,0,1359733,20261010,1,52761,90,feed,34860,0,78,34860
1791643370,64,0,1360462,20261010,1,52761,0,feed,35760,0,43,35760
1791643370,64,1,1360712,20261010,61,11807,-77,feed,34980,60,76,32880
1791643370,64,1,1360820,20261010,10,3813,-13,feed,34980,9,76,34620
1791643370,645,1,1208079,20261010,1,53293,24,feed,37020,0,55,37020
1791643370,645,0,1337122,20261010,20,41157,726,feed,34260,19,52,33480
1791643370,645,0,1340572,20261010,1,6990,0,feed,36960,0,52,36960
1791643370,645,1,1341885,20261010,15,6658,400,feed,34560,14,55,33420
1791643370,65,1,1349335,20261010,1,57690,0,feed,,,,
1791643370,65,1,1349559,20261010,23,10728,-38,feed,34980,22,38,34140
1791643370,65,0,1369692,20261010,16,10712,88,feed,,,,
1791643370,65,0,1369972,20261010,1,10761,0,feed,,,,
1791643370,65,0,1370127,20261010,1,10761,0,feed,,,,
1791643370,65,1,1371149,20261010,1,57690,0,feed,,,,
1791643370,67,0,1265901,20261010,1,53723,0,feed,35100,0,65,35100
1791643370,67,1,1271715,20261010,65,53723,622,feed,34260,64,65,31680
1791643370,67,1,1354022,20261010,1,56100,0,feed,37080,0,65,37080
1791643370,67,0,1355672,20261010,41,15061,133,feed,34800,40,65,33300
1791643370,67,0,1358806,20261010,1,53723,0,feed,36900,0,65,36900
1791643370,67,1,1359653,20261010,37,18875,205,feed,34800,36,65,33480
1791643370,67,1,1367072,20261010,1,56100,0,feed,35280,0,65,35280
1791643370,68,0,1267491,20261010,2,9806,108,feed,35760,1,59,35760
1791643370,68,1,1276087,20261010,1,11904,0,feed,35700,0,61,35700
1791643370,68,1,1338346,20261010,22,9908,60,feed,34920,21,117,33900
1791643370,68,0,1361561,20261010,2,9806,53,feed,38400,1,87,38400
1791643370,68,0,1362237,20261010,1,53340,0,feed,35880,0,118,35880
1791643370,68,0,1362553,20261010,40,9883,572,feed,34380,39,87,33120
1791643370,68,0,1363418,20261010,85,9876,195,feed,34800,84,118,32400
1791643370,68,1,1363922,20261010,1,11904,0,feed,37500,0,117,37500
1791643370,68,1,1366205,20261010,25,49993,-142,feed,34980,24,83,33720
1791643370,68,1,1367526,20261010,1,57511,0,feed,37320,0,83,37320
1791643370,68,1,1369065,20261010,1,57511,0,feed,35520,0,83,35520
1791643370,68,1,1369146,20261010,66,9930,161,feed,34740,65,83,31920
1791643370,68,0,1369354,20261010,2,9806,75,feed,36600,1,87,36600
1791643370,68,0,1369417,20261010,2,9806,119,feed,34920,1,87,34920
1791643370,686,1,1170390,20261010,4,47705,16,feed,35640,3,4,33360
1791643370,686,1,1173939,20261010,1,56939,0,feed,38520,0,4,38520
1791643370,686,0,1331301,20261010,1,47705,0,feed,36780,0,3,36780
1791643370,686,1,1334176,20261010,1,56939,478,feed,35940,0,4,35940
1791643370,686,0,1334493,20261010,2,57622,531,feed,35280,1,3,34200
1791643370,7,0,1356094,20261010,44,19306,-36,feed,34980,43,64,32340
1791643370,7,0,1358043,20261010,13,52741,296,feed,34680,12,64,34140
1791643370,7,1,1358696,20261010,1,17679,0,feed,37200,0,60,37200
1791643370,7,0,1358768,20261010,1,51779,0,feed,35940,0,64,35940
1791643370,7,1,1360783,20261010,47,51545,388,feed,34680,46,60,31860
1791643370,7,1,1370938,20261010,1,17679,0,feed,,,,
1791643370,7,0,1371189,20261010,1,51779,0,feed,,,,
1791643370,7,1,1371241,20261010,20,19322,295,feed,,,,
1791643370,71,1,1265278,20261010,1,51291,0,feed,36600,0,60,36600
1791643370,71,1,1266244,20261010,1,51291,0,feed,38400,0,60,38400
1791643370,71,1,1268776,20261010,49,10061,-12,feed,34980,48,60,33000
1791643370,71,0,1271989,20261010,1,9715,0,feed,37020,0,58,37020
1791643370,71,0,1274522,20261010,31,51611,341,feed,34620,30,58,33420
1791643370,71,0,1279561,20261010,1,9715,0,feed,35220,0,58,35220
1791643370,71,0,1361532,20261010,1,9715,0,feed,38520,0,75,38520
1791643370,71,1,1361680,20261010,2,45305,204,feed,34740,1,74,34740
1791643370,716,1,1137310,20261010,1,8728,0,feed,38520,0,50,38520
1791643370,716,0,1137760,20261010,1,50154,0,feed,36600,0,51,36600
1791643370,716,1,1138302,20261010,1,8728,9,feed,34920,0,50,34920
1791643370,72,0,1369818,20261010,1,57615,0,feed,,,,
1791643370,72,0,1369892,20261010,1,57615,0,feed,,,,
1791643370,72,1,1369953,20261010,24,13729,418,feed,,,,
1791643370,72,0,1370047,20261010,25,57416,94,feed,,,,
1791643370,72,1,1371008,20261010,1,13667,0,feed,,,,
1791643370,72,1,1371342,20261010,1,13667,0,feed,,,,
1791643370,721,0,1178136,20261010,1,51845,0,feed,36180,0,43,36180
1791643370,721,1,1181788,20261010,22,9551,-33,feed,34920,21,41,34200
1791643370,721,0,1182375,20261010,1,51845,0,feed,37980,0,43,37980
1791643370,721,1,1182485,20261010,1,9522,2,feed,36000,0,41,36000
1791643370,721,1,1182616,20261010,1,9522,0,feed,37800,0,41,37800
1791643370,721,0,1187966,20261010,7,9478,213,feed,34740,6,43,34560
1791643370,722,1,1177375,20261010,1,11486,42,feed,36720,0,14,36720
1791643370,722,0,1179839,20261010,1,56827,0,feed,36120,0,11,36120
1791643370,722,1,1180262,20261010,1,57636,0,feed,37200,0,53,37200
1791643370,722,1,1181355,20261010,42,51188,-27,feed,34980,41,53,33600
1791643370,722,0,1188260,20261010,11,11486,252,feed,34740,10,51,34200
1791643370,722,0,1277264,20261010,1,56827,0,feed,37860,0,51,37860
1791643370,723,1,1179682,20261010,1,53224,0,feed,35940,0,41,35940
1791643370,723,0,1187876,20261010,20,9350,159,feed,34800,19,39,34200
1791643370,723,0,1367911,20261010,1,51845,0,feed,37860,0,39,37860
1791643370,724,0,1131044,20261010,1,51846,0,feed,36900,0,33,36900
1791643370,724,0,1133079,20261010,21,42058,87,feed,34860,20,33,34200
1791643370,724,1,1133289,20261010,1,53222,0,feed,37020,0,35,37020
1791643370,724,1,1133436,20261010,1,53222,0,feed,36120,0,35,36120
1791643370,724,0,1133511,20261010,1,51846,0,feed,37800,0,33,37800
1791643370,724,1,1134426,20261010,1,53222,0,feed,35220,0,35,35220
1791643370,724,0,1134966,20261010,33,53222,521,feed,34440,32,33,33300
1791643370,724,0,1135959,20261010,1,51846,0,feed,35100,0,33,35100
1791643370,724,1,1136218,20261010,19,8840,0,feed,34980,18,35,34320
1791643370,724,1,1285846,20261010,1,53222,0,feed,37920,0,35,37920
1791643370,724,0,1286753,20261010,1,51846,0,feed,36000,0,33,36000
1791643370,725,0,1311325,20261010,1,57580,0,feed,37560,0,50,37560
1791643370,725,1,1312187,20261010,1,56775,0,feed,36900,0,49,36900
1791643370,725,0,1312352,20261010,12,53224,296,feed,34800,11,50,34020
1791643370,725,1,1316719,20261010,38,41917,85,feed,34860,37,49,33300
1791643370,74,0,1356210,20261010,2,48896,153,feed,34920,1,59,34560
1791643370,74,1,1356281,20261010,23,43282,189,feed,34800,22,61,33420
1791643370,74,1,1358952,20261010,1,13667,0,feed,37020,0,61,37020
1791643370,74,1,1359327,20261010,1,13667,0,feed,37920,0,61,37920
1791643370,74,0,1359551,20261010,35,11837,137,feed,34860,34,59,32820
1791643370,74,0,1359642,20261010,1,51546,0,feed,36360,0,59,36360
1791643370,74,1,1359729,20261010,54,49392,498,feed,34500,53,61,31680
1791643370,74,0,1359843,20261010,1,51546,0,feed,38160,0,59,38160
1791643370,80,0,1304273,20261010,1,49979,0,feed,36720,0,42,36720
1791643370,80,1,1311988,20261010,1,50689,0,feed,38520,0,38,38520
1791643370,80,0,1315429,20261010,2,51131,30,feed,34980,1,42,34920
1791643370,80,0,1317031,20261010,1,49979,0,feed,38520,0,42,38520
1791643370,80,1,1317260,20261010,1,50689,0,feed,36720,0,38,36720
1791643370,802,1,1194600,20261010,1,42622,0,feed,37320,0,45,37320
1791643370,802,0,1203617,20261010,1,57169,0,feed,36240,0,46,36240
1791643370,802,1,1204484,20261010,24,11041,232,feed,34740,23,45,33720
1791643370,804,0,1261518,20261010,1,14153,0,feed,36000,0,32,36000
1791643370,804,1,1327423,20261010,1,14727,0,feed,37800,0,35,37800
1791643370,804,1,1327941,20261010,19,15948,44,feed,34920,18,35,34200
1791643370,805,1,1212930,20261010,54,43829,115,feed,34860,53,72,33000
1791643370,805,0,1214107,20261010,1,56775,0,feed,36240,0,72,36240
1791643370,805,1,1216405,20261010,1,50716,0,feed,36540,0,72,36540
1791643370,805,0,1219010,20261010,63,12036,90,feed,34860,62,72,32640
1791643370,827,0,1313897,20261010,1,42837,0,feed,36780,0,51,36780
1791643370,827,0,1315234,20261010,26,12158,43,feed,34920,25,51,33180
1791643370,827,1,1316512,20261010,1,57167,0,feed,36840,0,51,36840
1791643370,827,1,1317072,20261010,42,57576,141,feed,34800,41,51,33300
1791643370,83,0,1271792,20261010,1,53725,0,feed,36540,0,44,36540
1791643370,83,1,1350783,20261010,19,939,-120,feed,34980,18,41,34080
1791643370,83,1,1352733,20261010,1,52532,0,feed,37680,0,41,37680
1791643370,83,1,1353853,20261010,1,52532,0,feed,35880,0,41,35880
1791643370,83,0,1353975,20261010,4,57343,51,feed,34920,3,44,34740
1791643370,83,0,1354493,20261010,42,41751,156,feed,34800,41,44,32940
1791643370,83,0,1354679,20261010,1,53725,0,feed,38340,0,44,38340
1791643370,87,1,1303596,20261010,1,57690,0,feed,36660,0,70,36660
1791643370,87,1,1303774,20261010,40,18910,229,feed,34740,39,70,33180
1791643370,87,1,1304548,20261010,1,57690,0,feed,34920,0,70,34920
1791643370,87,0,1349136,20261010,1,51892,0,feed,36180,0,71,36180
1791643370,87,0,1349145,20261010,1,51892,0,feed,37980,0,71,37980
1791643370,87,0,1350438,20261010,15,13081,78,feed,34860,14,71,34380
1791643370,87,0,1350918,20261010,64,10622,203,feed,,,,
1791643370,9,1,1356169,20261010,1,51551,0,feed,38160,0,111,38160
1791643370,9,0,1356953,20261010,54,42206,390,feed,34560,53,112,33060
1791643370,9,1,1364535,20261010,46,53941,-48,feed,34980,45,96,32820
1791643370,9,1,1365369,20261010,2,48896,116,feed,34980,1,111,34620
1791643370,9,0,1367020,20261010,71,16455,623,feed,34260,70,100,31500
1791643370,9,0,1368775,20261010,1,52552,0,feed,35100,0,100,35100
1791643370,9,1,1368858,20261010,82,56565,561,feed,34380,81,111,31020
1791643370,9,0,1369312,20261010,1,40247,0,feed,36660,0,112,36660
1791643370,9,1,1369376,20261010,1,51551,0,feed,36420,0,96,36420
1791643370,901,0,879795,20261010,12,51428,180,feed,34800,11,20,33360
1791643370,901,0,880630,20261010,2,51437,60,feed,34980,1,20,34800
1791643370,901,1,884878,20261010,7,51411,120,feed,35040,6,20,34440
1791643370,901,1,890382,20261010,12,51416,120,feed,34920,11,20,33720
1791643370,901,1,895137,20261010,3,56336,0,feed,35340,2,20,35160
1791643370,901,1,896657,20261010,17,53279,120,feed,34920,16,20,33000
1791643370,901,1,905809,20261010,20,51405,360,feed,34680,19,20,32280
1791643370,901,0,979266,20261010,6,51434,180,feed,34800,5,20,34080
1791643370,902,0,876845,20261010,13,56007,240,feed,34860,12,24,33420
1791643370,902,1,879540,20261010,1,56026,0,feed,35220,0,24,35220
1791643370,902,1,882375,20261010,16,56041,-60,feed,34980,15,24,33060
1791643370,902,1,885492,20261010,4,56029,120,feed,34860,3,24,34500
1791643370,902,0,889999,20261010,18,56012,180,feed,34800,17,24,32700
1791643370,902,0,890337,20261010,3,56336,0,feed,35040,2,24,34860
1791643370,902,1,896452,20261010,1,56026,0,feed,35940,0,24,35940
1791643370,902,0,897826,20261010,3,56336,0,feed,35760,2,24,35580
1791643370,902,1,899995,20261010,20,51424,300,feed,34860,19,24,32340
1791643370,902,0,900029,20261010,8,56002,120,feed,34920,7,24,34140
1791643370,903,1,1264955,20261010,1,56874,0,feed,35160,0,6,35160
1791643370,903,0,1265459,20261010,1,57285,0,feed,36900,0,6,36900
1791643370,903,1,1271463,20261010,1,56874,0,feed,36960,0,6,36960
1791643370,903,0,1271542,20261010,1,57285,0,feed,35100,0,6,35100
1791643370,904,1,1264566,20261010,12,56830,399,feed,34620,11,12,32460
1791643370,904,1,1269945,20261010,1,56800,1242,feed,35160,0,12,35160
1791643370,904,0,1365137,20261010,12,19260,297,feed,34680,11,13,32700
1791643370,904,0,1366435,20261010,1,56830,899,feed,38100,0,13,38100
1791643370,904,0,1366804,20261010,4,51110,2406,feed,32520,3,13,31800
1791643370,904,1,1367049,20261010,6,17781,252,feed,34920,5,12,34260
1791643370,904,1,1367138,20261010,1,56800,0,feed,36060,0,12,36060
1791643370,904,0,1367181,20261010,1,56830,0,feed,35400,0,13,35400
1791643370,904,1,1367710,20261010,1,56800,0,feed,37860,0,12,37860
1791643370,904,1,1368174,20261010,1,56800,0,feed,36960,0,12,36960
1791643370,904,0,1368242,20261010,1,56830,0,feed,37200,0,13,37200
1791643370,904,1,1368249,20261010,10,56884,242,feed,34800,9,12,33360
1791643370,904,0,1368388,20261010,7,53542,235,feed,34920,6,13,33600
1791643370,904,0,1368537,20261010,1,56830,0,feed,36300,0,13,36300
1791643370,904,0,1369368,20261010,3,56831,263,feed,34920,2,13,34500
1791643370,905,0,1343691,20261010,1,52761,0,feed,36600,0,16,36600
1791643370,905,0,1343737,20261010,1,52761,0,feed,38400,0,16,38400
1791643370,905,1,1343780,20261010,10,57423,-69,feed,34980,9,16,33840
1791643370,905,0,1343818,20261010,16,57441,756,feed,34200,15,16,32100
1791643370,905,0,1344044,20261010,1,52761,160,feed,34800,0,16,34800
1791643370,905,1,1344175,20261010,1,57441,0,feed,35640,0,16,35640
1791643370,905,1,1344518,20261010,15,52759,-69,feed,35040,14,16,32940
1791643370,905,0,1344523,20261010,1,52761,0,feed,37500,0,16,37500
1791643370,905,1,1344564,20261010,3,57437,4,feed,34980,2,16,34740
1791643370,905,0,1344653,20261010,15,57440,-371,feed,35040,14,16,33000
1791643370,905,1,1344709,20261010,1,57441,0,feed,37440,0,16,37440
1791643370,905,1,1344758,20261010,1,57441,0,feed,38340,0,16,38340
1791643370,905,0,1344895,20261010,1,52761,0,feed,35700,0,16,35700
1791643370,905,0,1345356,20261010,9,57428,-115,feed,35040,8,16,33900
1791643370,905,1,1345461,20261010,1,57441,0,feed,36540,0,16,36540
1791643370,921,1,1364373,20261010,2,50015,77,feed,34860,1,20,34740
1791643370,921,1,1364412,20261010,10,17312,369,feed,34680,9,20,33840
1791643370,921,0,1364514,20261010,2,53362,121,feed,34920,1,20,34560
1791643370,921,0,1364658,20261010,1,51544,0,feed,37200,0,20,37200
1791643370,921,1,1365587,20261010,1,52531,0,feed,37380,0,20,37380
1791643370,921,1,1366939,20261010,1,52531,0,feed,38280,0,20,38280
1791643370,921,0,1368404,20261010,1,51544,0,feed,35400,0,20,35400
1791643370,921,1,1368466,20261010,20,51544,158,feed,34860,19,20,33000
1791643370,921,1,1368695,20261010,1,52531,0,feed,36540,0,20,36540
1791643370,921,0,1368747,20261010,19,50013,199,feed,34740,18,20,32820
1791643370,921,1,1369138,20261010,1,52531,0,feed,35640,0,20,35640
1791643370,921,0,1369292,20261010,1,51544,0,feed,36300,0,20,36300
1791643370,921,0,1369521,20261010,9,56115,257,feed,34680,8,20,33720
1791643370,921,0,1369526,20261010,1,51544,0,feed,38040,0,20,38040
1791643370,922,1,1311599,20261010,34,57314,124,feed,34860,33,34,31260
1791643370,922,1,1312027,20261010,29,57357,-87,feed,35100,28,34,31920
1791643370,922,0,1312366,20261010,15,57331,217,feed,34740,14,35,33360
1791643370,922,0,1312754,20261010,1,57314,0,feed,36120,0,35,36120
1791643370,922,0,1312840,20261010,1,57314,0,feed,36840,0,35,36840
1791643370,922,0,1312850,20261010,1,57314,0,feed,35400,0,35,35400
1791643370,922,1,1313156,20261010,1,56100,0,feed,36900,0,34,36900
1791643370,922,0,1313529,20261010,1,57314,0,feed,38280,0,35,38280
1791643370,922,1,1313608,20261010,6,52760,258,feed,34680,5,34,34080
1791643370,922,0,1313940,20261010,3,57354,162,feed,34800,2,35,34740
1791643370,922,1,1314340,20261010,1,56100,146,feed,34800,0,34,34800
1791643370,922,0,1314530,20261010,30,57416,-72,feed,35040,29,35,31920
1791643370,922,0,1314542,20261010,23,17307,225,feed,34860,22,35,32640
1791643370,922,0,1314709,20261010,10,16863,113,feed,34860,9,35,34080
1791643370,922,1,1314975,20261010,21,16904,76,feed,34920,20,34,32640
1791643370,922,1,1315027,20261010,1,56100,0,feed,37560,0,34,37560
1791643370,922,1,1315357,20261010,1,56100,0,feed,36240,0,34,36240
1791643370,922,1,1315993,20261010,12,16997,354,feed,34680,11,34,33360
1791643370,922,1,1316893,20261010,1,56100,0,feed,38160,0,34,38160
1791643370,922,0,1317158,20261010,1,57314,0,feed,37560,0,35,37560
1791643370,922,1,1317332,20261010,1,56100,0,feed,35520,0,34,35520
1791643370,922,0,1317366,20261010,35,56099,239,feed,34740,34,35,31200
1791643370,923,1,1262643,20261010,1,57278,0,feed,36240,0,23,36240
1791643370,923,1,1262872,20261010,1,57278,56,feed,,,,
1791643370,923,0,1263288,20261010,2,17897,35,feed,35040,1,22,34920
1791643370,923,0,1263416,20261010,1,56897,0,feed,37980,0,22,37980
1791643370,923,0,1263432,20261010,1,56897,0,feed,37260,0,22,37260
1791643370,923,1,1268753,20261010,1,57278,0,feed,37680,0,23,37680
1791643370,923,0,1268963,20261010,21,56826,918,feed,34020,20,22,32220
1791643370,923,0,1270218,20261010,1,56897,0,feed,,,,
1791643370,923,0,1270746,20261010,9,17840,260,feed,,,,
1791643370,923,0,1270912,20261010,1,56897,0,feed,35820,0,22,35820
1791643370,923,1,1271303,20261010,4,9173,166,feed,34800,3,23,34560
1791643370,923,1,1271538,20261010,14,17839,128,feed,,,,
1791643370,923,1,1272743,20261010,1,57278,0,feed,35520,0,23,35520
1791643370,923,1,1272931,20261010,1,57278,0,feed,38340,0,23,38340
1791643370,923,0,1275260,20261010,18,9658,454,feed,34620,17,22,33120
1791643370,923,1,1275570,20261010,22,17912,125,feed,34860,21,23,32820
1791643370,924,0,1262606,20261010,34,8945,119,feed,,,,
1791643370,924,1,1264360,20261010,1,56823,0,feed,,,,
1791643370,924,1,1266858,20261010,6,56903,40,feed,,,,
1791643370,924,1,1267339,20261010,41,56873,45,feed,,,,
1791643370,924,1,1267505,20261010,1,56823,0,feed,,,,
1791643370,924,0,1268293,20261010,1,56873,0,feed,,,,
1791643370,924,1,1268823,20261010,13,11161,219,feed,,,,
1791643370,924,0,1269428,20261010,21,56929,77,feed,,,,
1791643370,924,1,1270873,20261010,19,17910,101,feed,,,,
1791643370,924,1,1271097,20261010,1,56823,0,feed,,,,
1791643370,924,0,1272595,20261010,1,56873,0,feed,,,,
1791643370,924,0,1273992,20261010,1,56873,0,feed,,,,
1791643370,924,0,1274005,20261010,25,17903,382,feed,,,,
1791643370,924,0,1275713,20261010,1,56873,0,feed,,,,
1791643370,924,1,1275735,20261010,25,56913,318,feed,,,,
1791643370,924,1,1275782,20261010,34,436,158,feed,,,,
1791643370,924,0,1275869,20261010,15,80138,174,feed,,,,
1791643370,924,0,1275955,20261010,1,56873,0,feed,,,,
1791643370,924,0,1276460,20261010,2,4513,149,feed,,,,
1791643370,924,1,1280239,20261010,1,56823,0,feed,,,,
1791643370,924,0,1284758,20261010,11,779,155,feed,,,,
1791643370,924,0,1285882,20261010,1,56873,0,feed,,,,
1791643370,924,1,1288579,20261010,1,56823,0,feed,,,,
1791643370,925,0,1263042,20261010,3,1250,101,feed,34920,2,35,34740
1791643370,925,0,1267934,20261010,1,53703,0,feed,36900,0,35,36900
1791643370,925,0,1275511,20261010,1,53703,0,feed,35460,0,35,35460
1791643370,925,1,1331708,20261010,26,6379,233,feed,34800,25,35,32220
1791643370,925,1,1333381,20261010,1,57541,0,feed,35820,0,35,35820
1791643370,925,1,1333629,20261010,13,17921,99,feed,34920,12,35,33660
1791643370,925,0,1333671,20261010,35,57541,573,feed,34380,34,35,31200
1791643370,925,0,1333840,20261010,25,15477,152,feed,34920,24,35,32640
1791643370,925,1,1334007,20261010,1,57541,-185,feed,35100,0,35,35100
1791643370,925,1,1334075,20261010,35,53703,205,feed,34860,34,35,31500
1791643370,925,0,1334530,20261010,1,53703,0,feed,38340,0,35,38340
1791643370,925,1,1335097,20261010,1,57541,0,feed,37260,0,35,37260
1791643370,925,1,1335120,20261010,1,57541,0,feed,36540,0,35,36540
1791643370,925,1,1335200,20261010,21,50196,-214,feed,35040,20,35,32940
1791643370,925,0,1335209,20261010,11,6206,116,feed,34860,10,35,34080
1791643370,925,1,1335236,20261010,6,16154,91,feed,34920,5,35,34380
1791643370,925,1,1335673,20261010,1,57541,0,feed,37980,0,35,37980
1791643370,925,0,1335776,20261010,1,53703,0,feed,36180,0,35,36180
1791643370,925,0,1335789,20261010,18,17936,153,feed,34920,17,35,33360
1791643370,925,0,1335828,20261010,1,53703,0,feed,37620,0,35,37620
1791643370,925,0,1335885,20261010,32,16566,135,feed,34860,31,35,31920
1791643370,94,1,1184191,20261010,1,56100,0,feed,35640,0,16,35640
1791643370,94,1,1187100,20261010,8,17894,105,feed,35100,7,16,33840
1791643370,94,0,1187573,20261010,1,51200,0,feed,36780,0,15,36780
1791643370,94,0,1347865,20261010,13,57418,339,feed,34620,12,15,33180
1791643370,94,0,1370567,20261010,1,51200,0,feed,,,,
1791643370,94,1,1370731,20261010,1,56100,0,feed,,,,
1791645166,10,1,1369666,20261010,45,17976,78,feed,,,,
1791645166,10,0,1369885,20261010,1,19337,0,feed,,,,
1791645166,10,0,1369911,20261010,1,19337,0,feed,,,,
1791645166,10,1,1369914,20261010,12,14168,31,feed,,,,
1791645166,10,0,1370109,20261010,35,17147,392,feed,,,,
1791645166,10,1,1370237,20261010,1,57165,0,feed,,,,
1791645166,10,0,1370521,20261010,23,17186,-27,feed,,,,
1791645166,10,1,1370526,20261010,42,17192,35,feed,,,,
1791645166,10,1,1370672,20261010,1,57165,0,feed,,,,
1791645166,10,1,1370768,20261010,1,57165,0,feed,,,,
1791645166,10,1,1370830,20261010,2,57116,-378,feed,,,,
1791645166,10,1,1370880,20261010,1,57165,0,feed,,,,
1791645166,10,0,1371047,20261010,1,19337,0,feed,,,,
1791645166,10,0,1371102,20261010,1,19337,0,feed,,,,
1791645166,10,0,1371248,20261010,9,17998,147,feed,,,,
1791645166,11,1,1317761,20261010,1,49304,0,feed,37680,0,79,37680
1791645166,11,1,1318806,20261010,54,17709,152,feed,36600,53,79,34200
1791645166,11,1,1319308,20261010,1,49304,0,feed,38580,0,79,38580
1791645166,11,1,1319483,20261010,1,49304,0,feed,36840,0,79,36840
1791645166,11,1,1319883,20261010,40,17976,198,feed,36600,39,79,35040
1791645166,11,0,1364237,20261010,43,17952,185,feed,36600,42,80,34680
1791645166,11,0,1364979,20261010,1,51828,0,feed,39180,0,80,39180
1791645166,11,0,1365189,20261010,68,80994,162,feed,36600,67,80,33780
1791645166,11,0,1366848,20261010,1,51828,0,feed,38280,0,80,38280
1791645166,11,1,1367697,20261010,73,17728,319,feed,36420,72,79,33300
1791645166,11,1,1369025,20261010,26,12802,-9,feed,36780,25,79,35940
1791645166,11,0,1369133,20261010,1,51828,0,feed,37380,0,80,37380
1791645166,11,0,1369309,20261010,1,51828,0,feed,40080,0,80,40080
1791645166,11,1,1370548,20261010,1,49304,0,feed,,,,
1791645166,11,1,1370738,20261010,1,49304,0,feed,,,,
1791645166,11,0,1370855,20261010,8,17741,-66,feed,,,,
1791645166,11,0,1371234,20261010,35,1920,-76,feed,,,,
1791645166,14,0,1331035,20261010,1,4345,0,feed,,,,
1791645166,14,0,1331975,20261010,53,16342,241,feed,36540,52,80,33960
1791645166,14,0,1332739,20261010,1,4345,0,feed,37500,0,80,37500
1791645166,14,1,1369747,20261010,26,8312,325,feed,,,,
1791645166,14,1,1369869,20261010,1,50153,0,feed,,,,
1791645166,14,1,1370517,20261010,1,50153,0,feed,,,,
1791645166,14,0,1370547,20261010,37,15642,43,feed,,,,
1791645166,14,1,1370679,20261010,1,50153,0,feed,,,,
1791645166,14,1,1370737,20261010,1,50153,26,feed,,,,
1791645166,14,0,1371192,20261010,1,4345,0,feed,,,,
1791645166,14,1,1371230,20261010,42,17890,439,feed,,,,
1791645166,14,0,1371277,20261010,14,51836,21,feed,,,,
1791645166,17,0,1132652,20261010,50,56542,421,feed,36360,49,63,33360
1791645166,17,0,1135251,20261010,27,4862,338,feed,36420,26,63,35040
1791645166,17,0,1293527,20261010,1,57458,0,feed,36840,0,51,36840
1791645166,17,0,1307520,20261010,1,57458,0,feed,38640,0,51,38640
1791645166,17,1,1318157,20261010,34,1100,146,feed,36660,33,65,34440
1791645166,17,1,1318184,20261010,1,17192,0,feed,38040,0,65,38040
1791645166,17,1,1319579,20261010,1,17192,0,feed,39240,0,65,39240
1791645166,17,0,1324198,20261010,1,57458,0,feed,39480,0,63,39480
1791645166,17,0,1335074,20261010,13,5775,65,feed,36660,12,63,35940
1791645166,17,1,1335256,20261010,6,57310,284,feed,36480,5,65,36240
1791645166,17,0,1369114,20261010,1,57458,0,feed,37740,0,63,37740
1791645166,18,0,1361203,20261010,10,1754,105,feed,36660,9,51,36120
1791645166,18,0,1361386,20261010,64,1883,-14,feed,36780,63,84,34320
1791645166,18,0,1362100,20261010,1,57131,0,feed,37260,0,84,37260
1791645166,18,1,1364463,20261010,1,56800,0,feed,38820,0,83,38820
1791645166,18,1,1365481,20261010,1,56800,0,feed,40020,0,43,40020
1791645166,18,1,1366191,20261010,7,17984,66,feed,36720,6,52,36120
1791645166,18,0,1367567,20261010,1,51852,0,feed,39360,0,51,39360
1791645166,18,1,1367572,20261010,48,80999,542,feed,36240,47,83,33480
1791645166,18,1,1367772,20261010,1,56800,0,feed,37020,0,83,37020
1791645166,18,0,1368106,20261010,40,1905,139,feed,36660,39,51,34320
1791645166,18,1,1368112,20261010,1,56800,0,feed,39420,0,52,39420
1791645166,18,0,1368244,20261010,18,43666,206,feed,36540,17,84,36060
1791645166,18,1,1368473,20261010,37,1342,-36,feed,36780,36,52,34380
1791645166,18,0,1368677,20261010,1,57131,0,feed,39060,0,84,39060
1791645166,18,0,1368708,20261010,1,51852,0,feed,37560,0,51,37560
1791645166,18,1,1368807,20261010,22,1217,-38,feed,36780,21,83,35280
1791645166,18,1,1369422,20261010,1,56800,0,feed,37920,0,52,37920
1791645166,18,0,1370895,20261010,1,1754,0,feed,,,,
1791645166,2,1,1262240,20261010,29,4667,216,feed,36540,28,34,34800
1791645166,2,1,1263672,20261010,2,41248,146,feed,36660,1,34,36600
1791645166,2,1,1272511,20261010,1,50670,0,feed,38400,0,34,38400
1791645166,2,0,1318538,20261010,1,57469,0,feed,37560,0,34,37560
1791645166,2,0,1319257,20261010,1,57469,0,feed,39900,0,34,39900
1791645166,2,0,1319772,20261010,16,56927,60,feed,36720,15,34,35820
1791645166,2,0,1331198,20261010,1,57469,0,feed,38160,0,41,38160
1791645166,2,0,1331521,20261010,1,57469,0,feed,39360,0,41,39360
1791645166,2,0,1333280,20261010,2,13337,1,feed,36780,1,41,36720
1791645166,2,1,1360898,20261010,22,13267,176,feed,36540,21,42,35100
1791645166,2,1,1361769,20261010,1,57618,0,feed,39600,0,42,39600
1791645166,2,0,1363071,20261010,1,57469,0,feed,38760,0,34,38760
1791645166,2,1,1363201,20261010,1,57618,0,feed,36840,0,42,36840
1791645166,2,1,1367288,20261010,1,50670,0,feed,39660,0,34,39660
1791645166,2,0,1370583,20261010,31,13223,20,feed,,,,
1791645166,2,1,1371362,20261010,1,57618,0,feed,,,,
1791645166,215,1,1267920,20261010,1,5020,0,feed,36960,0,27,36960
1791645166,215,0,1272700,20261010,1,49979,0,feed,38640,0,30,38640
1791645166,219,0,1305109,20261010,1,57340,0,feed,36960,0,74,36960
1791645166,219,1,1311603,20261010,1,5020,0,feed,36900,0,71,36900
1791645166,22,1,1356264,20261010,1,56825,0,feed,37800,0,84,37800
1791645166,22,1,1357463,20261010,44,41705,-13,feed,36780,43,84,34200
1791645166,22,1,1357886,20261010,3,9087,131,feed,36660,2,87,36600
1791645166,22,0,1364420,20261010,41,19426,17,feed,36780,40,86,34740
1791645166,22,0,1365015,20261010,80,11231,157,feed,36600,79,82,32340
1791645166,22,0,1366893,20261010,1,4558,0,feed,39540,0,82,39540
1791645166,22,1,1367544,20261010,74,19433,825,feed,35940,73,84,31860
1791645166,22,1,1367942,20261010,23,11652,-27,feed,36780,22,84,35460
1791645166,22,0,1367978,20261010,1,4558,56,feed,37140,0,82,37140
1791645166,22,1,1368145,20261010,1,56825,0,feed,39060,0,84,39060
1791645166,22,0,1368193,20261010,57,57216,212,feed,36540,56,82,33540
1791645166,22,1,1368672,20261010,65,19496,193,feed,36660,64,87,33000
1791645166,22,1,1368736,20261010,1,56825,0,feed,40200,0,87,40200
1791645166,22,0,1369010,20261010,1,4558,0,feed,38340,0,86,38340
1791645166,22,0,1369396,20261010,21,19487,34,feed,36720,20,82,35940
1791645166,223,0,1361366,20261010,1,57691,0,feed,38760,0,33,38760
1791645166,223,1,1361640,20261010,1,5020,84,feed,36660,0,34,36660
1791645166,223,1,1363596,20261010,1,5020,0,feed,38460,0,34,38460
1791645166,223,0,1363895,20261010,26,17246,447,feed,36300,25,33,35160
1791645166,225,1,1132076,20261010,1,45174,0,feed,39480,0,20,39480
1791645166,225,1,1134978,20261010,10,45458,174,feed,36600,9,20,35880
1791645166,225,0,1272205,20261010,1,52530,0,feed,37860,0,20,37860
1791645166,227,1,1264459,20261010,28,4091,20,feed,36720,27,45,35880
1791645166,227,0,1271557,20261010,1,52530,0,feed,37800,0,47,37800
1791645166,227,1,1275187,20261010,1,45174,0,feed,39480,0,45,39480
1791645166,25,0,1369654,20261010,1,19337,0,feed,,,,
1791645166,25,1,1369801,20261010,1,57166,0,feed,,,,
1791645166,25,0,1370343,20261010,68,57223,337,feed,,,,
1791645166,27,1,1348897,20261010,1,51367,0,feed,38820,0,21,38820
1791645166,27,0,1349913,20261010,13,52240,148,feed,36600,12,23,36000
1791645166,27,0,1369019,20261010,1,52857,0,feed,39600,0,23,39600
1791645166,3,1,1176596,20261010,1,56100,0,feed,39660,0,65,39660
1791645166,3,0,1177964,20261010,1,54097,0,feed,37380,0,64,37380
1791645166,3,0,1179459,20261010,24,16072,291,feed,36480,23,65,34740
1791645166,3,0,1182580,20261010,1,54097,0,feed,,,,
1791645166,3,1,1188234,20261010,49,49237,755,feed,36000,48,64,33720
1791645166,3,0,1321511,20261010,2,16406,12,feed,36840,1,65,36480
1791645166,3,0,1323264,20261010,65,56099,130,feed,36780,64,65,32940
1791645166,3,1,1323326,20261010,1,56100,0,feed,37860,0,65,37860
1791645166,3,1,1353681,20261010,1,56100,0,feed,39000,0,64,39000
1791645166,3,0,1367950,20261010,1,54097,0,feed,39180,0,64,39180
1791645166,3,0,1368292,20261010,1,54097,0,feed,40080,0,65,40080
1791645166,3,0,1368676,20261010,13,13221,-49,feed,36720,12,64,35640
1791645166,3,1,1368808,20261010,7,20008,279,feed,36480,6,65,36060
1791645166,3,1,1369002,20261010,48,57015,-154,feed,36780,47,65,34320
1791645166,3,0,1370816,20261010,39,49890,564,feed,,,,
1791645166,3,1,1371127,20261010,25,18626,160,feed,,,,
1791645166,30,0,1212297,20261010,25,12670,101,feed,36540,24,48,35640
1791645166,30,1,1213643,20261010,1,15882,0,feed,39960,0,44,39960
1791645166,30,1,1215127,20261010,1,15882,0,feed,38160,0,44,38160
1791645166,30,0,1215332,20261010,1,40238,0,feed,39240,0,48,39240
1791645166,30,1,1215907,20261010,1,15882,381,feed,36360,0,44,36360
1791645166,30,0,1218097,20261010,1,40238,0,feed,37440,0,48,37440
1791645166,30,1,1218465,20261010,31,12257,201,feed,36540,30,44,34560
1791645166,32,0,1331162,20261010,1,50155,0,feed,39300,0,59,39300
1791645166,32,0,1331630,20261010,1,50155,0,feed,36900,0,59,36900
1791645166,32,0,1331752,20261010,1,50155,0,feed,38100,0,59,38100
1791645166,32,0,1331974,20261010,40,40635,205,feed,36540,39,59,35100
1791645166,32,1,1364397,20261010,1,57685,0,feed,39780,0,61,39780
1791645166,32,1,1365620,20261010,56,8384,332,feed,36420,55,61,34380
1791645166,32,1,1365784,20261010,10,4120,206,feed,36540,9,61,36180
1791645166,32,1,1366726,20261010,1,57685,0,feed,37980,0,61,37980
1791645166,323,0,1131075,20261010,1,51116,0,feed,38700,0,23,38700
1791645166,323,1,1131491,20261010,7,57038,145,feed,36600,6,25,36300
1791645166,323,0,1132664,20261010,1,51116,0,feed,36900,0,23,36900
1791645166,323,1,1133939,20261010,1,57508,0,feed,38100,0,25,38100
1791645166,323,1,1135252,20261010,1,57508,0,feed,39900,0,25,39900
1791645166,345,0,1132499,20261010,1,56879,0,feed,39600,0,15,39600
1791645166,345,1,1134028,20261010,1,57508,0,feed,39780,0,15,39780
1791645166,345,1,1134334,20261010,3,57538,50,feed,37200,2,15,36120
1791645166,345,0,1136447,20261010,8,56939,174,feed,36600,7,15,36000
1791645166,36,0,1177875,20261010,1,57537,0,feed,38340,0,53,38340
1791645166,36,0,1182049,20261010,1,57537,0,feed,40080,0,53,40080
1791645166,36,1,1186621,20261010,37,41126,44,feed,36780,36,50,35220
1791645166,36,1,1219584,20261010,1,50160,0,feed,37020,0,50,37020
1791645166,36,0,1362770,20261010,41,6205,176,feed,36600,40,53,34860
1791645166,36,1,1363055,20261010,1,50160,0,feed,38820,0,50,38820
1791645166,36,0,1368723,20261010,5,41164,-17,feed,36780,4,53,36600
1791645166,38,1,1350025,20261010,1,16494,0,feed,37440,0,104,37440
1791645166,38,0,1350168,20261010,34,4820,139,feed,36600,33,108,35340
1791645166,38,1,1351767,20261010,59,3544,380,feed,36360,58,104,33840
1791645166,38,1,1352194,20261010,26,12593,210,feed,36480,25,107,35460
1791645166,38,0,1352376,20261010,1,48213,0,feed,38880,0,108,38880
1791645166,38,1,1353069,20261010,1,42032,0,feed,39060,0,107,39060
1791645166,38,0,1355235,20261010,1,48213,0,feed,37140,0,109,37140
1791645166,38,0,1369308,20261010,77,12626,-20,feed,36780,76,109,33540
1791645166,4,1,1131376,20261010,1,17971,0,feed,40140,0,50,40140
1791645166,4,1,1134737,20261010,1,17971,0,feed,38340,0,50,38340
1791645166,4,0,1134761,20261010,42,173,82,feed,36720,41,89,34920
1791645166,4,0,1157675,20261010,22,1853,-146,feed,36780,21,53,35640
1791645166,4,0,1159935,20261010,46,17939,514,feed,36240,45,53,33840
1791645166,4,0,1358610,20261010,1,50231,0,feed,39180,0,53,39180
1791645166,4,1,1358624,20261010,1,17971,214,feed,36540,0,50,36540
1791645166,4,1,1358635,20261010,1,14153,0,feed,39540,0,90,39540
1791645166,4,0,1358977,20261010,1,50231,0,feed,40260,0,89,40260
1791645166,4,0,1359163,20261010,1,50231,0,feed,37440,0,53,37440
1791645166,4,1,1359241,20261010,16,16023,278,feed,36480,15,90,35940
1791645166,4,0,1359283,20261010,1,50231,34,feed,36720,0,89,36720
1791645166,4,0,1359298,20261010,1,50231,0,feed,38520,0,89,38520
1791645166,4,1,1359333,20261010,49,20047,77,feed,36720,48,90,34200
1791645166,4,0,1359977,20261010,70,42307,30,feed,36780,69,89,33120
1791645166,4,1,1360613,20261010,29,135,361,feed,36420,28,50,34800
1791645166,4,1,1369455,20261010,1,14153,0,feed,37740,0,90,37740
1791645166,46,1,1267727,20261010,1,51550,0,feed,36840,0,59,36840
1791645166,46,0,1269129,20261010,1,220,0,feed,39660,0,62,39660
1791645166,46,1,1278614,20261010,1,51550,0,feed,38640,0,59,38640
1791645166,46,0,1281255,20261010,14,995,258,feed,36480,13,62,36060
1791645166,48,0,1352138,20261010,1,19301,761,feed,36300,0,61,36300
1791645166,48,1,1354633,20261010,,,,canceled,,,,
1791645166,48,1,1355494,20261010,1,50152,0,feed,40140,0,61,40140
1791645166,48,0,1368254,20261010,1,19301,0,feed,39900,0,61,39900
1791645166,48,1,1368493,20261010,6,50508,50,feed,36720,5,61,36540
1791645166,5,1,1365834,20261010,1,51846,0,feed,39240,0,80,39240
1791645166,5,0,1366026,20261010,77,8974,-138,feed,36780,76,81,33660
1791645166,5,1,1367449,20261010,30,11149,159,feed,36600,29,80,35640
1791645166,5,0,1367672,20261010,1,51212,0,feed,37080,0,81,37080
1791645166,515,0,1349358,20261010,1,53704,0,feed,38460,0,49,38460
1791645166,515,1,1349689,20261010,1,56877,0,feed,38760,0,49,38760
1791645166,515,1,1350002,20261010,17,716,98,feed,36660,16,49,36120
1791645166,515,0,1350063,20261010,1,53704,94,feed,36660,0,49,36660
1791645166,515,0,1351747,20261010,32,658,142,feed,36600,31,49,35760
1791645166,515,0,1352352,20261010,1,53704,0,feed,39360,0,49,39360
1791645166,515,1,1352930,20261010,1,56877,0,feed,39660,0,49,39660
1791645166,515,0,1354355,20261010,1,53704,0,feed,37560,0,49,37560
1791645166,515,1,1354922,20261010,49,53704,-97,feed,36780,48,49,35220
1791645166,515,1,1355479,20261010,1,56877,0,feed,37020,0,49,37020
1791645166,515,1,1358475,20261010,1,56877,0,feed,37920,0,49,37920
1791645166,515,0,1358814,20261010,1,53704,0,feed,40200,0,49,40200
1791645166,534,1,1343993,20261010,1,51824,0,feed,38700,0,32,38700
1791645166,534,0,1344383,20261010,35,51824,336,feed,36420,34,35,35220
1791645166,534,0,1344918,20261010,1,56725,0,feed,38820,0,35,38820
1791645166,534,0,1345050,20261010,1,56725,0,feed,37020,0,35,37020
1791645166,534,1,1345270,20261010,1,51824,0,feed,36900,0,32,36900
1791645166,538,0,1131655,20261010,1,53704,0,feed,39600,0,42,39600
1791645166,538,0,1133577,20261010,1,53704,0,feed,37800,0,42,37800
1791645166,538,0,1134427,20261010,42,56880,382,feed,36420,41,42,34200
1791645166,538,1,1318205,20261010,24,44366,396,feed,36360,23,40,35280
1791645166,538,1,1319593,20261010,1,56880,0,feed,37080,0,40,37080
1791645166,539,1,1136709,20261010,31,1621,200,feed,36540,30,38,35580
1791645166,539,1,1137113,20261010,1,56880,0,feed,39180,0,38,39180
1791645166,539,0,1137228,20261010,1,56725,0,feed,40320,0,41,40320
1791645166,539,0,878943,20261010,1,56725,0,feed,38520,0,41,38520
1791645166,539,0,887627,20261010,1,56725,167,feed,36720,0,41,36720
1791645166,54,1,1131070,20261010,1,56100,0,feed,39000,0,27,39000
1791645166,54,0,1346021,20261010,20,11834,167,feed,36660,19,46,34920
1791645166,54,0,1346151,20261010,2,41259,53,feed,36720,1,46,36660
1791645166,54,0,1346176,20261010,43,5276,-67,feed,36780,42,46,33120
1791645166,54,1,1346284,20261010,1,42319,0,feed,39960,0,47,39960
1791645166,54,1,1346741,20261010,24,57417,115,feed,36660,23,47,34560
1791645166,54,1,1346861,20261010,1,42319,0,feed,38160,0,47,38160
1791645166,54,1,1347038,20261010,41,48548,319,feed,36660,40,47,32760
1791645166,54,0,1347096,20261010,1,56875,0,feed,38460,0,46,38460
1791645166,54,0,1347392,20261010,9,13143,68,feed,36720,8,25,35760
1791645166,54,1,1348472,20261010,15,57019,202,feed,36540,14,27,35400
1791645166,54,0,1348563,20261010,1,56875,0,feed,37560,0,25,37560
1791645166,54,1,1352766,20261010,1,56100,0,feed,37200,0,27,37200
1791645166,54,0,1358498,20261010,1,56875,0,feed,39360,0,25,39360
1791645166,54,1,1359691,20261010,5,5293,2,feed,36780,4,47,36360
1791645166,540,0,1135141,20261010,10,41103,95,feed,36660,9,51,36180
1791645166,540,0,1137714,20261010,1,53052,0,feed,39780,0,51,39780
1791645166,540,1,880679,20261010,1,56879,0,feed,37560,0,48,37560
1791645166,540,1,897465,20261010,1,56879,0,feed,39360,0,48,39360
1791645166,546,1,1131267,20261010,1,51824,0,feed,37260,0,31,37260
1791645166,546,1,1135383,20261010,30,2075,139,feed,36600,29,31,35460
1791645166,546,1,1136870,20261010,1,51824,0,feed,39060,0,31,39060
1791645166,546,0,881029,20261010,1,56725,185,feed,36960,0,33,36960
1791645166,61,0,1364460,20261010,39,5543,415,feed,36360,38,76,34500
1791645166,61,1,1364762,20261010,1,52761,0,feed,39840,0,73,39840
1791645166,61,1,1365114,20261010,5,11837,102,feed,,,,
1791645166,61,1,1365668,20261010,70,17921,145,feed,36600,69,73,32820
1791645166,61,0,1366263,20261010,1,17905,0,feed,40260,0,76,40260
1791645166,61,1,1367117,20261010,1,52761,0,feed,38040,0,73,38040
1791645166,61,0,1367145,20261010,5,17951,79,feed,36780,4,76,36420
1791645166,61,1,1368621,20261010,34,49909,-7,feed,36780,33,73,34560
1791645166,61,0,1370934,20261010,1,17905,0,feed,,,,
1791645166,615,0,1346704,20261010,1,41157,0,feed,39180,0,76,39180
1791645166,615,1,1346927,20261010,26,4789,249,feed,36540,25,76,35520
1791645166,615,1,1346957,20261010,1,3540,0,feed,39120,0,76,39120
1791645166,615,0,1347002,20261010,27,42552,24,feed,36720,26,76,35580
1791645166,62,0,1349529,20261010,1,328,0,feed,39900,0,86,39900
1791645166,62,0,1349816,20261010,1,328,0,feed,38100,0,86,38100
1791645166,62,1,1350067,20261010,1,49141,0,feed,39180,0,83,39180
1791645166,62,1,1350170,20261010,1,49141,0,feed,37440,0,83,37440
1791645166,62,1,1350721,20261010,64,6342,95,feed,36660,63,83,33840
1791645166,62,1,1350961,20261010,37,80931,-46,feed,36780,36,91,35340
1791645166,62,0,1350967,20261010,16,53900,79,feed,36660,15,86,36300
1791645166,62,0,1352814,20261010,55,56164,449,feed,36300,54,86,34500
1791645166,62,1,1360776,20261010,31,46964,44,feed,36660,30,67,35760
1791645166,63,1,1263921,20261010,1,51114,0,feed,38700,0,59,38700
1791645166,63,1,1263998,20261010,1,51114,0,feed,39600,0,59,39600
1791645166,63,1,1266542,20261010,1,51114,0,feed,37800,0,59,37800
1791645166,63,1,1271234,20261010,58,18640,222,feed,36600,57,59,33420
1791645166,63,0,1346045,20261010,47,3164,-26,feed,36780,46,60,34140
1791645166,63,0,1346133,20261010,55,13618,589,feed,36240,54,60,33240
1791645166,63,0,1346169,20261010,1,15795,0,feed,38580,0,60,38580
1791645166,63,0,1346613,20261010,1,15795,0,feed,39480,0,60,39480
1791645166,63,0,1346623,20261010,36,57416,89,feed,36660,35,60,35040
1791645166,63,0,1346904,20261010,18,3114,2,feed,36780,17,60,35940
1791645166,63,1,1348231,20261010,16,3243,51,feed,36720,15,59,36120
1791645166,63,0,1348288,20261010,1,15795,0,feed,36840,0,60,36840
1791645166,63,1,1348435,20261010,1,51114,0,feed,37020,0,59,37020
1791645166,63,0,1366996,20261010,1,15795,0,feed,37740,0,60,37740
1791645166,63,1,1368978,20261010,20,43282,882,feed,36240,19,59,35220
1791645166,64,1,1342563,20261010,1,42157,0,feed,40200,0,43,40200
1791645166,64,1,1342597,20261010,38,11859,252,feed,36540,37,43,34920
1791645166,64,1,1342675,20261010,1,42157,29,feed,36720,0,43,36720
1791645166,64,1,1343003,20261010,1,52015,0,feed,38100,0,76,38100
1791645166,64,1,1343558,20261010,1,52015,0,feed,39900,0,76,39900
1791645166,64,0,1357583,20261010,1,52761,0,feed,39660,0,78,39660
1791645166,64,0,1357748,20261010,1,52761,0,feed,37680,0,43,37680
1791645166,64,0,1358581,20261010,3,11834,-39,feed,36780,2,78,36660
1791645166,64,0,1358597,20261010,1,52761,0,feed,38700,0,66,38700
1791645166,64,1,1359239,20261010,1,42157,0,feed,38460,0,43,38460
1791645166,64,1,1359330,20261010,11,3870,-18,feed,36780,10,76,36360
1791645166,64,0,1359733,20261010,36,10413,160,feed,36540,35,78,34860
1791645166,64,0,1360462,20261010,13,11784,99,feed,36660,12,43,35760
1791645166,64,1,1360820,20261010,61,11807,-125,feed,36780,60,76,34620
1791645166,645,1,1208079,20261010,1,53293,269,feed,37020,0,55,37020
1791645166,645,0,1337122,20261010,47,19332,1054,feed,35880,46,52,33480
1791645166,645,0,1340572,20261010,1,6990,0,feed,36960,0,52,36960
1791645166,645,1,1341885,20261010,55,6990,476,feed,36300,54,55,33420
1791645166,65,1,1349335,20261010,16,4046,252,feed,,,,
1791645166,65,1,1349485,20261010,1,57690,0,feed,39360,0,38,39360
1791645166,65,0,1369972,20261010,14,10710,33,feed,,,,
1791645166,65,0,1370107,20261010,1,10761,0,feed,,,,
1791645166,65,0,1370127,20261010,1,10761,73,feed,,,,
1791645166,65,1,1371149,20261010,1,57690,0,feed,,,,
1791645166,67,0,1263314,20261010,1,53723,0,feed,38700,0,65,38700
1791645166,67,0,1265901,20261010,49,18835,-155,feed,36840,48,65,35100
1791645166,67,1,1266427,20261010,1,56100,0,feed,38880,0,65,38880
1791645166,67,1,1354022,20261010,1,56100,0,feed,37080,0,65,37080
1791645166,67,0,1358806,20261010,1,53723,0,feed,36900,0,65,36900
1791645166,67,1,1367072,20261010,26,15095,486,feed,36300,25,65,35280
1791645166,68,0,1267491,20261010,32,425,-56,feed,36780,31,59,35760
1791645166,68,0,1268126,20261010,2,9806,62,feed,39300,1,59,39300
1791645166,68,1,1276087,20261010,22,9908,46,feed,36720,21,61,35700
1791645166,68,1,1338346,20261010,72,9978,157,feed,36600,71,117,33900
1791645166,68,0,1357240,20261010,1,53340,0,feed,39480,0,118,39480
1791645166,68,1,1360449,20261010,1,11904,0,feed,39300,0,61,39300
1791645166,68,0,1361561,20261010,2,9806,53,feed,38400,1,87,38400
1791645166,68,0,1362237,20261010,32,9776,29,feed,36720,31,118,35880
1791645166,68,0,1362553,20261010,85,46713,383,feed,36360,84,87,33120
1791645166,68,1,1363922,20261010,1,11904,0,feed,37500,0,117,37500
1791645166,68,1,1366205,20261010,70,9938,-1,feed,36780,69,83,33720
1791645166,68,1,1367526,20261010,1,57511,0,feed,37320,0,83,37320
1791645166,68,0,1368298,20261010,2,9806,37,feed,40200,1,87,40200
1791645166,68,1,1369065,20261010,25,49993,-13,feed,36780,24,83,35520
1791645166,68,0,1369354,20261010,2,9806,75,feed,36600,1,87,36600
1791645166,68,1,1369397,20261010,1,57511,0,feed,39120,0,83,39120
1791645166,68,0,1369417,20261010,39,9881,565,feed,36180,38,87,34920
1791645166,686,1,1173939,20261010,1,56939,0,feed,38520,0,4,38520
1791645166,686,0,1331301,20261010,1,47705,0,feed,36780,0,3,36780
1791645166,686,1,1334176,20261010,3,57622,-235,feed,37140,2,4,35940
1791645166,686,0,1335132,20261010,1,47705,0,feed,39480,0,3,39480
1791645166,7,0,1356122,20261010,1,51779,0,feed,39540,0,64,39540
1791645166,7,0,1358043,20261010,42,19302,175,feed,36660,41,64,34140
1791645166,7,1,1358086,20261010,1,17679,0,feed,39000,0,60,39000
1791645166,7,1,1358696,20261010,1,17679,0,feed,37200,0,60,37200
1791645166,7,0,1358768,20261010,3,19437,673,feed,36120,2,64,35940
1791645166,7,1,1370938,20261010,24,56706,-6,feed,,,,
1791645166,7,0,1371189,20261010,1,51779,0,feed,,,,
1791645166,7,1,1371241,20261010,50,52739,114,feed,,,,
1791645166,71,1,1265278,20261010,2,5112,86,feed,36660,1,60,36600
1791645166,71,1,1266244,20261010,1,51291,0,feed,38400,0,60,38400
1791645166,71,0,1279561,20261010,33,56326,167,feed,36540,32,58,35220
1791645166,71,0,1361532,20261010,1,9715,0,feed,38520,0,75,38520
1791645166,71,1,1361680,20261010,40,11904,453,feed,36300,39,74,34740
1791645166,716,0,1136598,20261010,1,50154,0,feed,40200,0,51,40200
1791645166,716,1,1137310,20261010,1,8728,0,feed,38520,0,50,38520
1791645166,716,0,1137760,20261010,1,50154,89,feed,36600,0,51,36600
1791645166,72,1,1369599,20261010,1,13667,0,feed,,,,
1791645166,72,0,1369818,20261010,23,11885,175,feed,,,,
1791645166,72,0,1369892,20261010,1,57615,0,feed,,,,
1791645166,72,0,1369910,20261010,1,57615,464,feed,,,,
1791645166,72,1,1369953,20261010,50,57617,507,feed,,,,
1791645166,72,1,1371008,20261010,1,13667,1176,feed,,,,
1791645166,72,1,1371342,20261010,1,13667,0,feed,,,,
1791645166,721,1,1176660,20261010,1,9522,0,feed,39540,0,41,39540
1791645166,721,0,1177083,20261010,1,51845,0,feed,39780,0,43,39780
1791645166,721,0,1178136,20261010,19,9493,67,feed,36720,18,43,36180
1791645166,721,0,1182375,20261010,1,51845,0,feed,37980,0,43,37980
1791645166,721,1,1182485,20261010,8,9534,487,feed,36300,7,41,36000
1791645166,721,1,1182616,20261010,1,9522,0,feed,37800,0,41,37800
1791645166,722,0,1177188,20261010,1,56827,0,feed,39720,0,11,39720
1791645166,722,1,1177375,20261010,1,11486,192,feed,36720,0,14,36720
1791645166,722,0,1179839,20261010,6,17045,269,feed,36480,5,11,36120
1791645166,722,1,1180262,20261010,1,57636,0,feed,37200,0,53,37200
1791645166,722,1,1184312,20261010,1,11486,0,feed,40260,0,14,40260
1791645166,722,0,1277264,20261010,1,56827,0,feed,37860,0,51,37860
1791645166,723,1,1179682,20261010,33,41934,-6,feed,36780,32,41,35940
1791645166,723,1,1367580,20261010,1,53224,0,feed,39480,0,41,39480
1791645166,723,0,1367911,20261010,1,51845,0,feed,37860,0,39,37860
1791645166,724,0,1131044,20261010,1,51846,0,feed,36900,0,33,36900
1791645166,724,1,1131116,20261010,1,53222,0,feed,39720,0,35,39720
1791645166,724,0,1132480,20261010,1,51846,0,feed,38700,0,33,38700
1791645166,724,1,1133289,20261010,1,53222,0,feed,37020,0,35,37020
1791645166,724,1,1133436,20261010,18,8744,99,feed,36660,17,35,36120
1791645166,724,0,1133511,20261010,1,51846,0,feed,37800,0,33,37800
1791645166,724,1,1135278,20261010,1,53222,0,feed,38820,0,35,38820
1791645166,724,0,1135959,20261010,33,53222,523,feed,36240,32,33,35100
1791645166,724,1,1285846,20261010,1,53222,0,feed,37920,0,35,37920
1791645166,724,0,1286753,20261010,24,42063,3,feed,36780,23,33,36000
1791645166,724,0,1288643,20261010,1,51846,0,feed,39600,0,33,39600
1791645166,725,0,1311325,20261010,1,57580,0,feed,37560,0,50,37560
1791645166,725,1,1312187,20261010,1,56775,0,feed,36900,0,49,36900
1791645166,74,1,1355811,20261010,1,13667,0,feed,39720,0,61,39720
1791645166,74,0,1356210,20261010,35,11837,176,feed,36660,34,59,34560
1791645166,74,1,1356281,20261010,58,56128,142,feed,36660,57,61,33420
1791645166,74,1,1356552,20261010,1,13667,0,feed,38820,0,61,38820
1791645166,74,0,1358216,20261010,1,51546,0,feed,39000,0,59,39000
1791645166,74,1,1358952,20261010,1,13667,0,feed,37020,0,61,37020
1791645166,74,1,1359327,20261010,1,13667,0,feed,37920,0,61,37920
1791645166,74,1,1359455,20261010,24,11859,20,feed,36780,23,61,35220
1791645166,74,0,1359642,20261010,2,48896,150,feed,36720,1,59,36360
1791645166,74,0,1359843,20261010,1,51546,0,feed,38160,0,59,38160
1791645166,74,0,1359986,20261010,1,51546,0,feed,39840,0,59,39840
1791645166,80,0,1304273,20261010,2,51131,13,feed,36780,1,42,36720
1791645166,80,0,1304923,20261010,1,49979,0,feed,40320,0,42,40320
1791645166,80,1,1311988,20261010,1,50689,0,feed,38520,0,38,38520
1791645166,80,1,1313955,20261010,1,50689,0,feed,40320,0,38,40320
1791645166,80,0,1317031,20261010,1,49979,0,feed,38520,0,42,38520
1791645166,80,1,1317260,20261010,1,50689,24,feed,36720,0,38,36720
1791645166,802,1,1194600,20261010,1,42622,0,feed,37320,0,45,37320
1791645166,802,0,1203617,20261010,11,42440,150,feed,36600,10,46,36240
1791645166,802,0,1206156,20261010,1,57169,0,feed,39840,0,46,39840
1791645166,804,0,1261353,20261010,1,14153,0,feed,39600,0,32,39600
1791645166,804,0,1261518,20261010,26,57048,-36,feed,36780,25,32,36000
1791645166,804,1,1327423,20261010,1,14727,0,feed,37800,0,35,37800
1791645166,805,1,1211916,20261010,1,50716,0,feed,40080,0,72,40080
1791645166,805,0,1214107,20261010,7,40868,85,feed,36660,6,72,36240
1791645166,805,1,1216405,20261010,3,48739,80,feed,36720,2,72,36540
1791645166,805,0,1218306,20261010,1,56775,0,feed,39840,0,72,39840
1791645166,827,0,1313897,20261010,1,42837,0,feed,36780,0,51,36780
1791645166,827,1,1316512,20261010,1,57167,0,feed,36840,0,51,36840
1791645166,83,0,1271792,20261010,4,57343,58,feed,36720,3,44,36540
1791645166,83,1,1351245,20261010,1,52532,0,feed,39480,0,41,39480
1791645166,83,0,1352462,20261010,1,53725,0,feed,40140,0,44,40140
1791645166,83,1,1352733,20261010,1,52532,0,feed,37680,0,41,37680
1791645166,83,1,1353853,20261010,9,53748,385,feed,36360,8,41,35880
1791645166,83,0,1353975,20261010,41,580,203,feed,36540,40,44,34740
1791645166,83,0,1354679,20261010,1,53725,117,feed,38340,0,44,38340
1791645166,87,1,1303596,20261010,2,3948,59,feed,36720,1,70,36660
1791645166,87,1,1304294,20261010,1,57690,0,feed,,,,
1791645166,87,1,1304548,20261010,45,18921,102,feed,36600,44,70,34920
1791645166,87,1,1304765,20261010,1,57690,0,feed,38580,0,70,38580
1791645166,87,0,1349136,20261010,9,13070,266,feed,36480,8,71,36180
1791645166,87,0,1349145,20261010,1,51892,0,feed,37980,0,71,37980
1791645166,87,0,1350438,20261010,67,51370,-40,feed,36780,66,71,34380
1791645166,87,0,1351206,20261010,1,51892,0,feed,39660,0,71,39660
1791645166,888,1,1364198,20261010,1,52563,0,feed,39060,0,10,39060
1791645166,9,1,1356169,20261010,1,51551,0,feed,38160,0,111,38160
1791645166,9,0,1356781,20261010,1,40247,0,feed,40260,0,112,40260
1791645166,9,0,1356953,20261010,89,16463,573,feed,36180,88,112,33060
1791645166,9,1,1365369,20261010,42,15344,318,feed,36480,41,111,34620
1791645166,9,0,1367346,20261010,1,52552,0,feed,38700,0,100,38700
1791645166,9,1,1368666,20261010,1,51551,0,feed,39960,0,96,39960
1791645166,9,0,1368775,20261010,45,3051,293,feed,36480,44,100,35100
1791645166,9,0,1369312,20261010,1,40247,84,feed,36660,0,112,36660
1791645166,9,1,1369376,20261010,2,48896,119,feed,36780,1,96,36420
1791645166,901,1,878377,20261010,3,56336,60,feed,36780,2,20,36600
1791645166,901,0,878829,20261010,5,51435,180,feed,36720,4,20,36240
1791645166,901,0,880630,20261010,15,56330,180,feed,36720,14,20,34800
1791645166,901,1,884878,20261010,20,51405,120,feed,36840,19,20,34440
1791645166,901,0,892140,20261010,1,51405,0,feed,36960,0,20,36960
1791645166,901,1,895137,20261010,13,51417,300,feed,36480,12,20,35160
1791645166,901,1,899933,20261010,9,51413,60,feed,36720,8,20,35880
1791645166,901,0,902485,20261010,10,51430,120,feed,36720,9,20,35520
1791645166,902,1,879540,20261010,14,56039,60,feed,36840,13,24,35220
1791645166,902,1,883019,20261010,1,56026,0,feed,37380,0,24,37380
1791645166,902,1,885492,20261010,18,56043,180,feed,36720,17,24,34500
1791645166,902,1,885862,20261010,2,56027,60,feed,36780,1,24,36660
1791645166,902,0,890337,20261010,15,56009,240,feed,36600,14,24,34860
1791645166,902,0,896279,20261010,3,56336,0,feed,37200,2,24,37020
1791645166,902,1,896452,20261010,7,56032,120,feed,36660,6,24,35940
1791645166,902,0,897826,20261010,11,56005,60,feed,36780,10,24,35580
1791645166,902,0,900029,20261010,22,56016,60,feed,36780,21,24,34140
1791645166,902,0,904850,20261010,6,56338,0,feed,36780,5,24,36300
1791645166,903,0,1265459,20261010,1,57285,0,feed,36900,0,6,36900
1791645166,903,0,1267712,20261010,1,57285,0,feed,38700,0,6,38700
1791645166,903,1,1270755,20261010,1,56874,0,feed,38760,0,6,38760
1791645166,903,1,1271463,20261010,1,56874,0,feed,36960,0,6,36960
1791645166,904,1,1269945,20261010,9,56832,295,feed,36480,8,12,35160
1791645166,904,0,1364902,20261010,1,56830,0,feed,39000,0,13,39000
1791645166,904,0,1366435,20261010,1,56830,0,feed,38100,0,13,38100
1791645166,904,1,1367049,20261010,12,56830,471,feed,36420,11,12,34260
1791645166,904,1,1367138,20261010,6,17781,121,feed,36720,5,12,36060
1791645166,904,0,1367181,20261010,6,48084,378,feed,36420,5,13,35400
1791645166,904,1,1367248,20261010,1,56800,0,feed,38760,0,12,38760
1791645166,904,0,1367284,20261010,1,56830,0,feed,39900,0,13,39900
1791645166,904,1,1367710,20261010,1,56800,0,feed,37860,0,12,37860
1791645166,904,1,1368174,20261010,1,56800,0,feed,36960,0,12,36960
1791645166,904,0,1368242,20261010,1,56830,0,feed,37200,0,13,37200
1791645166,904,1,1368532,20261010,1,56800,0,feed,39660,0,12,39660
1791645166,904,0,1368537,20261010,3,56831,405,feed,36720,2,13,36300
1791645166,904,0,1369368,20261010,13,56800,230,feed,36600,12,13,34500
1791645166,905,0,1343658,20261010,1,52761,0,feed,39300,0,16,39300
1791645166,905,0,1343691,20261010,3,3142,48,feed,36780,2,16,36600
1791645166,905,0,1343737,20261010,1,52761,0,feed,38400,0,16,38400
1791645166,905,0,1344044,20261010,14,57438,241,feed,36600,13,16,34800
1791645166,905,1,1344175,20261010,8,57427,203,feed,36540,7,16,35640
1791645166,905,0,1344523,20261010,1,52761,0,feed,37500,0,16,37500
1791645166,905,1,1344564,20261010,15,52759,-307,feed,36840,14,16,34740
1791645166,905,1,1344709,20261010,1,57441,0,feed,37440,0,16,37440
1791645166,905,1,1344758,20261010,1,57441,0,feed,38340,0,16,38340
1791645166,905,1,1344768,20261010,1,57441,0,feed,40140,0,16,40140
1791645166,905,0,1344881,20261010,1,52761,0,feed,40200,0,16,40200
1791645166,905,0,1344895,20261010,8,57426,125,feed,36660,7,16,35700
1791645166,905,1,1345070,20261010,1,57441,0,feed,39240,0,16,39240
1791645166,905,1,1345461,20261010,3,57437,-10,feed,36780,2,16,36540
1791645166,921,1,1364373,20261010,20,51544,146,feed,36720,19,20,34740
1791645166,921,0,1364514,20261010,19,50013,209,feed,36540,18,20,34560
1791645166,921,0,1364658,20261010,1,51544,0,feed,37200,0,20,37200
1791645166,921,0,1365380,20261010,1,51544,0,feed,39840,0,20,39840
1791645166,921,1,1365393,20261010,1,52531,0,feed,40080,0,20,40080
1791645166,921,1,1365587,20261010,1,52531,0,feed,37380,0,20,37380
1791645166,921,1,1366939,20261010,1,52531,0,feed,38280,0,20,38280
1791645166,921,1,1367427,20261010,1,52531,0,feed,39180,0,20,39180
1791645166,921,0,1368404,20261010,11,17366,176,feed,36600,10,20,35400
1791645166,921,1,1368695,20261010,2,50015,165,feed,36660,1,20,36540
1791645166,921,0,1369292,20261010,3,51514,-52,feed,36780,2,20,36300
1791645166,921,0,1369526,20261010,1,51544,0,feed,38040,0,20,38040
1791645166,922,0,1312366,20261010,32,57455,91,feed,36720,31,35,33360
1791645166,922,0,1312754,20261010,7,57356,174,feed,36660,6,35,36120
1791645166,922,1,1312776,20261010,1,56100,0,feed,39960,0,34,39960
1791645166,922,0,1312840,20261010,1,57314,0,feed,36840,0,35,36840
1791645166,922,0,1312850,20261010,13,51579,19,feed,36720,12,35,35400
1791645166,922,1,1313156,20261010,1,56100,0,feed,36900,0,34,36900
1791645166,922,0,1313529,20261010,1,57314,0,feed,38280,0,35,38280
1791645166,922,1,1313608,20261010,23,57362,235,feed,36540,22,34,34080
1791645166,922,0,1313940,20261010,18,57327,351,feed,36480,17,35,34740
1791645166,922,0,1313960,20261010,1,57314,0,feed,40080,0,35,40080
1791645166,922,1,1314340,20261010,18,16933,33,feed,36780,17,34,34800
1791645166,922,0,1314709,20261010,24,16996,293,feed,36480,23,35,34080
1791645166,922,1,1314975,20261010,33,57353,449,feed,36300,32,34,32640
1791645166,922,1,1315357,20261010,4,57417,214,feed,36540,3,34,36240
1791645166,922,1,1315993,20261010,25,16871,659,feed,36120,24,34,33360
1791645166,922,1,1316048,20261010,1,56100,0,feed,38760,0,34,38760
1791645166,922,1,1316271,20261010,1,56100,0,feed,39360,0,34,39360
1791645166,922,1,1316893,20261010,1,56100,0,feed,38160,0,34,38160
1791645166,922,0,1317158,20261010,1,57314,0,feed,37560,0,35,37560
1791645166,922,0,1317301,20261010,1,57314,0,feed,38880,0,35,38880
1791645166,922,1,1317332,20261010,11,17005,23,feed,36720,10,34,35520
1791645166,922,0,1317653,20261010,1,57314,0,feed,39480,0,35,39480
1791645166,923,1,1262643,20261010,6,56528,125,feed,36720,5,23,36240
1791645166,923,1,1262872,20261010,1,57278,50,feed,,,,
1791645166,923,0,1263288,20261010,19,9263,290,feed,36480,18,22,34920
1791645166,923,0,1263416,20261010,1,56897,0,feed,37980,0,22,37980
1791645166,923,0,1263432,20261010,1,56897,0,feed,37260,0,22,37260
1791645166,923,0,1266334,20261010,1,56897,0,feed,39420,0,22,39420
1791645166,923,1,1268753,20261010,1,57278,0,feed,37680,0,23,37680
1791645166,923,0,1269485,20261010,1,56897,0,feed,38700,0,22,38700
1791645166,923,1,1269715,20261010,1,57278,0,feed,40200,0,23,40200
1791645166,923,0,1270218,20261010,2,17897,85,feed,,,,
1791645166,923,0,1270746,20261010,21,56826,1107,feed,,,,
1791645166,923,1,1270854,20261010,1,57278,0,feed,,,,
1791645166,923,0,1270912,20261010,9,17840,160,feed,36600,8,22,35820
1791645166,923,1,1271303,20261010,22,17912,184,feed,36660,21,23,34560
1791645166,923,1,1271890,20261010,1,57278,0,feed,,,,
1791645166,923,1,1272743,20261010,14,17839,-56,feed,36780,13,23,35520
1791645166,923,1,1272931,20261010,1,57278,0,feed,38340,0,23,38340
1791645166,923,0,1287651,20261010,1,56897,0,feed,,,,
1791645166,924,1,1264360,20261010,1,56823,0,feed,,,,
1791645166,924,1,1266858,20261010,22,56910,272,feed,,,,
1791645166,924,1,1267505,20261010,16,17905,-13,feed,,,,
1791645166,924,0,1268293,20261010,1,56873,0,feed,,,,
1791645166,924,1,1268823,20261010,27,80139,364,feed,,,,
1791645166,924,0,1269428,20261010,39,9089,-87,feed,,,,
1791645166,924,1,1270873,20261010,37,449,182,feed,,,,
1791645166,924,1,1271097,20261010,7,9611,361,feed,,,,
1791645166,924,1,1271691,20261010,1,56823,0,feed,,,,
1791645166,924,0,1272595,20261010,16,56925,63,feed,,,,
1791645166,924,0,1273992,20261010,6,56922,488,feed,,,,
1791645166,924,0,1274400,20261010,1,56873,0,feed,,,,
1791645166,924,0,1275713,20261010,4,47447,97,feed,,,,
1791645166,924,1,1275735,20261010,40,4530,492,feed,,,,
1791645166,924,0,1275869,20261010,32,56950,57,feed,,,,
1791645166,924,0,1275955,20261010,1,56873,0,feed,,,,
1791645166,924,0,1276460,20261010,20,56928,207,feed,,,,
1791645166,924,0,1277611,20261010,1,56873,0,feed,,,,
1791645166,924,1,1279871,20261010,1,56823,0,feed,,,,
1791645166,924,1,1280239,20261010,2,9087,150,feed,,,,
1791645166,924,0,1284375,20261010,1,56873,0,feed,,,,
1791645166,924,0,1284758,20261010,25,17903,216,feed,,,,
1791645166,924,0,1285882,20261010,1,56873,0,feed,,,,
1791645166,924,1,1287535,20261010,1,56823,0,feed,,,,
1791645166,924,1,1288579,20261010,1,56823,0,feed,,,,
1791645166,925,0,1263042,20261010,22,17947,27,feed,36720,21,35,34740
1791645166,925,0,1267934,20261010,1,53703,0,feed,36900,0,35,36900
1791645166,925,0,1275511,20261010,15,50195,71,feed,36720,14,35,35460
1791645166,925,1,1332193,20261010,1,57541,0,feed,39420,0,35,39420
1791645166,925,1,1332273,20261010,1,57541,0,feed,40080,0,35,40080
1791645166,925,1,1333381,20261010,8,16116,289,feed,36480,7,35,35820
1791645166,925,1,1333629,20261010,30,52177,221,feed,36600,29,35,33660
1791645166,925,0,1333688,20261010,1,53703,0,feed,39780,0,35,39780
1791645166,925,1,1333705,20261010,1,57541,0,feed,38700,0,35,38700
1791645166,925,1,1334007,20261010,18,17932,-104,feed,36780,17,35,35100
1791645166,925,0,1334013,20261010,1,53703,0,feed,39060,0,35,39060
1791645166,925,0,1334530,20261010,1,53703,0,feed,38340,0,35,38340
1791645166,925,1,1335097,20261010,1,57541,0,feed,37260,0,35,37260
1791645166,925,1,1335120,20261010,3,15884,-42,feed,36780,2,35,36540
1791645166,925,0,1335209,20261010,30,16142,-94,feed,36840,29,35,34080
1791645166,925,1,1335236,20261010,23,1111,150,feed,36660,22,35,34380
1791645166,925,1,1335673,20261010,1,57541,0,feed,37980,0,35,37980
1791645166,925,0,1335776,20261010,8,57460,103,feed,36720,7,35,36180
1791645166,925,0,1335789,20261010,35,57541,154,feed,36600,34,35,33360
1791645166,925,0,1335828,20261010,1,53703,0,feed,37620,0,35,37620
1791645166,94,0,1177607,20261010,1,51200,0,feed,38580,0,15,38580
1791645166,94,1,1178882,20261010,1,56100,0,feed,39240,0,16,39240
1791645166,94,1,1184191,20261010,8,17894,208,feed,36900,7,16,35640
1791645166,94,0,1187573,20261010,1,51200,0,feed,36780,0,15,36780
1791645166,94,1,1370731,20261010,1,56100,0,feed,,,,
1791646073,10,0,1369646,20261010,1,19337,0,feed,,,,
1791646073,10,0,1369885,20261010,1,19337,37,feed,,,,
1791646073,10,0,1369911,20261010,1,19337,0,feed,,,,
1791646073,10,1,1369914,20261010,33,17200,-13,feed,,,,
1791646073,10,0,1370109,20261010,55,40706,542,feed,,,,
1791646073,10,1,1370237,20261010,1,57165,0,feed,,,,
1791646073,10,0,1370521,20261010,40,40887,10,feed,,,,
1791646073,10,1,1370526,20261010,55,19308,89,feed,,,,
1791646073,10,1,1370576,20261010,1,57165,0,feed,,,,
1791646073,10,1,1370646,20261010,1,57448,0,feed,,,,
1791646073,10,1,1370672,20261010,1,57165,0,feed,,,,
1791646073,10,1,1370768,20261010,2,49384,-9,feed,,,,
1791646073,10,1,1370830,20261010,21,14232,33,feed,,,,
1791646073,10,1,1370880,20261010,1,57165,0,feed,,,,
1791646073,10,0,1370908,20261010,1,19337,0,feed,,,,
1791646073,10,0,1371047,20261010,1,19337,0,feed,,,,
1791646073,10,0,1371102,20261010,9,17998,136,feed,,,,
1791646073,10,0,1371248,20261010,18,17206,145,feed,,,,
1791646073,11,1,1317761,20261010,1,49304,0,feed,37680,0,79,37680
1791646073,11,1,1318806,20261010,78,53544,250,feed,37440,77,79,34200
1791646073,11,1,1319308,20261010,1,49304,0,feed,38580,0,79,38580
1791646073,11,1,1319373,20261010,1,49304,0,feed,41220,0,79,41220
1791646073,11,1,1319883,20261010,57,17712,105,feed,37560,56,79,35040
1791646073,11,0,1364237,20261010,66,14621,159,feed,37500,65,80,34680
1791646073,11,0,1364644,20261010,1,51828,0,feed,40980,0,80,40980
1791646073,11,0,1364979,20261010,1,51828,0,feed,39180,0,80,39180
1791646073,11,0,1366848,20261010,1,51828,0,feed,38280,0,80,38280
1791646073,11,1,1369025,20261010,42,17980,79,feed,37680,41,79,35940
1791646073,11,0,1369133,20261010,8,17741,-25,feed,37680,7,80,37380
1791646073,11,0,1369309,20261010,1,51828,0,feed,40080,0,80,40080
1791646073,11,1,1370548,20261010,1,49304,0,feed,,,,
1791646073,11,1,1370738,20261010,1,49304,0,feed,,,,
1791646073,11,0,1370855,20261010,35,1920,-108,feed,,,,
1791646073,11,0,1371234,20261010,45,14691,58,feed,,,,
1791646073,14,0,1331035,20261010,1,4345,0,feed,,,,
1791646073,14,0,1331975,20261010,68,8344,457,feed,37200,67,80,33960
1791646073,14,0,1332739,20261010,5,51885,94,feed,37560,4,80,37500
1791646073,14,1,1369747,20261010,38,17884,419,feed,,,,
1791646073,14,1,1369869,20261010,1,50153,0,feed,,,,
1791646073,14,1,1370517,20261010,1,50153,0,feed,,,,
1791646073,14,0,1370547,20261010,52,16336,-115,feed,,,,
1791646073,14,1,1370679,20261010,1,50153,0,feed,,,,
1791646073,14,1,1370737,20261010,24,8305,137,feed,,,,
1791646073,14,0,1370769,20261010,1,4345,0,feed,,,,
1791646073,14,0,1371192,20261010,1,4345,0,feed,,,,
1791646073,14,1,1371230,20261010,56,15607,740,feed,,,,
1791646073,14,0,1371277,20261010,30,15618,211,feed,,,,
1791646073,17,0,1132652,20261010,62,12822,439,feed,37200,61,63,33360
1791646073,17,0,1135251,20261010,40,1911,356,feed,37320,39,63,35040
1791646073,17,0,1293527,20261010,15,5781,-36,feed,37680,14,51,36840
1791646073,17,1,1293534,20261010,1,56800,0,feed,41040,0,49,41040
1791646073,17,0,1307520,20261010,1,57458,0,feed,38640,0,51,38640
1791646073,17,1,1318157,20261010,45,4680,427,feed,37260,44,65,34440
1791646073,17,1,1318184,20261010,1,17192,0,feed,38040,0,65,38040
1791646073,17,1,1318231,20261010,1,17192,0,feed,40980,0,65,40980
1791646073,17,1,1319579,20261010,1,17192,0,feed,39240,0,65,39240
1791646073,17,0,1321408,20261010,1,57458,0,feed,40380,0,51,40380
1791646073,17,0,1324198,20261010,1,57458,0,feed,39480,0,63,39480
1791646073,17,0,1335074,20261010,27,4862,341,feed,37320,26,63,35940
1791646073,17,1,1335256,20261010,19,17976,351,feed,37320,18,65,36240
1791646073,17,0,1369114,20261010,1,57458,0,feed,37740,0,63,37740
1791646073,18,0,1242780,20261010,1,1754,0,feed,41040,0,42,41040
1791646073,18,0,1361203,20261010,25,1874,230,feed,37440,24,51,36120
1791646073,18,0,1361386,20261010,74,1911,45,feed,37620,73,84,34320
1791646073,18,0,1361533,20261010,1,51852,0,feed,41100,0,51,41100
1791646073,18,0,1362100,20261010,1,57131,391,feed,37260,0,84,37260
1791646073,18,1,1364423,20261010,1,56800,0,feed,40620,0,83,40620
1791646073,18,1,1364463,20261010,1,56800,0,feed,38820,0,83,38820
1791646073,18,1,1365481,20261010,1,56800,0,feed,40020,0,43,40020
1791646073,18,1,1366191,20261010,16,14850,148,feed,37500,15,52,36120
1791646073,18,0,1367343,20261010,1,57131,0,feed,40800,0,84,40800
1791646073,18,0,1367567,20261010,1,51852,0,feed,39360,0,51,39360
1791646073,18,1,1367572,20261010,79,57127,-37,feed,37680,78,83,33480
1791646073,18,1,1367713,20261010,1,56800,0,feed,41160,0,52,41160
1791646073,18,1,1367772,20261010,6,17982,225,feed,37500,5,83,37020
1791646073,18,0,1368106,20261010,49,17998,200,feed,37440,48,51,34320
1791646073,18,1,1368112,20261010,1,56800,0,feed,39420,0,52,39420
1791646073,18,0,1368244,20261010,42,1446,215,feed,37440,41,84,36060
1791646073,18,1,1368473,20261010,52,51852,103,feed,37560,51,52,34380
1791646073,18,0,1368677,20261010,1,57131,0,feed,39060,0,84,39060
1791646073,18,0,1368708,20261010,2,1435,107,feed,37560,1,51,37560
1791646073,18,1,1368807,20261010,37,1342,-40,feed,37680,36,83,35280
1791646073,18,1,1369422,20261010,1,56800,0,feed,37920,0,52,37920
1791646073,18,0,1370895,20261010,1,1754,0,feed,,,,
1791646073,2,1,1263672,20261010,16,15630,110,feed,37620,15,34,36600
1791646073,2,1,1269758,20261010,1,50670,0,feed,40860,0,34,40860
1791646073,2,1,1272511,20261010,1,50670,0,feed,38400,0,34,38400
1791646073,2,0,1318538,20261010,1,57469,98,feed,37560,0,34,37560
1791646073,2,0,1319257,20261010,1,57469,0,feed,39900,0,34,39900
1791646073,2,0,1319772,20261010,30,13221,88,feed,37560,29,34,35820
1791646073,2,0,1331198,20261010,1,57469,0,feed,38160,0,41,38160
1791646073,2,0,1331521,20261010,1,57469,0,feed,39360,0,41,39360
1791646073,2,0,1333280,20261010,17,80925,2,feed,37680,16,41,36720
1791646073,2,1,1360898,20261010,36,80928,322,feed,37320,35,42,35100
1791646073,2,1,1361769,20261010,1,57618,0,feed,39600,0,42,39600
1791646073,2,0,1362327,20261010,1,57469,0,feed,40500,0,41,40500
1791646073,2,1,1362375,20261010,1,57618,0,feed,40800,0,42,40800
1791646073,2,0,1363071,20261010,1,57469,0,feed,38760,0,34,38760
1791646073,2,1,1363201,20261010,12,13207,59,feed,37680,11,42,36840
1791646073,2,1,1367288,20261010,1,50670,0,feed,39660,0,34,39660
1791646073,2,0,1371314,20261010,1,57469,0,feed,,,,
1791646073,2,1,1371362,20261010,1,57618,0,feed,,,,
1791646073,215,1,1262227,20261010,1,5020,0,feed,40560,0,27,40560
1791646073,215,1,1267920,20261010,11,57714,170,feed,37500,10,27,36960
1791646073,215,0,1272700,20261010,1,49979,0,feed,38640,0,30,38640
1791646073,219,0,1303715,20261010,1,57340,0,feed,40560,0,74,40560
1791646073,219,0,1305109,20261010,17,57434,84,feed,37560,16,74,36960
1791646073,219,1,1311603,20261010,20,7727,-36,feed,37740,19,71,36900
1791646073,219,1,1311716,20261010,1,5020,0,feed,40500,0,71,40500
1791646073,22,1,1356264,20261010,1,56825,0,feed,37800,0,84,37800
1791646073,22,1,1357463,20261010,57,19501,-70,feed,37680,56,84,34200
1791646073,22,1,1357886,20261010,22,11641,20,feed,37800,21,87,36600
1791646073,22,0,1364420,20261010,55,2875,49,feed,37620,54,86,34740
1791646073,22,0,1366893,20261010,1,4558,0,feed,39540,0,82,39540
1791646073,22,0,1367506,20261010,1,4558,0,feed,40680,0,82,40680
1791646073,22,1,1367942,20261010,35,18007,119,feed,37560,34,84,35460
1791646073,22,0,1367978,20261010,1,4558,513,feed,37140,0,82,37140
1791646073,22,1,1368145,20261010,1,56825,0,feed,39060,0,84,39060
1791646073,22,0,1368193,20261010,70,11412,360,feed,37320,69,82,33540
1791646073,22,1,1368736,20261010,1,56825,0,feed,40200,0,87,40200
1791646073,22,0,1369010,20261010,1,4558,0,feed,38340,0,86,38340
1791646073,22,0,1369396,20261010,37,15625,-12,feed,37680,36,82,35940
1791646073,223,0,1361366,20261010,1,57691,6,feed,38760,0,33,38760
1791646073,223,1,1361640,20261010,14,81096,111,feed,37620,13,34,36660
1791646073,223,0,1362377,20261010,1,57691,0,feed,40560,0,33,40560
1791646073,223,1,1363596,20261010,1,5020,0,feed,38460,0,34,38460
1791646073,225,1,1132076,20261010,1,45174,0,feed,39480,0,20,39480
1791646073,225,0,1272205,20261010,1,52530,0,feed,37860,0,20,37860
1791646073,227,0,1271557,20261010,1,52530,0,feed,37800,0,47,37800
1791646073,227,1,1275187,20261010,1,45174,0,feed,39480,0,45,39480
1791646073,25,0,1369654,20261010,7,17996,99,feed,,,,
1791646073,25,1,1369801,20261010,1,57166,0,feed,,,,
1791646073,25,0,1370343,20261010,89,13923,212,feed,,,,
1791646073,27,1,1348897,20261010,1,51367,0,feed,38820,0,21,38820
1791646073,27,0,1369019,20261010,1,52857,0,feed,39600,0,23,39600
1791646073,3,1,1176596,20261010,1,56100,0,feed,39660,0,65,39660
1791646073,3,0,1177964,20261010,2,16406,-59,feed,37740,1,64,37380
1791646073,3,0,1179459,20261010,47,5560,294,feed,37380,46,65,34740
1791646073,3,0,1182580,20261010,1,54097,0,feed,,,,
1791646073,3,1,1188234,20261010,61,16330,832,feed,36840,60,64,33720
1791646073,3,0,1321511,20261010,11,19322,202,feed,37440,10,65,36480
1791646073,3,1,1323326,20261010,1,56100,0,feed,37860,0,65,37860
1791646073,3,1,1353681,20261010,1,56100,0,feed,39000,0,64,39000
1791646073,3,0,1367062,20261010,1,54097,0,feed,40980,0,64,40980
1791646073,3,0,1367950,20261010,1,54097,0,feed,39180,0,64,39180
1791646073,3,1,1368060,20261010,1,56100,0,feed,40800,0,64,40800
1791646073,3,0,1368292,20261010,1,54097,0,feed,40080,0,65,40080
1791646073,3,0,1368676,20261010,26,911,116,feed,37560,25,64,35640
1791646073,3,1,1368808,20261010,25,51109,161,feed,37500,24,65,36060
1791646073,3,1,1369002,20261010,62,16330,-74,feed,37740,61,65,34320
1791646073,3,0,1370816,20261010,59,49450,613,feed,,,,
1791646073,3,1,1371127,20261010,44,16094,109,feed,,,,
1791646073,30,0,1212297,20261010,44,53789,47,feed,37500,43,48,35640
1791646073,30,1,1213643,20261010,1,15882,0,feed,39960,0,44,39960
1791646073,30,1,1215127,20261010,1,15882,0,feed,38160,0,44,38160
1791646073,30,0,1215332,20261010,1,40238,0,feed,39240,0,48,39240
1791646073,30,1,1215907,20261010,16,42328,134,feed,37560,15,44,36360
1791646073,30,0,1218097,20261010,4,52155,143,feed,37500,3,48,37440
1791646073,30,0,1218174,20261010,1,40238,0,feed,41040,0,48,41040
1791646073,32,0,1331162,20261010,1,50155,0,feed,39300,0,59,39300
1791646073,32,0,1331630,20261010,18,12761,213,feed,37440,17,59,36900
1791646073,32,0,1331752,20261010,1,50155,0,feed,38100,0,59,38100
1791646073,32,1,1364397,20261010,1,57685,0,feed,39780,0,61,39780
1791646073,32,1,1365784,20261010,33,42202,226,feed,37440,32,61,36180
1791646073,32,1,1366244,20261010,1,57685,0,feed,40980,0,61,40980
1791646073,32,1,1366726,20261010,1,57685,0,feed,37980,0,61,37980
1791646073,32,0,1368353,20261010,1,50155,0,feed,40500,0,59,40500
1791646073,323,0,1131075,20261010,1,51116,0,feed,38700,0,23,38700
1791646073,323,0,1132664,20261010,17,57037,8,feed,37680,16,23,36900
1791646073,323,1,1133939,20261010,1,57508,0,feed,38100,0,25,38100
1791646073,323,0,1134184,20261010,1,51116,0,feed,40500,0,23,40500
1791646073,323,1,1135252,20261010,1,57508,0,feed,39900,0,25,39900
1791646073,345,0,1132499,20261010,1,56879,0,feed,39600,0,15,39600
1791646073,345,1,1134028,20261010,1,57508,0,feed,39780,0,15,39780
1791646073,345,1,1134334,20261010,8,56939,58,feed,38100,7,15,36120
1791646073,345,0,1136447,20261010,10,416,269,feed,37380,9,15,36000
1791646073,36,0,1177875,20261010,1,57537,0,feed,38340,0,53,38340
1791646073,36,0,1182049,20261010,1,57537,0,feed,40080,0,53,40080
1791646073,36,1,1219464,20261010,1,50160,0,feed,40620,0,50,40620
1791646073,36,1,1219584,20261010,16,6383,-9,feed,37680,15,50,37020
1791646073,36,1,1363055,20261010,1,50160,0,feed,38820,0,50,38820
1791646073,36,0,1368723,20261010,23,6137,113,feed,37620,22,53,36600
1791646073,38,1,1350025,20261010,1,16494,200,feed,37440,0,104,37440
1791646073,38,0,1350168,20261010,58,50109,93,feed,37620,57,108,35340
1791646073,38,1,1351767,20261010,83,3606,263,feed,37380,82,104,33840
1791646073,38,1,1352194,20261010,45,3523,84,feed,37560,44,107,35460
1791646073,38,0,1352376,20261010,1,48213,0,feed,38880,0,108,38880
1791646073,38,1,1353069,20261010,1,42032,0,feed,39060,0,107,39060
1791646073,38,0,1353258,20261010,1,48213,0,feed,40680,0,109,40680
1791646073,38,1,1353575,20261010,1,16494,0,feed,40980,0,104,40980
1791646073,38,0,1355235,20261010,7,81108,248,feed,37440,6,109,37140
1791646073,38,0,1369308,20261010,97,12537,91,feed,37560,96,109,33540
1791646073,4,1,1131376,20261010,1,17971,0,feed,40140,0,50,40140
1791646073,4,1,1134737,20261010,1,17971,0,feed,38340,0,50,38340
1791646073,4,0,1134761,20261010,53,17947,-76,feed,37680,52,89,34920
1791646073,4,0,1157675,20261010,40,173,29,feed,37620,39,53,35640
1791646073,4,0,1358610,20261010,1,50231,0,feed,39180,0,53,39180
1791646073,4,1,1358624,20261010,13,106,124,feed,37560,12,50,36540
1791646073,4,1,1358635,20261010,1,14153,0,feed,39540,0,90,39540
1791646073,4,0,1358977,20261010,1,50231,0,feed,40260,0,89,40260
1791646073,4,0,1359163,20261010,6,42086,-55,feed,37680,5,53,37440
1791646073,4,1,1359241,20261010,35,17916,282,feed,37380,34,90,35940
1791646073,4,0,1359283,20261010,22,1005,56,feed,37620,21,89,36720
1791646073,4,0,1359298,20261010,1,50231,0,feed,38520,0,89,38520
1791646073,4,1,1359333,20261010,62,2856,449,feed,37200,61,90,34200
1791646073,4,1,1360613,20261010,43,51869,466,feed,37200,42,50,34800
1791646073,4,1,1369455,20261010,1,14153,0,feed,37740,0,90,37740
1791646073,4,0,1371263,20261010,1,50231,0,feed,,,,
1791646073,46,1,1267727,20261010,24,51571,148,feed,37500,23,59,36840
1791646073,46,0,1269129,20261010,1,220,0,feed,39660,0,62,39660
1791646073,46,1,1278614,20261010,1,51550,0,feed,38640,0,59,38640
1791646073,46,0,1281255,20261010,45,17649,315,feed,37380,44,62,36060
1791646073,48,0,1352138,20261010,4,19296,1137,feed,36420,3,61,36300
1791646073,48,1,1354633,20261010,,,,canceled,,,,
1791646073,48,1,1355494,20261010,1,50152,0,feed,40140,0,61,40140
1791646073,48,0,1368254,20261010,1,19301,0,feed,39900,0,61,39900
1791646073,48,1,1368493,20261010,35,52155,103,feed,37560,34,61,36540
1791646073,5,1,1365834,20261010,1,51846,0,feed,39240,0,80,39240
1791646073,5,0,1366768,20261010,1,51212,0,feed,40620,0,81,40620
1791646073,5,1,1367449,20261010,44,17905,393,feed,37260,43,80,35640
1791646073,5,0,1367672,20261010,18,797,5,feed,37740,17,81,37080
1791646073,515,0,1349358,20261010,1,53704,0,feed,38460,0,49,38460
1791646073,515,0,1349655,20261010,1,53704,0,feed,41100,0,49,41100
1791646073,515,1,1349689,20261010,1,56877,0,feed,38760,0,49,38760
1791646073,515,1,1350002,20261010,48,4366,101,feed,37560,47,49,36120
1791646073,515,0,1350063,20261010,31,657,155,feed,37500,30,49,36660
1791646073,515,1,1350932,20261010,1,56877,0,feed,40560,0,49,40560
1791646073,515,0,1352352,20261010,1,53704,0,feed,39360,0,49,39360
1791646073,515,1,1352930,20261010,1,56877,0,feed,39660,0,49,39660
1791646073,515,0,1354355,20261010,2,44199,59,feed,37620,1,49,37560
1791646073,515,1,1355479,20261010,21,720,54,feed,37620,20,49,37020
1791646073,515,1,1358475,20261010,1,56877,0,feed,37920,0,49,37920
1791646073,515,0,1358814,20261010,1,53704,0,feed,40200,0,49,40200
1791646073,534,1,1343993,20261010,1,51824,0,feed,38700,0,32,38700
1791646073,534,0,1344918,20261010,1,56725,0,feed,38820,0,35,38820
1791646073,534,0,1345050,20261010,13,2092,222,feed,37440,12,35,37020
1791646073,534,0,1345183,20261010,1,56725,0,feed,40620,0,35,40620
1791646073,534,1,1345270,20261010,13,41217,85,feed,37560,12,32,36900
1791646073,534,1,1345834,20261010,1,51824,0,feed,40500,0,32,40500
1791646073,538,0,1131655,20261010,1,53704,0,feed,39600,0,42,39600
1791646073,538,0,1133577,20261010,1,53704,112,feed,37800,0,42,37800
1791646073,538,1,1318205,20261010,36,50603,601,feed,37020,35,40,35280
1791646073,538,1,1318652,20261010,1,56880,0,feed,40680,0,40,40680
1791646073,538,1,1319593,20261010,14,43762,112,feed,37560,13,40,37080
1791646073,539,1,1137113,20261010,1,56880,0,feed,39180,0,38,39180
1791646073,539,0,1137228,20261010,1,56725,0,feed,40320,0,41,40320
1791646073,539,1,877944,20261010,1,56880,0,feed,40980,0,38,40980
1791646073,539,0,878943,20261010,1,56725,0,feed,38520,0,41,38520
1791646073,539,0,887627,20261010,17,43666,380,feed,37260,16,41,36720
1791646073,54,1,1131070,20261010,1,56100,0,feed,39000,0,27,39000
1791646073,54,0,1346021,20261010,33,80939,49,feed,37620,32,46,34920
1791646073,54,0,1346151,20261010,9,13143,93,feed,37620,8,46,36660
1791646073,54,1,1346284,20261010,1,42319,0,feed,39960,0,47,39960
1791646073,54,1,1346741,20261010,32,11698,447,feed,37200,31,47,34560
1791646073,54,1,1346861,20261010,1,42319,0,feed,38160,0,47,38160
1791646073,54,0,1346895,20261010,1,56875,0,feed,40260,0,46,40260
1791646073,54,0,1347096,20261010,1,56875,0,feed,38460,0,46,38460
1791646073,54,1,1347277,20261010,1,56100,0,feed,40800,0,27,40800
1791646073,54,0,1347392,20261010,19,10236,218,feed,37500,18,25,35760
1791646073,54,1,1348472,20261010,21,48548,170,feed,37560,20,27,35400
1791646073,54,0,1348563,20261010,2,41259,71,feed,37620,1,25,37560
1791646073,54,1,1352766,20261010,5,11863,93,feed,37620,4,27,37200
1791646073,54,0,1358498,20261010,1,56875,0,feed,39360,0,25,39360
1791646073,54,1,1359691,20261010,14,81104,108,feed,37680,13,47,36360
1791646073,54,0,1360107,20261010,1,56875,0,feed,41160,0,25,41160
1791646073,540,0,1135141,20261010,34,1943,159,feed,37500,33,51,36180
1791646073,540,0,1137714,20261010,1,53052,0,feed,39780,0,51,39780
1791646073,540,1,880679,20261010,1,56879,86,feed,37560,0,48,37560
1791646073,540,1,897465,20261010,1,56879,0,feed,39360,0,48,39360
1791646073,546,1,1131267,20261010,11,3454,32,feed,37620,10,31,37260
1791646073,546,1,1136870,20261010,1,51824,0,feed,39060,0,31,39060
1791646073,546,0,881029,20261010,11,52209,141,feed,37500,10,33,36960
1791646073,546,0,896233,20261010,1,56725,21,feed,40560,0,33,40560
1791646073,61,0,1364460,20261010,61,13819,285,feed,37380,60,76,34500
1791646073,61,1,1364762,20261010,1,52761,0,feed,39840,0,73,39840
1791646073,61,1,1365114,20261010,11,53982,510,feed,,,,
1791646073,61,0,1366263,20261010,1,17905,0,feed,40260,0,76,40260
1791646073,61,1,1367117,20261010,1,52761,0,feed,38040,0,73,38040
1791646073,61,0,1367145,20261010,23,7230,108,feed,37560,22,76,36420
1791646073,61,1,1368621,20261010,55,41632,-208,feed,37680,54,73,34560
1791646073,61,0,1370934,20261010,1,17905,0,feed,,,,
1791646073,615,0,1346704,20261010,1,41157,0,feed,39180,0,76,39180
1791646073,615,1,1346927,20261010,52,42546,171,feed,37500,51,76,35520
1791646073,615,1,1346957,20261010,1,3540,130,feed,39120,0,76,39120
1791646073,615,0,1347002,20261010,50,40288,60,feed,37560,49,76,35580
1791646073,62,0,1349529,20261010,1,328,0,feed,39900,0,86,39900
1791646073,62,0,1349816,20261010,1,328,0,feed,38100,0,86,38100
1791646073,62,1,1350067,20261010,1,49141,0,feed,39180,0,83,39180
1791646073,62,1,1350170,20261010,8,50575,-63,feed,37680,7,83,37440
1791646073,62,1,1350961,20261010,48,45128,30,feed,37680,47,91,35340
1791646073,62,0,1350967,20261010,49,2611,87,feed,37680,48,86,36300
1791646073,62,1,1351640,20261010,1,49141,0,feed,40980,0,83,40980
1791646073,62,0,1352814,20261010,78,45402,225,feed,37440,77,86,34500
1791646073,62,0,1360488,20261010,1,2611,0,feed,40380,0,67,40380
1791646073,62,1,1360776,20261010,56,80931,-64,feed,37680,55,67,35760
1791646073,63,1,1263921,20261010,1,51114,0,feed,38700,0,59,38700
1791646073,63,1,1263998,20261010,1,51114,0,feed,39600,0,59,39600
1791646073,63,1,1266542,20261010,1,51114,0,feed,37800,0,59,37800
1791646073,63,1,1267342,20261010,1,51114,0,feed,40500,0,59,40500
1791646073,63,0,1346169,20261010,1,15795,0,feed,38580,0,60,38580
1791646073,63,0,1346613,20261010,1,15795,0,feed,39480,0,60,39480
1791646073,63,0,1346623,20261010,44,3157,88,feed,37560,43,60,35040
1791646073,63,0,1346904,20261010,36,57416,117,feed,37560,35,60,35940
1791646073,63,0,1347327,20261010,1,15795,0,feed,40380,0,60,40380
1791646073,63,1,1348231,20261010,25,52760,65,feed,37680,24,59,36120
1791646073,63,0,1348288,20261010,16,56945,120,feed,37560,15,60,36840
1791646073,63,1,1348435,20261010,13,3236,208,feed,37440,12,59,37020
1791646073,63,0,1366996,20261010,1,15795,0,feed,37740,0,60,37740
1791646073,63,1,1368978,20261010,27,3270,832,feed,36840,26,59,35220
1791646073,64,1,1342563,20261010,1,42157,0,feed,40200,0,43,40200
1791646073,64,1,1342675,20261010,26,81100,169,feed,37500,25,43,36720
1791646073,64,1,1343003,20261010,1,52015,0,feed,38100,0,76,38100
1791646073,64,1,1343558,20261010,1,52015,0,feed,39900,0,76,39900
1791646073,64,0,1356518,20261010,1,52761,0,feed,40560,0,66,40560
1791646073,64,0,1357583,20261010,1,52761,0,feed,39660,0,78,39660
1791646073,64,0,1357748,20261010,1,52761,0,feed,37680,0,43,37680
1791646073,64,0,1358581,20261010,15,11787,21,feed,37620,14,78,36660
1791646073,64,0,1358597,20261010,1,52761,0,feed,38700,0,66,38700
1791646073,64,1,1359239,20261010,1,42157,0,feed,38460,0,43,38460
1791646073,64,1,1359330,20261010,38,12878,-34,feed,37680,37,76,36360
1791646073,64,0,1359733,20261010,71,49748,61,feed,37560,70,78,34860
1791646073,64,0,1360462,20261010,39,10419,151,feed,37500,38,43,35760
1791646073,64,1,1360820,20261010,75,52759,25,feed,37680,74,76,34620
1791646073,645,1,1208079,20261010,1,53293,631,feed,37020,0,55,37020
1791646073,645,0,1337177,20261010,1,6990,87,feed,40560,0,52,40560
1791646073,645,1,1339696,20261010,1,53293,0,feed,40620,0,55,40620
1791646073,645,0,1340572,20261010,19,5924,-27,feed,37680,18,52,36960
1791646073,65,1,1349335,20261010,38,10761,173,feed,,,,
1791646073,65,1,1349485,20261010,1,57690,0,feed,39360,0,38,39360
1791646073,65,1,1349953,20261010,1,57690,0,feed,41160,0,38,41160
1791646073,65,0,1369972,20261010,40,57690,-162,feed,,,,
1791646073,65,0,1370107,20261010,1,10761,0,feed,,,,
1791646073,65,0,1370127,20261010,1,10761,113,feed,,,,
1791646073,65,0,1370420,20261010,1,10761,190,feed,,,,
1791646073,65,1,1371149,20261010,1,57690,25,feed,,,,
1791646073,67,0,1263314,20261010,1,53723,0,feed,38700,0,65,38700
1791646073,67,0,1265901,20261010,65,56099,-276,feed,37680,64,65,35100
1791646073,67,1,1266427,20261010,1,56100,0,feed,38880,0,65,38880
1791646073,67,0,1352367,20261010,1,53723,0,feed,40500,0,65,40500
1791646073,67,1,1354022,20261010,3,1235,340,feed,37320,2,65,37080
1791646073,67,0,1358806,20261010,16,15798,97,feed,37620,15,65,36900
1791646073,67,1,1358914,20261010,1,56100,0,feed,40680,0,65,40680
1791646073,67,1,1367072,20261010,51,16525,656,feed,37140,50,65,35280
1791646073,68,0,1267491,20261010,55,57625,-18,feed,37740,54,59,35760
1791646073,68,0,1268126,20261010,2,9806,62,feed,39300,1,59,39300
1791646073,68,1,1276087,20261010,43,9928,80,feed,37560,42,61,35700
1791646073,68,1,1338346,20261010,109,9676,177,feed,37500,108,117,33900
1791646073,68,0,1357240,20261010,1,53340,0,feed,39480,0,118,39480
1791646073,68,1,1360449,20261010,1,11904,0,feed,39300,0,61,39300
1791646073,68,0,1361561,20261010,2,9806,53,feed,38400,1,87,38400
1791646073,68,0,1362237,20261010,65,9832,-87,feed,37680,64,118,35880
1791646073,68,1,1362418,20261010,1,11904,0,feed,41100,0,117,41100
1791646073,68,1,1363922,20261010,3,49993,-110,feed,37680,2,117,37500
1791646073,68,1,1364885,20261010,1,57511,0,feed,40920,0,83,40920
1791646073,68,1,1367526,20261010,12,81115,-3,feed,37740,11,83,37320
1791646073,68,0,1368298,20261010,2,9806,37,feed,40200,1,87,40200
1791646073,68,1,1369065,20261010,37,9898,220,feed,37440,36,83,35520
1791646073,68,0,1369354,20261010,32,425,-6,feed,37620,31,87,36600
1791646073,68,1,1369397,20261010,1,57511,0,feed,39120,0,83,39120
1791646073,68,0,1369417,20261010,62,18022,347,feed,37440,61,87,34920
1791646073,686,1,1173939,20261010,1,56939,0,feed,38520,0,4,38520
1791646073,686,0,1331301,20261010,2,57622,20,feed,37860,1,3,36780
1791646073,686,1,1333421,20261010,1,56939,107,feed,41220,0,4,41220
1791646073,686,1,1334176,20261010,4,47705,251,feed,38220,3,4,35940
1791646073,686,0,1335132,20261010,1,47705,0,feed,39480,0,3,39480
1791646073,7,0,1356122,20261010,1,51779,0,feed,39540,0,64,39540
1791646073,7,0,1358043,20261010,60,57162,-3,feed,37680,59,64,34140
1791646073,7,1,1358086,20261010,1,17679,0,feed,39000,0,60,39000
1791646073,7,1,1358696,20261010,9,17701,169,feed,37500,8,60,37200
1791646073,7,0,1358768,20261010,16,48896,663,feed,37020,15,64,35940
1791646073,7,1,1358842,20261010,1,17679,0,feed,40800,0,60,40800
1791646073,7,1,1370938,20261010,41,16601,-171,feed,,,,
1791646073,7,0,1371189,20261010,1,51779,0,feed,,,,
1791646073,71,1,1265278,20261010,26,11904,105,feed,37560,25,60,36600
1791646073,71,1,1265370,20261010,1,51291,0,feed,40200,0,60,40200
1791646073,71,1,1266244,20261010,1,51291,0,feed,38400,0,60,38400
1791646073,71,0,1270230,20261010,1,9715,0,feed,40620,0,58,40620
1791646073,71,0,1271989,20261010,19,47044,36,feed,37620,18,58,37020
1791646073,71,0,1361532,20261010,1,9715,0,feed,38520,0,75,38520
1791646073,71,1,1361680,20261010,52,10048,709,feed,36960,51,74,34740
1791646073,716,0,1136598,20261010,1,50154,0,feed,40200,0,51,40200
1791646073,716,1,1137310,20261010,1,8728,0,feed,38520,0,50,38520
1791646073,716,0,1137760,20261010,29,43295,139,feed,37560,28,51,36600
1791646073,72,1,1369599,20261010,1,13667,0,feed,,,,
1791646073,72,0,1369818,20261010,31,13730,278,feed,,,,
1791646073,72,1,1369858,20261010,1,13667,0,feed,,,,
1791646073,72,0,1369892,20261010,5,16988,138,feed,,,,
1791646073,72,0,1369910,20261010,1,57615,0,feed,,,,
1791646073,72,0,1370203,20261010,1,57615,0,feed,,,,
1791646073,72,1,1371008,20261010,30,52760,689,feed,,,,
1791646073,72,1,1371342,20261010,7,13677,92,feed,,,,
1791646073,721,1,1176660,20261010,1,9522,0,feed,39540,0,41,39540
1791646073,721,0,1177083,20261010,1,51845,0,feed,39780,0,43,39780
1791646073,721,0,1178136,20261010,36,57631,470,feed,37260,35,43,36180
1791646073,721,0,1182375,20261010,1,51845,137,feed,37980,0,43,37980
1791646073,721,1,1182485,20261010,28,9557,767,feed,36900,27,41,36000
1791646073,721,1,1182616,20261010,1,9522,249,feed,37800,0,41,37800
1791646073,722,0,1177188,20261010,1,56827,0,feed,39720,0,11,39720
1791646073,722,1,1179039,20261010,1,57636,0,feed,40740,0,53,40740
1791646073,722,1,1180262,20261010,4,56411,211,feed,37440,3,53,37200
1791646073,722,1,1184312,20261010,1,11486,0,feed,40260,0,14,40260
1791646073,722,0,1277264,20261010,1,56827,0,feed,37860,0,51,37860
1791646073,723,1,1367580,20261010,1,53224,0,feed,39480,0,41,39480
1791646073,723,0,1367911,20261010,1,51845,0,feed,37860,0,39,37860
1791646073,724,0,1131044,20261010,21,42058,95,feed,37560,20,33,36900
1791646073,724,1,1131116,20261010,1,53222,0,feed,39720,0,35,39720
1791646073,724,0,1132036,20261010,1,51846,0,feed,40500,0,33,40500
1791646073,724,0,1132480,20261010,1,51846,0,feed,38700,0,33,38700
1791646073,724,1,1133289,20261010,19,8840,-30,feed,37680,18,35,37020
1791646073,724,0,1133511,20261010,1,51846,0,feed,37800,0,33,37800
1791646073,724,1,1134432,20261010,1,53222,0,feed,40620,0,35,40620
1791646073,724,1,1135278,20261010,1,53222,0,feed,38820,0,35,38820
1791646073,724,1,1285846,20261010,1,53222,0,feed,37920,0,35,37920
1791646073,724,0,1288643,20261010,1,51846,0,feed,39600,0,33,39600
1791646073,725,0,1311325,20261010,2,57732,49,feed,37620,1,50,37560
1791646073,725,1,1312187,20261010,11,57598,122,feed,37560,10,49,36900
1791646073,725,0,1312512,20261010,1,57580,0,feed,41160,0,50,41160
1791646073,725,1,1312980,20261010,1,56775,0,feed,40500,0,49,40500
1791646073,74,1,1355811,20261010,1,13667,0,feed,39720,0,61,39720
1791646073,74,0,1356210,20261010,49,10397,55,feed,37620,48,59,34560
1791646073,74,1,1356552,20261010,1,13667,0,feed,38820,0,61,38820
1791646073,74,0,1358216,20261010,1,51546,0,feed,39000,0,59,39000
1791646073,74,1,1358406,20261010,1,13667,0,feed,40620,0,61,40620
1791646073,74,1,1358952,20261010,10,12898,102,feed,37560,9,61,37020
1791646073,74,1,1359327,20261010,1,13667,0,feed,37920,0,61,37920
1791646073,74,1,1359455,20261010,40,11704,30,feed,37620,39,61,35220
1791646073,74,0,1359642,20261010,16,11717,209,feed,37440,15,59,36360
1791646073,74,0,1359843,20261010,1,51546,0,feed,38160,0,59,38160
1791646073,74,0,1359986,20261010,1,51546,0,feed,39840,0,59,39840
1791646073,74,0,1369384,20261010,1,51546,0,feed,40680,0,59,40680
1791646073,80,0,1304273,20261010,34,5274,-130,feed,37680,33,42,36720
1791646073,80,0,1304923,20261010,1,49979,0,feed,40320,0,42,40320
1791646073,80,1,1311988,20261010,1,50689,0,feed,38520,0,38,38520
1791646073,80,1,1313955,20261010,1,50689,0,feed,40320,0,38,40320
1791646073,80,0,1317031,20261010,1,49979,0,feed,38520,0,42,38520
1791646073,80,1,1317260,20261010,22,12886,123,feed,37560,21,38,36720
1791646073,802,1,1194600,20261010,5,12025,37,feed,37620,4,45,37320
1791646073,802,0,1203617,20261010,29,11055,205,feed,37440,28,46,36240
1791646073,802,0,1206156,20261010,1,57169,0,feed,39840,0,46,39840
1791646073,802,1,1207223,20261010,1,42622,0,feed,40920,0,45,40920
1791646073,804,0,1261353,20261010,1,14153,0,feed,39600,0,32,39600
1791646073,804,1,1327423,20261010,1,14727,0,feed,37800,0,35,37800
1791646073,805,1,1211916,20261010,1,50716,0,feed,40080,0,72,40080
1791646073,805,0,1214107,20261010,37,11008,145,feed,37500,36,72,36240
1791646073,805,1,1216405,20261010,21,57179,233,feed,37440,20,72,36540
1791646073,805,0,1218306,20261010,1,56775,0,feed,39840,0,72,39840
1791646073,827,0,1178032,20261010,1,42837,0,feed,40380,0,51,40380
1791646073,827,0,1313897,20261010,12,57551,99,feed,37620,11,51,36780
1791646073,827,1,1316512,20261010,26,12156,159,feed,37500,25,51,36840
1791646073,827,1,1316764,20261010,1,57167,0,feed,40440,0,51,40440
1791646073,83,0,1271792,20261010,22,49718,51,feed,37620,21,44,36540
1791646073,83,1,1351245,20261010,1,52532,0,feed,39480,0,41,39480
1791646073,83,0,1352462,20261010,1,53725,0,feed,40140,0,44,40140
1791646073,83,1,1352733,20261010,1,52532,0,feed,37680,0,41,37680
1791646073,83,1,1353853,20261010,28,53753,400,feed,37260,27,41,35880
1791646073,83,0,1354679,20261010,1,53725,52,feed,38340,0,44,38340
1791646073,87,1,1303596,20261010,21,45480,20,feed,37620,20,70,36660
1791646073,87,1,1304294,20261010,1,57690,0,feed,,,,
1791646073,87,1,1304765,20261010,1,57690,0,feed,38580,0,70,38580
1791646073,87,0,1349136,20261010,40,18795,210,feed,37440,39,71,36180
1791646073,87,0,1349145,20261010,1,51892,0,feed,37980,0,71,37980
1791646073,87,0,1351206,20261010,1,51892,0,feed,39660,0,71,39660
1791646073,888,1,1364198,20261010,1,52563,0,feed,39060,0,10,39060
1791646073,9,1,1356169,20261010,1,51551,0,feed,38160,0,111,38160
1791646073,9,0,1356781,20261010,1,40247,0,feed,40260,0,112,40260
1791646073,9,1,1365369,20261010,53,2880,443,feed,37200,52,111,34620
1791646073,9,0,1367346,20261010,1,52552,0,feed,38700,0,100,38700
1791646073,9,1,1368666,20261010,1,51551,0,feed,39960,0,96,39960
1791646073,9,0,1368775,20261010,54,19338,595,feed,37080,53,100,35100
1791646073,9,0,1369312,20261010,26,3012,324,feed,37380,25,112,36660
1791646073,9,1,1369376,20261010,30,17599,70,feed,37620,29,96,36420
1791646073,901,1,878377,20261010,11,51415,0,feed,37680,10,20,36600
1791646073,901,0,878829,20261010,11,51429,120,feed,37560,10,20,36240
1791646073,901,0,884511,20261010,1,51405,0,feed,37680,0,20,37680
1791646073,901,1,889975,20261010,3,56336,0,feed,38220,2,20,38040
1791646073,901,0,892140,20261010,6,51434,60,feed,37680,5,20,36960
1791646073,901,1,895137,20261010,20,51405,240,feed,37560,19,20,35160
1791646073,901,1,899933,20261010,16,51420,60,feed,37620,15,20,35880
1791646073,901,0,902485,20261010,16,51424,120,feed,37560,15,20,35520
1791646073,901,1,986300,20261010,5,51409,0,feed,37680,4,20,37320
1791646073,902,1,879540,20261010,19,56330,120,feed,37620,18,24,35220
1791646073,902,1,883019,20261010,3,56028,120,feed,37620,2,24,37380
1791646073,902,1,885862,20261010,9,56034,60,feed,37620,8,24,36660
1791646073,902,0,890337,20261010,23,56017,120,feed,37620,22,24,34860
1791646073,902,0,896279,20261010,7,56001,60,feed,37680,6,24,37020
1791646073,902,1,896452,20261010,14,56039,180,feed,37560,13,24,35940
1791646073,902,0,897826,20261010,18,56012,60,feed,37680,17,24,35580
1791646073,902,0,904850,20261010,11,56005,180,feed,37500,10,24,36300
1791646073,902,1,905471,20261010,1,56026,0,feed,38100,0,24,38100
1791646073,903,0,1265459,20261010,5,56511,156,feed,37620,4,6,36900
1791646073,903,0,1265806,20261010,1,57285,0,feed,40500,0,6,40500
1791646073,903,0,1267712,20261010,1,57285,0,feed,38700,0,6,38700
1791646073,903,1,1270755,20261010,1,56874,0,feed,38760,0,6,38760
1791646073,903,1,1270799,20261010,1,56874,0,feed,40560,0,6,40560
1791646073,903,1,1271463,20261010,4,48179,-67,feed,37740,3,6,36960
1791646073,904,1,1269945,20261010,12,56830,478,feed,37320,11,12,35160
1791646073,904,0,1364902,20261010,1,56830,0,feed,39000,0,13,39000
1791646073,904,0,1366435,20261010,1,56830,0,feed,38100,0,13,38100
1791646073,904,1,1367138,20261010,10,56884,152,feed,37500,9,12,36060
1791646073,904,0,1367181,20261010,10,53313,499,feed,37200,9,13,35400
1791646073,904,1,1367248,20261010,1,56800,0,feed,38760,0,12,38760
1791646073,904,0,1367284,20261010,1,56830,0,feed,39900,0,13,39900
1791646073,904,1,1367710,20261010,1,56800,0,feed,37860,0,12,37860
1791646073,904,0,1367899,20261010,1,56830,0,feed,40800,0,13,40800
1791646073,904,1,1368158,20261010,1,56800,0,feed,40560,0,12,40560
1791646073,904,1,1368174,20261010,6,17781,101,feed,37620,5,12,36960
1791646073,904,0,1368242,20261010,3,56831,87,feed,37620,2,13,37200
1791646073,904,1,1368532,20261010,1,56800,0,feed,39660,0,12,39660
1791646073,904,0,1368537,20261010,7,53542,211,feed,37620,6,13,36300
1791646073,905,0,1343658,20261010,1,52761,0,feed,39300,0,16,39300
1791646073,905,0,1343691,20261010,9,57428,-171,feed,37740,8,16,36600
1791646073,905,0,1343737,20261010,1,52761,0,feed,38400,0,16,38400
1791646073,905,1,1344175,20261010,14,11863,171,feed,37560,13,16,35640
1791646073,905,0,1344523,20261010,3,3142,-39,feed,37680,2,16,37500
1791646073,905,0,1344704,20261010,1,52761,0,feed,41100,0,16,41100
1791646073,905,1,1344709,20261010,3,57437,-11,feed,37680,2,16,37440
1791646073,905,1,1344758,20261010,1,57441,0,feed,38340,0,16,38340
1791646073,905,1,1344768,20261010,1,57441,0,feed,40140,0,16,40140
1791646073,905,0,1344881,20261010,1,52761,0,feed,40200,0,16,40200
1791646073,905,0,1344895,20261010,15,57440,-100,feed,37740,14,16,35700
1791646073,905,1,1345070,20261010,1,57441,0,feed,39240,0,16,39240
1791646073,905,1,1345126,20261010,1,57441,0,feed,41040,0,16,41040
1791646073,905,1,1345461,20261010,10,57423,-27,feed,37680,9,16,36540
1791646073,921,0,1365380,20261010,1,51544,0,feed,39840,0,20,39840
1791646073,921,1,1365587,20261010,2,50015,182,feed,37500,1,20,37380
1791646073,921,0,1365713,20261010,1,51544,0,feed,40740,0,20,40740
1791646073,921,1,1366939,20261010,1,52531,0,feed,38280,0,20,38280
1791646073,921,1,1367427,20261010,1,52531,0,feed,39180,0,20,39180
1791646073,921,1,1367991,20261010,1,52531,0,feed,40980,0,20,40980
1791646073,921,0,1368308,20261010,1,51544,0,feed,38940,0,20,38940
1791646073,921,0,1368404,20261010,20,52531,221,feed,37620,19,20,35400
1791646073,921,1,1368695,20261010,8,56122,440,feed,37200,7,20,36540
1791646073,921,1,1369138,20261010,20,51544,173,feed,37620,19,20,35640
1791646073,921,0,1369292,20261010,13,56117,-72,feed,37800,12,20,36300
1791646073,921,0,1369526,20261010,1,51544,0,feed,38040,0,20,38040
1791646073,922,1,1312528,20261010,1,56100,0,feed,41160,0,34,41160
1791646073,922,0,1312754,20261010,12,16884,333,feed,37320,11,35,36120
1791646073,922,1,1312776,20261010,1,56100,0,feed,39960,0,34,39960
1791646073,922,0,1312840,20261010,10,16863,-116,feed,37740,9,35,36840
1791646073,922,0,1312850,20261010,22,16971,34,feed,37620,21,35,35400
1791646073,922,1,1313156,20261010,6,52760,152,feed,37500,5,34,36900
1791646073,922,0,1313529,20261010,1,57314,0,feed,38280,0,35,38280
1791646073,922,1,1313608,20261010,27,16855,559,feed,37080,26,34,34080
1791646073,922,0,1313940,20261010,28,17029,-39,feed,37680,27,35,34740
1791646073,922,0,1313960,20261010,1,57314,0,feed,40080,0,35,40080
1791646073,922,1,1314340,20261010,26,47529,27,feed,37680,25,34,34800
1791646073,922,0,1314709,20261010,32,57455,155,feed,37500,31,35,34080
1791646073,922,1,1315027,20261010,2,57419,-12,feed,37740,1,34,37560
1791646073,922,1,1315357,20261010,12,16997,133,feed,37560,11,34,36240
1791646073,922,1,1315376,20261010,1,56100,0,feed,40560,0,34,40560
1791646073,922,1,1315993,20261010,32,3528,775,feed,36960,31,34,33360
1791646073,922,1,1316048,20261010,1,56100,0,feed,38760,0,34,38760
1791646073,922,1,1316271,20261010,1,56100,0,feed,39360,0,34,39360
1791646073,922,0,1316315,20261010,1,57314,0,feed,40680,0,35,40680
1791646073,922,1,1316893,20261010,1,56100,0,feed,38160,0,34,38160
1791646073,922,0,1317158,20261010,1,57314,83,feed,37560,0,35,37560
1791646073,922,0,1317301,20261010,1,57314,0,feed,38880,0,35,38880
1791646073,922,1,1317332,20261010,19,57337,107,feed,37620,18,34,35520
1791646073,922,0,1317653,20261010,1,57314,0,feed,39480,0,35,39480
1791646073,923,1,1262643,20261010,14,17839,337,feed,37500,13,23,36240
1791646073,923,1,1262872,20261010,8,56400,79,feed,,,,
1791646073,923,0,1263416,20261010,1,56897,0,feed,37980,0,22,37980
1791646073,923,0,1263432,20261010,5,17903,-29,feed,37680,4,22,37260
1791646073,923,0,1263879,20261010,1,56897,0,feed,40740,0,22,40740
1791646073,923,0,1266334,20261010,1,56897,0,feed,39420,0,22,39420
1791646073,923,1,1268753,20261010,1,57278,0,feed,37680,0,23,37680
1791646073,923,0,1269485,20261010,1,56897,0,feed,38700,0,22,38700
1791646073,923,1,1269715,20261010,1,57278,0,feed,40200,0,23,40200
1791646073,923,0,1270218,20261010,11,56420,103,feed,,,,
1791646073,923,1,1270854,20261010,1,57278,0,feed,,,,
1791646073,923,1,1270898,20261010,1,57278,0,feed,40800,0,23,40800
1791646073,923,0,1270912,20261010,20,9089,101,feed,37560,19,22,35820
1791646073,923,1,1271890,20261010,1,57278,0,feed,,,,
1791646073,923,1,1272743,20261010,21,17910,139,feed,37560,20,23,35520
1791646073,923,1,1272931,20261010,1,57278,0,feed,38340,0,23,38340
1791646073,923,0,1287651,20261010,1,56897,0,feed,,,,
1791646073,924,1,1264360,20261010,3,9173,183,feed,,,,
1791646073,924,0,1265169,20261010,1,56873,0,feed,,,,
1791646073,924,1,1266858,20261010,28,56916,395,feed,,,,
1791646073,924,1,1267505,20261010,25,56913,21,feed,,,,
1791646073,924,0,1268293,20261010,6,56922,180,feed,,,,
1791646073,924,1,1268823,20261010,34,436,384,feed,,,,
1791646073,924,1,1271097,20261010,16,17905,152,feed,,,,
1791646073,924,1,1271691,20261010,1,56823,0,feed,,,,
1791646073,924,0,1272595,20261010,23,17900,123,feed,,,,
1791646073,924,0,1273992,20261010,15,80138,491,feed,,,,
1791646073,924,1,1274258,20261010,1,56823,0,feed,,,,
1791646073,924,0,1274400,20261010,1,56873,0,feed,,,,
1791646073,924,0,1275713,20261010,12,784,265,feed,,,,
1791646073,924,0,1275955,20261010,2,4513,141,feed,,,,
1791646073,924,0,1276460,20261010,27,8919,173,feed,,,,
1791646073,924,0,1277611,20261010,1,56873,0,feed,,,,
1791646073,924,1,1279871,20261010,1,56823,0,feed,,,,
1791646073,924,1,1280239,20261010,11,56906,153,feed,,,,
1791646073,924,0,1284375,20261010,1,56873,0,feed,,,,
1791646073,924,1,1284738,20261010,1,56823,0,feed,,,,
1791646073,924,0,1284758,20261010,33,56951,211,feed,,,,
1791646073,924,1,1287535,20261010,1,56823,0,feed,,,,
1791646073,924,0,1288566,20261010,1,56873,0,feed,,,,
1791646073,924,1,1288579,20261010,1,56823,0,feed,,,,
1791646073,925,0,1263042,20261010,30,16142,92,feed,37560,29,35,34740
1791646073,925,0,1267934,20261010,10,6202,121,feed,37620,9,35,36900
1791646073,925,0,1275511,20261010,23,17948,153,feed,37500,22,35,35460
1791646073,925,1,1332193,20261010,1,57541,0,feed,39420,0,35,39420
1791646073,925,1,1332273,20261010,1,57541,0,feed,40080,0,35,40080
1791646073,925,1,1333381,20261010,16,17925,412,feed,37260,15,35,35820
1791646073,925,0,1333688,20261010,1,53703,0,feed,39780,0,35,39780
1791646073,925,1,1333705,20261010,1,57541,0,feed,38700,0,35,38700
1791646073,925,1,1334007,20261010,26,6379,-175,feed,37740,25,35,35100
1791646073,925,0,1334013,20261010,1,53703,0,feed,39060,0,35,39060
1791646073,925,1,1334040,20261010,1,57541,0,feed,40740,0,35,40740
1791646073,925,0,1334530,20261010,1,53703,0,feed,38340,0,35,38340
1791646073,925,0,1334805,20261010,1,53703,0,feed,41160,0,35,41160
1791646073,925,1,1335097,20261010,3,15884,158,feed,37500,2,35,37260
1791646073,925,1,1335120,20261010,10,16124,302,feed,37380,9,35,36540
1791646073,925,0,1335209,20261010,35,57541,326,feed,37320,34,35,34080
1791646073,925,1,1335236,20261010,31,1145,225,feed,37440,30,35,34380
1791646073,925,0,1335655,20261010,1,53703,0,feed,40500,0,35,40500
1791646073,925,1,1335673,20261010,1,57541,0,feed,37980,0,35,37980
1791646073,925,0,1335776,20261010,16,1327,125,feed,37620,15,35,36180
1791646073,925,0,1335828,20261010,2,4369,-25,feed,37740,1,35,37620
1791646073,94,0,1177607,20261010,1,51200,0,feed,38580,0,15,38580
1791646073,94,1,1178882,20261010,1,56100,0,feed,39240,0,16,39240
1791646073,94,1,1184191,20261010,16,51200,206,feed,37620,15,16,35640
1791646073,94,1,1185710,20261010,1,56100,0,feed,41040,0,16,41040
1791646073,94,0,1187573,20261010,9,18665,35,feed,37680,8,15,36780
1791646073,94,0,1324558,20261010,1,51200,0,feed,40380,0,15,40380
1791646073,94,1,1370731,20261010,3,57456,-20,feed,,,,
1791646965,10,0,1369646,20261010,1,19337,0,feed,,,,
1791646965,10,0,1369885,20261010,10,19315,177,feed,,,,
1791646965,10,0,1369911,20261010,1,19337,208,feed,,,,
1791646965,10,1,1369914,20261010,46,17978,-29,feed,,,,
1791646965,10,1,1370184,20261010,1,57165,0,feed,,,,
1791646965,10,1,1370237,20261010,4,57115,113,feed,,,,
1791646965,10,0,1370245,20261010,1,19337,0,feed,,,,
1791646965,10,1,1370576,20261010,1,57165,0,feed,,,,
1791646965,10,1,1370646,20261010,1,57448,0,feed,,,,
1791646965,10,1,1370672,20261010,1,57165,0,feed,,,,
1791646965,10,1,1370768,20261010,15,17145,93,feed,,,,
1791646965,10,1,1370830,20261010,41,17188,69,feed,,,,
1791646965,10,1,1370880,20261010,1,57165,0,feed,,,,
1791646965,10,0,1370908,20261010,1,19337,0,feed,,,,
1791646965,10,0,1371047,20261010,1,19337,0,feed,,,,
1791646965,10,0,1371102,20261010,18,17206,144,feed,,,,
1791646965,10,0,1371248,20261010,32,17156,337,feed,,,,
1791646965,11,1,1317761,20261010,18,14623,208,feed,38340,17,79,37680
1791646965,11,1,1319308,20261010,1,49304,0,feed,38580,0,79,38580
1791646965,11,1,1319373,20261010,1,49304,0,feed,41220,0,79,41220
1791646965,11,0,1364644,20261010,1,51828,0,feed,40980,0,80,40980
1791646965,11,0,1364979,20261010,1,51828,0,feed,39180,0,80,39180
1791646965,11,0,1365465,20261010,1,51828,0,feed,41880,0,80,41880
1791646965,11,0,1366848,20261010,6,51829,58,feed,38520,5,80,38280
1791646965,11,1,1369025,20261010,58,17713,77,feed,38520,57,79,35940
1791646965,11,0,1369133,20261010,31,17765,159,feed,38400,30,80,37380
1791646965,11,0,1369309,20261010,1,51828,0,feed,40080,0,80,40080
1791646965,11,1,1370548,20261010,1,49304,0,feed,,,,
1791646965,11,1,1370738,20261010,1,49304,0,feed,,,,
1791646965,11,0,1370855,20261010,42,17951,254,feed,,,,
1791646965,11,0,1371234,20261010,69,80995,-10,feed,,,,
1791646965,14,0,1331035,20261010,1,4345,70,feed,,,,
1791646965,14,0,1332739,20261010,12,775,683,feed,37860,11,80,37500
1791646965,14,1,1369747,20261010,49,15668,810,feed,,,,
1791646965,14,1,1369869,20261010,1,50153,0,feed,,,,
1791646965,14,1,1370517,20261010,17,8332,173,feed,,,,
1791646965,14,0,1370547,20261010,72,8368,-120,feed,,,,
1791646965,14,1,1370679,20261010,1,50153,0,feed,,,,
1791646965,14,1,1370725,20261010,1,50153,0,feed,,,,
1791646965,14,1,1370737,20261010,36,17881,297,feed,,,,
1791646965,14,0,1370769,20261010,1,4345,0,feed,,,,
1791646965,14,0,1371192,20261010,1,4345,97,feed,,,,
1791646965,14,1,1371230,20261010,75,755,809,feed,,,,
1791646965,14,0,1371277,20261010,46,17902,246,feed,,,,
1791646965,17,0,1135251,20261010,50,56542,436,feed,38160,49,63,35040
1791646965,17,0,1293527,20261010,31,50195,109,feed,38460,30,51,36840
1791646965,17,1,1293534,20261010,1,56800,0,feed,41040,0,49,41040
1791646965,17,0,1307520,20261010,1,57458,0,feed,38640,0,51,38640
1791646965,17,1,1318157,20261010,61,43326,503,feed,38040,60,65,34440
1791646965,17,1,1318184,20261010,10,12665,31,feed,38520,9,65,38040
1791646965,17,1,1318231,20261010,1,17192,0,feed,40980,0,65,40980
1791646965,17,1,1319579,20261010,1,17192,0,feed,39240,0,65,39240
1791646965,17,0,1321408,20261010,1,57458,0,feed,40380,0,51,40380
1791646965,17,0,1324198,20261010,1,57458,0,feed,39480,0,63,39480
1791646965,17,0,1335074,20261010,38,40340,461,feed,38100,37,63,35940
1791646965,17,1,1335256,20261010,31,4667,297,feed,38280,30,65,36240
1791646965,17,0,1335716,20261010,1,57458,0,feed,41280,0,63,41280
1791646965,17,0,1369114,20261010,13,5775,110,feed,38460,12,63,37740
1791646965,18,0,1242780,20261010,1,1754,0,feed,41040,0,42,41040
1791646965,18,0,1361203,20261010,39,1900,157,feed,38400,38,51,36120
1791646965,18,0,1361386,20261010,83,19317,54,feed,38520,82,84,34320
1791646965,18,0,1361533,20261010,1,51852,0,feed,41100,0,51,41100
1791646965,18,0,1362100,20261010,30,1428,503,feed,38040,29,84,37260
1791646965,18,1,1364423,20261010,1,56800,0,feed,40620,0,83,40620
1791646965,18,1,1364463,20261010,1,56800,0,feed,38820,0,83,38820
1791646965,18,1,1365481,20261010,1,56800,0,feed,40020,0,43,40020
1791646965,18,1,1366191,20261010,33,136,260,feed,38280,32,52,36120
1791646965,18,1,1367088,20261010,1,56800,0,feed,41760,0,43,41760
1791646965,18,0,1367343,20261010,1,57131,0,feed,40800,0,84,40800
1791646965,18,0,1367567,20261010,1,51852,0,feed,39360,0,51,39360
1791646965,18,1,1367713,20261010,1,56800,0,feed,41160,0,52,41160
1791646965,18,1,1367772,20261010,14,81077,343,feed,38160,13,83,37020
1791646965,18,1,1368112,20261010,1,56800,0,feed,39420,0,52,39420
1791646965,18,0,1368244,20261010,63,1882,89,feed,38460,62,84,36060
1791646965,18,0,1368677,20261010,1,57131,0,feed,39060,0,84,39060
1791646965,18,0,1368708,20261010,20,1854,112,feed,38520,19,51,37560
1791646965,18,1,1368807,20261010,60,1372,-189,feed,38580,59,83,35280
1791646965,18,1,1369422,20261010,8,17986,-71,feed,38640,7,52,37920
1791646965,18,0,1370895,20261010,1,1754,0,feed,,,,
1791646965,2,1,1263672,20261010,32,13335,93,feed,38460,31,34,36600
1791646965,2,1,1269758,20261010,1,50670,0,feed,40860,0,34,40860
1791646965,2,1,1272511,20261010,2,41248,94,feed,38460,1,34,38400
1791646965,2,0,1318538,20261010,16,56927,84,feed,38520,15,34,37560
1791646965,2,0,1319257,20261010,1,57469,0,feed,39900,0,34,39900
1791646965,2,0,1331198,20261010,3,13334,294,feed,38280,2,41,38160
1791646965,2,0,1331467,20261010,1,57469,0,feed,41700,0,41,41700
1791646965,2,0,1331521,20261010,1,57469,0,feed,39360,0,41,39360
1791646965,2,0,1333280,20261010,32,13209,-55,feed,38640,31,41,36720
1791646965,2,1,1361716,20261010,1,57618,0,feed,42000,0,42,42000
1791646965,2,1,1361769,20261010,1,57618,0,feed,39600,0,42,39600
1791646965,2,0,1362327,20261010,1,57469,0,feed,40500,0,41,40500
1791646965,2,1,1362375,20261010,1,57618,0,feed,40800,0,42,40800
1791646965,2,0,1363071,20261010,1,57469,0,feed,38760,0,34,38760
1791646965,2,1,1363201,20261010,25,15630,12,feed,38580,24,42,36840
1791646965,2,1,1363880,20261010,1,50670,0,feed,42060,0,34,42060
1791646965,2,1,1367288,20261010,1,50670,0,feed,39660,0,34,39660
1791646965,2,0,1371314,20261010,1,57469,0,feed,,,,
1791646965,2,1,1371362,20261010,4,16058,-12,feed,,,,
1791646965,215,1,1262227,20261010,1,5020,0,feed,40560,0,27,40560
1791646965,215,0,1272700,20261010,1,49979,0,feed,38640,0,30,38640
1791646965,219,0,1303715,20261010,1,57340,0,feed,40560,0,74,40560
1791646965,219,0,1305109,20261010,37,41752,-78,feed,38580,36,74,36960
1791646965,219,1,1311603,20261010,42,49851,62,feed,38580,41,71,36900
1791646965,219,1,1311716,20261010,1,5020,0,feed,40500,0,71,40500
1791646965,22,1,1356264,20261010,13,11629,35,feed,38520,12,84,37800
1791646965,22,1,1357463,20261010,77,15447,90,feed,38460,76,84,34200
1791646965,22,1,1357886,20261010,35,17907,-37,feed,38640,34,87,36600
1791646965,22,0,1364420,20261010,68,57197,122,feed,38460,67,86,34740
1791646965,22,0,1366893,20261010,1,4558,0,feed,39540,0,82,39540
1791646965,22,0,1367506,20261010,1,4558,0,feed,40680,0,82,40680
1791646965,22,1,1367569,20261010,1,56825,0,feed,41400,0,84,41400
1791646965,22,1,1367942,20261010,51,81107,99,feed,38580,50,84,35460
1791646965,22,0,1367978,20261010,18,19475,752,feed,37800,17,82,37140
1791646965,22,1,1368145,20261010,1,56825,0,feed,39060,0,84,39060
1791646965,22,0,1368172,20261010,1,4558,0,feed,41880,0,86,41880
1791646965,22,1,1368736,20261010,1,56825,0,feed,40200,0,87,40200
1791646965,22,0,1369010,20261010,6,51564,-7,feed,38580,5,86,38340
1791646965,22,0,1369396,20261010,51,53941,28,feed,38580,50,82,35940
1791646965,223,0,1361366,20261010,1,57691,135,feed,38760,0,33,38760
1791646965,223,1,1361640,20261010,28,57453,262,feed,38280,27,34,36660
1791646965,223,1,1362058,20261010,1,5020,0,feed,42060,0,34,42060
1791646965,223,0,1362377,20261010,1,57691,0,feed,40560,0,33,40560
1791646965,223,1,1363596,20261010,1,5020,91,feed,38460,0,34,38460
1791646965,225,1,1132076,20261010,1,45174,0,feed,39480,0,20,39480
1791646965,225,0,1268566,20261010,1,52530,0,feed,41460,0,20,41460
1791646965,225,0,1272205,20261010,12,49160,21,feed,38520,11,20,37860
1791646965,227,0,1266913,20261010,1,52530,0,feed,41400,0,47,41400
1791646965,227,0,1271557,20261010,29,14418,-53,feed,38580,28,47,37800
1791646965,227,1,1275187,20261010,1,45174,0,feed,39480,0,45,39480
1791646965,25,0,1369654,20261010,19,15753,111,feed,,,,
1791646965,25,1,1369801,20261010,1,57166,0,feed,,,,
1791646965,27,1,1348897,20261010,1,51367,0,feed,38820,0,21,38820
1791646965,27,0,1369019,20261010,1,52857,0,feed,39600,0,23,39600
1791646965,3,1,1176596,20261010,1,56100,0,feed,39660,0,65,39660
1791646965,3,0,1177964,20261010,12,57023,139,feed,38460,11,64,37380
1791646965,3,0,1179459,20261010,62,57623,318,feed,38280,61,65,34740
1791646965,3,0,1182580,20261010,2,16406,-26,feed,,,,
1791646965,3,0,1182926,20261010,1,54097,0,feed,41880,0,65,41880
1791646965,3,1,1321102,20261010,1,56100,0,feed,41400,0,65,41400
1791646965,3,0,1321511,20261010,25,16067,180,feed,38400,24,65,36480
1791646965,3,1,1323326,20261010,10,11893,54,feed,38520,9,65,37860
1791646965,3,1,1353681,20261010,1,56100,0,feed,39000,0,64,39000
1791646965,3,0,1367062,20261010,1,54097,0,feed,40980,0,64,40980
1791646965,3,0,1367950,20261010,1,54097,0,feed,39180,0,64,39180
1791646965,3,1,1368060,20261010,1,56100,0,feed,40800,0,64,40800
1791646965,3,0,1368292,20261010,1,54097,0,feed,40080,0,65,40080
1791646965,3,0,1368676,20261010,41,18617,367,feed,38100,40,64,35640
1791646965,3,1,1368808,20261010,43,16081,221,feed,38340,42,65,36060
1791646965,3,1,1371127,20261010,55,19306,324,feed,,,,
1791646965,30,1,1215123,20261010,1,15882,0,feed,41760,0,44,41760
1791646965,30,1,1215127,20261010,2,50665,-49,feed,38760,1,44,38160
1791646965,30,0,1215332,20261010,1,40238,0,feed,39240,0,48,39240
1791646965,30,1,1215907,20261010,32,8316,174,feed,38400,31,44,36360
1791646965,30,0,1218097,20261010,22,15522,387,feed,38160,21,48,37440
1791646965,30,0,1218174,20261010,1,40238,0,feed,41040,0,48,41040
1791646965,32,0,1331162,20261010,1,50155,0,feed,39300,0,59,39300
1791646965,32,0,1331630,20261010,41,12859,158,feed,38400,40,59,36900
1791646965,32,0,1331752,20261010,7,8378,263,feed,38280,6,59,38100
1791646965,32,0,1333331,20261010,1,50155,0,feed,41700,0,59,41700
1791646965,32,1,1364397,20261010,1,57685,0,feed,39780,0,61,39780
1791646965,32,1,1365784,20261010,57,8386,337,feed,38220,56,61,36180
1791646965,32,1,1366244,20261010,1,57685,0,feed,40980,0,61,40980
1791646965,32,1,1366726,20261010,13,4123,142,feed,38400,12,61,37980
1791646965,32,0,1368353,20261010,1,50155,0,feed,40500,0,59,40500
1791646965,323,0,1131075,20261010,1,51116,0,feed,38700,0,23,38700
1791646965,323,1,1133939,20261010,7,57038,157,feed,38400,6,25,38100
1791646965,323,0,1134184,20261010,1,51116,0,feed,40500,0,23,40500
1791646965,323,1,1135252,20261010,1,57508,0,feed,39900,0,25,39900
1791646965,323,1,1136010,20261010,1,57508,0,feed,41700,0,25,41700
1791646965,345,0,1132499,20261010,1,56879,0,feed,39600,0,15,39600
1791646965,345,1,1134028,20261010,1,57508,0,feed,39780,0,15,39780
1791646965,345,1,1134334,20261010,13,41253,-56,feed,38580,12,15,36120
1791646965,345,0,1136447,20261010,15,57508,403,feed,38460,14,15,36000
1791646965,36,0,1177875,20261010,6,53521,49,feed,38520,5,53,38340
1791646965,36,0,1182049,20261010,1,57537,0,feed,40080,0,53,40080
1791646965,36,1,1219464,20261010,1,50160,0,feed,40620,0,50,40620
1791646965,36,1,1219584,20261010,37,41126,-29,feed,38700,36,50,37020
1791646965,36,0,1362417,20261010,1,57537,0,feed,41880,0,53,41880
1791646965,36,1,1363055,20261010,1,50160,0,feed,38820,0,50,38820
1791646965,36,0,1368723,20261010,43,1311,149,feed,38400,42,53,36600
1791646965,38,1,1350025,20261010,18,12566,448,feed,38100,17,104,37440
1791646965,38,0,1350168,20261010,70,40668,345,feed,38220,69,108,35340
1791646965,38,1,1352194,20261010,65,3552,269,feed,38280,64,107,35460
1791646965,38,0,1352376,20261010,1,48213,0,feed,38880,0,108,38880
1791646965,38,1,1353069,20261010,1,42032,0,feed,39060,0,107,39060
1791646965,38,0,1353258,20261010,1,48213,0,feed,40680,0,109,40680
1791646965,38,1,1353575,20261010,1,16494,0,feed,40980,0,104,40980
1791646965,38,0,1355235,20261010,31,4818,207,feed,38340,30,109,37140
1791646965,4,1,1131376,20261010,1,17971,0,feed,40140,0,50,40140
1791646965,4,1,1134737,20261010,4,17922,42,feed,38580,3,50,38340
1791646965,4,0,1134761,20261010,68,16043,49,feed,38520,67,89,34920
1791646965,4,0,1157675,20261010,51,17947,-198,feed,38580,50,53,35640
1791646965,4,1,1356618,20261010,1,14153,0,feed,41340,0,90,41340
1791646965,4,0,1358610,20261010,1,50231,0,feed,39180,0,53,39180
1791646965,4,1,1358624,20261010,32,139,231,feed,38340,31,50,36540
1791646965,4,1,1358635,20261010,1,14153,0,feed,39540,0,90,39540
1791646965,4,1,1358722,20261010,1,17971,0,feed,42000,0,50,42000
1791646965,4,0,1358977,20261010,1,50231,0,feed,40260,0,89,40260
1791646965,4,0,1359163,20261010,22,1853,-50,feed,38580,21,53,37440
1791646965,4,1,1359241,20261010,48,106,92,feed,38460,47,90,35940
1791646965,4,0,1359283,20261010,41,171,149,feed,38400,40,89,36720
1791646965,4,0,1359298,20261010,1,50231,39,feed,38520,0,89,38520
1791646965,4,1,1359333,20261010,86,1056,425,feed,38160,85,90,34200
1791646965,4,0,1360427,20261010,1,50231,0,feed,42060,0,89,42060
1791646965,4,1,1369455,20261010,22,42448,105,feed,38520,21,90,37740
1791646965,4,0,1371263,20261010,1,50231,0,feed,,,,
1791646965,46,1,1267727,20261010,55,216,-16,feed,38580,54,59,36840
1791646965,46,0,1269129,20261010,1,220,0,feed,39660,0,62,39660
1791646965,46,0,1277441,20261010,1,220,55,feed,41460,0,62,41460
1791646965,46,1,1278614,20261010,1,51550,0,feed,38640,0,59,38640
1791646965,48,0,1352138,20261010,1,19301,2166,feed,36300,0,61,36300
1791646965,48,1,1354633,20261010,,,,canceled,,,,
1791646965,48,1,1355494,20261010,1,50152,484,feed,40140,0,61,40140
1791646965,48,0,1368254,20261010,1,19301,0,feed,39900,0,61,39900
1791646965,48,1,1368493,20261010,54,17906,17,feed,38580,53,61,36540
1791646965,5,1,1365834,20261010,1,51846,0,feed,39240,0,80,39240
1791646965,5,0,1366768,20261010,1,51212,0,feed,40620,0,81,40620
1791646965,5,1,1367449,20261010,57,56912,514,feed,38040,56,80,35640
1791646965,5,0,1367672,20261010,32,819,81,feed,38460,31,81,37080
1791646965,515,0,1349358,20261010,2,44199,92,feed,38520,1,49,38460
1791646965,515,0,1349655,20261010,1,53704,0,feed,41100,0,49,41100
1791646965,515,1,1349689,20261010,1,56877,0,feed,38760,0,49,38760
1791646965,515,1,1350932,20261010,1,56877,0,feed,40560,0,49,40560
1791646965,515,0,1352352,20261010,1,53704,0,feed,39360,0,49,39360
1791646965,515,1,1352930,20261010,1,56877,0,feed,39660,0,49,39660
1791646965,515,1,1353563,20261010,1,56877,0,feed,41460,0,49,41460
1791646965,515,0,1354355,20261010,32,658,147,feed,38400,31,49,37560
1791646965,515,1,1355479,20261010,49,53704,71,feed,38580,48,49,37020
1791646965,515,0,1355656,20261010,1,53704,0,feed,42000,0,49,42000
1791646965,515,1,1358475,20261010,20,719,40,feed,38520,19,49,37920
1791646965,515,0,1358814,20261010,1,53704,0,feed,40200,0,49,40200
1791646965,534,1,1343993,20261010,1,51824,0,feed,38700,0,32,38700
1791646965,534,0,1344918,20261010,1,56725,0,feed,38820,0,35,38820
1791646965,534,0,1345183,20261010,1,56725,0,feed,40620,0,35,40620
1791646965,534,1,1345270,20261010,32,56725,334,feed,38220,31,32,36900
1791646965,534,1,1345834,20261010,1,51824,0,feed,40500,0,32,40500
1791646965,538,0,1131655,20261010,1,53704,0,feed,39600,0,42,39600
1791646965,538,0,1133577,20261010,2,44369,586,feed,37980,1,42,37800
1791646965,538,1,1318652,20261010,1,56880,0,feed,40680,0,40,40680
1791646965,538,1,1319593,20261010,27,3729,165,feed,38400,26,40,37080
1791646965,539,1,1137113,20261010,1,56880,0,feed,39180,0,38,39180
1791646965,539,0,1137228,20261010,1,56725,0,feed,40320,0,41,40320
1791646965,539,1,877944,20261010,1,56880,0,feed,40980,0,38,40980
1791646965,539,0,878943,20261010,2,2078,26,feed,38580,1,41,38520
1791646965,54,1,1131070,20261010,1,56100,0,feed,39000,0,27,39000
1791646965,54,0,1346021,20261010,43,5276,-87,feed,38640,42,46,34920
1791646965,54,0,1346151,20261010,21,3142,50,feed,38520,20,46,36660
1791646965,54,1,1346284,20261010,1,42319,0,feed,39960,0,47,39960
1791646965,54,1,1346741,20261010,40,56939,543,feed,38100,39,47,34560
1791646965,54,1,1346861,20261010,4,5533,114,feed,38460,3,47,38160
1791646965,54,0,1346895,20261010,1,56875,0,feed,40260,0,46,40260
1791646965,54,0,1347096,20261010,2,41259,51,feed,38520,1,46,38460
1791646965,54,0,1347245,20261010,1,56875,0,feed,42060,0,46,42060
1791646965,54,1,1347277,20261010,1,56100,0,feed,40800,0,27,40800
1791646965,54,1,1347354,20261010,1,42319,0,feed,41760,0,47,41760
1791646965,54,0,1348563,20261010,10,13096,75,feed,38580,9,25,37560
1791646965,54,1,1352766,20261010,18,13132,-6,feed,38580,17,27,37200
1791646965,54,0,1358498,20261010,1,56875,0,feed,39360,0,25,39360
1791646965,54,1,1359691,20261010,23,57456,213,feed,38340,22,47,36360
1791646965,54,0,1360107,20261010,1,56875,0,feed,41160,0,25,41160
1791646965,540,0,1136783,20261010,1,53052,0,feed,41580,0,51,41580
1791646965,540,0,1137714,20261010,1,53052,175,feed,39780,0,51,39780
1791646965,540,1,880679,20261010,13,51642,264,feed,38280,12,48,37560
1791646965,540,1,897465,20261010,1,56879,0,feed,39360,0,48,39360
1791646965,546,1,1136870,20261010,1,51824,0,feed,39060,0,31,39060
1791646965,546,0,896233,20261010,1,56725,41,feed,40560,0,33,40560
1791646965,61,0,1364460,20261010,70,43282,356,feed,38220,69,76,34500
1791646965,61,1,1364762,20261010,1,52761,0,feed,39840,0,73,39840
1791646965,61,1,1365114,20261010,27,49682,342,feed,,,,
1791646965,61,0,1366263,20261010,1,17905,0,feed,40260,0,76,40260
1791646965,61,1,1367117,20261010,7,11839,101,feed,38460,6,73,38040
1791646965,61,0,1367145,20261010,43,5632,37,feed,38520,42,76,36420
1791646965,61,0,1367264,20261010,1,17905,0,feed,42120,0,76,42120
1791646965,61,1,1367558,20261010,1,52761,0,feed,41640,0,73,41640
1791646965,61,1,1368621,20261010,72,40168,-49,feed,38580,71,73,34560
1791646965,61,0,1370934,20261010,2,53099,143,feed,,,,
1791646965,615,0,1346704,20261010,1,41157,0,feed,39180,0,76,39180
1791646965,615,1,1346927,20261010,76,41157,-143,feed,38580,75,76,35520
1791646965,615,1,1346957,20261010,1,3540,218,feed,39120,0,76,39120
1791646965,615,0,1347002,20261010,69,56138,125,feed,38400,68,76,35580
1791646965,62,0,1349269,20261010,1,328,0,feed,41700,0,86,41700
1791646965,62,0,1349529,20261010,1,328,0,feed,39900,0,86,39900
1791646965,62,0,1349816,20261010,16,53900,116,feed,38460,15,86,38100
1791646965,62,1,1350067,20261010,1,49141,0,feed,39180,0,83,39180
1791646965,62,1,1350170,20261010,29,80931,-217,feed,38580,28,83,37440
1791646965,62,1,1350961,20261010,73,6343,87,feed,38460,72,91,35340
1791646965,62,0,1350967,20261010,60,80932,152,feed,38520,59,86,36300
1791646965,62,1,1351640,20261010,1,49141,0,feed,40980,0,83,40980
1791646965,62,0,1360488,20261010,1,2611,0,feed,40380,0,67,40380
1791646965,62,1,1360776,20261010,67,2611,139,feed,38520,66,67,35760
1791646965,63,1,1263921,20261010,1,51114,0,feed,38700,0,59,38700
1791646965,63,1,1263998,20261010,1,51114,0,feed,39600,0,59,39600
1791646965,63,1,1266542,20261010,18,3247,-9,feed,38580,17,59,37800
1791646965,63,1,1267342,20261010,1,51114,0,feed,40500,0,59,40500
1791646965,63,0,1346169,20261010,1,15795,16,feed,38580,0,60,38580
1791646965,63,0,1346613,20261010,1,15795,0,feed,39480,0,60,39480
1791646965,63,0,1346904,20261010,44,3157,84,feed,38460,43,60,35940
1791646965,63,0,1347327,20261010,1,15795,0,feed,40380,0,60,40380
1791646965,63,1,1347826,20261010,1,51114,0,feed,41400,0,59,41400
1791646965,63,0,1348160,20261010,1,15795,0,feed,41280,0,60,41280
1791646965,63,1,1348231,20261010,42,3089,-14,feed,38580,41,59,36120
1791646965,63,0,1348288,20261010,32,3136,180,feed,38400,31,60,36840
1791646965,63,1,1348435,20261010,21,11859,441,feed,38220,20,59,37020
1791646965,63,0,1366996,20261010,14,56943,207,feed,38340,13,60,37740
1791646965,63,1,1368978,20261010,45,3095,757,feed,37800,44,59,35220
1791646965,64,1,1342563,20261010,1,42157,0,feed,40200,0,43,40200
1791646965,64,1,1342675,20261010,39,11861,153,feed,38400,38,43,36720
1791646965,64,1,1342814,20261010,1,42157,0,feed,41940,0,43,41940
1791646965,64,1,1342840,20261010,1,52015,0,feed,41760,0,76,41760
1791646965,64,1,1343003,20261010,11,3870,93,feed,38520,10,76,38100
1791646965,64,1,1343558,20261010,1,52015,0,feed,39900,0,76,39900
1791646965,64,0,1356518,20261010,1,52761,0,feed,40560,0,66,40560
1791646965,64,0,1357583,20261010,1,52761,0,feed,39660,0,78,39660
1791646965,64,0,1357748,20261010,12,49751,36,feed,38520,11,43,37680
1791646965,64,0,1358581,20261010,44,40151,38,feed,38520,43,78,36660
1791646965,64,0,1358597,20261010,1,52761,0,feed,38700,0,66,38700
1791646965,64,0,1359027,20261010,1,52761,0,feed,41460,0,78,41460
1791646965,64,1,1359239,20261010,1,42157,96,feed,38460,0,43,38460
1791646965,64,1,1359330,20261010,61,11807,31,feed,38580,60,76,36360
1791646965,645,1,1208079,20261010,7,48749,834,feed,37800,6,55,37020
1791646965,645,0,1337177,20261010,1,6990,168,feed,40560,0,52,40560
1791646965,645,1,1339696,20261010,1,53293,0,feed,40620,0,55,40620
1791646965,645,0,1340572,20261010,40,8139,-69,feed,38580,39,52,36960
1791646965,65,1,1349485,20261010,1,57690,0,feed,39360,0,38,39360
1791646965,65,1,1349953,20261010,1,57690,0,feed,41160,0,38,41160
1791646965,65,0,1370107,20261010,1,10761,21,feed,,,,
1791646965,65,0,1370127,20261010,10,10704,229,feed,,,,
1791646965,65,0,1370420,20261010,1,10761,207,feed,,,,
1791646965,65,1,1371149,20261010,22,10727,161,feed,,,,
1791646965,67,0,1263314,20261010,1,53723,0,feed,38700,0,65,38700
1791646965,67,1,1266427,20261010,1,56100,0,feed,38880,0,65,38880
1791646965,67,0,1352367,20261010,1,53723,0,feed,40500,0,65,40500
1791646965,67,1,1354022,20261010,24,15093,498,feed,38040,23,65,37080
1791646965,67,0,1358806,20261010,41,15061,89,feed,38400,40,65,36900
1791646965,67,1,1358914,20261010,1,56100,0,feed,40680,0,65,40680
1791646965,68,0,1268126,20261010,2,9806,62,feed,39300,1,59,39300
1791646965,68,0,1357240,20261010,1,53340,0,feed,39480,0,118,39480
1791646965,68,1,1360449,20261010,1,11904,0,feed,39300,0,61,39300
1791646965,68,0,1361024,20261010,2,9806,39,feed,42000,1,87,42000
1791646965,68,0,1361561,20261010,5,9812,41,feed,38520,4,87,38400
1791646965,68,0,1362237,20261010,91,426,1,feed,38580,90,118,35880
1791646965,68,1,1362418,20261010,1,11904,0,feed,41100,0,117,41100
1791646965,68,1,1363922,20261010,23,326,-74,feed,38580,22,117,37500
1791646965,68,1,1364885,20261010,1,57511,0,feed,40920,0,83,40920
1791646965,68,1,1367526,20261010,25,49993,-6,feed,38580,24,83,37320
1791646965,68,0,1368298,20261010,2,9806,37,feed,40200,1,87,40200
1791646965,68,1,1369065,20261010,56,9914,396,feed,38160,55,83,35520
1791646965,68,0,1369354,20261010,55,57625,-87,feed,38640,54,87,36600
1791646965,68,1,1369397,20261010,1,57511,0,feed,39120,0,83,39120
1791646965,686,1,1173939,20261010,1,56939,0,feed,38520,0,4,38520
1791646965,686,0,1332448,20261010,1,47705,0,feed,42000,0,3,42000
1791646965,686,1,1333421,20261010,1,56939,100,feed,41220,0,4,41220
1791646965,686,0,1335132,20261010,1,47705,0,feed,39480,0,3,39480
1791646965,7,0,1356122,20261010,1,51779,0,feed,39540,0,64,39540
1791646965,7,1,1358086,20261010,1,17679,0,feed,39000,0,60,39000
1791646965,7,1,1358696,20261010,23,42454,104,feed,38520,22,60,37200
1791646965,7,0,1358768,20261010,30,57481,931,feed,37620,29,64,35940
1791646965,7,1,1358842,20261010,1,17679,0,feed,40800,0,60,40800
1791646965,7,0,1359970,20261010,1,51779,0,feed,41280,0,64,41280
1791646965,7,1,1370938,20261010,51,15419,-99,feed,,,,
1791646965,7,0,1371189,20261010,16,48896,-88,feed,,,,
1791646965,71,1,1265278,20261010,49,10061,-18,feed,38580,48,60,36600
1791646965,71,1,1265370,20261010,1,51291,0,feed,40200,0,60,40200
1791646965,71,1,1266244,20261010,2,5112,83,feed,38460,1,60,38400
1791646965,71,0,1270230,20261010,1,9715,0,feed,40620,0,58,40620
1791646965,71,0,1271989,20261010,37,50330,58,feed,38520,36,58,37020
1791646965,71,1,1361111,20261010,1,49141,0,feed,41940,0,74,41940
1791646965,71,0,1361532,20261010,1,9715,22,feed,38520,0,75,38520
1791646965,716,0,1136598,20261010,1,50154,0,feed,40200,0,51,40200
1791646965,716,1,1137310,20261010,2,8729,42,feed,38520,1,50,38520
1791646965,72,1,1369599,20261010,1,13667,0,feed,,,,
1791646965,72,1,1369858,20261010,1,13667,0,feed,,,,
1791646965,72,0,1369892,20261010,25,57416,89,feed,,,,
1791646965,72,0,1370203,20261010,1,57615,0,feed,,,,
1791646965,72,1,1371342,20261010,25,43282,227,feed,,,,
1791646965,721,1,1176660,20261010,1,9522,297,feed,39540,0,41,39540
1791646965,721,0,1177083,20261010,1,51845,0,feed,39780,0,43,39780
1791646965,721,0,1182375,20261010,3,9474,494,feed,38100,2,43,37980
1791646965,721,1,1182616,20261010,16,44230,178,feed,38340,15,41,37800
1791646965,721,1,1187701,20261010,1,9522,0,feed,41340,0,41,41340
1791646965,721,0,1367391,20261010,1,51845,0,feed,41580,0,43,41580
1791646965,722,0,1177188,20261010,1,56827,0,feed,39720,0,11,39720
1791646965,722,1,1179039,20261010,1,57636,0,feed,40740,0,53,40740
1791646965,722,0,1180123,20261010,1,56827,0,feed,41460,0,51,41460
1791646965,722,1,1180262,20261010,41,51166,84,feed,38520,40,53,37200
1791646965,722,1,1184312,20261010,1,11486,0,feed,40260,0,14,40260
1791646965,722,0,1277264,20261010,12,11488,86,feed,38460,11,51,37860
1791646965,723,0,1181870,20261010,1,51845,0,feed,41460,0,39,41460
1791646965,723,1,1367580,20261010,1,53224,0,feed,39480,0,41,39480
1791646965,723,0,1367911,20261010,22,9356,29,feed,38520,21,39,37860
1791646965,724,0,1131044,20261010,33,53222,518,feed,38040,32,33,36900
1791646965,724,1,1131116,20261010,1,53222,0,feed,39720,0,35,39720
1791646965,724,0,1132036,20261010,1,51846,0,feed,40500,0,33,40500
1791646965,724,0,1132480,20261010,1,51846,0,feed,38700,0,33,38700
1791646965,724,0,1133511,20261010,22,42060,67,feed,38520,21,33,37800
1791646965,724,1,1134432,20261010,1,53222,0,feed,40620,0,35,40620
1791646965,724,0,1134705,20261010,1,51846,0,feed,41400,0,33,41400
1791646965,724,1,1135278,20261010,1,53222,0,feed,38820,0,35,38820
1791646965,724,1,1277940,20261010,1,53222,0,feed,41520,0,35,41520
1791646965,724,1,1285846,20261010,19,8840,-5,feed,38580,18,35,37920
1791646965,724,0,1288643,20261010,1,51846,0,feed,39600,0,33,39600
1791646965,725,0,1311325,20261010,14,49365,128,feed,38460,13,50,37560
1791646965,725,1,1312187,20261010,37,53224,255,feed,38460,36,49,36900
1791646965,725,0,1312512,20261010,1,57580,0,feed,41160,0,50,41160
1791646965,725,1,1312980,20261010,1,56775,0,feed,40500,0,49,40500
1791646965,74,1,1355811,20261010,1,13667,0,feed,39720,0,61,39720
1791646965,74,1,1356552,20261010,1,13667,0,feed,38820,0,61,38820
1791646965,74,0,1358216,20261010,1,51546,0,feed,39000,0,59,39000
1791646965,74,0,1358348,20261010,1,51546,0,feed,41580,0,59,41580
1791646965,74,1,1358406,20261010,1,13667,0,feed,40620,0,61,40620
1791646965,74,1,1358952,20261010,23,43282,252,feed,38400,22,61,37020
1791646965,74,1,1359327,20261010,12,12902,-101,feed,38580,11,61,37920
1791646965,74,1,1359455,20261010,57,56127,150,feed,38400,56,61,35220
1791646965,74,0,1359642,20261010,33,11834,354,feed,38280,32,59,36360
1791646965,74,0,1359843,20261010,2,48896,227,feed,38520,1,59,38160
1791646965,74,0,1359986,20261010,1,51546,0,feed,39840,0,59,39840
1791646965,74,1,1368378,20261010,1,13667,0,feed,41520,0,61,41520
1791646965,74,0,1369384,20261010,1,51546,0,feed,40680,0,59,40680
1791646965,80,0,1304923,20261010,1,49979,0,feed,40320,0,42,40320
1791646965,80,1,1311031,20261010,1,50689,0,feed,42120,0,38,42120
1791646965,80,1,1311988,20261010,2,5283,18,feed,38640,1,38,38520
1791646965,80,1,1313955,20261010,1,50689,0,feed,40320,0,38,40320
1791646965,80,0,1315020,20261010,1,49979,0,feed,42120,0,42,42120
1791646965,80,0,1317031,20261010,1,49979,24,feed,38520,0,42,38520
1791646965,802,1,1194600,20261010,23,11044,241,feed,38340,22,45,37320
1791646965,802,0,1206156,20261010,1,57169,0,feed,39840,0,46,39840
1791646965,802,1,1207223,20261010,1,42622,0,feed,40920,0,45,40920
1791646965,804,0,1261353,20261010,1,14153,0,feed,39600,0,32,39600
1791646965,804,1,1325619,20261010,1,14727,0,feed,41400,0,35,41400
1791646965,804,1,1327423,20261010,20,15949,-67,feed,38580,19,35,37800
1791646965,805,1,1211916,20261010,1,50716,0,feed,40080,0,72,40080
1791646965,805,0,1214107,20261010,57,43884,152,feed,38400,56,72,36240
1791646965,805,1,1216405,20261010,53,43827,150,feed,38400,52,72,36540
1791646965,805,0,1218306,20261010,1,56775,0,feed,39840,0,72,39840
1791646965,827,0,1178032,20261010,1,42837,0,feed,40380,0,51,40380
1791646965,827,0,1313897,20261010,23,57562,306,feed,38280,22,51,36780
1791646965,827,1,1316512,20261010,43,57577,42,feed,38520,42,51,36840
1791646965,827,1,1316764,20261010,1,57167,0,feed,40440,0,51,40440
1791646965,83,0,1266587,20261010,1,53725,0,feed,41940,0,44,41940
1791646965,83,0,1271792,20261010,44,52532,20,feed,38580,43,44,36540
1791646965,83,1,1351245,20261010,1,52532,0,feed,39480,0,41,39480
1791646965,83,1,1352421,20261010,1,52532,0,feed,41280,0,41,41280
1791646965,83,0,1352462,20261010,1,53725,0,feed,40140,0,44,40140
1791646965,83,1,1352733,20261010,17,49729,58,feed,38520,16,41,37680
1791646965,83,0,1354679,20261010,2,53726,139,feed,38460,1,44,38340
1791646965,87,1,1303205,20261010,1,57690,0,feed,42120,0,70,42120
1791646965,87,1,1303596,20261010,48,11751,94,feed,38460,47,70,36660
1791646965,87,1,1304294,20261010,1,57690,0,feed,,,,
1791646965,87,1,1304765,20261010,1,57690,0,feed,38580,0,70,38580
1791646965,87,0,1349136,20261010,60,14346,378,feed,38160,59,71,36180
1791646965,87,0,1349145,20261010,10,13072,118,feed,38340,9,71,37980
1791646965,87,0,1351206,20261010,1,51892,0,feed,39660,0,71,39660
1791646965,87,0,1351357,20261010,1,51892,0,feed,41520,0,71,41520
1791646965,888,1,1364198,20261010,1,52563,0,feed,39060,0,10,39060
1791646965,9,1,1356169,20261010,2,48896,-32,feed,38580,1,111,38160
1791646965,9,0,1356781,20261010,1,40247,0,feed,40260,0,112,40260
1791646965,9,1,1365369,20261010,77,7348,689,feed,37860,76,111,34620
1791646965,9,0,1367346,20261010,1,52552,0,feed,38700,0,100,38700
1791646965,9,1,1368210,20261010,1,51551,0,feed,41700,0,111,41700
1791646965,9,1,1368666,20261010,1,51551,0,feed,39960,0,96,39960
1791646965,9,0,1368775,20261010,71,16455,638,feed,37920,70,100,35100
1791646965,9,0,1369312,20261010,57,3051,284,feed,38280,56,112,36660
1791646965,9,1,1369376,20261010,44,57459,169,feed,38400,43,96,36420
1791646965,901,1,878377,20261010,18,51421,0,feed,38640,17,20,36600
1791646965,901,0,878829,20261010,17,51423,120,feed,38400,16,20,36240
1791646965,901,0,884511,20261010,7,51433,120,feed,38520,6,20,37680
1791646965,901,1,889975,20261010,6,56338,60,feed,38520,5,20,38040
1791646965,901,0,892140,20261010,13,51427,0,feed,38640,12,20,36960
1791646965,901,0,893439,20261010,2,51437,60,feed,38580,1,20,38400
1791646965,901,0,899701,20261010,1,51405,0,feed,39120,0,20,39120
1791646965,901,1,901459,20261010,3,56336,0,feed,38940,2,20,38760
1791646965,901,1,986300,20261010,12,51416,120,feed,38520,11,20,37320
1791646965,902,0,877066,20261010,3,56336,0,feed,39360,2,24,39180
1791646965,902,0,878589,20261010,3,56336,0,feed,38640,2,24,38460
1791646965,902,1,878713,20261010,1,56026,0,feed,38820,0,24,38820
1791646965,902,1,883019,20261010,11,56036,60,feed,38580,10,24,37380
1791646965,902,1,885862,20261010,15,56040,240,feed,38400,14,24,36660
1791646965,902,1,890803,20261010,1,56026,0,feed,39540,0,24,39540
1791646965,902,0,896279,20261010,13,56007,240,feed,38460,12,24,37020
1791646965,902,1,896452,20261010,19,56330,420,feed,38340,18,24,35940
1791646965,902,0,904850,20261010,19,56013,180,feed,38520,18,24,36300
1791646965,902,1,905471,20261010,4,56029,120,feed,38460,3,24,38100
1791646965,903,0,1265806,20261010,1,57285,0,feed,40500,0,6,40500
1791646965,903,0,1267712,20261010,1,57285,0,feed,38700,0,6,38700
1791646965,903,1,1270755,20261010,1,56874,0,feed,38760,0,6,38760
1791646965,903,1,1270799,20261010,1,56874,0,feed,40560,0,6,40560
1791646965,904,1,1275983,20261010,1,56800,0,feed,41460,0,12,41460
1791646965,904,0,1364902,20261010,1,56830,0,feed,39000,0,13,39000
1791646965,904,0,1366435,20261010,3,56831,346,feed,38520,2,13,38100
1791646965,904,1,1367138,20261010,12,56830,387,feed,38220,11,12,36060
1791646965,904,1,1367248,20261010,1,56800,0,feed,38760,0,12,38760
1791646965,904,0,1367284,20261010,1,56830,0,feed,39900,0,13,39900
1791646965,904,0,1367597,20261010,1,56830,0,feed,41700,0,13,41700
1791646965,904,1,1367710,20261010,6,17781,155,feed,38520,5,12,37860
1791646965,904,0,1367899,20261010,1,56830,0,feed,40800,0,13,40800
1791646965,904,1,1368158,20261010,1,56800,0,feed,40560,0,12,40560
1791646965,904,1,1368174,20261010,11,56833,74,feed,38760,10,12,36960
1791646965,904,0,1368242,20261010,7,53542,105,feed,38520,6,13,37200
1791646965,904,1,1368532,20261010,1,56800,0,feed,39660,0,12,39660
1791646965,904,0,1368537,20261010,13,56800,188,feed,38400,12,13,36300
1791646965,905,0,1343658,20261010,1,52761,0,feed,39300,0,16,39300
1791646965,905,0,1343691,20261010,15,57440,-428,feed,38640,14,16,36600
1791646965,905,0,1343737,20261010,1,52761,147,feed,38400,0,16,38400
1791646965,905,1,1344182,20261010,1,57441,0,feed,41940,0,16,41940
1791646965,905,0,1344523,20261010,9,57428,-125,feed,38640,8,16,37500
1791646965,905,0,1344704,20261010,1,52761,0,feed,41100,0,16,41100
1791646965,905,1,1344709,20261010,10,57423,-27,feed,38580,9,16,37440
1791646965,905,1,1344758,20261010,3,57437,-8,feed,38580,2,16,38340
1791646965,905,1,1344768,20261010,1,57441,0,feed,40140,0,16,40140
1791646965,905,0,1344881,20261010,1,52761,0,feed,40200,0,16,40200
1791646965,905,0,1345016,20261010,1,52761,0,feed,42000,0,16,42000
1791646965,905,1,1345070,20261010,1,57441,0,feed,39240,0,16,39240
1791646965,905,1,1345126,20261010,1,57441,0,feed,41040,0,16,41040
1791646965,905,1,1345461,20261010,15,52759,-204,feed,38640,14,16,36540
1791646965,921,0,1365380,20261010,1,51544,0,feed,39840,0,20,39840
1791646965,921,1,1365587,20261010,10,17312,303,feed,38340,9,20,37380
1791646965,921,0,1365713,20261010,1,51544,0,feed,40740,0,20,40740
1791646965,921,1,1366939,20261010,3,50032,56,feed,38580,2,20,38280
1791646965,921,0,1367271,20261010,1,51544,0,feed,41580,0,20,41580
1791646965,921,1,1367427,20261010,1,52531,0,feed,39180,0,20,39180
1791646965,921,1,1367991,20261010,1,52531,0,feed,40980,0,20,40980
1791646965,921,1,1368695,20261010,16,56126,644,feed,37920,15,20,36540
1791646965,921,0,1369292,20261010,20,52531,28,feed,38520,19,20,36300
1791646965,921,0,1369526,20261010,4,56111,-70,feed,38700,3,20,38040
1791646965,922,0,1312509,20261010,1,57314,0,feed,41880,0,35,41880
1791646965,922,1,1312528,20261010,1,56100,0,feed,41160,0,34,41160
1791646965,922,0,1312754,20261010,21,57332,327,feed,38220,20,35,36120
1791646965,922,1,1312776,20261010,1,56100,0,feed,39960,0,34,39960
1791646965,922,0,1312840,20261010,18,57327,-94,feed,38640,17,35,36840
1791646965,922,0,1312850,20261010,29,11885,-96,feed,38580,28,35,35400
1791646965,922,1,1313156,20261010,14,57335,102,feed,38460,13,34,36900
1791646965,922,0,1313529,20261010,5,4866,95,feed,38580,4,35,38280
1791646965,922,1,1313608,20261010,34,57314,787,feed,37800,33,34,34080
1791646965,922,0,1313700,20261010,1,57314,0,feed,41280,0,35,41280
1791646965,922,0,1313960,20261010,1,57314,0,feed,40080,0,35,40080
1791646965,922,1,1314430,20261010,1,56100,0,feed,41700,0,34,41700
1791646965,922,1,1315027,20261010,8,17031,157,feed,38400,7,34,37560
1791646965,922,1,1315357,20261010,21,16904,33,feed,38520,20,34,36240
1791646965,922,1,1315376,20261010,1,56100,0,feed,40560,0,34,40560
1791646965,922,1,1316048,20261010,1,56100,0,feed,38760,0,34,38760
1791646965,922,1,1316271,20261010,1,56100,0,feed,39360,0,34,39360
1791646965,922,0,1316315,20261010,1,57314,0,feed,40680,0,35,40680
1791646965,922,1,1316893,20261010,4,57417,173,feed,38460,3,34,38160
1791646965,922,0,1317158,20261010,7,57356,441,feed,38100,6,35,37560
1791646965,922,0,1317301,20261010,1,57314,0,feed,38880,0,35,38880
1791646965,922,1,1317332,20261010,26,47529,226,feed,38400,25,34,35520
1791646965,922,0,1317653,20261010,1,57314,0,feed,39480,0,35,39480
1791646965,923,1,1262643,20261010,21,17910,373,feed,38280,20,23,36240
1791646965,923,1,1262872,20261010,18,17905,-74,feed,,,,
1791646965,923,0,1263416,20261010,6,17856,153,feed,38580,5,22,37980
1791646965,923,0,1263432,20261010,13,11099,132,feed,38460,12,22,37260
1791646965,923,0,1263879,20261010,1,56897,0,feed,40740,0,22,40740
1791646965,923,1,1266113,20261010,1,57278,0,feed,42000,0,23,42000
1791646965,923,0,1266334,20261010,1,56897,0,feed,39420,0,22,39420
1791646965,923,1,1268753,20261010,10,11098,55,feed,38520,9,23,37680
1791646965,923,0,1269198,20261010,1,56897,0,feed,41340,0,22,41340
1791646965,923,0,1269485,20261010,1,56897,0,feed,38700,0,22,38700
1791646965,923,1,1269715,20261010,1,57278,0,feed,40200,0,23,40200
1791646965,923,0,1270218,20261010,21,56826,261,feed,,,,
1791646965,923,1,1270854,20261010,1,57278,0,feed,,,,
1791646965,923,1,1270898,20261010,1,57278,0,feed,40800,0,23,40800
1791646965,923,0,1271556,20261010,1,56897,0,feed,41880,0,22,41880
1791646965,923,1,1271890,20261010,1,57278,0,feed,,,,
1791646965,923,1,1272931,20261010,3,9087,113,feed,38460,2,23,38340
1791646965,923,1,1273765,20261010,1,57278,0,feed,41400,0,23,41400
1791646965,923,0,1287651,20261010,1,56897,0,feed,,,,
1791646965,924,1,1264360,20261010,13,11161,136,feed,,,,
1791646965,924,1,1265154,20261010,1,56823,0,feed,,,,
1791646965,924,0,1265169,20261010,1,56873,0,feed,,,,
1791646965,924,1,1266858,20261010,34,436,566,feed,,,,
1791646965,924,1,1267505,20261010,34,436,98,feed,,,,
1791646965,924,0,1268293,20261010,15,80138,190,feed,,,,
1791646965,924,1,1271097,20261010,23,56911,355,feed,,,,
1791646965,924,1,1271691,20261010,1,56823,-40,feed,,,,
1791646965,924,0,1272595,20261010,30,56949,209,feed,,,,
1791646965,924,0,1273488,20261010,1,56873,0,feed,,,,
1791646965,924,0,1273992,20261010,21,56929,666,feed,,,,
1791646965,924,1,1274258,20261010,1,56823,0,feed,,,,
1791646965,924,0,1274400,20261010,1,56873,0,feed,,,,
1791646965,924,0,1275713,20261010,19,56927,326,feed,,,,
1791646965,924,0,1275955,20261010,11,779,112,feed,,,,
1791646965,924,0,1276460,20261010,36,9646,224,feed,,,,
1791646965,924,0,1277611,20261010,1,56873,0,feed,,,,
1791646965,924,1,1279871,20261010,1,56823,0,feed,,,,
1791646965,924,1,1280239,20261010,19,17910,190,feed,,,,
1791646965,924,0,1284375,20261010,1,56873,0,feed,,,,
1791646965,924,1,1284738,20261010,1,56823,0,feed,,,,
1791646965,924,0,1285882,20261010,3,56921,217,feed,,,,
1791646965,924,1,1287535,20261010,1,56823,0,feed,,,,
1791646965,924,0,1288566,20261010,1,56873,0,feed,,,,
1791646965,924,1,1288579,20261010,6,56903,113,feed,,,,
1791646965,925,0,1263042,20261010,35,57541,514,feed,38040,34,35,34740
1791646965,925,0,1267934,20261010,16,1327,178,feed,38340,15,35,36900
1791646965,925,0,1275511,20261010,32,16566,132,feed,38460,31,35,35460
1791646965,925,1,1332193,20261010,1,57541,0,feed,39420,0,35,39420
1791646965,925,1,1332273,20261010,1,57541,0,feed,40080,0,35,40080
1791646965,925,1,1333209,20261010,1,57541,0,feed,41460,0,35,41460
1791646965,925,1,1333381,20261010,22,42219,586,feed,38040,21,35,35820
1791646965,925,0,1333688,20261010,1,53703,0,feed,39780,0,35,39780
1791646965,925,1,1333705,20261010,1,57541,0,feed,38700,0,35,38700
1791646965,925,1,1334007,20261010,35,53703,-140,feed,38580,34,35,35100
1791646965,925,0,1334013,20261010,1,53703,0,feed,39060,0,35,39060
1791646965,925,1,1334040,20261010,1,57541,0,feed,40740,0,35,40740
1791646965,925,0,1334530,20261010,3,1250,107,feed,38520,2,35,38340
1791646965,925,0,1334805,20261010,1,53703,0,feed,41160,0,35,41160
1791646965,925,1,1335097,20261010,12,17919,235,feed,38460,11,35,37260
1791646965,925,1,1335120,20261010,19,1096,239,feed,38340,18,35,36540
1791646965,925,0,1335655,20261010,1,53703,0,feed,40500,0,35,40500
1791646965,925,0,1335665,20261010,1,53703,0,feed,41820,0,35,41820
1791646965,925,1,1335673,20261010,7,16112,27,feed,38580,6,35,37980
1791646965,925,0,1335776,20261010,23,17948,392,feed,38220,22,35,36180
1791646965,925,0,1335828,20261010,13,1316,-92,feed,38700,12,35,37620
1791646965,94,0,1177607,20261010,1,51200,0,feed,38580,0,15,38580
1791646965,94,1,1178882,20261010,1,56100,0,feed,39240,0,16,39240
1791646965,94,1,1185710,20261010,1,56100,0,feed,41040,0,16,41040
1791646965,94,0,1324558,20261010,1,51200,0,feed,40380,0,15,40380
1791646965,94,1,1370731,20261010,8,17894,115,feed,,,,
1791647869,10,0,1369595,20261010,1,19337,0,feed,,,,
1791647869,10,0,1369646,20261010,1,19337,0,feed,,,,
1791647869,10,0,1369885,20261010,24,17182,-47,feed,,,,
1791647869,10,1,1369906,20261010,1,57165,0,feed,,,,
1791647869,10,0,1369911,20261010,7,17994,639,feed,,,,
1791647869,10,1,1370184,20261010,1,57165,0,feed,,,,
1791647869,10,1,1370237,20261010,27,17146,92,feed,,,,
1791647869,10,0,1370245,20261010,1,19337,0,feed,,,,
1791647869,10,1,1370576,20261010,1,57165,30,feed,,,,
1791647869,10,1,1370646,20261010,1,57448,88,feed,,,,
1791647869,10,1,1370672,20261010,1,57165,159,feed,,,,
1791647869,10,1,1370768,20261010,33,17200,110,feed,,,,
1791647869,10,1,1370830,20261010,51,46801,345,feed,,,,
1791647869,10,1,1370880,20261010,7,40229,55,feed,,,,
1791647869,10,0,1370908,20261010,1,19337,0,feed,,,,
1791647869,10,0,1371047,20261010,2,19277,191,feed,,,,
1791647869,10,0,1371102,20261010,31,17160,331,feed,,,,
1791647869,10,0,1371165,20261010,1,19337,0,feed,,,,
1791647869,10,1,1371188,20261010,1,57448,0,feed,,,,
1791647869,10,0,1371248,20261010,48,57445,638,feed,,,,
1791647869,11,1,1317761,20261010,40,17976,293,feed,39300,39,79,37680
1791647869,11,1,1317779,20261010,1,49304,0,feed,42120,0,79,42120
1791647869,11,1,1319308,20261010,22,14637,50,feed,39360,21,79,38580
1791647869,11,1,1319373,20261010,1,49304,0,feed,41220,0,79,41220
1791647869,11,1,1319483,20261010,44,17984,637,feed,38820,43,79,36840
1791647869,11,0,1364644,20261010,1,51828,0,feed,40980,0,80,40980
1791647869,11,0,1364979,20261010,3,53545,271,feed,39360,2,80,39180
1791647869,11,0,1365465,20261010,1,51828,0,feed,41880,0,80,41880
1791647869,11,0,1365799,20261010,1,51828,0,feed,42780,0,80,42780
1791647869,11,0,1366848,20261010,32,17766,95,feed,39360,31,80,38280
1791647869,11,1,1367265,20261010,1,49304,0,feed,43020,0,79,43020
1791647869,11,0,1369133,20261010,41,17998,238,feed,39240,40,80,37380
1791647869,11,0,1369309,20261010,1,51828,0,feed,40080,0,80,40080
1791647869,11,1,1370548,20261010,1,49304,0,feed,,,,
1791647869,11,1,1370738,20261010,1,49304,0,feed,,,,
1791647869,11,0,1370855,20261010,63,14631,208,feed,,,,
1791647869,14,0,1331035,20261010,1,4345,55,feed,,,,
1791647869,14,0,1332739,20261010,,,,canceled,,,,
1791647869,14,1,1369747,20261010,70,51834,778,feed,,,,
1791647869,14,1,1369869,20261010,9,8370,174,feed,,,,
1791647869,14,1,1370087,20261010,1,50153,0,feed,,,,
1791647869,14,1,1370517,20261010,33,17876,253,feed,,,,
1791647869,14,1,1370679,20261010,1,50153,0,feed,,,,
1791647869,14,1,1370725,20261010,1,50153,0,feed,,,,
1791647869,14,1,1370737,20261010,55,15611,205,feed,,,,
1791647869,14,0,1370769,20261010,1,4345,0,feed,,,,
1791647869,14,0,1371183,20261010,1,4345,0,feed,,,,
1791647869,14,0,1371192,20261010,1,4345,748,feed,,,,
1791647869,14,0,1371277,20261010,58,8294,214,feed,,,,
1791647869,17,0,1132272,20261010,1,57458,0,feed,43020,0,63,43020
1791647869,17,0,1135251,20261010,63,17192,329,feed,39180,62,63,35040
1791647869,17,0,1293527,20261010,45,17992,-172,feed,39540,44,51,36840
1791647869,17,1,1293534,20261010,1,56800,0,feed,41040,0,49,41040
1791647869,17,1,1305929,20261010,1,56800,0,feed,42780,0,49,42780
1791647869,17,0,1307520,20261010,8,5765,308,feed,39180,7,51,38640
1791647869,17,0,1307614,20261010,1,57458,0,feed,42180,0,51,42180
1791647869,17,1,1318184,20261010,22,17982,104,feed,39420,21,65,38040
1791647869,17,1,1318231,20261010,1,17192,0,feed,40980,0,65,40980
1791647869,17,1,1319579,20261010,3,57446,83,feed,39360,2,65,39240
1791647869,17,0,1321408,20261010,1,57458,0,feed,40380,0,51,40380
1791647869,17,0,1324198,20261010,1,57458,0,feed,39480,0,63,39480
1791647869,17,1,1334276,20261010,1,17192,0,feed,42780,0,65,42780
1791647869,17,0,1335074,20261010,50,56542,471,feed,39060,49,63,35940
1791647869,17,1,1335256,20261010,45,4680,431,feed,39060,44,65,36240
1791647869,17,0,1335716,20261010,1,57458,0,feed,41280,0,63,41280
1791647869,17,0,1369114,20261010,31,50195,130,feed,39360,30,63,37740
1791647869,18,0,1242780,20261010,1,1754,0,feed,41040,0,42,41040
1791647869,18,0,1361203,20261010,49,17998,226,feed,39240,48,51,36120
1791647869,18,0,1361533,20261010,1,51852,0,feed,41100,0,51,41100
1791647869,18,0,1362100,20261010,51,3393,444,feed,39000,50,84,37260
1791647869,18,1,1364423,20261010,1,56800,0,feed,40620,0,83,40620
1791647869,18,1,1364463,20261010,8,17986,-50,feed,39540,7,83,38820
1791647869,18,1,1365481,20261010,1,56800,0,feed,40020,0,43,40020
1791647869,18,1,1365531,20261010,1,56800,0,feed,,,,
1791647869,18,1,1366191,20261010,50,1361,274,feed,39180,49,52,36120
1791647869,18,0,1366983,20261010,1,57131,0,feed,42540,0,84,42540
1791647869,18,1,1367088,20261010,1,56800,0,feed,41760,0,43,41760
1791647869,18,0,1367343,20261010,1,57131,0,feed,40800,0,84,40800
1791647869,18,0,1367567,20261010,3,1436,57,feed,39420,2,51,39360
1791647869,18,1,1367713,20261010,1,56800,0,feed,41160,0,52,41160
1791647869,18,1,1367772,20261010,32,135,266,feed,39180,31,83,37020
1791647869,18,1,1368112,20261010,1,56800,32,feed,39420,0,52,39420
1791647869,18,0,1368244,20261010,73,1905,129,feed,39360,72,84,36060
1791647869,18,0,1368677,20261010,14,51631,103,feed,39360,13,84,39060
1791647869,18,0,1368708,20261010,34,1887,153,feed,39300,33,51,37560
1791647869,18,1,1368807,20261010,77,1391,-596,feed,39480,76,83,35280
1791647869,18,0,1368852,20261010,1,51852,0,feed,42840,0,51,42840
1791647869,18,1,1368919,20261010,1,56800,0,feed,42360,0,83,42360
1791647869,18,1,1369422,20261010,20,81114,51,feed,39420,19,52,37920
1791647869,18,0,1370637,20261010,1,1754,0,feed,,,,
1791647869,18,0,1370895,20261010,6,1762,8,feed,,,,
1791647869,2,1,1269758,20261010,1,50670,0,feed,40860,0,34,40860
1791647869,2,1,1272511,20261010,16,15630,-68,feed,39480,15,34,38400
1791647869,2,0,1318538,20261010,29,13219,198,feed,39300,28,34,37560
1791647869,2,0,1319257,20261010,1,57469,0,feed,39900,0,34,39900
1791647869,2,0,1331198,20261010,17,80925,322,feed,39180,16,41,38160
1791647869,2,0,1331467,20261010,1,57469,0,feed,41700,0,41,41700
1791647869,2,0,1331521,20261010,2,13337,35,feed,39420,1,41,39360
1791647869,2,0,1332514,20261010,1,57469,0,feed,42900,0,41,42900
1791647869,2,0,1333280,20261010,40,57619,182,feed,39300,39,41,36720
1791647869,2,1,1361716,20261010,1,57618,0,feed,42000,0,42,42000
1791647869,2,1,1361769,20261010,1,57618,0,feed,39600,0,42,39600
1791647869,2,0,1362327,20261010,1,57469,0,feed,40500,0,41,40500
1791647869,2,1,1362375,20261010,1,57618,0,feed,40800,0,42,40800
1791647869,2,0,1363071,20261010,12,52239,-29,feed,39480,11,34,38760
1791647869,2,1,1363201,20261010,38,4667,95,feed,39360,37,42,36840
1791647869,2,1,1363880,20261010,1,50670,0,feed,42060,0,34,42060
1791647869,2,0,1367161,20261010,1,57469,0,feed,42300,0,34,42300
1791647869,2,1,1367288,20261010,1,50670,0,feed,39660,0,34,39660
1791647869,2,0,1371314,20261010,1,57469,0,feed,,,,
1791647869,2,1,1371362,20261010,14,42452,-34,feed,,,,
1791647869,215,1,1262227,20261010,1,5020,0,feed,40560,0,27,40560
1791647869,215,0,1267411,20261010,1,49979,0,feed,42240,0,30,42240
1791647869,215,0,1272700,20261010,19,57713,19,feed,39480,18,30,38640
1791647869,219,0,1303715,20261010,1,57340,0,feed,40560,0,74,40560
1791647869,219,0,1305109,20261010,62,7784,-173,feed,39480,61,74,36960
1791647869,219,1,1311603,20261010,60,2280,35,feed,39480,59,71,36900
1791647869,219,1,1311716,20261010,1,5020,0,feed,40500,0,71,40500
1791647869,22,1,1356264,20261010,28,56317,43,feed,39480,27,84,37800
1791647869,22,1,1357886,20261010,50,40467,105,feed,39360,49,87,36600
1791647869,22,0,1366893,20261010,1,4558,0,feed,39540,0,82,39540
1791647869,22,1,1367304,20261010,1,56825,0,feed,42660,0,84,42660
1791647869,22,0,1367506,20261010,1,4558,0,feed,40680,0,82,40680
1791647869,22,1,1367569,20261010,1,56825,0,feed,41400,0,84,41400
1791647869,22,1,1367942,20261010,70,4328,-4,feed,39480,69,84,35460
1791647869,22,0,1367978,20261010,36,15618,699,feed,38760,35,82,37140
1791647869,22,1,1368145,20261010,6,41839,6,feed,39420,5,84,39060
1791647869,22,0,1368172,20261010,1,4558,0,feed,41880,0,86,41880
1791647869,22,1,1368736,20261010,1,56825,0,feed,40200,0,87,40200
1791647869,22,0,1369010,20261010,27,12566,39,feed,39420,26,86,38340
1791647869,22,0,1369396,20261010,66,11199,182,feed,39600,65,82,35940
1791647869,223,0,1361366,20261010,4,52224,572,feed,38880,3,33,38760
1791647869,223,1,1362058,20261010,1,5020,0,feed,42060,0,34,42060
1791647869,223,0,1362377,20261010,1,57691,0,feed,40560,0,33,40560
1791647869,223,1,1363596,20261010,14,81096,103,feed,39420,13,34,38460
1791647869,225,1,1132076,20261010,1,45174,0,feed,39480,0,20,39480
1791647869,225,0,1268566,20261010,1,52530,0,feed,41460,0,20,41460
1791647869,227,0,1266913,20261010,1,52530,0,feed,41400,0,47,41400
1791647869,227,1,1275187,20261010,1,45174,0,feed,39480,0,45,39480
1791647869,25,0,1369654,20261010,44,14150,42,feed,,,,
1791647869,25,1,1369801,20261010,6,49272,384,feed,,,,
1791647869,25,1,1370201,20261010,1,57166,0,feed,,,,
1791647869,27,1,1348897,20261010,13,17761,14,feed,39480,12,21,38820
1791647869,27,1,1362556,20261010,1,51367,0,feed,42300,0,21,42300
1791647869,27,0,1369019,20261010,1,52857,0,feed,39600,0,23,39600
1791647869,3,1,1176596,20261010,1,56100,0,feed,39660,0,65,39660
1791647869,3,0,1177964,20261010,26,911,91,feed,39360,25,64,37380
1791647869,3,0,1182580,20261010,11,19322,212,feed,,,,
1791647869,3,1,1185289,20261010,1,56100,0,feed,42600,0,64,42600
1791647869,3,0,1188304,20261010,1,54097,0,feed,42780,0,64,42780
1791647869,3,1,1321102,20261010,1,56100,0,feed,41400,0,65,41400
1791647869,3,0,1321511,20261010,45,5555,294,feed,39180,44,65,36480
1791647869,3,1,1323326,20261010,28,53041,44,feed,39420,27,65,37860
1791647869,3,1,1353681,20261010,6,52329,91,feed,39360,5,64,39000
1791647869,3,0,1367062,20261010,1,54097,0,feed,40980,0,64,40980
1791647869,3,0,1367950,20261010,2,16406,104,feed,39540,1,64,39180
1791647869,3,1,1368060,20261010,1,56100,0,feed,40800,0,64,40800
1791647869,3,0,1368292,20261010,1,54097,0,feed,40080,0,65,40080
1791647869,3,1,1368808,20261010,55,19304,328,feed,39120,54,65,36060
1791647869,30,1,1215123,20261010,1,15882,0,feed,41760,0,44,41760
1791647869,30,1,1215127,20261010,19,42448,80,feed,39480,18,44,38160
1791647869,30,0,1215332,20261010,6,8248,117,feed,39360,5,48,39240
1791647869,30,0,1218097,20261010,38,15763,450,feed,39000,37,48,37440
1791647869,30,0,1218174,20261010,1,40238,0,feed,41040,0,48,41040
1791647869,32,0,1331162,20261010,1,50155,149,feed,39300,0,59,39300
1791647869,32,0,1331448,20261010,1,50155,0,feed,42900,0,59,42900
1791647869,32,0,1331752,20261010,28,12802,395,feed,39060,27,59,38100
1791647869,32,0,1333331,20261010,1,50155,0,feed,41700,0,59,41700
1791647869,32,1,1364397,20261010,1,57685,0,feed,39780,0,61,39780
1791647869,32,1,1365554,20261010,1,57685,0,feed,42180,0,61,42180
1791647869,32,1,1366244,20261010,1,57685,0,feed,40980,0,61,40980
1791647869,32,1,1366726,20261010,36,12792,89,feed,39420,35,61,37980
1791647869,32,0,1368353,20261010,1,50155,0,feed,40500,0,59,40500
1791647869,323,0,1131075,20261010,16,57033,30,feed,39420,15,23,38700
1791647869,323,1,1133939,20261010,25,51116,180,feed,39300,24,25,38100
1791647869,323,0,1134184,20261010,1,51116,0,feed,40500,0,23,40500
1791647869,323,1,1135252,20261010,1,57508,0,feed,39900,0,25,39900
1791647869,323,0,1135999,20261010,1,51116,0,feed,42300,0,23,42300
1791647869,323,1,1136010,20261010,1,57508,0,feed,41700,0,25,41700
1791647869,345,0,1132499,20261010,1,56879,0,feed,39600,0,15,39600
1791647869,345,1,1134028,20261010,1,57508,0,feed,39780,0,15,39780
1791647869,36,0,1177875,20261010,23,6137,156,feed,39360,22,53,38340
1791647869,36,0,1182049,20261010,1,57537,0,feed,40080,0,53,40080
1791647869,36,1,1219464,20261010,1,50160,0,feed,40620,0,50,40620
1791647869,36,1,1221892,20261010,1,50160,0,feed,42420,0,50,42420
1791647869,36,0,1362417,20261010,1,57537,0,feed,41880,0,53,41880
1791647869,36,1,1363055,20261010,12,6376,160,feed,39300,11,50,38820
1791647869,38,1,1350025,20261010,38,169,275,feed,39180,37,104,37440
1791647869,38,0,1350168,20261010,93,12551,261,feed,39300,92,108,35340
1791647869,38,0,1350762,20261010,1,48213,0,feed,42480,0,108,42480
1791647869,38,1,1352194,20261010,90,3610,214,feed,39240,89,107,35460
1791647869,38,0,1352376,20261010,13,51120,-39,feed,39480,12,108,38880
1791647869,38,1,1353069,20261010,6,16498,173,feed,39300,5,107,39060
1791647869,38,0,1353258,20261010,1,48213,0,feed,40680,0,109,40680
1791647869,38,1,1353575,20261010,1,16494,0,feed,40980,0,104,40980
1791647869,38,1,1355198,20261010,1,42032,0,feed,42600,0,107,42600
1791647869,38,0,1355235,20261010,53,4854,259,feed,39240,52,109,37140
1791647869,4,1,1131376,20261010,1,17971,0,feed,40140,0,50,40140
1791647869,4,1,1134737,20261010,13,106,136,feed,39360,12,50,38340
1791647869,4,0,1134761,20261010,87,11687,168,feed,39300,86,89,34920
1791647869,4,0,1158435,20261010,1,50231,0,feed,42780,0,53,42780
1791647869,4,1,1356618,20261010,1,14153,0,feed,41340,0,90,41340
1791647869,4,0,1358610,20261010,8,50070,-25,feed,39480,7,53,39180
1791647869,4,1,1358624,20261010,44,51628,411,feed,39060,43,50,36540
1791647869,4,1,1358635,20261010,1,14153,0,feed,39540,0,90,39540
1791647869,4,1,1358722,20261010,1,17971,0,feed,42000,0,50,42000
1791647869,4,0,1358977,20261010,1,50231,0,feed,40260,0,89,40260
1791647869,4,0,1359163,20261010,41,175,-39,feed,39480,40,53,37440
1791647869,4,1,1359241,20261010,71,1025,-43,feed,39480,70,90,35940
1791647869,4,0,1359283,20261010,53,17947,-187,feed,39480,52,89,36720
1791647869,4,0,1359298,20261010,22,1005,64,feed,39420,21,89,38520
1791647869,4,0,1360427,20261010,1,50231,0,feed,42060,0,89,42060
1791647869,4,1,1369455,20261010,37,17919,220,feed,39300,36,90,37740
1791647869,4,0,1371263,20261010,1,50231,0,feed,,,,
1791647869,46,1,1264391,20261010,1,51550,0,feed,42240,0,59,42240
1791647869,46,0,1269129,20261010,1,220,0,feed,39660,0,62,39660
1791647869,46,0,1277441,20261010,1,220,100,feed,41460,0,62,41460
1791647869,46,1,1278614,20261010,24,51571,183,feed,39300,23,59,38640
1791647869,48,0,1352138,20261010,20,57693,2327,feed,37080,19,61,36300
1791647869,48,1,1355494,20261010,1,50152,484,feed,40140,0,61,40140
1791647869,48,0,1368254,20261010,1,19301,0,feed,39900,0,61,39900
1791647869,5,1,1365834,20261010,3,9087,96,feed,39360,2,80,39240
1791647869,5,0,1366768,20261010,1,51212,0,feed,40620,0,81,40620
1791647869,5,1,1367449,20261010,77,56919,588,feed,38880,76,80,35640
1791647869,5,0,1367672,20261010,49,8929,-114,feed,39480,48,81,37080
1791647869,5,1,1369079,20261010,1,51846,0,feed,42840,0,80,42840
1791647869,515,0,1349358,20261010,30,656,212,feed,39240,29,49,38460
1791647869,515,0,1349365,20261010,1,53704,0,feed,42900,0,49,42900
1791647869,515,0,1349655,20261010,1,53704,0,feed,41100,0,49,41100
1791647869,515,1,1349689,20261010,21,720,71,feed,39420,20,49,38760
1791647869,515,1,1350932,20261010,1,56877,0,feed,40560,0,49,40560
1791647869,515,0,1352352,20261010,3,52909,24,feed,39480,2,49,39360
1791647869,515,1,1352930,20261010,1,56877,0,feed,39660,0,49,39660
1791647869,515,1,1353563,20261010,1,56877,0,feed,41460,0,49,41460
1791647869,515,0,1355656,20261010,1,53704,0,feed,42000,0,49,42000
1791647869,515,1,1358475,20261010,49,53704,16,feed,39480,48,49,37920
1791647869,515,0,1358814,20261010,1,53704,0,feed,40200,0,49,40200
1791647869,515,1,1360759,20261010,1,56877,0,feed,42360,0,49,42360
1791647869,534,1,1343993,20261010,12,3357,221,feed,39120,11,32,38700
1791647869,534,0,1344918,20261010,13,2092,214,feed,39240,12,35,38820
1791647869,534,0,1345183,20261010,1,56725,0,feed,40620,0,35,40620
1791647869,534,0,1345521,20261010,1,56725,0,feed,42420,0,35,42420
1791647869,534,1,1345532,20261010,1,51824,0,feed,42300,0,32,42300
1791647869,534,1,1345834,20261010,1,51824,0,feed,40500,0,32,40500
1791647869,538,0,1131655,20261010,1,53704,0,feed,39600,0,42,39600
1791647869,538,0,1133577,20261010,17,57163,660,feed,38820,16,42,37800
1791647869,538,1,1318209,20261010,1,56880,0,feed,42480,0,40,42480
1791647869,538,1,1318652,20261010,1,56880,0,feed,40680,0,40,40680
1791647869,539,1,1136624,20261010,1,56880,0,feed,42780,0,38,42780
1791647869,539,1,1137113,20261010,6,43734,92,feed,39360,5,38,39180
1791647869,539,0,1137228,20261010,1,56725,0,feed,40320,0,41,40320
1791647869,539,1,877944,20261010,1,56880,0,feed,40980,0,38,40980
1791647869,539,0,878943,20261010,33,43724,-52,feed,39480,32,41,38520
1791647869,54,1,1131070,20261010,5,11863,118,feed,39420,4,27,39000
1791647869,54,1,1131309,20261010,1,56100,0,feed,42600,0,27,42600
1791647869,54,0,1135403,20261010,1,56875,0,feed,42960,0,25,42960
1791647869,54,0,1346151,20261010,34,42053,-100,feed,39540,33,46,36660
1791647869,54,1,1346284,20261010,1,42319,0,feed,39960,0,47,39960
1791647869,54,1,1346861,20261010,14,81104,99,feed,39480,13,47,38160
1791647869,54,0,1346895,20261010,1,56875,0,feed,40260,0,46,40260
1791647869,54,0,1347096,20261010,9,13143,52,feed,39420,8,46,38460
1791647869,54,0,1347245,20261010,1,56875,0,feed,42060,0,46,42060
1791647869,54,1,1347277,20261010,1,56100,0,feed,40800,0,27,40800
1791647869,54,1,1347354,20261010,1,42319,0,feed,41760,0,47,41760
1791647869,54,0,1348563,20261010,20,11834,198,feed,39360,19,25,37560
1791647869,54,1,1352766,20261010,25,41253,-120,feed,39480,24,27,37200
1791647869,54,0,1358498,20261010,2,41259,51,feed,39420,1,25,39360
1791647869,54,1,1359691,20261010,33,13117,438,feed,39060,32,47,36360
1791647869,54,0,1360107,20261010,1,56875,0,feed,41160,0,25,41160
1791647869,540,0,1136783,20261010,1,53052,0,feed,41580,0,51,41580
1791647869,540,0,1137714,20261010,1,53052,220,feed,39780,0,51,39780
1791647869,540,1,877011,20261010,1,56879,0,feed,42960,0,48,42960
1791647869,540,1,880679,20261010,38,41391,270,feed,39180,37,48,37560
1791647869,540,1,897465,20261010,1,56879,87,feed,39360,0,48,39360
1791647869,546,1,1134602,20261010,1,51824,0,feed,42660,0,31,42660
1791647869,546,1,1136870,20261010,8,3445,141,feed,39300,7,31,39060
1791647869,546,0,881121,20261010,1,56725,0,feed,42360,0,33,42360
1791647869,546,0,896233,20261010,1,56725,171,feed,40560,0,33,40560
1791647869,61,1,1364762,20261010,1,52761,0,feed,39840,0,73,39840
1791647869,61,1,1365114,20261010,44,10653,382,feed,,,,
1791647869,61,0,1366263,20261010,1,17905,0,feed,40260,0,76,40260
1791647869,61,1,1367117,20261010,20,13814,-18,feed,39480,19,73,38040
1791647869,61,0,1367145,20261010,63,81104,89,feed,39480,62,76,36420
1791647869,61,0,1367264,20261010,1,17905,0,feed,42120,0,76,42120
1791647869,61,1,1367558,20261010,1,52761,0,feed,41640,0,73,41640
1791647869,61,0,1370934,20261010,22,7234,-4,feed,,,,
1791647869,615,0,1346704,20261010,1,41157,264,feed,39180,0,76,39180
1791647869,615,0,1346707,20261010,1,41157,0,feed,42780,0,76,42780
1791647869,615,1,1346957,20261010,5,43328,159,feed,39300,4,76,39120
1791647869,615,1,1347092,20261010,1,3540,0,feed,42720,0,76,42720
1791647869,62,0,1349269,20261010,1,328,0,feed,41700,0,86,41700
1791647869,62,0,1349529,20261010,1,328,0,feed,39900,0,86,39900
1791647869,62,0,1349816,20261010,47,292,103,feed,39360,46,86,38100
1791647869,62,1,1349949,20261010,1,49141,0,feed,42780,0,83,42780
1791647869,62,1,1350067,20261010,4,46964,153,feed,39300,3,83,39180
1791647869,62,1,1350170,20261010,40,45128,-1,feed,39480,39,83,37440
1791647869,62,0,1350967,20261010,76,46713,199,feed,39180,75,86,36300
1791647869,62,1,1351640,20261010,1,49141,0,feed,40980,0,83,40980
1791647869,62,0,1360488,20261010,1,2611,0,feed,40380,0,67,40380
1791647869,63,1,1263921,20261010,16,3243,41,feed,39420,15,59,38700
1791647869,63,1,1263998,20261010,1,51114,158,feed,39600,0,59,39600
1791647869,63,1,1266542,20261010,24,3264,98,feed,39360,23,59,37800
1791647869,63,1,1267342,20261010,1,51114,0,feed,40500,0,59,40500
1791647869,63,0,1346169,20261010,15,3108,219,feed,39240,14,60,38580
1791647869,63,0,1346613,20261010,1,15795,0,feed,39480,0,60,39480
1791647869,63,0,1347327,20261010,1,15795,0,feed,40380,0,60,40380
1791647869,63,1,1347826,20261010,1,51114,0,feed,41400,0,59,41400
1791647869,63,0,1348160,20261010,1,15795,0,feed,41280,0,60,41280
1791647869,63,1,1348231,20261010,59,15795,-1,feed,39480,58,59,36120
1791647869,63,0,1348288,20261010,45,3159,136,feed,39360,44,60,36840
1791647869,63,0,1348397,20261010,1,15795,0,feed,42180,0,60,42180
1791647869,63,1,1348435,20261010,36,3078,348,feed,39120,35,59,37020
1791647869,63,0,1366996,20261010,32,3136,148,feed,39300,31,60,37740
1791647869,63,1,1367562,20261010,1,51114,0,feed,42300,0,59,42300
1791647869,63,1,1368978,20261010,59,15795,891,feed,38580,58,59,35220
1791647869,64,1,1342563,20261010,1,42157,0,feed,40200,0,43,40200
1791647869,64,1,1342814,20261010,1,42157,0,feed,41940,0,43,41940
1791647869,64,1,1342840,20261010,1,52015,0,feed,41760,0,76,41760
1791647869,64,1,1343003,20261010,40,12882,2,feed,39480,39,76,38100
1791647869,64,1,1343558,20261010,1,52015,0,feed,39900,0,76,39900
1791647869,64,0,1356518,20261010,1,52761,0,feed,40560,0,66,40560
1791647869,64,0,1356892,20261010,1,52761,0,feed,42360,0,66,42360
1791647869,64,0,1357583,20261010,1,52761,0,feed,39660,0,78,39660
1791647869,64,0,1357748,20261010,41,51604,0,feed,39480,40,43,37680
1791647869,64,0,1358581,20261010,74,5279,-60,feed,39480,73,78,36660
1791647869,64,0,1358597,20261010,9,11777,-75,feed,39480,8,66,38700
1791647869,64,0,1359027,20261010,1,52761,0,feed,41460,0,78,41460
1791647869,64,1,1359239,20261010,28,11807,75,feed,39480,27,43,38460
1791647869,64,1,1359330,20261010,71,11859,260,feed,39240,70,76,36360
1791647869,645,1,1208079,20261010,18,8152,1114,feed,38340,17,55,37020
1791647869,645,0,1337177,20261010,1,6990,486,feed,40560,0,52,40560
1791647869,645,1,1339696,20261010,1,53293,0,feed,40620,0,55,40620
1791647869,645,0,1340572,20261010,47,19332,227,feed,39480,46,52,36960
1791647869,65,1,1349397,20261010,1,57690,0,feed,42960,0,38,42960
1791647869,65,1,1349485,20261010,1,57690,84,feed,39360,0,38,39360
1791647869,65,1,1349953,20261010,1,57690,0,feed,41160,0,38,41160
1791647869,65,0,1369973,20261010,1,10761,0,feed,,,,
1791647869,65,0,1370107,20261010,1,10761,326,feed,,,,
1791647869,65,0,1370127,20261010,40,57690,62,feed,,,,
1791647869,65,0,1370420,20261010,1,10761,195,feed,,,,
1791647869,65,1,1371149,20261010,36,80981,324,feed,,,,
1791647869,67,0,1263314,20261010,16,15798,115,feed,39420,15,65,38700
1791647869,67,1,1266427,20261010,11,10488,-46,feed,39480,10,65,38880
1791647869,67,0,1270350,20261010,1,53723,0,feed,42300,0,65,42300
1791647869,67,1,1274704,20261010,1,56100,0,feed,42480,0,65,42480
1791647869,67,0,1352367,20261010,1,53723,0,feed,40500,0,65,40500
1791647869,67,1,1354022,20261010,51,16525,531,feed,38940,50,65,37080
1791647869,67,0,1358806,20261010,64,1246,249,feed,39240,63,65,36900
1791647869,67,1,1358914,20261010,1,56100,0,feed,40680,0,65,40680
1791647869,68,0,1268126,20261010,5,9812,25,feed,39420,4,59,39300
1791647869,68,0,1357240,20261010,1,53340,0,feed,39480,0,118,39480
1791647869,68,1,1358303,20261010,1,11904,0,feed,42900,0,61,42900
1791647869,68,0,1359260,20261010,2,9806,449,feed,42900,1,59,42900
1791647869,68,1,1360449,20261010,3,49993,-39,feed,39480,2,61,39300
1791647869,68,0,1361024,20261010,2,9806,39,feed,42000,1,87,42000
1791647869,68,0,1361561,20261010,33,426,14,feed,39480,32,87,38400
1791647869,68,0,1362237,20261010,113,57625,-110,feed,39540,112,118,35880
1791647869,68,1,1362418,20261010,1,11904,0,feed,41100,0,117,41100
1791647869,68,1,1363922,20261010,47,9953,44,feed,39420,46,117,37500
1791647869,68,1,1364885,20261010,1,57511,0,feed,40920,0,83,40920
1791647869,68,1,1367526,20261010,37,9898,207,feed,39240,36,83,37320
1791647869,68,0,1368298,20261010,2,9806,37,feed,40200,1,87,40200
1791647869,68,1,1369095,20261010,1,57511,0,feed,42720,0,83,42720
1791647869,68,0,1369354,20261010,67,49938,-75,feed,39480,66,87,36600
1791647869,68,1,1369397,20261010,8,81112,154,feed,39300,7,83,39120
1791647869,686,1,1173939,20261010,3,57622,-94,feed,39720,2,4,38520
1791647869,686,0,1332448,20261010,1,47705,0,feed,42000,0,3,42000
1791647869,686,1,1333421,20261010,1,56939,100,feed,41220,0,4,41220
1791647869,686,0,1335132,20261010,1,47705,0,feed,39480,0,3,39480
1791647869,7,0,1356122,20261010,1,51779,0,feed,39540,0,64,39540
1791647869,7,1,1358086,20261010,9,17701,196,feed,39300,8,60,39000
1791647869,7,1,1358696,20261010,41,16601,-50,feed,39480,40,60,37200
1791647869,7,0,1358768,20261010,43,19304,922,feed,38520,42,64,35940
1791647869,7,1,1358842,20261010,1,17679,0,feed,40800,0,60,40800
1791647869,7,0,1359970,20261010,1,51779,0,feed,41280,0,64,41280
1791647869,7,1,1370732,20261010,1,17679,0,feed,,,,
1791647869,7,0,1371189,20261010,27,16309,224,feed,,,,
1791647869,71,1,1265370,20261010,1,51291,0,feed,40200,0,60,40200
1791647869,71,1,1266244,20261010,25,56327,129,feed,39300,24,60,38400
1791647869,71,0,1270230,20261010,1,9715,0,feed,40620,0,58,40620
1791647869,71,0,1271989,20261010,58,51291,271,feed,39180,57,58,37020
1791647869,71,0,1281770,20261010,1,9715,0,feed,42420,0,58,42420
1791647869,71,1,1361111,20261010,1,49141,0,feed,41940,0,74,41940
1791647869,71,0,1361532,20261010,22,2605,241,feed,39240,21,75,38520
1791647869,716,0,1136598,20261010,1,50154,0,feed,40200,0,51,40200
1791647869,716,1,1137310,20261010,34,45353,56,feed,39360,33,50,38520
1791647869,716,1,1137848,20261010,1,8728,0,feed,42240,0,50,42240
1791647869,72,1,1369599,20261010,4,13672,168,feed,,,,
1791647869,72,1,1369858,20261010,1,13667,0,feed,,,,
1791647869,72,0,1369892,20261010,38,13755,-32,feed,,,,
1791647869,72,0,1370203,20261010,1,57615,0,feed,,,,
1791647869,72,1,1371342,20261010,38,17027,206,feed,,,,
1791647869,72,0,1371348,20261010,1,57615,0,feed,,,,
1791647869,721,1,1176660,20261010,1,9522,612,feed,39540,0,41,39540
1791647869,721,0,1177083,20261010,1,51845,0,feed,39780,0,43,39780
1791647869,721,0,1182375,20261010,23,9498,815,feed,38640,22,43,37980
1791647869,721,1,1182616,20261010,31,9562,653,feed,38760,30,41,37800
1791647869,721,1,1187701,20261010,1,9522,0,feed,41340,0,41,41340
1791647869,721,0,1367391,20261010,1,51845,0,feed,41580,0,43,41580
1791647869,722,0,1177188,20261010,1,56827,0,feed,39720,0,11,39720
1791647869,722,1,1179039,20261010,1,57636,0,feed,40740,0,53,40740
1791647869,722,0,1180123,20261010,1,56827,0,feed,41460,0,51,41460
1791647869,722,1,1184312,20261010,1,11486,0,feed,40260,0,14,40260
1791647869,722,0,1277264,20261010,44,48442,146,feed,39300,43,51,37860
1791647869,723,0,1181870,20261010,1,51845,0,feed,41460,0,39,41460
1791647869,723,1,1187922,20261010,1,53224,0,feed,43020,0,41,43020
1791647869,723,1,1367580,20261010,1,53224,0,feed,39480,0,41,39480
1791647869,724,1,1131116,20261010,1,53222,0,feed,39720,0,35,39720
1791647869,724,0,1132036,20261010,1,51846,0,feed,40500,0,33,40500
1791647869,724,0,1132480,20261010,22,42060,74,feed,39420,21,33,38700
1791647869,724,0,1133623,20261010,1,51846,0,feed,42300,0,33,42300
1791647869,724,1,1133851,20261010,1,53222,0,feed,42420,0,35,42420
1791647869,724,1,1134432,20261010,1,53222,0,feed,40620,0,35,40620
1791647869,724,0,1134705,20261010,1,51846,0,feed,41400,0,33,41400
1791647869,724,1,1135278,20261010,16,8837,34,feed,39360,15,35,38820
1791647869,724,1,1277940,20261010,1,53222,0,feed,41520,0,35,41520
1791647869,724,0,1288643,20261010,1,51846,0,feed,39600,0,33,39600
1791647869,725,0,1311325,20261010,41,10941,48,feed,39480,40,50,37560
1791647869,725,1,1312187,20261010,46,43140,465,feed,39000,45,49,36900
1791647869,725,0,1312512,20261010,1,57580,0,feed,41160,0,50,41160
1791647869,725,1,1312980,20261010,1,56775,0,feed,40500,0,49,40500
1791647869,74,1,1355811,20261010,1,13667,0,feed,39720,0,61,39720
1791647869,74,1,1356552,20261010,12,12902,-20,feed,39480,11,61,38820
1791647869,74,1,1357453,20261010,1,13667,624,feed,42360,0,61,42360
1791647869,74,0,1358216,20261010,2,48896,87,feed,39360,1,59,39000
1791647869,74,0,1358348,20261010,1,51546,0,feed,41580,0,59,41580
1791647869,74,1,1358406,20261010,1,13667,0,feed,40620,0,61,40620
1791647869,74,1,1358952,20261010,37,11698,210,feed,39300,36,61,37020
1791647869,74,1,1359327,20261010,24,11859,105,feed,39480,23,61,37920
1791647869,74,0,1359642,20261010,44,49606,233,feed,39240,43,59,36360
1791647869,74,0,1359843,20261010,14,11770,356,feed,39120,13,59,38160
1791647869,74,0,1359986,20261010,1,51546,0,feed,39840,0,59,39840
1791647869,74,0,1360288,20261010,1,51546,0,feed,42480,0,59,42480
1791647869,74,1,1368378,20261010,1,13667,0,feed,41520,0,61,41520
1791647869,74,0,1369384,20261010,1,51546,0,feed,40680,0,59,40680
1791647869,80,0,1304923,20261010,1,49979,0,feed,40320,0,42,40320
1791647869,80,1,1311031,20261010,1,50689,0,feed,42120,0,38,42120
1791647869,80,1,1311988,20261010,24,12888,21,feed,39420,23,38,38520
1791647869,80,1,1313955,20261010,1,50689,0,feed,40320,0,38,40320
1791647869,80,0,1315020,20261010,1,49979,0,feed,42120,0,42,42120
1791647869,80,0,1317031,20261010,33,5273,66,feed,39420,32,42,38520
1791647869,802,1,1194600,20261010,45,57169,291,feed,39240,44,45,37320
1791647869,802,0,1206156,20261010,1,57169,0,feed,39840,0,46,39840
1791647869,802,1,1207223,20261010,1,42622,0,feed,40920,0,45,40920
1791647869,804,0,1261353,20261010,1,14153,0,feed,39600,0,32,39600
1791647869,804,1,1325619,20261010,1,14727,0,feed,41400,0,35,41400
1791647869,805,1,1211916,20261010,1,50716,0,feed,40080,0,72,40080
1791647869,805,0,1218306,20261010,1,56775,0,feed,39840,0,72,39840
1791647869,827,0,1178032,20261010,1,42837,0,feed,40380,0,51,40380
1791647869,827,1,1316512,20261010,51,42837,141,feed,39360,50,51,36840
1791647869,827,1,1316764,20261010,1,57167,0,feed,40440,0,51,40440
1791647869,83,0,1266587,20261010,1,53725,0,feed,41940,0,44,41940
1791647869,83,1,1351245,20261010,1,52532,0,feed,39480,0,41,39480
1791647869,83,1,1352421,20261010,1,52532,0,feed,41280,0,41,41280
1791647869,83,0,1352462,20261010,1,53725,0,feed,40140,0,44,40140
1791647869,83,1,1352733,20261010,38,57344,-48,feed,39540,37,41,37680
1791647869,83,0,1354679,20261010,18,49715,203,feed,39240,17,44,38340
1791647869,87,1,1303205,20261010,1,57690,0,feed,42120,0,70,42120
1791647869,87,1,1304294,20261010,1,57690,0,feed,,,,
1791647869,87,1,1304765,20261010,19,45478,-2,feed,39480,18,70,38580
1791647869,87,0,1349145,20261010,36,18790,299,feed,39120,35,71,37980
1791647869,87,0,1351206,20261010,1,51892,0,feed,39660,0,71,39660
1791647869,87,0,1351357,20261010,1,51892,0,feed,41520,0,71,41520
1791647869,888,1,1364198,20261010,2,53366,194,feed,39720,1,10,39060
1791647869,9,1,1356169,20261010,30,17599,54,feed,39420,29,111,38160
1791647869,9,0,1356781,20261010,1,40247,0,feed,40260,0,112,40260
1791647869,9,1,1365369,20261010,93,8073,991,feed,38460,92,111,34620
1791647869,9,0,1367221,20261010,1,52552,0,feed,42300,0,100,42300
1791647869,9,0,1367346,20261010,20,7353,84,feed,39360,19,100,38700
1791647869,9,1,1368210,20261010,1,51551,0,feed,41700,0,111,41700
1791647869,9,1,1368666,20261010,1,51551,0,feed,39960,0,96,39960
1791647869,9,0,1368775,20261010,100,51551,368,feed,39120,99,100,35100
1791647869,9,0,1369312,20261010,72,80925,333,feed,39180,71,112,36660
1791647869,9,1,1369376,20261010,66,7335,154,feed,39300,65,96,36420
1791647869,901,1,882597,20261010,3,56336,0,feed,39660,2,20,39480
1791647869,901,0,884511,20261010,14,51426,0,feed,39480,13,20,37680
1791647869,901,0,886057,20261010,1,51405,0,feed,39840,0,20,39840
1791647869,901,1,889975,20261010,13,51417,180,feed,39360,12,20,38040
1791647869,901,0,893439,20261010,8,51432,120,feed,39360,7,20,38400
1791647869,901,0,899701,20261010,4,53280,120,feed,39420,3,20,39120
1791647869,901,1,901459,20261010,7,51411,180,feed,39360,6,20,38760
1791647869,901,1,986300,20261010,18,51421,120,feed,39360,17,20,37320
1791647869,902,0,877066,20261010,4,51408,0,feed,39480,3,24,39180
1791647869,902,0,878589,20261010,9,56003,120,feed,39360,8,24,38460
1791647869,902,1,878713,20261010,6,56031,60,feed,39420,5,24,38820
1791647869,902,1,883019,20261010,17,56042,120,feed,39420,16,24,37380
1791647869,902,1,885862,20261010,21,51423,240,feed,39300,20,24,36660
1791647869,902,0,885916,20261010,3,56336,0,feed,40080,2,24,39900
1791647869,902,1,890803,20261010,1,56026,0,feed,39540,0,24,39540
1791647869,902,0,896279,20261010,20,56014,180,feed,39360,19,24,37020
1791647869,902,1,901427,20261010,1,56026,0,feed,40260,0,24,40260
1791647869,902,1,905471,20261010,12,56037,60,feed,39420,11,24,38100
1791647869,903,1,1262930,20261010,1,56874,0,feed,42360,0,6,42360
1791647869,903,0,1265806,20261010,1,57285,0,feed,40500,0,6,40500
1791647869,903,0,1267712,20261010,6,56874,-155,feed,39960,5,6,38700
1791647869,903,0,1270629,20261010,1,57285,0,feed,42300,0,6,42300
1791647869,903,1,1270755,20261010,3,48977,49,feed,39420,2,6,38760
1791647869,903,1,1270799,20261010,1,56874,0,feed,40560,0,6,40560
1791647869,904,1,1275983,20261010,1,56800,0,feed,41460,0,12,41460
1791647869,904,0,1364902,20261010,3,56831,524,feed,39420,2,13,39000
1791647869,904,0,1366435,20261010,7,53542,298,feed,39420,6,13,38100
1791647869,904,1,1367248,20261010,6,17781,244,feed,39420,5,12,38760
1791647869,904,0,1367284,20261010,1,56830,0,feed,39900,0,13,39900
1791647869,904,0,1367597,20261010,1,56830,14,feed,41700,0,13,41700
1791647869,904,1,1367710,20261010,11,56833,89,feed,39660,10,12,37860
1791647869,904,0,1367899,20261010,1,56830,0,feed,40800,0,13,40800
1791647869,904,1,1368158,20261010,1,56800,0,feed,40560,0,12,40560
1791647869,904,0,1368242,20261010,13,56800,207,feed,39300,12,13,37200
1791647869,904,1,1368532,20261010,1,56800,0,feed,39660,0,12,39660
1791647869,904,1,1368757,20261010,1,56800,0,feed,42360,0,12,42360
1791647869,904,0,1368830,20261010,1,56830,0,feed,42600,0,13,42600
1791647869,905,0,1343658,20261010,3,3142,-66,feed,39480,2,16,39300
1791647869,905,0,1343737,20261010,6,57422,365,feed,39120,5,16,38400
1791647869,905,1,1344182,20261010,1,57441,0,feed,41940,0,16,41940
1791647869,905,0,1344338,20261010,1,52761,0,feed,42900,0,16,42900
1791647869,905,0,1344523,20261010,15,57440,-130,feed,39540,14,16,37500
1791647869,905,0,1344704,20261010,1,52761,0,feed,41100,0,16,41100
1791647869,905,1,1344709,20261010,15,52759,-125,feed,39540,14,16,37440
1791647869,905,1,1344758,20261010,10,57423,-26,feed,39480,9,16,38340
1791647869,905,1,1344768,20261010,1,57441,0,feed,40140,0,16,40140
1791647869,905,0,1344881,20261010,1,52761,0,feed,40200,0,16,40200
1791647869,905,0,1345016,20261010,1,52761,0,feed,42000,0,16,42000
1791647869,905,1,1345070,20261010,3,57437,-81,feed,39480,2,16,39240
1791647869,905,1,1345126,20261010,1,57441,0,feed,41040,0,16,41040
1791647869,905,1,1345136,20261010,1,57441,0,feed,42840,0,16,42840
1791647869,921,0,1364658,20261010,18,50010,281,feed,39060,17,20,37200
1791647869,921,0,1365185,20261010,1,51544,0,feed,42780,0,20,42780
1791647869,921,0,1365380,20261010,1,51544,0,feed,39840,0,20,39840
1791647869,921,1,1365393,20261010,1,52531,0,feed,40080,0,20,40080
1791647869,921,1,1365587,20261010,20,51544,145,feed,39480,19,20,37380
1791647869,921,0,1365713,20261010,1,51544,0,feed,40740,0,20,40740
1791647869,921,1,1366939,20261010,9,17307,342,feed,39120,8,20,38280
1791647869,921,0,1366952,20261010,1,51544,0,feed,42180,0,20,42180
1791647869,921,0,1367271,20261010,1,51544,0,feed,41580,0,20,41580
1791647869,921,1,1367348,20261010,1,52531,0,feed,42780,0,20,42780
1791647869,921,1,1367427,20261010,2,50015,137,feed,39300,1,20,39180
1791647869,921,1,1367991,20261010,1,52531,0,feed,40980,0,20,40980
1791647869,921,0,1369526,20261010,12,17371,63,feed,39420,11,20,38040
1791647869,922,0,1311405,20261010,1,57314,0,feed,42480,0,35,42480
1791647869,922,0,1312509,20261010,1,57314,0,feed,41880,0,35,41880
1791647869,922,1,1312528,20261010,1,56100,0,feed,41160,0,34,41160
1791647869,922,0,1312754,20261010,30,57416,96,feed,39420,29,35,36120
1791647869,922,1,1312776,20261010,1,56100,0,feed,39960,0,34,39960
1791647869,922,0,1312840,20261010,25,57328,-52,feed,39480,24,35,36840
1791647869,922,1,1313156,20261010,24,16882,-23,feed,39540,23,34,36900
1791647869,922,0,1313529,20261010,12,16884,115,feed,39480,11,35,38280
1791647869,922,0,1313700,20261010,1,57314,0,feed,41280,0,35,41280
1791647869,922,0,1313960,20261010,1,57314,0,feed,40080,0,35,40080
1791647869,922,1,1314430,20261010,1,56100,0,feed,41700,0,34,41700
1791647869,922,1,1315027,20261010,16,16949,196,feed,39300,15,34,37560
1791647869,922,1,1315357,20261010,27,16855,265,feed,39240,26,34,36240
1791647869,922,1,1315376,20261010,1,56100,0,feed,40560,0,34,40560
1791647869,922,1,1315549,20261010,1,56100,0,feed,42900,0,34,42900
1791647869,922,1,1316048,20261010,6,52760,145,feed,39360,5,34,38760
1791647869,922,1,1316214,20261010,1,56100,0,feed,42300,0,34,42300
1791647869,922,1,1316271,20261010,2,57419,34,feed,39540,1,34,39360
1791647869,922,0,1316315,20261010,1,57314,0,feed,40680,0,35,40680
1791647869,922,1,1316893,20261010,12,16997,94,feed,39480,11,34,38160
1791647869,922,0,1317158,20261010,14,43022,450,feed,39000,13,35,37560
1791647869,922,0,1317301,20261010,7,57356,114,feed,39420,6,35,38880
1791647869,922,1,1317332,20261010,33,57353,318,feed,39180,32,34,35520
1791647869,922,0,1317653,20261010,1,57314,0,feed,39480,0,35,39480
1791647869,923,0,1263416,20261010,16,9673,97,feed,39360,15,22,37980
1791647869,923,0,1263432,20261010,21,56826,421,feed,39120,20,22,37260
1791647869,923,0,1263879,20261010,1,56897,0,feed,40740,0,22,40740
1791647869,923,1,1266113,20261010,1,57278,0,feed,42000,0,23,42000
1791647869,923,0,1266334,20261010,1,56897,0,feed,39420,0,22,39420
1791647869,923,0,1267349,20261010,1,56897,0,feed,42480,0,22,42480
1791647869,923,1,1268753,20261010,18,17905,75,feed,39480,17,23,37680
1791647869,923,0,1269198,20261010,1,56897,0,feed,41340,0,22,41340
1791647869,923,0,1269485,20261010,7,17853,92,feed,39360,6,22,38700
1791647869,923,1,1269715,20261010,1,57278,0,feed,40200,0,23,40200
1791647869,923,1,1270854,20261010,1,57278,0,feed,,,,
1791647869,923,1,1270898,20261010,1,57278,0,feed,40800,0,23,40800
1791647869,923,0,1271556,20261010,1,56897,0,feed,41880,0,22,41880
1791647869,923,1,1271890,20261010,6,56528,-23,feed,,,,
1791647869,923,1,1272124,20261010,1,57278,127,feed,,,,
1791647869,923,1,1272931,20261010,13,56422,-83,feed,39480,12,23,38340
1791647869,923,1,1273765,20261010,1,57278,0,feed,41400,0,23,41400
1791647869,923,0,1287651,20261010,1,56897,0,feed,,,,
1791647869,924,1,1264360,20261010,20,17912,253,feed,,,,
1791647869,924,1,1265154,20261010,1,56823,0,feed,,,,
1791647869,924,0,1265169,20261010,1,56873,0,feed,,,,
1791647869,924,1,1266858,20261010,41,56873,804,feed,,,,
1791647869,924,1,1267505,20261010,40,4530,155,feed,,,,
1791647869,924,0,1267657,20261010,1,56873,0,feed,,,,
1791647869,924,0,1268293,20261010,22,17897,216,feed,,,,
1791647869,924,1,1271097,20261010,30,56918,396,feed,,,,
1791647869,924,1,1271360,20261010,1,56823,0,feed,,,,
1791647869,924,1,1271691,20261010,9,56905,138,feed,,,,
1791647869,924,0,1272595,20261010,39,9089,253,feed,,,,
1791647869,924,0,1273488,20261010,1,56873,0,feed,,,,
1791647869,924,0,1273992,20261010,28,8920,728,feed,,,,
1791647869,924,1,1274258,20261010,1,56823,0,feed,,,,
1791647869,924,0,1274400,20261010,2,4513,109,feed,,,,
1791647869,924,0,1275713,20261010,29,43275,52,feed,,,,
1791647869,924,0,1275955,20261010,18,56926,30,feed,,,,
1791647869,924,0,1277611,20261010,1,56873,0,feed,,,,
1791647869,924,1,1279871,20261010,3,9173,73,feed,,,,
1791647869,924,1,1280239,20261010,27,80139,217,feed,,,,
1791647869,924,0,1281398,20261010,1,56873,0,feed,,,,
1791647869,924,0,1284375,20261010,8,643,153,feed,,,,
1791647869,924,1,1284738,20261010,1,56823,0,feed,,,,
1791647869,924,0,1285882,20261010,13,56923,261,feed,,,,
1791647869,924,1,1287535,20261010,1,56823,0,feed,,,,
1791647869,924,0,1288566,20261010,1,56873,0,feed,,,,
1791647869,924,1,1288579,20261010,14,56908,162,feed,,,,
1791647869,924,1,1289299,20261010,1,56823,0,feed,,,,
1791647869,925,0,1267934,20261010,25,15477,233,feed,39240,24,35,36900
1791647869,925,1,1332193,20261010,2,15881,-28,feed,39540,1,35,39420
1791647869,925,1,1332273,20261010,1,57541,0,feed,40080,0,35,40080
1791647869,925,1,1333209,20261010,1,57541,0,feed,41460,0,35,41460
1791647869,925,1,1333381,20261010,29,1139,796,feed,38700,28,35,35820
1791647869,925,0,1333688,20261010,1,53703,0,feed,39780,0,35,39780
1791647869,925,1,1333705,20261010,7,16112,157,feed,39300,6,35,38700
1791647869,925,0,1334013,20261010,5,1259,49,feed,39420,4,35,39060
1791647869,925,1,1334040,20261010,1,57541,0,feed,40740,0,35,40740
1791647869,925,0,1334530,20261010,12,57539,245,feed,39240,11,35,38340
1791647869,925,0,1334805,20261010,1,53703,0,feed,41160,0,35,41160
1791647869,925,1,1335097,20261010,20,1100,300,feed,39180,19,35,37260
1791647869,925,1,1335120,20261010,27,6386,272,feed,39240,26,35,36540
1791647869,925,1,1335270,20261010,1,57541,0,feed,42900,0,35,42900
1791647869,925,1,1335617,20261010,1,57541,0,feed,42180,0,35,42180
1791647869,925,0,1335655,20261010,1,53703,0,feed,40500,0,35,40500
1791647869,925,0,1335665,20261010,1,53703,0,feed,41820,0,35,41820
1791647869,925,1,1335673,20261010,15,17923,128,feed,39360,14,35,37980
1791647869,925,0,1335756,20261010,1,53703,0,feed,42540,0,35,42540
1791647869,925,0,1335776,20261010,31,16143,433,feed,39120,30,35,36180
1791647869,925,0,1335828,20261010,20,17944,-70,feed,39480,19,35,37620
1791647869,94,0,1177607,20261010,9,18665,251,feed,39480,8,15,38580
1791647869,94,1,1178882,20261010,3,57456,-22,feed,39540,2,16,39240
1791647869,94,0,1181063,20261010,1,51200,0,feed,42180,0,15,42180
1791647869,94,1,1185710,20261010,1,56100,0,feed,41040,0,16,41040
1791647869,94,1,1321987,20261010,1,56100,0,feed,42840,0,16,42840
1791647869,94,0,1324558,20261010,1,51200,0,feed,40380,0,15,40380
1791647869,94,1,1370731,20261010,16,51200,74,feed,,,,
1791648768,10,0,1369595,20261010,1,19337,0,feed,,,,
1791648768,10,0,1369646,20261010,1,19337,0,feed,,,,
1791648768,10,0,1369885,20261010,39,14103,35,feed,,,,
1791648768,10,1,1369906,20261010,1,57165,0,feed,,,,
1791648768,10,0,1369911,20261010,18,17206,497,feed,,,,
1791648768,10,1,1370184,20261010,1,57165,0,feed,,,,
1791648768,10,1,1370237,20261010,45,17207,157,feed,,,,
1791648768,10,0,1370245,20261010,1,19337,0,feed,,,,
1791648768,10,1,1370576,20261010,1,57165,204,feed,,,,
1791648768,10,1,1370646,20261010,1,57448,0,feed,,,,
1791648768,10,1,1370654,20261010,1,57165,0,feed,,,,
1791648768,10,1,1370672,20261010,2,57116,247,feed,,,,
1791648768,10,1,1370768,20261010,45,17976,178,feed,,,,
1791648768,10,1,1370830,20261010,59,17982,728,feed,,,,
1791648768,10,1,1370880,20261010,25,17175,-91,feed,,,,
1791648768,10,0,1371047,20261010,10,19315,370,feed,,,,
1791648768,10,0,1371102,20261010,43,40235,535,feed,,,,
1791648768,10,0,1371165,20261010,1,19337,0,feed,,,,
1791648768,10,1,1371188,20261010,1,57448,0,feed,,,,
1791648768,10,0,1371276,20261010,1,19337,0,feed,,,,
1791648768,11,1,1317761,20261010,49,17704,339,feed,40020,48,79,37680
1791648768,11,1,1317779,20261010,1,49304,0,feed,42120,0,79,42120
1791648768,11,1,1319260,20261010,1,49304,0,feed,43920,0,79,43920
1791648768,11,1,1319308,20261010,41,17978,97,feed,40260,40,79,38580
1791648768,11,1,1319373,20261010,1,49304,0,feed,41220,0,79,41220
1791648768,11,1,1319483,20261010,62,17717,738,feed,39600,61,79,36840
1791648768,11,0,1364644,20261010,1,51828,0,feed,40980,0,80,40980
1791648768,11,0,1364979,20261010,28,17762,227,feed,40140,27,80,39180
1791648768,11,0,1365465,20261010,1,51828,0,feed,41880,0,80,41880
1791648768,11,0,1365799,20261010,1,51828,0,feed,42780,0,80,42780
1791648768,11,0,1366848,20261010,42,17951,286,feed,40200,41,80,38280
1791648768,11,1,1367265,20261010,1,49304,0,feed,43020,0,79,43020
1791648768,11,0,1369133,20261010,56,42202,475,feed,39900,55,80,37380
1791648768,11,0,1369309,20261010,8,17741,-14,feed,40380,7,80,40080
1791648768,11,1,1370548,20261010,2,17165,-9,feed,,,,
1791648768,11,1,1370738,20261010,24,14641,27,feed,,,,
1791648768,11,0,1371363,20261010,1,51828,0,feed,,,,
1791648768,14,0,1331035,20261010,12,775,88,feed,,,,
1791648768,14,0,1332739,20261010,,,,canceled,,,,
1791648768,14,1,1369869,20261010,31,57010,95,feed,,,,
1791648768,14,1,1370087,20261010,1,50153,0,feed,,,,
1791648768,14,1,1370517,20261010,48,15664,349,feed,,,,
1791648768,14,1,1370679,20261010,1,50153,86,feed,,,,
1791648768,14,1,1370725,20261010,1,50153,0,feed,,,,
1791648768,14,1,1370737,20261010,77,758,50,feed,,,,
1791648768,14,0,1370769,20261010,1,4345,0,feed,,,,
1791648768,14,0,1370811,20261010,1,4345,0,feed,,,,
1791648768,14,0,1371183,20261010,1,4345,0,feed,,,,
1791648768,14,0,1371192,20261010,,,,canceled,,,,
1791648768,14,1,1371250,20261010,1,50153,0,feed,,,,
1791648768,14,0,1371277,20261010,80,50153,274,feed,,,,
1791648768,17,0,1132272,20261010,1,57458,0,feed,43020,0,63,43020
1791648768,17,1,1293534,20261010,1,56800,0,feed,41040,0,49,41040
1791648768,17,1,1305929,20261010,1,56800,0,feed,42780,0,49,42780
1791648768,17,0,1307520,20261010,24,5805,515,feed,39840,23,51,38640
1791648768,17,0,1307614,20261010,1,57458,0,feed,42180,0,51,42180
1791648768,17,1,1318184,20261010,33,4672,183,feed,40260,32,65,38040
1791648768,17,1,1318231,20261010,1,17192,0,feed,40980,0,65,40980
1791648768,17,1,1319579,20261010,19,17976,65,feed,40320,18,65,39240
1791648768,17,0,1321408,20261010,1,57458,0,feed,40380,0,51,40380
1791648768,17,0,1324198,20261010,13,5775,189,feed,40200,12,63,39480
1791648768,17,1,1334276,20261010,1,17192,0,feed,42780,0,65,42780
1791648768,17,0,1335074,20261010,63,17192,397,feed,40080,62,63,35940
1791648768,17,1,1335256,20261010,63,4791,342,feed,40020,62,65,36240
1791648768,17,0,1335716,20261010,1,57458,0,feed,41280,0,63,41280
1791648768,17,0,1369114,20261010,44,17990,65,feed,40320,43,63,37740
1791648768,18,0,1242780,20261010,1,1754,0,feed,41040,0,42,41040
1791648768,18,0,1361533,20261010,1,51852,0,feed,41100,0,51,41100
1791648768,18,0,1362100,20261010,67,1887,454,feed,39900,66,84,37260
1791648768,18,1,1364423,20261010,1,56800,0,feed,40620,0,83,40620
1791648768,18,1,1364463,20261010,21,1216,35,feed,40320,20,83,38820
1791648768,18,1,1365481,20261010,5,17980,39,feed,40380,4,43,40020
1791648768,18,1,1365531,20261010,1,56800,0,feed,,,,
1791648768,18,0,1366983,20261010,1,57131,0,feed,42540,0,84,42540
1791648768,18,1,1367088,20261010,1,56800,0,feed,41760,0,43,41760
1791648768,18,0,1367343,20261010,1,57131,0,feed,40800,0,84,40800
1791648768,18,0,1367567,20261010,20,1854,90,feed,40320,19,51,39360
1791648768,18,1,1367713,20261010,1,56800,0,feed,41160,0,52,41160
1791648768,18,1,1367772,20261010,47,444,518,feed,39840,46,83,37020
1791648768,18,1,1367885,20261010,1,56800,0,feed,43560,0,43,43560
1791648768,18,1,1368112,20261010,9,1197,212,feed,40200,8,52,39420
1791648768,18,0,1368244,20261010,83,19317,163,feed,40320,82,84,36060
1791648768,18,0,1368677,20261010,40,1444,21,feed,40440,39,84,39060
1791648768,18,0,1368708,20261010,46,17992,-45,feed,40440,45,51,37560
1791648768,18,0,1368852,20261010,1,51852,0,feed,42840,0,51,42840
1791648768,18,1,1368919,20261010,1,56800,0,feed,42360,0,83,42360
1791648768,18,1,1369422,20261010,34,3386,263,feed,40200,33,52,37920
1791648768,18,0,1370637,20261010,1,1754,0,feed,,,,
1791648768,18,0,1370895,20261010,21,1882,128,feed,,,,
1791648768,2,1,1269758,20261010,1,50670,0,feed,40860,0,34,40860
1791648768,2,1,1272511,20261010,33,1096,-172,feed,40380,32,34,38400
1791648768,2,1,1274855,20261010,1,50670,0,feed,43200,0,34,43200
1791648768,2,0,1319257,20261010,8,81077,-45,feed,40380,7,34,39900
1791648768,2,0,1320004,20261010,1,57469,0,feed,43500,0,34,43500
1791648768,2,0,1331198,20261010,29,13219,464,feed,39900,28,41,38160
1791648768,2,0,1331467,20261010,1,57469,0,feed,41700,0,41,41700
1791648768,2,0,1331521,20261010,17,80925,-58,feed,40380,16,41,39360
1791648768,2,0,1332514,20261010,1,57469,0,feed,42900,0,41,42900
1791648768,2,1,1360964,20261010,1,57618,0,feed,43200,0,42,43200
1791648768,2,1,1361716,20261010,1,57618,0,feed,42000,0,42,42000
1791648768,2,1,1361769,20261010,11,41248,45,feed,40320,10,42,39600
1791648768,2,0,1362327,20261010,1,57469,0,feed,40500,0,41,40500
1791648768,2,1,1362375,20261010,1,57618,0,feed,40800,0,42,40800
1791648768,2,0,1363071,20261010,27,13235,30,feed,40320,26,34,38760
1791648768,2,1,1363880,20261010,1,50670,0,feed,42060,0,34,42060
1791648768,2,0,1367161,20261010,1,57469,0,feed,42300,0,34,42300
1791648768,2,1,1367288,20261010,8,13231,102,feed,40260,7,34,39660
1791648768,2,0,1371314,20261010,1,57469,0,feed,,,,
1791648768,2,1,1371362,20261010,28,56910,75,feed,,,,
1791648768,215,1,1262227,20261010,1,5020,0,feed,40560,0,27,40560
1791648768,215,0,1267411,20261010,1,49979,0,feed,42240,0,30,42240
1791648768,219,0,1303715,20261010,1,57340,0,feed,40560,0,74,40560
1791648768,219,1,1311716,20261010,1,5020,0,feed,40500,0,71,40500
1791648768,22,1,1356264,20261010,41,19320,227,feed,40200,40,84,37800
1791648768,22,1,1357886,20261010,64,51541,130,feed,40260,63,87,36600
1791648768,22,0,1365746,20261010,1,4558,0,feed,43080,0,82,43080
1791648768,22,0,1366893,20261010,17,19471,250,feed,40140,16,82,39540
1791648768,22,1,1367079,20261010,1,56825,0,feed,43800,0,87,43800
1791648768,22,1,1367304,20261010,1,56825,0,feed,42660,0,84,42660
1791648768,22,0,1367506,20261010,1,4558,0,feed,40680,0,82,40680
1791648768,22,1,1367569,20261010,1,56825,0,feed,41400,0,84,41400
1791648768,22,0,1367978,20261010,51,53941,669,feed,39780,50,82,37140
1791648768,22,1,1368145,20261010,23,11652,-15,feed,40380,22,84,39060
1791648768,22,0,1368172,20261010,1,4558,0,feed,41880,0,86,41880
1791648768,22,1,1368736,20261010,2,9086,150,feed,40260,1,87,40200
1791648768,22,0,1369010,20261010,41,19426,-1,feed,40380,40,86,38340
1791648768,22,0,1369396,20261010,78,11442,255,feed,40140,77,82,35940
1791648768,223,0,1361366,20261010,22,48188,692,feed,39780,21,33,38760
1791648768,223,1,1362058,20261010,1,5020,0,feed,42060,0,34,42060
1791648768,223,0,1362377,20261010,1,57691,1,feed,40560,0,33,40560
1791648768,223,1,1363515,20261010,1,5020,0,feed,43860,0,34,43860
1791648768,223,1,1363596,20261010,32,4014,129,feed,40260,31,34,38460
1791648768,225,1,1132076,20261010,10,45458,154,feed,40200,9,20,39480
1791648768,225,1,1132337,20261010,1,45174,0,feed,43080,0,20,43080
1791648768,225,0,1268566,20261010,1,52530,0,feed,41460,0,20,41460
1791648768,227,0,1266913,20261010,1,52530,0,feed,41400,0,47,41400
1791648768,227,1,1273279,20261010,1,45174,0,feed,43080,0,45,43080
1791648768,227,1,1275187,20261010,30,49181,29,feed,40320,29,45,39480
1791648768,25,0,1369654,20261010,73,57220,-72,feed,,,,
1791648768,25,1,1369801,20261010,25,57234,329,feed,,,,
1791648768,25,1,1370201,20261010,1,57166,0,feed,,,,
1791648768,27,0,1350176,20261010,1,52857,0,feed,43200,0,23,43200
1791648768,27,1,1362556,20261010,1,51367,0,feed,42300,0,21,42300
1791648768,27,0,1369019,20261010,16,51509,33,feed,40320,15,23,39600
1791648768,3,1,1176596,20261010,7,20008,293,feed,40080,6,65,39660
1791648768,3,0,1177964,20261010,48,960,145,feed,40200,47,64,37380
1791648768,3,0,1182580,20261010,24,16072,308,feed,,,,
1791648768,3,1,1185099,20261010,1,56100,0,feed,,,,
1791648768,3,1,1185289,20261010,1,56100,0,feed,42600,0,64,42600
1791648768,3,0,1188304,20261010,1,54097,0,feed,42780,0,64,42780
1791648768,3,1,1321102,20261010,1,56100,0,feed,41400,0,65,41400
1791648768,3,0,1321511,20261010,60,49450,328,feed,40020,59,65,36480
1791648768,3,1,1323326,20261010,47,16102,49,feed,40320,46,65,37860
1791648768,3,0,1353344,20261010,1,54097,0,feed,43680,0,65,43680
1791648768,3,1,1353681,20261010,22,849,175,feed,40140,21,64,39000
1791648768,3,0,1367062,20261010,1,54097,0,feed,40980,0,64,40980
1791648768,3,0,1367950,20261010,11,19322,207,feed,40140,10,64,39180
1791648768,3,1,1368060,20261010,1,56100,0,feed,40800,0,64,40800
1791648768,3,0,1368292,20261010,2,16406,76,feed,40440,1,65,40080
1791648768,30,1,1215123,20261010,1,15882,0,feed,41760,0,44,41760
1791648768,30,1,1215127,20261010,35,8291,35,feed,40320,34,44,38160
1791648768,30,0,1215332,20261010,26,16043,179,feed,40200,25,48,39240
1791648768,30,1,1216118,20261010,1,15882,0,feed,43560,0,44,43560
1791648768,30,0,1218174,20261010,1,40238,0,feed,41040,0,48,41040
1791648768,32,0,1331162,20261010,16,53154,562,feed,39780,15,59,39300
1791648768,32,0,1331448,20261010,1,50155,0,feed,42900,0,59,42900
1791648768,32,0,1331752,20261010,49,4128,509,feed,39840,48,59,38100
1791648768,32,0,1333331,20261010,1,50155,0,feed,41700,0,59,41700
1791648768,32,1,1364397,20261010,17,12868,-14,feed,40380,16,61,39780
1791648768,32,1,1365554,20261010,1,57685,0,feed,42180,0,61,42180
1791648768,32,1,1366244,20261010,1,57685,0,feed,40980,0,61,40980
1791648768,32,1,1366726,20261010,61,50155,179,feed,40200,60,61,37980
1791648768,32,0,1368353,20261010,1,50155,0,feed,40500,0,59,40500
1791648768,32,1,1368650,20261010,1,57685,0,feed,43380,0,61,43380
1791648768,323,0,1134184,20261010,1,51116,0,feed,40500,0,23,40500
1791648768,323,1,1135252,20261010,10,57029,57,feed,40320,9,25,39900
1791648768,323,0,1135999,20261010,1,51116,0,feed,42300,0,23,42300
1791648768,323,1,1136010,20261010,1,57508,22,feed,41700,0,25,41700
1791648768,323,1,1136260,20261010,1,57508,0,feed,43500,0,25,43500
1791648768,345,1,1131543,20261010,1,57508,0,feed,43380,0,15,43380
1791648768,345,0,1132499,20261010,9,42845,-91,feed,40980,8,15,39600
1791648768,345,1,1134028,20261010,3,57538,25,feed,40920,2,15,39780
1791648768,345,0,1138231,20261010,1,56879,0,feed,43200,0,15,43200
1791648768,36,0,1177875,20261010,43,1311,154,feed,40200,42,53,38340
1791648768,36,0,1182049,20261010,1,57537,267,feed,40080,0,53,40080
1791648768,36,0,1182190,20261010,1,57537,0,feed,43620,0,53,43620
1791648768,36,1,1219464,20261010,1,50160,0,feed,40620,0,50,40620
1791648768,36,1,1221892,20261010,1,50160,0,feed,42420,0,50,42420
1791648768,36,0,1362417,20261010,1,57537,0,feed,41880,0,53,41880
1791648768,36,1,1363055,20261010,33,48182,123,feed,40260,32,50,38820
1791648768,38,1,1350025,20261010,54,3538,596,feed,39780,53,104,37440
1791648768,38,0,1350168,20261010,108,16494,301,feed,39960,107,108,35340
1791648768,38,0,1350762,20261010,1,48213,0,feed,42480,0,108,42480
1791648768,38,0,1352376,20261010,37,4812,167,feed,40200,36,108,38880
1791648768,38,1,1353069,20261010,26,12593,171,feed,40080,25,107,39060
1791648768,38,0,1353258,20261010,1,48213,0,feed,40680,0,109,40680
1791648768,38,1,1353575,20261010,1,16494,0,feed,40980,0,104,40980
1791648768,38,1,1355198,20261010,1,42032,0,feed,42600,0,107,42600
1791648768,38,0,1355235,20261010,69,40664,402,feed,39960,68,109,37140
1791648768,4,1,1131376,20261010,3,17921,95,feed,40260,2,50,40140
1791648768,4,1,1134737,20261010,28,1776,326,feed,40020,27,50,38340
1791648768,4,0,1158435,20261010,1,50231,0,feed,42780,0,53,42780
1791648768,4,1,1356618,20261010,1,14153,0,feed,41340,0,90,41340
1791648768,4,1,1358066,20261010,1,14153,0,feed,43140,0,90,43140
1791648768,4,1,1358543,20261010,1,17971,0,feed,43800,0,50,43800
1791648768,4,0,1358610,20261010,24,57377,-143,feed,40380,23,53,39180
1791648768,4,1,1358635,20261010,23,16041,-7,feed,40380,22,90,39540
1791648768,4,1,1358722,20261010,1,17971,0,feed,42000,0,50,42000
1791648768,4,0,1358977,20261010,1,50231,102,feed,40260,0,89,40260
1791648768,4,0,1359163,20261010,51,17947,-127,feed,40380,50,53,37440
1791648768,4,1,1359241,20261010,87,41215,345,feed,40020,86,90,35940
1791648768,4,0,1359283,20261010,69,16042,-159,feed,40380,68,89,36720
1791648768,4,0,1359298,20261010,41,171,205,feed,40200,40,89,38520
1791648768,4,0,1360427,20261010,1,50231,0,feed,42060,0,89,42060
1791648768,4,0,1366987,20261010,1,50231,0,feed,43800,0,89,43800
1791648768,4,1,1369455,20261010,46,103,247,feed,40140,45,90,37740
1791648768,4,0,1371263,20261010,1,50231,0,feed,,,,
1791648768,46,1,1264391,20261010,1,51550,0,feed,42240,0,59,42240
1791648768,46,0,1269129,20261010,16,998,284,feed,40080,15,62,39660
1791648768,46,0,1277441,20261010,1,220,111,feed,41460,0,62,41460
1791648768,46,1,1278614,20261010,51,210,85,feed,40260,50,59,38640
1791648768,48,1,1352669,20261010,1,50152,0,feed,43740,0,61,43740
1791648768,48,0,1354726,20261010,1,19301,0,feed,43500,0,61,43500
1791648768,48,1,1355494,20261010,8,17548,-18,feed,40380,7,61,40140
1791648768,48,0,1368254,20261010,9,2877,64,feed,40380,8,61,39900
1791648768,5,1,1365834,20261010,30,11149,157,feed,40200,29,80,39240
1791648768,5,0,1366768,20261010,1,51212,0,feed,40620,0,81,40620
1791648768,5,0,1367672,20261010,77,8974,-189,feed,40380,76,81,37080
1791648768,5,1,1369079,20261010,1,51846,0,feed,42840,0,80,42840
1791648768,515,0,1349365,20261010,1,53704,0,feed,42900,0,49,42900
1791648768,515,0,1349655,20261010,1,53704,0,feed,41100,0,49,41100
1791648768,515,1,1349689,20261010,49,53704,66,feed,40380,48,49,38760
1791648768,515,1,1350119,20261010,1,56877,0,feed,43260,0,49,43260
1791648768,515,1,1350932,20261010,1,56877,0,feed,40560,0,49,40560
1791648768,515,0,1352352,20261010,32,658,152,feed,40200,31,49,39360
1791648768,515,0,1352573,20261010,1,53704,0,feed,43800,0,49,43800
1791648768,515,1,1352930,20261010,19,718,102,feed,40260,18,49,39660
1791648768,515,1,1353563,20261010,1,56877,0,feed,41460,0,49,41460
1791648768,515,0,1355656,20261010,1,53704,0,feed,42000,0,49,42000
1791648768,515,0,1358814,20261010,2,44199,127,feed,40260,1,49,40200
1791648768,515,1,1360759,20261010,1,56877,0,feed,42360,0,49,42360
1791648768,534,0,1345183,20261010,1,56725,0,feed,40620,0,35,40620
1791648768,534,0,1345521,20261010,1,56725,0,feed,42420,0,35,42420
1791648768,534,1,1345532,20261010,1,51824,0,feed,42300,0,32,42300
1791648768,534,1,1345834,20261010,1,51824,0,feed,40500,0,32,40500
1791648768,538,0,1131655,20261010,11,42325,205,feed,40200,10,42,39600
1791648768,538,0,1133577,20261010,35,51985,627,feed,39660,34,42,37800
1791648768,538,0,1135846,20261010,1,53704,0,feed,43200,0,42,43200
1791648768,538,1,1318209,20261010,1,56880,0,feed,42480,0,40,42480
1791648768,538,1,1318652,20261010,1,56880,2,feed,40680,0,40,40680
1791648768,539,1,1136624,20261010,1,56880,0,feed,42780,0,38,42780
1791648768,539,1,1137113,20261010,27,51823,430,feed,39960,26,38,39180
1791648768,539,0,1137228,20261010,1,56725,67,feed,40320,0,41,40320
1791648768,539,1,877944,20261010,1,56880,0,feed,40980,0,38,40980
1791648768,539,0,889499,20261010,1,56725,17,feed,43920,0,41,43920
1791648768,54,1,1131070,20261010,14,13121,325,feed,40020,13,27,39000
1791648768,54,1,1131309,20261010,1,56100,0,feed,42600,0,27,42600
1791648768,54,0,1135403,20261010,1,56875,0,feed,42960,0,25,42960
1791648768,54,0,1346151,20261010,43,5276,-42,feed,40440,42,46,36660
1791648768,54,1,1346284,20261010,5,5293,-37,feed,40380,4,47,39960
1791648768,54,1,1346426,20261010,1,42319,0,feed,43500,0,47,43500
1791648768,54,1,1346861,20261010,22,43282,485,feed,40020,21,47,38160
1791648768,54,0,1346895,20261010,2,41259,141,feed,40320,1,46,40260
1791648768,54,0,1347096,20261010,21,3142,75,feed,40320,20,46,38460
1791648768,54,0,1347245,20261010,1,56875,0,feed,42060,0,46,42060
1791648768,54,1,1347277,20261010,1,56100,0,feed,40800,0,27,40800
1791648768,54,1,1347354,20261010,1,42319,0,feed,41760,0,47,41760
1791648768,54,0,1348225,20261010,1,56875,0,feed,43860,0,46,43860
1791648768,54,0,1358498,20261010,10,13096,-52,feed,40380,9,25,39360
1791648768,54,1,1359691,20261010,41,48548,324,feed,40260,40,47,36360
1791648768,54,0,1360107,20261010,1,56875,0,feed,41160,0,25,41160
1791648768,540,0,1136783,20261010,1,53052,19,feed,41580,0,51,41580
1791648768,540,0,1137714,20261010,7,4386,202,feed,40140,6,51,39780
1791648768,540,1,877011,20261010,1,56879,0,feed,42960,0,48,42960
1791648768,540,1,897465,20261010,14,51639,264,feed,40080,13,48,39360
1791648768,546,1,1134602,20261010,1,51824,0,feed,42660,0,31,42660
1791648768,546,0,881121,20261010,1,56725,2,feed,42360,0,33,42360
1791648768,546,0,896233,20261010,1,56725,499,feed,40560,0,33,40560
1791648768,61,1,1364762,20261010,6,11838,213,feed,40200,5,73,39840
1791648768,61,1,1365114,20261010,69,17919,343,feed,,,,
1791648768,61,0,1366263,20261010,2,53099,43,feed,40320,1,76,40260
1791648768,61,1,1367117,20261010,35,5605,-26,feed,40380,34,73,38040
1791648768,61,0,1367145,20261010,70,43282,352,feed,40140,69,76,36420
1791648768,61,0,1367264,20261010,1,17905,0,feed,42120,0,76,42120
1791648768,61,1,1367558,20261010,1,52761,0,feed,41640,0,73,41640
1791648768,61,0,1370934,20261010,41,5624,67,feed,,,,
1791648768,61,1,1371215,20261010,1,52761,0,feed,,,,
1791648768,615,0,1346704,20261010,19,8094,385,feed,39960,18,76,39180
1791648768,615,0,1346707,20261010,1,41157,0,feed,42780,0,76,42780
1791648768,615,1,1346957,20261010,26,4789,169,feed,40140,25,76,39120
1791648768,615,1,1347092,20261010,1,3540,0,feed,42720,0,76,42720
1791648768,62,0,1349269,20261010,1,328,0,feed,41700,0,86,41700
1791648768,62,0,1349529,20261010,15,6292,82,feed,40260,14,86,39900
1791648768,62,0,1349816,20261010,58,10488,305,feed,40080,57,86,38100
1791648768,62,1,1349949,20261010,1,49141,0,feed,42780,0,83,42780
1791648768,62,1,1350067,20261010,28,80930,101,feed,40260,27,83,39180
1791648768,62,1,1350170,20261010,69,6346,-56,feed,40380,68,83,37440
1791648768,62,0,1351599,20261010,1,328,0,feed,43500,0,86,43500
1791648768,62,1,1351640,20261010,1,49141,0,feed,40980,0,83,40980
1791648768,62,0,1360488,20261010,1,2611,0,feed,40380,0,67,40380
1791648768,63,1,1263921,20261010,25,52760,-33,feed,40380,24,59,38700
1791648768,63,1,1263998,20261010,18,3247,-20,feed,40380,17,59,39600
1791648768,63,1,1266542,20261010,42,3089,-23,feed,40380,41,59,37800
1791648768,63,1,1267342,20261010,1,51114,0,feed,40500,0,59,40500
1791648768,63,1,1269161,20261010,1,51114,0,feed,43200,0,59,43200
1791648768,63,0,1346169,20261010,34,3139,161,feed,40200,33,60,38580
1791648768,63,0,1346613,20261010,17,3112,105,feed,40260,16,60,39480
1791648768,63,0,1346854,20261010,1,15795,0,feed,43080,0,60,43080
1791648768,63,0,1347327,20261010,1,15795,0,feed,40380,0,60,40380
1791648768,63,1,1347826,20261010,1,51114,0,feed,41400,0,59,41400
1791648768,63,0,1348160,20261010,1,15795,0,feed,41280,0,60,41280
1791648768,63,0,1348397,20261010,1,15795,0,feed,42180,0,60,42180
1791648768,63,1,1348435,20261010,53,56249,396,feed,40020,52,59,37020
1791648768,63,0,1366996,20261010,45,3159,86,feed,40260,44,60,37740
1791648768,63,1,1367562,20261010,1,51114,0,feed,42300,0,59,42300
1791648768,64,1,1342563,20261010,5,12878,47,feed,40320,4,43,40200
1791648768,64,1,1342814,20261010,1,42157,0,feed,41940,0,43,41940
1791648768,64,1,1342840,20261010,1,52015,0,feed,41760,0,76,41760
1791648768,64,1,1343003,20261010,62,11808,-28,feed,40380,61,76,38100
1791648768,64,1,1343498,20261010,1,52015,0,feed,43560,0,76,43560
1791648768,64,1,1343558,20261010,7,49910,211,feed,40140,6,76,39900
1791648768,64,0,1356518,20261010,1,52761,0,feed,40560,0,66,40560
1791648768,64,0,1356892,20261010,1,52761,0,feed,42360,0,66,42360
1791648768,64,0,1357583,20261010,6,11838,290,feed,40020,5,78,39660
1791648768,64,0,1358597,20261010,34,12982,-115,feed,40380,33,66,38700
1791648768,64,0,1358726,20261010,1,52761,0,feed,43260,0,78,43260
1791648768,64,0,1359027,20261010,1,52761,0,feed,41460,0,78,41460
1791648768,64,1,1359239,20261010,42,52759,6,feed,40380,41,43,38460
1791648768,64,1,1359734,20261010,1,52015,0,feed,43200,0,65,43200
1791648768,645,1,1208079,20261010,39,6771,1064,feed,39300,38,55,37020
1791648768,645,0,1337177,20261010,1,6990,525,feed,40560,0,52,40560
1791648768,645,1,1339696,20261010,1,53293,0,feed,40620,0,55,40620
1791648768,65,1,1349397,20261010,1,57690,0,feed,42960,0,38,42960
1791648768,65,1,1349485,20261010,18,5622,265,feed,40080,17,38,39360
1791648768,65,1,1349953,20261010,1,57690,218,feed,41160,0,38,41160
1791648768,65,0,1369973,20261010,1,10761,43,feed,,,,
1791648768,65,0,1370107,20261010,7,10698,411,feed,,,,
1791648768,65,0,1370420,20261010,1,10761,131,feed,,,,
1791648768,67,0,1263314,20261010,44,15064,32,feed,40320,43,65,38700
1791648768,67,1,1266427,20261010,43,52792,16,feed,40380,42,65,38880
1791648768,67,0,1270350,20261010,1,53723,0,feed,42300,0,65,42300
1791648768,67,1,1274704,20261010,1,56100,0,feed,42480,0,65,42480
1791648768,67,0,1352367,20261010,1,53723,0,feed,40500,0,65,40500
1791648768,67,1,1358914,20261010,1,56100,0,feed,40680,0,65,40680
1791648768,68,0,1268126,20261010,33,426,-105,feed,40380,32,59,39300
1791648768,68,0,1357240,20261010,24,9768,140,feed,40200,23,118,39480
1791648768,68,1,1358303,20261010,1,11904,0,feed,42900,0,61,42900
1791648768,68,0,1359260,20261010,2,9806,449,feed,42900,1,59,42900
1791648768,68,1,1360449,20261010,23,326,-32,feed,40380,22,61,39300
1791648768,68,0,1361024,20261010,2,9806,39,feed,42000,1,87,42000
1791648768,68,0,1361561,20261010,51,2607,217,feed,40140,50,87,38400
1791648768,68,1,1362418,20261010,1,11904,0,feed,41100,0,117,41100
1791648768,68,1,1363922,20261010,69,9970,161,feed,40200,68,117,37500
1791648768,68,0,1363964,20261010,1,53340,0,feed,43080,0,118,43080
1791648768,68,1,1364885,20261010,1,57511,0,feed,40920,0,83,40920
1791648768,68,1,1367526,20261010,57,9915,388,feed,39960,56,83,37320
1791648768,68,0,1368141,20261010,2,9806,146,feed,43800,1,87,43800
1791648768,68,0,1368298,20261010,6,9815,-25,feed,40380,5,87,40200
1791648768,68,1,1369095,20261010,1,57511,0,feed,42720,0,83,42720
1791648768,68,1,1369397,20261010,25,49993,-62,feed,40380,24,83,39120
1791648768,686,1,1173433,20261010,1,56939,0,feed,43740,0,4,43740
1791648768,686,1,1173939,20261010,4,47705,17,feed,40800,3,4,38520
1791648768,686,0,1332448,20261010,1,47705,0,feed,42000,0,3,42000
1791648768,686,1,1333421,20261010,1,56939,228,feed,41220,0,4,41220
1791648768,686,0,1335132,20261010,2,57622,365,feed,40560,1,3,39480
1791648768,7,0,1356122,20261010,14,52743,215,feed,40140,13,64,39540
1791648768,7,1,1358086,20261010,22,42452,133,feed,40260,21,60,39000
1791648768,7,1,1358696,20261010,50,52739,27,feed,40320,49,60,37200
1791648768,7,0,1358768,20261010,57,17661,1064,feed,39300,56,64,35940
1791648768,7,1,1358842,20261010,1,17679,10,feed,40800,0,60,40800
1791648768,7,0,1359970,20261010,1,51779,0,feed,41280,0,64,41280
1791648768,7,1,1370732,20261010,1,17679,0,feed,,,,
1791648768,7,0,1370904,20261010,1,51779,0,feed,,,,
1791648768,7,0,1371189,20261010,40,13219,275,feed,,,,
1791648768,71,1,1265370,20261010,1,51291,158,feed,40200,0,60,40200
1791648768,71,1,1265833,20261010,1,51291,0,feed,43800,0,60,43800
1791648768,71,1,1266244,20261010,40,47046,190,feed,40140,39,60,38400
1791648768,71,0,1270230,20261010,1,9715,0,feed,40620,0,58,40620
1791648768,71,0,1281770,20261010,1,9715,0,feed,42420,0,58,42420
1791648768,71,1,1361111,20261010,1,49141,0,feed,41940,0,74,41940
1791648768,71,0,1361532,20261010,44,18117,96,feed,40260,43,75,38520
1791648768,716,0,1136598,20261010,2,8472,148,feed,40260,1,51,40200
1791648768,716,0,1137510,20261010,1,50154,0,feed,43920,0,51,43920
1791648768,716,1,1137848,20261010,1,8728,0,feed,42240,0,50,42240
1791648768,72,1,1369599,20261010,25,43282,80,feed,,,,
1791648768,72,1,1369858,20261010,1,13667,0,feed,,,,
1791648768,72,0,1370203,20261010,1,57615,0,feed,,,,
1791648768,72,0,1371348,20261010,1,57615,0,feed,,,,
1791648768,721,1,1176660,20261010,2,52845,789,feed,39600,1,41,39540
1791648768,721,0,1177083,20261010,13,9487,39,feed,40200,12,43,39780
1791648768,721,1,1187701,20261010,1,9522,0,feed,41340,0,41,41340
1791648768,721,0,1187977,20261010,1,51845,0,feed,43380,0,43,43380
1791648768,721,1,1366943,20261010,1,9522,0,feed,43080,0,41,43080
1791648768,721,0,1367391,20261010,1,51845,0,feed,41580,0,43,41580
1791648768,722,1,1177999,20261010,1,11486,16,feed,43860,0,14,43860
1791648768,722,1,1179039,20261010,1,57636,0,feed,40740,0,53,40740
1791648768,722,0,1180123,20261010,1,56827,0,feed,41460,0,51,41460
1791648768,722,1,1184312,20261010,3,51188,40,feed,40320,2,14,40260
1791648768,722,0,1184364,20261010,1,56827,0,feed,43320,0,11,43320
1791648768,723,0,1181870,20261010,1,51845,0,feed,41460,0,39,41460
1791648768,723,1,1187922,20261010,1,53224,0,feed,43020,0,41,43020
1791648768,723,1,1367580,20261010,28,9389,159,feed,40200,27,41,39480
1791648768,724,1,1131116,20261010,1,53222,1462,feed,39720,0,35,39720
1791648768,724,1,1131895,20261010,1,53222,620,feed,43320,0,35,43320
1791648768,724,0,1132036,20261010,1,51846,0,feed,40500,0,33,40500
1791648768,724,0,1132480,20261010,33,53222,525,feed,39840,32,33,38700
1791648768,724,0,1133511,20261010,18,52565,2008,feed,38340,17,33,37800
1791648768,724,0,1133623,20261010,1,51846,0,feed,42300,0,33,42300
1791648768,724,1,1133851,20261010,1,53222,0,feed,42420,0,35,42420
1791648768,724,1,1134432,20261010,1,53222,0,feed,40620,0,35,40620
1791648768,724,0,1134705,20261010,1,51846,1114,feed,41400,0,33,41400
1791648768,724,1,1277940,20261010,1,53222,0,feed,41520,0,35,41520
1791648768,724,0,1288409,20261010,1,51846,0,feed,43200,0,33,43200
1791648768,724,0,1288643,20261010,24,42063,-43,feed,40380,23,33,39600
1791648768,725,0,1312512,20261010,1,57580,0,feed,41160,0,50,41160
1791648768,725,1,1312980,20261010,1,56775,0,feed,40500,0,49,40500
1791648768,74,1,1355811,20261010,8,49651,214,feed,40140,7,61,39720
1791648768,74,0,1356115,20261010,1,51546,0,feed,43380,0,59,43380
1791648768,74,1,1356552,20261010,23,43282,274,feed,40200,22,61,38820
1791648768,74,1,1357453,20261010,1,13667,588,feed,42360,0,61,42360
1791648768,74,0,1358216,20261010,21,11728,46,feed,40320,20,59,39000
1791648768,74,0,1358348,20261010,1,51546,0,feed,41580,0,59,41580
1791648768,74,1,1358406,20261010,1,13667,0,feed,40620,0,61,40620
1791648768,74,1,1358952,20261010,54,49392,311,feed,40080,53,61,37020
1791648768,74,1,1359109,20261010,1,13667,61,feed,43260,0,61,43260
1791648768,74,1,1359327,20261010,41,11706,26,feed,40380,40,61,37920
1791648768,74,0,1359843,20261010,31,10236,365,feed,40020,30,59,38160
1791648768,74,0,1359986,20261010,6,56111,-25,feed,40440,5,59,39840
1791648768,74,0,1360288,20261010,1,51546,0,feed,42480,0,59,42480
1791648768,74,1,1368378,20261010,1,13667,0,feed,41520,0,61,41520
1791648768,74,0,1369384,20261010,1,51546,0,feed,40680,0,59,40680
1791648768,80,0,1304923,20261010,2,51131,13,feed,40380,1,42,40320
1791648768,80,0,1305069,20261010,1,49979,0,feed,43920,0,42,43920
1791648768,80,1,1311031,20261010,1,50689,0,feed,42120,0,38,42120
1791648768,80,1,1313955,20261010,1,50689,24,feed,40320,0,38,40320
1791648768,80,0,1315020,20261010,1,49979,0,feed,42120,0,42,42120
1791648768,80,1,1315660,20261010,1,50689,0,feed,43920,0,38,43920
1791648768,802,0,1196578,20261010,1,57169,0,feed,43440,0,46,43440
1791648768,802,0,1206156,20261010,9,10938,199,feed,40140,8,46,39840
1791648768,802,1,1207223,20261010,1,42622,0,feed,40920,0,45,40920
1791648768,804,0,1261330,20261010,1,14153,0,feed,43200,0,32,43200
1791648768,804,0,1261353,20261010,22,15892,160,feed,40200,21,32,39600
1791648768,804,1,1325619,20261010,1,14727,0,feed,41400,0,35,41400
1791648768,805,1,1211916,20261010,6,50712,46,feed,40320,5,72,40080
1791648768,805,0,1212558,20261010,1,56775,0,feed,43440,0,72,43440
1791648768,805,1,1216941,20261010,1,50716,0,feed,43680,0,72,43680
1791648768,805,0,1218306,20261010,6,40872,165,feed,40200,5,72,39840
1791648768,827,0,1178032,20261010,1,42837,0,feed,40380,0,51,40380
1791648768,827,1,1316764,20261010,1,57167,0,feed,40440,0,51,40440
1791648768,83,0,1266587,20261010,1,53725,0,feed,41940,0,44,41940
1791648768,83,1,1351245,20261010,19,939,-21,feed,40380,18,41,39480
1791648768,83,1,1352421,20261010,1,52532,0,feed,41280,0,41,41280
1791648768,83,0,1352462,20261010,4,57343,45,feed,40320,3,44,40140
1791648768,83,1,1353809,20261010,1,52532,0,feed,43080,0,41,43080
1791648768,83,0,1354679,20261010,34,53740,462,feed,39900,33,44,38340
1791648768,83,0,1355274,20261010,1,53725,0,feed,43740,0,44,43740
1791648768,87,1,1303205,20261010,1,57690,0,feed,42120,0,70,42120
1791648768,87,1,1304294,20261010,1,57690,24,feed,,,,
1791648768,87,1,1304628,20261010,1,57690,0,feed,43860,0,70,43860
1791648768,87,1,1304765,20261010,40,18910,241,feed,40140,39,70,38580
1791648768,87,0,1349145,20261010,55,45432,625,feed,39780,54,71,37980
1791648768,87,0,1350809,20261010,1,51892,0,feed,,,,
1791648768,87,0,1351206,20261010,20,13091,36,feed,40320,19,71,39660
1791648768,87,0,1351357,20261010,1,51892,0,feed,41520,0,71,41520
1791648768,888,1,1364198,20261010,3,57646,490,feed,40380,2,10,39060
1791648768,9,1,1356169,20261010,45,17899,105,feed,40320,44,111,38160
1791648768,9,0,1356659,20261010,1,40247,0,feed,43800,0,112,43800
1791648768,9,0,1356781,20261010,7,8030,44,feed,40320,6,112,40260
1791648768,9,0,1367221,20261010,1,52552,0,feed,42300,0,100,42300
1791648768,9,0,1367346,20261010,48,17905,52,feed,40320,47,100,38700
1791648768,9,1,1368210,20261010,1,51551,0,feed,41700,0,111,41700
1791648768,9,1,1368266,20261010,1,51551,0,feed,43440,0,96,43440
1791648768,9,1,1368666,20261010,2,48896,33,feed,40380,1,96,39960
1791648768,9,0,1369312,20261010,91,16465,399,feed,39960,90,112,36660
1791648768,9,1,1369376,20261010,96,52552,50,feed,40320,95,96,36420
1791648768,901,1,876930,20261010,3,56336,0,feed,41100,2,20,40920
1791648768,901,1,882597,20261010,9,51413,60,feed,40320,8,20,39480
1791648768,901,0,886057,20261010,5,51435,120,feed,40320,4,20,39840
1791648768,901,1,889975,20261010,19,51422,180,feed,40200,18,20,38040
1791648768,901,0,893439,20261010,15,56330,240,feed,40320,14,20,38400
1791648768,901,1,894254,20261010,3,56336,-60,feed,40380,2,20,40200
1791648768,901,0,899701,20261010,10,51430,0,feed,40320,9,20,39120
1791648768,901,1,901459,20261010,13,51417,240,feed,40080,12,20,38760
1791648768,901,0,982966,20261010,1,51405,0,feed,40560,0,20,40560
1791648768,902,0,877066,20261010,10,56004,120,feed,40260,9,24,39180
1791648768,902,0,878589,20261010,15,56009,240,feed,40200,14,24,38460
1791648768,902,1,878713,20261010,14,56039,60,feed,40440,13,24,38820
1791648768,902,1,879781,20261010,1,56026,0,feed,40980,0,24,40980
1791648768,902,0,885916,20261010,6,56338,0,feed,40380,5,24,39900
1791648768,902,1,890803,20261010,8,56033,-60,feed,40380,7,24,39540
1791648768,902,0,893986,20261010,3,56336,0,feed,40800,2,24,40620
1791648768,902,0,895683,20261010,3,56336,0,feed,41520,2,24,41340
1791648768,902,1,905471,20261010,18,56043,120,feed,40320,17,24,38100
1791648768,903,1,1262930,20261010,1,56874,0,feed,42360,0,6,42360
1791648768,903,0,1265806,20261010,1,57285,0,feed,40500,0,6,40500
1791648768,903,0,1270629,20261010,1,57285,0,feed,42300,0,6,42300
1791648768,903,1,1270799,20261010,1,56874,0,feed,40560,0,6,40560
1791648768,904,1,1275983,20261010,1,56800,0,feed,41460,0,12,41460
1791648768,904,0,1364902,20261010,6,48084,478,feed,40020,5,13,39000
1791648768,904,0,1366435,20261010,12,19260,294,feed,40080,11,13,38100
1791648768,904,0,1367204,20261010,1,56830,0,feed,43500,0,13,43500
1791648768,904,1,1367248,20261010,9,56832,276,feed,40080,8,12,38760
1791648768,904,0,1367284,20261010,3,56831,460,feed,40320,2,13,39900
1791648768,904,0,1367597,20261010,1,56830,57,feed,41700,0,13,41700
1791648768,904,0,1367899,20261010,1,56830,0,feed,40800,0,13,40800
1791648768,904,1,1368158,20261010,1,56800,0,feed,40560,0,12,40560
1791648768,904,1,1368189,20261010,1,56800,0,feed,43260,0,12,43260
1791648768,904,1,1368532,20261010,6,17781,196,feed,40320,5,12,39660
1791648768,904,1,1368757,20261010,1,56800,0,feed,42360,0,12,42360
1791648768,904,0,1368830,20261010,1,56830,0,feed,42600,0,13,42600
1791648768,905,0,1343658,20261010,9,57428,-108,feed,40440,8,16,39300
1791648768,905,0,1343737,20261010,15,57440,-80,feed,40440,14,16,38400
1791648768,905,1,1344182,20261010,1,57441,0,feed,41940,0,16,41940
1791648768,905,0,1344338,20261010,1,52761,0,feed,42900,0,16,42900
1791648768,905,1,1344343,20261010,1,57441,0,feed,43740,0,16,43740
1791648768,905,0,1344396,20261010,1,52761,0,feed,43800,0,16,43800
1791648768,905,0,1344704,20261010,1,52761,0,feed,41100,0,16,41100
1791648768,905,1,1344758,20261010,15,52759,-303,feed,40440,14,16,38340
1791648768,905,1,1344768,20261010,3,57437,14,feed,40380,2,16,40140
1791648768,905,0,1344881,20261010,3,3142,25,feed,40380,2,16,40200
1791648768,905,0,1345016,20261010,1,52761,0,feed,42000,0,16,42000
1791648768,905,1,1345070,20261010,9,57425,171,feed,40320,8,16,39240
1791648768,905,1,1345126,20261010,1,57441,0,feed,41040,0,16,41040
1791648768,905,1,1345136,20261010,1,57441,0,feed,42840,0,16,42840
1791648768,921,0,1365185,20261010,1,51544,0,feed,42780,0,20,42780
1791648768,921,0,1365380,20261010,2,53362,121,feed,40260,1,20,39840
1791648768,921,1,1365393,20261010,2,50015,105,feed,40200,1,20,40080
1791648768,921,0,1365713,20261010,1,51544,0,feed,40740,0,20,40740
1791648768,921,0,1366812,20261010,1,51544,0,feed,43380,0,20,43380
1791648768,921,1,1366939,20261010,18,56128,406,feed,39960,17,20,38280
1791648768,921,0,1366952,20261010,1,51544,0,feed,42180,0,20,42180
1791648768,921,0,1367271,20261010,1,51544,0,feed,41580,0,20,41580
1791648768,921,1,1367348,20261010,1,52531,0,feed,42780,0,20,42780
1791648768,921,1,1367427,20261010,9,17307,437,feed,40020,8,20,39180
1791648768,921,1,1367991,20261010,1,52531,0,feed,40980,0,20,40980
1791648768,921,1,1369374,20261010,1,52531,0,feed,43380,0,20,43380
1791648768,921,0,1369526,20261010,20,52531,149,feed,40320,19,20,38040
1791648768,922,0,1311217,20261010,1,57314,0,feed,43680,0,35,43680
1791648768,922,0,1311405,20261010,1,57314,0,feed,42480,0,35,42480
1791648768,922,0,1312509,20261010,1,57314,0,feed,41880,0,35,41880
1791648768,922,1,1312528,20261010,1,56100,0,feed,41160,0,34,41160
1791648768,922,1,1312776,20261010,4,57417,157,feed,40260,3,34,39960
1791648768,922,0,1312840,20261010,32,57455,-207,feed,40380,31,35,36840
1791648768,922,1,1313156,20261010,30,3523,2,feed,40380,29,34,36900
1791648768,922,0,1313529,20261010,21,57332,1,feed,40380,20,35,38280
1791648768,922,0,1313700,20261010,1,57314,0,feed,41280,0,35,41280
1791648768,922,0,1313960,20261010,4,4862,153,feed,40260,3,35,40080
1791648768,922,1,1314430,20261010,1,56100,0,feed,41700,0,34,41700
1791648768,922,0,1314857,20261010,1,57314,0,feed,43080,0,35,43080
1791648768,922,1,1315027,20261010,25,16871,25,feed,40380,24,34,37560
1791648768,922,1,1315357,20261010,32,3528,541,feed,39840,31,34,36240
1791648768,922,1,1315376,20261010,1,56100,0,feed,40560,0,34,40560
1791648768,922,1,1315549,20261010,1,56100,0,feed,42900,0,34,42900
1791648768,922,1,1316048,20261010,14,57335,118,feed,40320,13,34,38760
1791648768,922,1,1316214,20261010,1,56100,0,feed,42300,0,34,42300
1791648768,922,1,1316271,20261010,9,57338,99,feed,40320,8,34,39360
1791648768,922,0,1316315,20261010,1,57314,0,feed,40680,0,35,40680
1791648768,922,1,1316893,20261010,20,16913,-36,feed,40380,19,34,38160
1791648768,922,0,1317158,20261010,22,16971,586,feed,39780,21,35,37560
1791648768,922,0,1317301,20261010,12,16884,389,feed,40080,11,35,38880
1791648768,922,1,1317563,20261010,1,56100,0,feed,43500,0,34,43500
1791648768,922,0,1317653,20261010,8,57359,174,feed,40200,7,35,39480
1791648768,923,0,1262726,20261010,1,56897,0,feed,43680,0,22,43680
1791648768,923,0,1263416,20261010,21,56826,506,feed,39840,20,22,37980
1791648768,923,0,1263879,20261010,1,56897,0,feed,40740,0,22,40740
1791648768,923,1,1264734,20261010,1,57278,0,feed,43200,0,23,43200
1791648768,923,1,1265906,20261010,1,57278,0,feed,43800,0,23,43800
1791648768,923,1,1266113,20261010,1,57278,0,feed,42000,0,23,42000
1791648768,923,0,1266334,20261010,10,56421,41,feed,40320,9,22,39420
1791648768,923,0,1267349,20261010,1,56897,0,feed,42480,0,22,42480
1791648768,923,0,1269198,20261010,1,56897,0,feed,41340,0,22,41340
1791648768,923,0,1269485,20261010,18,9658,138,feed,40260,17,22,38700
1791648768,923,1,1269715,20261010,3,9087,19,feed,40320,2,23,40200
1791648768,923,1,1270854,20261010,8,56400,96,feed,,,,
1791648768,923,1,1270898,20261010,1,57278,0,feed,40800,0,23,40800
1791648768,923,0,1271556,20261010,1,56897,0,feed,41880,0,22,41880
1791648768,923,1,1271890,20261010,14,17839,97,feed,,,,
1791648768,923,1,1272124,20261010,1,57278,98,feed,,,,
1791648768,923,1,1272931,20261010,21,17910,49,feed,40380,20,23,38340
1791648768,923,1,1273765,20261010,1,57278,0,feed,41400,0,23,41400
1791648768,923,0,1286311,20261010,1,56897,0,feed,43080,0,22,43080
1791648768,923,0,1287651,20261010,4,17902,-17,feed,,,,
1791648768,924,1,1264360,20261010,27,80139,419,feed,,,,
1791648768,924,1,1265154,20261010,1,56823,0,feed,,,,
1791648768,924,0,1265169,20261010,1,56873,0,feed,,,,
1791648768,924,0,1267657,20261010,1,56873,0,feed,,,,
1791648768,924,0,1268293,20261010,29,43275,393,feed,,,,
1791648768,924,1,1271097,20261010,39,42318,416,feed,,,,
1791648768,924,1,1271360,20261010,1,56823,0,feed,,,,
1791648768,924,1,1271691,20261010,16,17905,233,feed,,,,
1791648768,924,0,1273488,20261010,1,56873,0,feed,,,,
1791648768,924,0,1273992,20261010,38,9263,666,feed,,,,
1791648768,924,1,1274258,20261010,1,56823,0,feed,,,,
1791648768,924,0,1274400,20261010,11,779,341,feed,,,,
1791648768,924,0,1275713,20261010,39,9089,11,feed,,,,
1791648768,924,0,1275955,20261010,26,56930,26,feed,,,,
1791648768,924,0,1277611,20261010,2,4513,429,feed,,,,
1791648768,924,1,1278389,20261010,1,56823,0,feed,,,,
1791648768,924,0,1279483,20261010,1,56873,0,feed,,,,
1791648768,924,1,1279871,20261010,13,11161,68,feed,,,,
1791648768,924,1,1280239,20261010,34,436,213,feed,,,,
1791648768,924,0,1281398,20261010,1,56873,0,feed,,,,
1791648768,924,0,1284375,20261010,15,80138,181,feed,,,,
1791648768,924,1,1284738,20261010,1,56823,0,feed,,,,
1791648768,924,0,1285882,20261010,20,56928,218,feed,,,,
1791648768,924,1,1287535,20261010,5,9589,149,feed,,,,
1791648768,924,0,1288566,20261010,1,56873,0,feed,,,,
1791648768,924,1,1288579,20261010,21,56909,256,feed,,,,
1791648768,924,1,1289299,20261010,1,56823,0,feed,,,,
1791648768,925,0,1267934,20261010,34,15882,277,feed,40140,33,35,36900
1791648768,925,1,1332193,20261010,10,16124,97,feed,40260,9,35,39420
1791648768,925,1,1332273,20261010,4,56521,-6,feed,40440,3,35,40080
1791648768,925,1,1333209,20261010,1,57541,0,feed,41460,0,35,41460
1791648768,925,0,1333596,20261010,1,53703,0,feed,43260,0,35,43260
1791648768,925,0,1333688,20261010,9,6195,-3,feed,40380,8,35,39780
1791648768,925,1,1333705,20261010,15,17923,282,feed,40080,14,35,38700
1791648768,925,0,1334013,20261010,15,50195,205,feed,40320,14,35,39060
1791648768,925,1,1334040,20261010,1,57541,0,feed,40740,0,35,40740
1791648768,925,0,1334530,20261010,19,17941,282,feed,40140,18,35,38340
1791648768,925,0,1334805,20261010,1,53703,0,feed,41160,0,35,41160
1791648768,925,1,1335097,20261010,27,6386,467,feed,39960,26,35,37260
1791648768,925,1,1335120,20261010,35,53703,421,feed,40020,34,35,36540
1791648768,925,1,1335270,20261010,1,57541,0,feed,42900,0,35,42900
1791648768,925,1,1335617,20261010,1,57541,0,feed,42180,0,35,42180
1791648768,925,0,1335655,20261010,1,53703,0,feed,40500,0,35,40500
1791648768,925,0,1335665,20261010,1,53703,0,feed,41820,0,35,41820
1791648768,925,1,1335673,20261010,23,1111,108,feed,40260,22,35,37980
1791648768,925,0,1335756,20261010,1,53703,0,feed,42540,0,35,42540
1791648768,925,0,1335828,20261010,30,16142,-189,feed,40440,29,35,37620
1791648768,925,1,1335968,20261010,1,57541,0,feed,43620,0,35,43620
1791648768,94,0,1177607,20261010,13,57418,356,feed,40020,12,15,38580
1791648768,94,1,1178882,20261010,8,17894,142,feed,40500,7,16,39240
1791648768,94,0,1181063,20261010,1,51200,0,feed,42180,0,15,42180
1791648768,94,1,1185710,20261010,1,56100,0,feed,41040,0,16,41040
1791648768,94,1,1321987,20261010,1,56100,0,feed,42840,0,16,42840
1791648768,94,0,1324558,20261010,1,51200,0,feed,40380,0,15,40380
1791649673,10,0,1369595,20261010,1,19337,0,feed,,,,
1791649673,10,0,1369646,20261010,7,17994,256,feed,,,,
1791649673,10,1,1369762,20261010,1,57448,0,feed,,,,
1791649673,10,1,1369906,20261010,1,57165,0,feed,,,,
1791649673,10,0,1369911,20261010,36,17144,384,feed,,,,
1791649673,10,1,1370184,20261010,1,57165,0,feed,,,,
1791649673,10,0,1370197,20261010,1,19337,0,feed,,,,
1791649673,10,1,1370237,20261010,58,17980,204,feed,,,,
1791649673,10,0,1370245,20261010,1,19337,0,feed,,,,
1791649673,10,1,1370576,20261010,8,40227,-64,feed,,,,
1791649673,10,0,1370600,20261010,1,19337,0,feed,,,,
1791649673,10,1,1370646,20261010,21,17192,3,feed,,,,
1791649673,10,1,1370654,20261010,1,57165,0,feed,,,,
1791649673,10,1,1370672,20261010,23,17137,327,feed,,,,
1791649673,10,1,1370880,20261010,40,46801,-16,feed,,,,
1791649673,10,0,1371047,20261010,18,17206,507,feed,,,,
1791649673,10,0,1371165,20261010,1,19337,0,feed,,,,
1791649673,10,1,1371188,20261010,1,57448,0,feed,,,,
1791649673,10,0,1371276,20261010,1,19337,0,feed,,,,
1791649673,11,1,1317761,20261010,76,51827,292,feed,40980,75,79,37680
1791649673,11,1,1317779,20261010,1,49304,0,feed,42120,0,79,42120
1791649673,11,1,1319260,20261010,1,49304,0,feed,43920,0,79,43920
1791649673,11,1,1319308,20261010,59,14331,-64,feed,41280,58,79,38580
1791649673,11,1,1319373,20261010,1,49304,0,feed,41220,0,79,41220
1791649673,11,0,1364644,20261010,3,53545,131,feed,41160,2,80,40980
1791649673,11,0,1364979,20261010,41,17998,217,feed,41040,40,80,39180
1791649673,11,0,1365465,20261010,1,51828,0,feed,41880,0,80,41880
1791649673,11,0,1365799,20261010,1,51828,0,feed,42780,0,80,42780
1791649673,11,0,1366848,20261010,63,14631,234,feed,41040,62,80,38280
1791649673,11,1,1367265,20261010,1,49304,0,feed,43020,0,79,43020
1791649673,11,1,1368027,20261010,1,49304,0,feed,44820,0,79,44820
1791649673,11,0,1369309,20261010,35,1920,-37,feed,41400,34,80,40080
1791649673,11,1,1370548,20261010,27,14650,-84,feed,,,,
1791649673,11,1,1370738,20261010,41,17978,98,feed,,,,
1791649673,11,0,1370833,20261010,1,51828,0,feed,,,,
1791649673,11,0,1371363,20261010,1,51828,0,feed,,,,
1791649673,14,0,1331035,20261010,29,15614,160,feed,,,,
1791649673,14,0,1331203,20261010,1,4345,0,feed,,,,
1791649673,14,0,1332739,20261010,,,,canceled,,,,
1791649673,14,1,1369869,20261010,42,17890,186,feed,,,,
1791649673,14,1,1370087,20261010,1,50153,0,feed,,,,
1791649673,14,1,1370517,20261010,61,15591,524,feed,,,,
1791649673,14,1,1370679,20261010,23,8292,154,feed,,,,
1791649673,14,1,1370725,20261010,1,50153,0,feed,,,,
1791649673,14,0,1370769,20261010,7,765,-31,feed,,,,
1791649673,14,0,1370811,20261010,1,4345,0,feed,,,,
1791649673,14,0,1371183,20261010,1,4345,0,feed,,,,
1791649673,14,0,1371192,20261010,,,,canceled,,,,
1791649673,14,1,1371250,20261010,1,50153,0,feed,,,,
1791649673,17,0,1132272,20261010,1,57458,0,feed,43020,0,63,43020
1791649673,17,0,1132762,20261010,1,57458,0,feed,44760,0,63,44760
1791649673,17,1,1293534,20261010,4,17978,-16,feed,41280,3,49,41040
1791649673,17,1,1305929,20261010,1,56800,0,feed,42780,0,49,42780
1791649673,17,0,1307380,20261010,1,57458,0,feed,43860,0,51,43860
1791649673,17,0,1307520,20261010,35,40333,704,feed,40560,34,51,38640
1791649673,17,0,1307614,20261010,1,57458,0,feed,42180,0,51,42180
1791649673,17,1,1318184,20261010,43,57353,484,feed,40800,42,65,38040
1791649673,17,1,1318231,20261010,6,57310,44,feed,41220,5,65,40980
1791649673,17,1,1319579,20261010,30,4663,-35,feed,41280,29,65,39240
1791649673,17,1,1320489,20261010,1,56800,0,feed,44580,0,49,44580
1791649673,17,0,1321408,20261010,10,5769,278,feed,40980,9,51,40380
1791649673,17,1,1322087,20261010,1,17192,0,feed,44580,0,65,44580
1791649673,17,0,1324198,20261010,30,16827,189,feed,41100,29,63,39480
1791649673,17,1,1334276,20261010,1,17192,0,feed,42780,0,65,42780
1791649673,17,0,1335716,20261010,1,57458,0,feed,41280,0,63,41280
1791649673,17,0,1369114,20261010,53,51077,119,feed,41160,52,63,37740
1791649673,18,0,1242780,20261010,1,1754,474,feed,41040,0,42,41040
1791649673,18,0,1243007,20261010,1,1754,0,feed,44580,0,42,44580
1791649673,18,0,1360890,20261010,1,57131,0,feed,44280,0,84,44280
1791649673,18,0,1361533,20261010,2,1435,161,feed,41100,1,51,41100
1791649673,18,0,1362100,20261010,77,17988,442,feed,40860,76,84,37260
1791649673,18,1,1364423,20261010,6,17982,177,feed,41100,5,83,40620
1791649673,18,1,1364463,20261010,37,1342,-32,feed,41280,36,83,38820
1791649673,18,1,1365481,20261010,14,81077,-1,feed,41220,13,43,40020
1791649673,18,1,1365531,20261010,1,56800,0,feed,,,,
1791649673,18,1,1366894,20261010,1,56800,0,feed,44160,0,83,44160
1791649673,18,0,1366983,20261010,1,57131,0,feed,42540,0,84,42540
1791649673,18,0,1367028,20261010,1,51852,0,feed,44640,0,51,44640
1791649673,18,1,1367088,20261010,1,56800,0,feed,41760,0,43,41760
1791649673,18,0,1367343,20261010,17,43664,93,feed,41220,16,84,40800
1791649673,18,0,1367567,20261010,35,1888,-78,feed,41160,34,51,39360
1791649673,18,1,1367713,20261010,2,19294,64,feed,41220,1,52,41160
1791649673,18,1,1367772,20261010,71,42099,586,feed,40740,70,83,37020
1791649673,18,1,1367885,20261010,1,56800,0,feed,43560,0,43,43560
1791649673,18,1,1368112,20261010,17,42211,325,feed,40920,16,52,39420
1791649673,18,0,1368677,20261010,58,1874,0,feed,41280,57,84,39060
1791649673,18,0,1368852,20261010,1,51852,0,feed,42840,0,51,42840
1791649673,18,1,1368919,20261010,1,56800,0,feed,42360,0,83,42360
1791649673,18,1,1369038,20261010,1,56800,0,feed,44760,0,52,44760
1791649673,18,1,1369422,20261010,47,444,663,feed,40740,46,52,37920
1791649673,18,0,1370637,20261010,1,1754,0,feed,,,,
1791649673,18,0,1370895,20261010,33,1914,-78,feed,,,,
1791649673,2,1,1269758,20261010,3,13207,224,feed,41040,2,34,40860
1791649673,2,1,1274855,20261010,1,50670,0,feed,43200,0,34,43200
1791649673,2,0,1319257,20261010,24,13261,-217,feed,41280,23,34,39900
1791649673,2,0,1320004,20261010,1,57469,0,feed,43500,0,34,43500
1791649673,2,0,1331198,20261010,36,16116,778,feed,40560,35,41,38160
1791649673,2,0,1331467,20261010,1,57469,0,feed,41700,0,41,41700
1791649673,2,0,1331521,20261010,32,13209,-80,feed,41340,31,41,39360
1791649673,2,0,1332514,20261010,1,57469,0,feed,42900,0,41,42900
1791649673,2,1,1360964,20261010,1,57618,0,feed,43200,0,42,43200
1791649673,2,1,1361716,20261010,1,57618,0,feed,42000,0,42,42000
1791649673,2,1,1361769,20261010,25,15630,-77,feed,41340,24,42,39600
1791649673,2,0,1362299,20261010,1,57469,0,feed,44700,0,34,44700
1791649673,2,0,1362327,20261010,13,52240,-48,feed,41280,12,41,40500
1791649673,2,1,1362375,20261010,8,16136,87,feed,41220,7,42,40800
1791649673,2,0,1363625,20261010,1,57469,0,feed,44100,0,41,44100
1791649673,2,1,1363672,20261010,1,57618,0,feed,44400,0,42,44400
1791649673,2,1,1363880,20261010,1,50670,0,feed,42060,0,34,42060
1791649673,2,0,1367161,20261010,1,57469,0,feed,42300,0,34,42300
1791649673,2,1,1367288,20261010,22,52241,159,feed,41100,21,34,39660
1791649673,2,1,1371058,20261010,1,50670,0,feed,,,,
1791649673,2,0,1371314,20261010,2,13337,284,feed,,,,
1791649673,2,1,1371362,20261010,42,57469,154,feed,,,,
1791649673,215,1,1262227,20261010,10,57683,203,feed,41040,9,27,40560
1791649673,215,1,1267330,20261010,1,5020,0,feed,44160,0,27,44160
1791649673,215,0,1267411,20261010,1,49979,0,feed,42240,0,30,42240
1791649673,219,0,1303715,20261010,17,57434,117,feed,41160,16,74,40560
1791649673,219,0,1304952,20261010,1,57340,0,feed,44160,0,74,44160
1791649673,219,1,1311716,20261010,15,42362,145,feed,41100,14,71,40500
1791649673,219,1,1311972,20261010,1,5020,0,feed,44100,0,71,44100
1791649673,22,1,1356264,20261010,53,15382,111,feed,41160,52,84,37800
1791649673,22,1,1357886,20261010,84,4466,171,feed,41100,83,87,36600
1791649673,22,0,1365746,20261010,1,4558,0,feed,43080,0,82,43080
1791649673,22,0,1366893,20261010,33,15310,351,feed,40920,32,82,39540
1791649673,22,1,1367079,20261010,1,56825,0,feed,43800,0,87,43800
1791649673,22,1,1367304,20261010,1,56825,0,feed,42660,0,84,42660
1791649673,22,0,1367506,20261010,16,4447,-14,feed,41280,15,82,40680
1791649673,22,1,1367569,20261010,1,56825,0,feed,41400,0,84,41400
1791649673,22,0,1367978,20261010,61,11180,931,feed,40380,60,82,37140
1791649673,22,1,1368145,20261010,35,18007,56,feed,41220,34,84,39060
1791649673,22,0,1368172,20261010,1,4558,0,feed,41880,0,86,41880
1791649673,22,1,1368736,20261010,21,11635,143,feed,41160,20,87,40200
1791649673,22,0,1369010,20261010,56,56930,12,feed,41280,55,86,38340
1791649673,22,0,1370958,20261010,1,4558,0,feed,,,,
1791649673,223,0,1361366,20261010,33,5020,720,feed,40560,32,33,38760
1791649673,223,0,1361918,20261010,1,57691,0,feed,44160,0,33,44160
1791649673,223,1,1362058,20261010,1,5020,0,feed,42060,0,34,42060
1791649673,223,0,1362377,20261010,14,46672,100,feed,41160,13,33,40560
1791649673,223,1,1363515,20261010,1,5020,0,feed,43860,0,34,43860
1791649673,225,1,1132337,20261010,1,45174,0,feed,43080,0,20,43080
1791649673,225,0,1268566,20261010,1,52530,0,feed,41460,0,20,41460
1791649673,227,0,1266913,20261010,1,52530,0,feed,41400,0,47,41400
1791649673,227,1,1273279,20261010,1,45174,0,feed,43080,0,45,43080
1791649673,25,0,1369621,20261010,1,19337,0,feed,,,,
1791649673,25,1,1369801,20261010,51,14159,273,feed,,,,
1791649673,27,0,1350176,20261010,1,52857,0,feed,43200,0,23,43200
1791649673,27,1,1362556,20261010,1,51367,0,feed,42300,0,21,42300
1791649673,3,1,1176596,20261010,21,5594,328,feed,40920,20,65,39660
1791649673,3,0,1182580,20261010,44,50125,341,feed,,,,
1791649673,3,1,1185099,20261010,1,56100,0,feed,,,,
1791649673,3,1,1185289,20261010,1,56100,0,feed,42600,0,64,42600
1791649673,3,0,1188304,20261010,1,54097,0,feed,42780,0,64,42780
1791649673,3,0,1320934,20261010,1,54097,0,feed,44580,0,64,44580
1791649673,3,1,1321102,20261010,1,56100,0,feed,41400,0,65,41400
1791649673,3,1,1323326,20261010,58,19308,280,feed,41040,57,65,37860
1791649673,3,0,1353344,20261010,1,54097,0,feed,43680,0,65,43680
1791649673,3,1,1353681,20261010,42,16081,223,feed,41040,41,64,39000
1791649673,3,1,1362268,20261010,1,56100,0,feed,44400,0,64,44400
1791649673,3,0,1367062,20261010,2,16406,176,feed,41340,1,64,40980
1791649673,3,0,1367950,20261010,26,911,82,feed,41160,25,64,39180
1791649673,3,1,1368060,20261010,2,2611,459,feed,40980,1,64,40800
1791649673,3,0,1368292,20261010,12,57023,158,feed,41160,11,65,40080
1791649673,30,1,1215123,20261010,1,15882,0,feed,41760,0,44,41760
1791649673,30,0,1215156,20261010,1,40238,0,feed,44640,0,48,44640
1791649673,30,0,1215332,20261010,46,15880,-288,feed,41700,45,48,39240
1791649673,30,1,1216118,20261010,1,15882,0,feed,43560,0,44,43560
1791649673,30,0,1218174,20261010,1,40238,209,feed,41040,0,48,41040
1791649673,32,0,1331162,20261010,34,57620,699,feed,40560,33,59,39300
1791649673,32,0,1331448,20261010,1,50155,0,feed,42900,0,59,42900
1791649673,32,0,1332960,20261010,1,50155,0,feed,44100,0,59,44100
1791649673,32,0,1333331,20261010,1,50155,0,feed,41700,0,59,41700
1791649673,32,1,1364397,20261010,38,12785,-93,feed,41280,37,61,39780
1791649673,32,1,1365554,20261010,1,57685,0,feed,42180,0,61,42180
1791649673,32,1,1365856,20261010,1,57685,0,feed,44580,0,61,44580
1791649673,32,1,1366244,20261010,4,4111,187,feed,41100,3,61,40980
1791649673,32,0,1368353,20261010,19,12765,207,feed,41040,18,59,40500
1791649673,32,1,1368650,20261010,1,57685,0,feed,43380,0,61,43380
1791649673,323,0,1131716,20261010,1,51116,0,feed,44100,0,23,44100
1791649673,323,0,1134184,20261010,15,57028,84,feed,41160,14,23,40500
1791649673,323,0,1135999,20261010,1,51116,0,feed,42300,0,23,42300
1791649673,323,1,1136010,20261010,1,57508,106,feed,41700,0,25,41700
1791649673,323,1,1136260,20261010,1,57508,0,feed,43500,0,25,43500
1791649673,345,1,1131543,20261010,1,57508,0,feed,43380,0,15,43380
1791649673,345,0,1132499,20261010,14,53873,117,feed,41520,13,15,39600
1791649673,345,1,1134028,20261010,8,56939,156,feed,41700,7,15,39780
1791649673,345,0,1138231,20261010,1,56879,0,feed,43200,0,15,43200
1791649673,36,0,1177875,20261010,53,50160,659,feed,40620,52,53,38340
1791649673,36,0,1182049,20261010,22,44199,264,feed,41040,21,53,40080
1791649673,36,0,1182190,20261010,1,57537,0,feed,43620,0,53,43620
1791649673,36,1,1219464,20261010,16,6383,5,feed,41280,15,50,40620
1791649673,36,1,1221892,20261010,1,50160,0,feed,42420,0,50,42420
1791649673,36,0,1362417,20261010,1,57537,0,feed,41880,0,53,41880
1791649673,36,1,1363533,20261010,1,50160,0,feed,44220,0,50,44220
1791649673,38,1,1350025,20261010,76,41312,582,feed,40680,75,104,37440
1791649673,38,0,1350762,20261010,1,48213,0,feed,42480,0,108,42480
1791649673,38,0,1352376,20261010,58,50109,44,feed,41220,57,108,38880
1791649673,38,1,1353069,20261010,45,3523,118,feed,41160,44,107,39060
1791649673,38,0,1353258,20261010,12,48392,36,feed,41220,11,109,40680
1791649673,38,1,1353420,20261010,1,16494,0,feed,44580,0,104,44580
1791649673,38,1,1353575,20261010,4,16498,208,feed,41100,3,104,40980
1791649673,38,0,1353947,20261010,1,48213,0,feed,44280,0,109,44280
1791649673,38,1,1355198,20261010,1,42032,0,feed,42600,0,107,42600
1791649673,38,0,1355235,20261010,86,12585,506,feed,40740,85,109,37140
1791649673,4,1,1131376,20261010,13,106,189,feed,41160,12,50,40140
1791649673,4,1,1134737,20261010,42,3422,447,feed,40800,41,50,38340
1791649673,4,0,1158048,20261010,1,50231,0,feed,44520,0,53,44520
1791649673,4,0,1158435,20261010,1,50231,0,feed,42780,0,53,42780
1791649673,4,1,1356618,20261010,1,14153,0,feed,41340,0,90,41340
1791649673,4,1,1358066,20261010,1,14153,0,feed,43140,0,90,43140
1791649673,4,1,1358543,20261010,1,17971,0,feed,43800,0,50,43800
1791649673,4,0,1358610,20261010,41,175,-27,feed,41280,40,53,39180
1791649673,4,1,1358635,20261010,39,17922,10,feed,41280,38,90,39540
1791649673,4,0,1358977,20261010,23,1009,85,feed,41220,22,89,40260
1791649673,4,0,1359298,20261010,53,17947,-66,feed,41280,52,89,38520
1791649673,4,0,1360427,20261010,1,50231,0,feed,42060,0,89,42060
1791649673,4,0,1366987,20261010,1,50231,0,feed,43800,0,89,43800
1791649673,4,1,1369455,20261010,62,2856,403,feed,40860,61,90,37740
1791649673,4,0,1371263,20261010,6,42086,65,feed,,,,
1791649673,46,1,1264391,20261010,1,51550,0,feed,42240,0,59,42240
1791649673,46,0,1269129,20261010,45,17649,293,feed,40980,44,62,39660
1791649673,46,0,1277441,20261010,1,220,0,feed,41460,0,62,41460
1791649673,46,1,1287457,20261010,1,51550,0,feed,44040,0,59,44040
1791649673,48,1,1352669,20261010,1,50152,0,feed,43740,0,61,43740
1791649673,48,0,1354726,20261010,1,19301,0,feed,43500,0,61,43500
1791649673,48,1,1355494,20261010,38,17826,-78,feed,41280,37,61,40140
1791649673,48,0,1368254,20261010,31,19603,39,feed,41220,30,61,39900
1791649673,5,1,1365834,20261010,46,17907,228,feed,41040,45,80,39240
1791649673,5,0,1366768,20261010,17,80138,166,feed,41160,16,81,40620
1791649673,5,0,1368079,20261010,1,51212,0,feed,44220,0,81,44220
1791649673,5,1,1369079,20261010,1,51846,0,feed,42840,0,80,42840
1791649673,515,0,1349365,20261010,1,53704,0,feed,42900,0,49,42900
1791649673,515,0,1349655,20261010,1,53704,165,feed,41100,0,49,41100
1791649673,515,1,1350119,20261010,1,56877,0,feed,43260,0,49,43260
1791649673,515,1,1350932,20261010,22,4345,-33,feed,41280,21,49,40560
1791649673,515,0,1352573,20261010,1,53704,0,feed,43800,0,49,43800
1791649673,515,1,1352854,20261010,1,56877,0,feed,44160,0,49,44160
1791649673,515,1,1352930,20261010,49,53704,-21,feed,41280,48,49,39660
1791649673,515,1,1353563,20261010,1,56877,0,feed,41460,0,49,41460
1791649673,515,0,1355656,20261010,1,53704,0,feed,42000,0,49,42000
1791649673,515,0,1358814,20261010,35,661,53,feed,41220,34,49,40200
1791649673,515,0,1360008,20261010,1,53704,0,feed,44700,0,49,44700
1791649673,515,1,1360759,20261010,1,56877,0,feed,42360,0,49,42360
1791649673,534,1,1344047,20261010,1,51824,0,feed,44100,0,32,44100
1791649673,534,0,1344263,20261010,1,56725,0,feed,44160,0,35,44160
1791649673,534,0,1345183,20261010,13,2092,233,feed,41040,12,35,40620
1791649673,534,0,1345521,20261010,1,56725,0,feed,42420,0,35,42420
1791649673,534,1,1345532,20261010,1,51824,0,feed,42300,0,32,42300
1791649673,534,1,1345834,20261010,13,41217,135,feed,41160,12,32,40500
1791649673,538,0,1131655,20261010,27,43695,91,feed,41160,26,42,39600
1791649673,538,0,1135846,20261010,1,53704,0,feed,43200,0,42,43200
1791649673,538,1,1318209,20261010,1,56880,0,feed,42480,0,40,42480
1791649673,538,1,1318652,20261010,5,690,442,feed,40800,4,40,40680
1791649673,539,1,1136624,20261010,1,56880,0,feed,42780,0,38,42780
1791649673,539,0,1137228,20261010,33,43724,-108,feed,41280,32,41,40320
1791649673,539,1,877944,20261010,7,43736,44,feed,41220,6,38,40980
1791649673,539,0,889499,20261010,1,56725,17,feed,43920,0,41,43920
1791649673,54,1,1131070,20261010,21,48548,279,feed,41160,20,27,39000
1791649673,54,1,1131309,20261010,1,56100,0,feed,42600,0,27,42600
1791649673,54,1,1134086,20261010,1,56100,0,feed,44400,0,27,44400
1791649673,54,0,1135403,20261010,1,56875,10,feed,42960,0,25,42960
1791649673,54,1,1346284,20261010,14,81104,73,feed,41280,13,47,39960
1791649673,54,1,1346426,20261010,1,42319,0,feed,43500,0,47,43500
1791649673,54,1,1346861,20261010,30,10366,631,feed,40680,29,47,38160
1791649673,54,0,1346895,20261010,9,13143,147,feed,41220,8,46,40260
1791649673,54,0,1347096,20261010,33,80939,20,feed,41280,32,46,38460
1791649673,54,0,1347245,20261010,1,56875,0,feed,42060,0,46,42060
1791649673,54,1,1347277,20261010,4,57417,86,feed,41160,3,27,40800
1791649673,54,1,1347354,20261010,1,42319,0,feed,41760,0,47,41760
1791649673,54,0,1348225,20261010,1,56875,0,feed,43860,0,46,43860
1791649673,54,0,1358498,20261010,20,11834,103,feed,41160,19,25,39360
1791649673,54,0,1360107,20261010,2,41259,52,feed,41220,1,25,41160
1791649673,540,0,1136783,20261010,1,53052,112,feed,41580,0,51,41580
1791649673,540,0,1137714,20261010,33,51839,230,feed,41040,32,51,39780
1791649673,540,1,877011,20261010,1,56879,0,feed,42960,0,48,42960
1791649673,540,1,896647,20261010,1,56879,0,feed,44760,0,48,44760
1791649673,540,1,897465,20261010,38,41391,272,feed,40980,37,48,39360
1791649673,546,1,1133143,20261010,1,51824,0,feed,44460,0,31,44460
1791649673,546,1,1134602,20261010,1,51824,0,feed,42660,0,31,42660
1791649673,546,0,881121,20261010,1,56725,0,feed,42360,0,33,42360
1791649673,546,0,896233,20261010,15,3465,-252,feed,41280,14,33,40560
1791649673,546,0,899180,20261010,1,56725,0,feed,44160,0,33,44160
1791649673,61,1,1364762,20261010,17,42053,43,feed,41220,16,73,39840
1791649673,61,0,1365227,20261010,1,17905,0,feed,43920,0,76,43920
1791649673,61,0,1366263,20261010,19,41769,-34,feed,41280,18,76,40260
1791649673,61,1,1367117,20261010,53,41628,44,feed,41220,52,73,38040
1791649673,61,0,1367264,20261010,1,17905,0,feed,42120,0,76,42120
1791649673,61,1,1367558,20261010,1,52761,0,feed,41640,0,73,41640
1791649673,61,0,1370934,20261010,60,12382,146,feed,,,,
1791649673,61,1,1371215,20261010,1,52761,0,feed,,,,
1791649673,615,0,1346704,20261010,42,49494,384,feed,40860,41,76,39180
1791649673,615,0,1346707,20261010,1,41157,0,feed,42780,0,76,42780
1791649673,615,1,1346957,20261010,52,42546,171,feed,41100,51,76,39120
1791649673,615,1,1347092,20261010,1,3540,0,feed,42720,0,76,42720
1791649673,62,0,1349269,20261010,1,328,0,feed,41700,0,86,41700
1791649673,62,0,1349529,20261010,46,291,170,feed,41100,45,86,39900
1791649673,62,0,1349816,20261010,74,46711,283,feed,40980,73,86,38100
1791649673,62,1,1349949,20261010,1,49141,0,feed,42780,0,83,42780
1791649673,62,1,1350067,20261010,40,45128,12,feed,41280,39,83,39180
1791649673,62,1,1350922,20261010,1,49141,0,feed,44580,0,83,44580
1791649673,62,0,1351599,20261010,1,328,0,feed,43500,0,86,43500
1791649673,62,1,1351640,20261010,5,46943,111,feed,41160,4,83,40980
1791649673,62,1,1359995,20261010,1,45191,0,feed,44700,0,67,44700
1791649673,62,0,1360488,20261010,13,80933,-16,feed,41280,12,67,40380
1791649673,63,1,1263921,20261010,42,3089,-67,feed,41280,41,59,38700
1791649673,63,1,1263998,20261010,25,52760,-26,feed,41280,24,59,39600
1791649673,63,1,1266542,20261010,58,18640,55,feed,41220,57,59,37800
1791649673,63,1,1267342,20261010,14,3239,155,feed,41100,13,59,40500
1791649673,63,1,1269161,20261010,1,51114,0,feed,43200,0,59,43200
1791649673,63,1,1270711,20261010,1,51114,0,feed,44100,0,59,44100
1791649673,63,0,1346169,20261010,45,3159,83,feed,41160,44,60,38580
1791649673,63,0,1346613,20261010,37,11834,82,feed,41220,36,60,39480
1791649673,63,0,1346728,20261010,1,15795,0,feed,43980,0,60,43980
1791649673,63,0,1346854,20261010,1,15795,0,feed,43080,0,60,43080
1791649673,63,0,1347327,20261010,16,56945,160,feed,41100,15,60,40380
1791649673,63,1,1347826,20261010,1,51114,0,feed,41400,0,59,41400
1791649673,63,0,1348160,20261010,1,15795,0,feed,41280,0,60,41280
1791649673,63,0,1348397,20261010,1,15795,0,feed,42180,0,60,42180
1791649673,63,1,1367562,20261010,1,51114,0,feed,42300,0,59,42300
1791649673,64,1,1342563,20261010,29,11808,-117,feed,41280,28,43,40200
1791649673,64,1,1342814,20261010,1,42157,0,feed,41940,0,43,41940
1791649673,64,1,1342840,20261010,1,52015,0,feed,41760,0,76,41760
1791649673,64,1,1343003,20261010,75,52759,-186,feed,41280,74,76,38100
1791649673,64,1,1343498,20261010,1,52015,0,feed,43560,0,76,43560
1791649673,64,1,1343558,20261010,34,13851,191,feed,41100,33,76,39900
1791649673,64,0,1356518,20261010,8,11776,13,feed,41280,7,66,40560
1791649673,64,0,1356892,20261010,1,52761,0,feed,42360,0,66,42360
1791649673,64,0,1357583,20261010,11,11781,729,feed,40500,10,78,39660
1791649673,64,0,1357881,20261010,1,52761,0,feed,44160,0,66,44160
1791649673,64,0,1358597,20261010,65,52047,-42,feed,41280,64,66,38700
1791649673,64,0,1358726,20261010,1,52761,0,feed,43260,0,78,43260
1791649673,64,0,1359027,20261010,1,52761,0,feed,41460,0,78,41460
1791649673,64,1,1359734,20261010,1,52015,0,feed,43200,0,65,43200
1791649673,645,1,1207810,20261010,1,53293,137,feed,44220,0,55,44220
1791649673,645,0,1337177,20261010,4,6995,649,feed,40620,3,52,40560
1791649673,645,1,1339696,20261010,7,48749,50,feed,41400,6,55,40620
1791649673,645,0,1340951,20261010,1,6990,0,feed,44160,0,52,44160
1791649673,65,1,1349397,20261010,1,57690,0,feed,42960,0,38,42960
1791649673,65,1,1349485,20261010,38,10761,276,feed,41100,37,38,39360
1791649673,65,1,1349953,20261010,1,57690,239,feed,41160,0,38,41160
1791649673,65,1,1351692,20261010,1,57690,0,feed,44820,0,38,44820
1791649673,65,0,1369973,20261010,1,10761,83,feed,,,,
1791649673,65,0,1370040,20261010,1,10761,0,feed,,,,
1791649673,65,0,1370107,20261010,38,41751,204,feed,,,,
1791649673,65,0,1370420,20261010,1,10761,216,feed,,,,
1791649673,67,0,1263314,20261010,65,56099,81,feed,41280,64,65,38700
1791649673,67,1,1266427,20261010,61,13259,-236,feed,41280,60,65,38880
1791649673,67,0,1270005,20261010,1,53723,0,feed,44040,0,65,44040
1791649673,67,0,1270350,20261010,1,53723,0,feed,42300,0,65,42300
1791649673,67,1,1274704,20261010,1,56100,0,feed,42480,0,65,42480
1791649673,67,0,1352367,20261010,13,52063,97,feed,41100,12,65,40500
1791649673,67,1,1353903,20261010,1,56100,0,feed,44280,0,65,44280
1791649673,67,1,1358914,20261010,10,11893,27,feed,41220,9,65,40680
1791649673,68,0,1268126,20261010,55,57625,-137,feed,41340,54,59,39300
1791649673,68,1,1336803,20261010,1,11904,0,feed,44700,0,117,44700
1791649673,68,0,1357240,20261010,59,9825,237,feed,41040,58,118,39480
1791649673,68,1,1358303,20261010,1,11904,0,feed,42900,0,61,42900
1791649673,68,0,1359260,20261010,2,9806,449,feed,42900,1,59,42900
1791649673,68,1,1360449,20261010,48,9938,-35,feed,41280,47,61,39300
1791649673,68,0,1361024,20261010,2,9806,39,feed,42000,1,87,42000
1791649673,68,0,1361561,20261010,63,18024,161,feed,41100,62,87,38400
1791649673,68,1,1362418,20261010,2,47356,87,feed,41160,1,117,41100
1791649673,68,1,1363922,20261010,108,47058,161,feed,41100,107,117,37500
1791649673,68,0,1363964,20261010,1,53340,0,feed,43080,0,118,43080
1791649673,68,1,1364885,20261010,9,49945,146,feed,41100,8,83,40920
1791649673,68,1,1366960,20261010,1,57511,0,feed,44520,0,83,44520
1791649673,68,0,1368141,20261010,2,9806,146,feed,43800,1,87,43800
1791649673,68,0,1368298,20261010,33,426,6,feed,41280,32,87,40200
1791649673,68,1,1369095,20261010,1,57511,0,feed,42720,0,83,42720
1791649673,68,1,1369397,20261010,41,9904,143,feed,41100,40,83,39120
1791649673,686,1,1173433,20261010,1,56939,0,feed,43740,0,4,43740
1791649673,686,0,1332448,20261010,1,47705,0,feed,42000,0,3,42000
1791649673,686,1,1333421,20261010,1,56939,237,feed,41220,0,4,41220
1791649673,686,0,1335132,20261010,3,56939,237,feed,41220,2,3,39480
1791649673,686,0,1335138,20261010,1,47705,0,feed,44700,0,3,44700
1791649673,7,1,1356100,20261010,1,17679,0,feed,44340,0,60,44340
1791649673,7,0,1356122,20261010,29,16311,141,feed,41160,28,64,39540
1791649673,7,1,1358086,20261010,36,16595,165,feed,41100,35,60,39000
1791649673,7,1,1358842,20261010,3,17685,426,feed,40860,2,60,40800
1791649673,7,0,1359970,20261010,1,51779,0,feed,41280,0,64,41280
1791649673,7,1,1370732,20261010,1,17679,0,feed,,,,
1791649673,7,0,1370904,20261010,1,51779,0,feed,,,,
1791649673,7,0,1371189,20261010,59,17669,77,feed,,,,
1791649673,71,1,1265370,20261010,26,11904,89,feed,41160,25,60,40200
1791649673,71,1,1265833,20261010,1,51291,0,feed,43800,0,60,43800
1791649673,71,0,1270230,20261010,18,40099,92,feed,41160,17,58,40620
1791649673,71,0,1271442,20261010,1,9715,0,feed,44220,0,58,44220
1791649673,71,0,1281770,20261010,1,9715,0,feed,42420,0,58,42420
1791649673,71,1,1361111,20261010,1,49141,0,feed,41940,0,74,41940
1791649673,71,0,1361532,20261010,73,81096,57,feed,41160,72,75,38520
1791649673,716,0,1136598,20261010,30,8679,96,feed,41160,29,51,40200
1791649673,716,0,1137510,20261010,1,50154,0,feed,43920,0,51,43920
1791649673,716,1,1137848,20261010,1,8728,0,feed,42240,0,50,42240
1791649673,72,0,1369556,20261010,1,57615,0,feed,,,,
1791649673,72,1,1369583,20261010,1,13667,0,feed,,,,
1791649673,72,1,1369599,20261010,41,17013,-48,feed,,,,
1791649673,72,1,1369858,20261010,1,13667,386,feed,,,,
1791649673,72,0,1369910,20261010,32,13732,113,feed,,,,
1791649673,72,0,1370203,20261010,7,16992,103,feed,,,,
1791649673,72,1,1370370,20261010,1,13667,0,feed,,,,
1791649673,72,0,1371348,20261010,1,57615,0,feed,,,,
1791649673,721,1,1176660,20261010,24,9554,964,feed,40320,23,41,39540
1791649673,721,1,1176980,20261010,1,9522,0,feed,44820,0,41,44820
1791649673,721,0,1177083,20261010,38,9514,311,feed,40920,37,43,39780
1791649673,721,1,1187701,20261010,1,9522,143,feed,41340,0,41,41340
1791649673,721,0,1187977,20261010,1,51845,0,feed,43380,0,43,43380
1791649673,721,1,1366943,20261010,1,9522,0,feed,43080,0,41,43080
1791649673,721,0,1367391,20261010,1,51845,0,feed,41580,0,43,41580
1791649673,722,1,1177999,20261010,1,11486,16,feed,43860,0,14,43860
1791649673,722,1,1179039,20261010,5,56409,224,feed,41040,4,53,40740
1791649673,722,0,1180123,20261010,1,56827,0,feed,41460,0,51,41460
1791649673,722,1,1182794,20261010,1,57636,0,feed,44340,0,53,44340
1791649673,722,0,1184364,20261010,1,56827,0,feed,43320,0,11,43320
1791649673,723,0,1181870,20261010,1,51845,0,feed,41460,0,39,41460
1791649673,723,1,1187922,20261010,1,53224,0,feed,43020,0,41,43020
1791649673,724,1,1131895,20261010,1,53222,0,feed,43320,0,35,43320
1791649673,724,0,1132036,20261010,23,42245,44,feed,41220,22,33,40500
1791649673,724,1,1132153,20261010,1,53222,0,feed,44220,0,35,44220
1791649673,724,0,1133223,20261010,1,51846,0,feed,44100,0,33,44100
1791649673,724,0,1133623,20261010,1,51846,0,feed,42300,0,33,42300
1791649673,724,1,1133851,20261010,1,53222,0,feed,42420,0,35,42420
1791649673,724,1,1134432,20261010,16,8837,114,feed,41160,15,35,40620
1791649673,724,0,1134705,20261010,1,51846,0,feed,41400,0,33,41400
1791649673,724,1,1277940,20261010,1,53222,0,feed,41520,0,35,41520
1791649673,724,0,1288409,20261010,1,51846,0,feed,43200,0,33,43200
1791649673,725,1,1312399,20261010,1,56775,0,feed,44100,0,49,44100
1791649673,725,0,1312512,20261010,1,57580,88,feed,41160,0,50,41160
1791649673,725,0,1312556,20261010,1,57580,0,feed,44760,0,50,44760
1791649673,725,1,1312980,20261010,14,57601,58,feed,41220,13,49,40500
1791649673,74,1,1355811,20261010,23,43282,394,feed,41100,22,61,39720
1791649673,74,0,1356115,20261010,1,51546,0,feed,43380,0,59,43380
1791649673,74,1,1356552,20261010,33,10364,387,feed,40860,32,61,38820
1791649673,74,1,1357453,20261010,1,13667,450,feed,42360,0,61,42360
1791649673,74,0,1357557,20261010,1,51546,0,feed,44280,0,59,44280
1791649673,74,1,1357643,20261010,1,13667,0,feed,44160,0,61,44160
1791649673,74,0,1358216,20261010,35,11837,170,feed,41100,34,59,39000
1791649673,74,0,1358348,20261010,1,51546,0,feed,41580,0,59,41580
1791649673,74,1,1358406,20261010,12,12902,-23,feed,41280,11,61,40620
1791649673,74,1,1359109,20261010,1,13667,70,feed,43260,0,61,43260
1791649673,74,1,1359327,20261010,59,51515,23,feed,41280,58,61,37920
1791649673,74,0,1359843,20261010,46,49609,99,feed,41160,45,59,38160
1791649673,74,0,1359986,20261010,23,11732,-2,feed,41280,22,59,39840
1791649673,74,0,1360288,20261010,1,51546,0,feed,42480,0,59,42480
1791649673,74,1,1368378,20261010,1,13667,0,feed,41520,0,61,41520
1791649673,74,0,1369384,20261010,2,48896,225,feed,41040,1,59,40680
1791649673,80,0,1304923,20261010,34,5274,-91,feed,41280,33,42,40320
1791649673,80,0,1305069,20261010,1,49979,0,feed,43920,0,42,43920
1791649673,80,1,1311031,20261010,1,50689,0,feed,42120,0,38,42120
1791649673,80,1,1313955,20261010,20,12882,146,feed,41100,19,38,40320
1791649673,80,0,1315020,20261010,1,49979,0,feed,42120,0,42,42120
1791649673,80,1,1315660,20261010,1,50689,0,feed,43920,0,38,43920
1791649673,802,0,1196578,20261010,1,57169,0,feed,43440,0,46,43440
1791649673,802,0,1206156,20261010,30,11059,130,feed,41100,29,46,39840
1791649673,802,1,1206817,20261010,1,42622,0,feed,44520,0,45,44520
1791649673,802,1,1207223,20261010,5,12025,95,feed,41220,4,45,40920
1791649673,804,0,1261330,20261010,1,14153,0,feed,43200,0,32,43200
1791649673,804,1,1325619,20261010,1,14727,0,feed,41400,0,35,41400
1791649673,805,1,1211916,20261010,25,57186,114,feed,41220,24,72,40080
1791649673,805,0,1212558,20261010,1,56775,0,feed,43440,0,72,43440
1791649673,805,1,1216941,20261010,1,50716,0,feed,43680,0,72,43680
1791649673,805,0,1218306,20261010,34,11001,278,feed,40980,33,72,39840
1791649673,827,0,1178032,20261010,10,57549,299,feed,40980,9,51,40380
1791649673,827,1,1312419,20261010,1,57167,0,feed,44040,0,51,44040
1791649673,827,0,1314650,20261010,1,42837,0,feed,43980,0,51,43980
1791649673,827,1,1316764,20261010,23,12145,208,feed,41040,22,51,40440
1791649673,83,0,1266587,20261010,1,53725,0,feed,41940,0,44,41940
1791649673,83,1,1351245,20261010,38,57344,-52,feed,41340,37,41,39480
1791649673,83,1,1352421,20261010,1,52532,0,feed,41280,0,41,41280
1791649673,83,0,1352462,20261010,23,860,-40,feed,41280,22,44,40140
1791649673,83,1,1353809,20261010,1,52532,0,feed,43080,0,41,43080
1791649673,83,0,1355274,20261010,1,53725,0,feed,43740,0,44,43740
1791649673,87,1,1303205,20261010,1,57690,0,feed,42120,0,70,42120
1791649673,87,1,1304294,20261010,18,18578,108,feed,,,,
1791649673,87,1,1304628,20261010,1,57690,0,feed,43860,0,70,43860
1791649673,87,1,1304765,20261010,67,13140,317,feed,40980,66,70,38580
1791649673,87,0,1349145,20261010,68,591,617,feed,40560,67,71,37980
1791649673,87,0,1350809,20261010,1,51892,0,feed,,,,
1791649673,87,0,1351206,20261010,46,18801,116,feed,41160,45,71,39660
1791649673,87,0,1351357,20261010,1,51892,0,feed,41520,0,71,41520
1791649673,888,1,1364198,20261010,3,57646,1178,feed,40380,2,10,39060
1791649673,9,1,1356169,20261010,60,49561,307,feed,40980,59,111,38160
1791649673,9,0,1356659,20261010,1,40247,0,feed,43800,0,112,43800
1791649673,9,0,1356781,20261010,27,56566,251,feed,41040,26,112,40260
1791649673,9,0,1367221,20261010,1,52552,0,feed,42300,0,100,42300
1791649673,9,0,1367346,20261010,59,80926,464,feed,40800,58,100,38700
1791649673,9,1,1368210,20261010,1,51551,0,feed,41700,0,111,41700
1791649673,9,1,1368266,20261010,1,51551,0,feed,43440,0,96,43440
1791649673,9,1,1368666,20261010,16,17580,389,feed,40860,15,96,39960
1791649673,901,1,876930,20261010,5,51409,60,feed,41280,4,20,40920
1791649673,901,1,882597,20261010,16,51420,120,feed,41220,15,20,39480
1791649673,901,1,883718,20261010,3,56336,0,feed,41820,2,20,41640
1791649673,901,0,886057,20261010,12,51428,60,feed,41280,11,20,39840
1791649673,901,0,890737,20261010,1,51405,0,feed,41280,0,20,41280
1791649673,901,1,894254,20261010,10,51414,240,feed,41160,9,20,40200
1791649673,901,0,899701,20261010,17,51423,120,feed,41280,16,20,39120
1791649673,901,1,901459,20261010,20,51405,180,feed,41160,19,20,38760
1791649673,901,0,982966,20261010,6,51434,60,feed,41280,5,20,40560
1791649673,902,0,877066,20261010,17,56011,180,feed,41160,16,24,39180
1791649673,902,0,878589,20261010,23,56017,120,feed,41220,22,24,38460
1791649673,902,1,878713,20261010,20,51424,120,feed,41340,19,24,38820
1791649673,902,1,879781,20261010,3,56028,60,feed,41220,2,24,40980
1791649673,902,0,885916,20261010,12,56006,240,feed,41220,11,24,39900
1791649673,902,1,890803,20261010,16,56041,-60,feed,41460,15,24,39540
1791649673,902,0,893986,20261010,7,56001,60,feed,41280,6,24,40620
1791649673,902,0,895683,20261010,3,56336,0,feed,41520,2,24,41340
1791649673,902,0,899873,20261010,3,56336,0,feed,42240,2,24,42060
1791649673,903,1,1262888,20261010,1,56874,0,feed,44160,0,6,44160
1791649673,903,1,1262930,20261010,1,56874,0,feed,42360,0,6,42360
1791649673,903,0,1265806,20261010,5,56511,235,feed,41220,4,6,40500
1791649673,903,0,1270629,20261010,1,57285,0,feed,42300,0,6,42300
1791649673,903,1,1270799,20261010,3,48977,269,feed,41220,2,6,40560
1791649673,903,0,1274011,20261010,1,57285,0,feed,44100,0,6,44100
1791649673,904,1,1275983,20261010,1,56800,0,feed,41460,0,12,41460
1791649673,904,0,1364902,20261010,10,53313,577,feed,40800,9,13,39000
1791649673,904,0,1365009,20261010,1,56830,0,feed,44400,0,13,44400
1791649673,904,0,1367204,20261010,1,56830,77,feed,43500,0,13,43500
1791649673,904,1,1367248,20261010,12,56830,445,feed,40920,11,12,38760
1791649673,904,0,1367284,20261010,7,53542,237,feed,41220,6,13,39900
1791649673,904,0,1367597,20261010,1,56830,0,feed,41700,0,13,41700
1791649673,904,0,1367899,20261010,3,56831,240,feed,41220,2,13,40800
1791649673,904,1,1368158,20261010,6,17781,354,feed,41220,5,12,40560
1791649673,904,1,1368189,20261010,1,56800,0,feed,43260,0,12,43260
1791649673,904,1,1368532,20261010,10,56884,164,feed,41100,9,12,39660
1791649673,904,1,1368757,20261010,1,56800,0,feed,42360,0,12,42360
1791649673,904,0,1368830,20261010,1,56830,0,feed,42600,0,13,42600
1791649673,904,1,1369051,20261010,1,56800,0,feed,44160,0,12,44160
1791649673,905,0,1343658,20261010,15,57440,-197,feed,41340,14,16,39300
1791649673,905,1,1344182,20261010,1,57441,0,feed,41940,0,16,41940
1791649673,905,0,1344338,20261010,1,52761,0,feed,42900,0,16,42900
1791649673,905,1,1344343,20261010,1,57441,0,feed,43740,0,16,43740
1791649673,905,0,1344396,20261010,1,52761,0,feed,43800,0,16,43800
1791649673,905,0,1344704,20261010,3,3142,-68,feed,41280,2,16,41100
1791649673,905,1,1344768,20261010,10,57423,-60,feed,41280,9,16,40140
1791649673,905,0,1344881,20261010,9,57428,-38,feed,41340,8,16,40200
1791649673,905,0,1345016,20261010,1,52761,0,feed,42000,0,16,42000
1791649673,905,1,1345070,20261010,14,11863,153,feed,41160,13,16,39240
1791649673,905,1,1345126,20261010,3,57437,-5,feed,41280,2,16,41040
1791649673,905,1,1345136,20261010,1,57441,0,feed,42840,0,16,42840
1791649673,905,1,1345161,20261010,1,57441,0,feed,44640,0,16,44640
1791649673,905,0,1345184,20261010,1,52761,0,feed,44700,0,16,44700
1791649673,921,0,1365380,20261010,11,17366,300,feed,41040,10,20,39840
1791649673,921,0,1365713,20261010,3,51514,33,feed,41220,2,20,40740
1791649673,921,0,1366812,20261010,1,51544,0,feed,43380,0,20,43380
1791649673,921,0,1366952,20261010,1,51544,0,feed,42180,0,20,42180
1791649673,921,0,1367271,20261010,1,51544,0,feed,41580,0,20,41580
1791649673,921,1,1367348,20261010,1,52531,0,feed,42780,0,20,42780
1791649673,921,1,1367427,20261010,18,56128,369,feed,40860,17,20,39180
1791649673,921,1,1367991,20261010,3,50032,83,feed,41280,2,20,40980
1791649673,921,1,1368280,20261010,1,52531,0,feed,44580,0,20,44580
1791649673,921,0,1369326,20261010,1,51544,0,feed,44580,0,20,44580
1791649673,921,1,1369374,20261010,1,52531,0,feed,43380,0,20,43380
1791649673,921,0,1369456,20261010,1,51544,0,feed,43980,0,20,43980
1791649673,921,1,1369516,20261010,1,52531,0,feed,43980,0,20,43980
1791649673,922,0,1311217,20261010,1,57314,0,feed,43680,0,35,43680
1791649673,922,0,1311405,20261010,1,57314,0,feed,42480,0,35,42480
1791649673,922,0,1312509,20261010,1,57314,0,feed,41880,0,35,41880
1791649673,922,1,1312528,20261010,2,57419,39,feed,41340,1,34,41160
1791649673,922,1,1312776,20261010,12,16997,51,feed,41280,11,34,39960
1791649673,922,0,1313529,20261010,28,17029,-74,feed,41280,27,35,38280
1791649673,922,0,1313700,20261010,1,57314,0,feed,41280,0,35,41280
1791649673,922,0,1313960,20261010,12,16884,144,feed,41280,11,35,40080
1791649673,922,1,1314430,20261010,1,56100,0,feed,41700,0,34,41700
1791649673,922,1,1314688,20261010,1,56100,0,feed,44040,0,34,44040
1791649673,922,0,1314857,20261010,1,57314,0,feed,43080,0,35,43080
1791649673,922,1,1315027,20261010,32,3528,28,feed,41220,31,34,37560
1791649673,922,0,1315132,20261010,1,57314,0,feed,44280,0,35,44280
1791649673,922,1,1315376,20261010,6,52760,125,feed,41160,5,34,40560
1791649673,922,1,1315549,20261010,1,56100,0,feed,42900,0,34,42900
1791649673,922,1,1315606,20261010,1,56100,0,feed,44640,0,34,44640
1791649673,922,1,1316048,20261010,22,40954,155,feed,41160,21,34,38760
1791649673,922,1,1316214,20261010,1,56100,0,feed,42300,0,34,42300
1791649673,922,1,1316271,20261010,17,57334,122,feed,41160,16,34,39360
1791649673,922,0,1316315,20261010,7,57356,132,feed,41220,6,35,40680
1791649673,922,1,1316893,20261010,27,16855,98,feed,41220,26,34,38160
1791649673,922,0,1317158,20261010,30,57416,488,feed,40860,29,35,37560
1791649673,922,0,1317301,20261010,22,16971,223,feed,41100,21,35,38880
1791649673,922,1,1317563,20261010,1,56100,0,feed,43500,0,34,43500
1791649673,922,0,1317653,20261010,13,51579,467,feed,40800,12,35,39480
1791649673,923,0,1262726,20261010,1,56897,0,feed,43680,0,22,43680
1791649673,923,0,1263879,20261010,4,17902,200,feed,41100,3,22,40740
1791649673,923,1,1264734,20261010,1,57278,0,feed,43200,0,23,43200
1791649673,923,1,1265906,20261010,1,57278,0,feed,43800,0,23,43800
1791649673,923,1,1266113,20261010,1,57278,0,feed,42000,0,23,42000
1791649673,923,0,1266334,20261010,19,9263,224,feed,41040,18,22,39420
1791649673,923,0,1267349,20261010,1,56897,0,feed,42480,0,22,42480
1791649673,923,1,1268562,20261010,1,57278,0,feed,44400,0,23,44400
1791649673,923,0,1269198,20261010,1,56897,0,feed,41340,0,22,41340
1791649673,923,1,1269715,20261010,12,52667,79,feed,41220,11,23,40200
1791649673,923,0,1269974,20261010,1,56897,0,feed,44820,0,22,44820
1791649673,923,1,1270854,20261010,17,56317,197,feed,,,,
1791649673,923,1,1270898,20261010,3,9087,327,feed,40920,2,23,40800
1791649673,923,0,1271556,20261010,1,56897,0,feed,41880,0,22,41880
1791649673,923,1,1271890,20261010,21,17910,333,feed,,,,
1791649673,923,1,1272124,20261010,1,57278,117,feed,,,,
1791649673,923,1,1273765,20261010,1,57278,0,feed,41400,0,23,41400
1791649673,923,0,1274621,20261010,1,56897,0,feed,44220,0,22,44220
1791649673,923,0,1286311,20261010,1,56897,0,feed,43080,0,22,43080
1791649673,923,0,1287651,20261010,12,52671,173,feed,,,,
1791649673,924,1,1264360,20261010,34,436,399,feed,,,,
1791649673,924,1,1265154,20261010,1,56823,0,feed,,,,
1791649673,924,0,1265169,20261010,3,56921,-50,feed,,,,
1791649673,924,0,1267657,20261010,1,56873,0,feed,,,,
1791649673,924,0,1268011,20261010,1,56873,0,feed,,,,
1791649673,924,0,1268293,20261010,39,9089,308,feed,,,,
1791649673,924,1,1271360,20261010,1,56823,0,feed,,,,
1791649673,924,1,1271691,20261010,24,56912,238,feed,,,,
1791649673,924,0,1273488,20261010,1,56873,0,feed,,,,
1791649673,924,1,1274213,20261010,1,56823,0,feed,,,,
1791649673,924,1,1274258,20261010,10,11146,30,feed,,,,
1791649673,924,0,1274400,20261010,16,56925,330,feed,,,,
1791649673,924,0,1275955,20261010,35,8948,10,feed,,,,
1791649673,924,0,1277611,20261010,11,779,564,feed,,,,
1791649673,924,1,1278389,20261010,1,56823,0,feed,,,,
1791649673,924,0,1279483,20261010,1,56873,0,feed,,,,
1791649673,924,1,1279871,20261010,18,17907,287,feed,,,,
1791649673,924,0,1281398,20261010,1,56873,0,feed,,,,
1791649673,924,0,1284375,20261010,23,17900,147,feed,,,,
1791649673,924,0,1284669,20261010,1,56873,0,feed,,,,
1791649673,924,1,1284738,20261010,3,9173,75,feed,,,,
1791649673,924,0,1285882,20261010,27,8919,46,feed,,,,
1791649673,924,1,1287535,20261010,15,56317,120,feed,,,,
1791649673,924,1,1287786,20261010,1,56823,0,feed,,,,
1791649673,924,0,1288566,20261010,5,620,329,feed,,,,
1791649673,924,1,1288579,20261010,28,56916,241,feed,,,,
1791649673,924,1,1289299,20261010,1,56823,0,feed,,,,
1791649673,925,0,1267244,20261010,1,53703,0,feed,43980,0,35,43980
1791649673,925,0,1269153,20261010,1,53703,0,feed,44700,0,35,44700
1791649673,925,1,1332193,20261010,18,17932,200,feed,41100,17,35,39420
1791649673,925,1,1332273,20261010,11,15562,181,feed,41100,10,35,40080
1791649673,925,1,1333209,20261010,1,57541,0,feed,41460,0,35,41460
1791649673,925,0,1333596,20261010,1,53703,0,feed,43260,0,35,43260
1791649673,925,0,1333688,20261010,17,1330,16,feed,41280,16,35,39780
1791649673,925,1,1333705,20261010,22,42219,344,feed,40920,21,35,38700
1791649673,925,0,1334013,20261010,21,53099,312,feed,40980,20,35,39060
1791649673,925,1,1334040,20261010,6,16154,3,feed,41280,5,35,40740
1791649673,925,0,1334530,20261010,27,16130,401,feed,40860,26,35,38340
1791649673,925,0,1334805,20261010,2,4369,54,feed,41280,1,35,41160
1791649673,925,1,1335097,20261010,35,53703,573,feed,40740,34,35,37260
1791649673,925,1,1335270,20261010,1,57541,0,feed,42900,0,35,42900
1791649673,925,1,1335617,20261010,1,57541,0,feed,42180,0,35,42180
1791649673,925,0,1335655,20261010,8,57460,223,feed,41040,7,35,40500
1791649673,925,0,1335665,20261010,1,53703,0,feed,41820,0,35,41820
1791649673,925,1,1335673,20261010,33,1153,89,feed,41220,32,35,37980
1791649673,925,0,1335756,20261010,1,53703,0,feed,42540,0,35,42540
1791649673,925,0,1335828,20261010,35,57541,348,feed,40920,34,35,37620
1791649673,925,1,1335929,20261010,1,57541,0,feed,44340,0,35,44340
1791649673,925,1,1335968,20261010,1,57541,0,feed,43620,0,35,43620
1791649673,94,1,1178882,20261010,16,51200,105,feed,41220,15,16,39240
1791649673,94,0,1181063,20261010,1,51200,0,feed,42180,0,15,42180
1791649673,94,0,1185627,20261010,1,51200,0,feed,43980,0,15,43980
1791649673,94,1,1185710,20261010,3,57456,64,feed,41340,2,16,41040
1791649673,94,1,1321987,20261010,1,56100,0,feed,42840,0,16,42840
1791649673,94,0,1324558,20261010,9,18665,381,feed,41280,8,15,40380
1791649673,94,1,1341901,20261010,1,56100,0,feed,44640,0,16,44640
1791650574,10,0,1369595,20261010,1,19337,0,feed,,,,
1791650574,10,0,1369646,20261010,12,14952,561,feed,,,,
1791650574,10,1,1369762,20261010,1,57448,0,feed,,,,
1791650574,10,1,1369906,20261010,1,57165,0,feed,,,,
1791650574,10,0,1369911,20261010,47,49383,580,feed,,,,
1791650574,10,0,1370015,20261010,,,,canceled,,,,
1791650574,10,1,1370184,20261010,4,57115,171,feed,,,,
1791650574,10,0,1370197,20261010,1,19337,0,feed,,,,
1791650574,10,0,1370245,20261010,5,17990,156,feed,,,,
1791650574,10,0,1370552,20261010,1,19337,0,feed,,,,
1791650574,10,1,1370576,20261010,25,17175,-175,feed,,,,
1791650574,10,0,1370600,20261010,1,19337,0,feed,,,,
1791650574,10,1,1370646,20261010,35,17976,159,feed,,,,
1791650574,10,1,1370654,20261010,1,57165,90,feed,,,,
1791650574,10,1,1370672,20261010,40,17187,393,feed,,,,
1791650574,10,1,1370800,20261010,1,57165,0,feed,,,,
1791650574,10,1,1370880,20261010,50,17986,84,feed,,,,
1791650574,10,0,1370908,20261010,12,14952,28,feed,,,,
1791650574,10,0,1371047,20261010,31,17160,636,feed,,,,
1791650574,10,0,1371165,20261010,1,19337,0,feed,,,,
1791650574,10,1,1371188,20261010,1,57448,0,feed,,,,
1791650574,10,0,1371276,20261010,1,19337,0,feed,,,,
1791650574,11,1,1317779,20261010,1,49304,0,feed,42120,0,79,42120
1791650574,11,1,1319253,20261010,1,49304,0,feed,45720,0,79,45720
1791650574,11,1,1319260,20261010,1,49304,0,feed,43920,0,79,43920
1791650574,11,1,1319373,20261010,27,14650,-121,feed,42180,26,79,41220
1791650574,11,0,1364644,20261010,23,51795,398,feed,41760,22,80,40980
1791650574,11,0,1364979,20261010,52,14660,504,feed,41580,51,80,39180
1791650574,11,0,1365131,20261010,1,51828,0,feed,45420,0,80,45420
1791650574,11,0,1365465,20261010,8,17741,-17,feed,42180,7,80,41880
1791650574,11,0,1365799,20261010,1,51828,0,feed,42780,0,80,42780
1791650574,11,1,1367265,20261010,1,49304,0,feed,43020,0,79,43020
1791650574,11,1,1368027,20261010,1,49304,0,feed,44820,0,79,44820
1791650574,11,0,1369309,20261010,42,17951,216,feed,42000,41,80,40080
1791650574,11,1,1370548,20261010,42,17980,-77,feed,,,,
1791650574,11,1,1370738,20261010,57,17712,103,feed,,,,
1791650574,11,0,1370833,20261010,1,51828,0,feed,,,,
1791650574,11,0,1371363,20261010,1,51828,0,feed,,,,
1791650574,14,0,1331035,20261010,46,17902,135,feed,,,,
1791650574,14,0,1331203,20261010,1,4345,0,feed,,,,
1791650574,14,0,1332739,20261010,,,,canceled,,,,
1791650574,14,1,1369869,20261010,60,15595,225,feed,,,,
1791650574,14,1,1370087,20261010,1,50153,0,feed,,,,
1791650574,14,1,1370497,20261010,1,50153,0,feed,,,,
1791650574,14,1,1370679,20261010,36,17881,302,feed,,,,
1791650574,14,1,1370725,20261010,14,8342,213,feed,,,,
1791650574,14,0,1370769,20261010,26,15605,-34,feed,,,,
1791650574,14,0,1370811,20261010,1,4345,0,feed,,,,
1791650574,14,0,1371183,20261010,1,4345,0,feed,,,,
1791650574,14,0,1371192,20261010,,,,canceled,,,,
1791650574,14,1,1371250,20261010,1,50153,0,feed,,,,
1791650574,17,0,1132272,20261010,1,57458,0,feed,43020,0,63,43020
1791650574,17,0,1132762,20261010,1,57458,0,feed,44760,0,63,44760
1791650574,17,0,1291034,20261010,1,57458,0,feed,45660,0,51,45660
1791650574,17,1,1293534,20261010,14,4663,-86,feed,42180,13,49,41040
1791650574,17,1,1305929,20261010,1,56800,0,feed,42780,0,49,42780
1791650574,17,0,1307380,20261010,1,57458,0,feed,43860,0,51,43860
1791650574,17,0,1307520,20261010,46,17994,848,feed,41400,45,51,38640
1791650574,17,0,1307614,20261010,1,57458,0,feed,42180,0,51,42180
1791650574,17,1,1318184,20261010,59,5753,627,feed,41520,58,65,38040
1791650574,17,1,1318231,20261010,20,17978,56,feed,42180,19,65,40980
1791650574,17,1,1319579,20261010,41,3528,197,feed,41940,40,65,39240
1791650574,17,1,1320489,20261010,1,56800,0,feed,44580,0,49,44580
1791650574,17,0,1321408,20261010,24,5805,515,feed,41640,23,51,40380
1791650574,17,1,1322087,20261010,1,17192,0,feed,44580,0,65,44580
1791650574,17,0,1324198,20261010,38,40340,581,feed,41700,37,63,39480
1791650574,17,1,1334276,20261010,1,17192,0,feed,42780,0,65,42780
1791650574,17,0,1335716,20261010,13,5775,191,feed,42000,12,63,41280
1791650574,18,0,1242780,20261010,11,1854,666,feed,41460,10,42,41040
1791650574,18,0,1243007,20261010,1,1754,0,feed,44580,0,42,44580
1791650574,18,0,1360890,20261010,1,57131,0,feed,44280,0,84,44280
1791650574,18,0,1361533,20261010,18,3393,274,feed,41940,17,51,41100
1791650574,18,1,1364423,20261010,16,14850,90,feed,42060,15,83,40620
1791650574,18,1,1364463,20261010,60,1372,-162,feed,42180,59,83,38820
1791650574,18,1,1365481,20261010,32,135,-39,feed,42300,31,43,40020
1791650574,18,1,1365531,20261010,1,56800,0,feed,,,,
1791650574,18,1,1366894,20261010,1,56800,0,feed,44160,0,83,44160
1791650574,18,0,1366983,20261010,1,57131,0,feed,42540,0,84,42540
1791650574,18,0,1367028,20261010,1,51852,0,feed,44640,0,51,44640
1791650574,18,1,1367088,20261010,5,17980,-53,feed,42180,4,43,41760
1791650574,18,0,1367343,20261010,40,1444,-9,feed,42180,39,84,40800
1791650574,18,0,1367567,20261010,46,17992,-74,feed,42240,45,51,39360
1791650574,18,1,1367713,20261010,12,1202,10,feed,42240,11,52,41160
1791650574,18,1,1367885,20261010,1,56800,0,feed,43560,0,43,43560
1791650574,18,1,1367997,20261010,1,56800,0,feed,45360,0,43,45360
1791650574,18,1,1368112,20261010,32,135,494,feed,41700,31,52,39420
1791650574,18,0,1368677,20261010,69,1889,150,feed,42000,68,84,39060
1791650574,18,0,1368852,20261010,1,51852,0,feed,42840,0,51,42840
1791650574,18,1,1368919,20261010,1,56800,0,feed,42360,0,83,42360
1791650574,18,1,1369038,20261010,1,56800,0,feed,44760,0,52,44760
1791650574,18,0,1370637,20261010,1,1754,0,feed,,,,
1791650574,18,0,1370895,20261010,42,56800,-93,feed,,,,
1791650574,2,1,1269758,20261010,18,13309,116,feed,42060,17,34,40860
1791650574,2,1,1274855,20261010,1,50670,0,feed,43200,0,34,43200
1791650574,2,0,1320004,20261010,1,57469,0,feed,43500,0,34,43500
1791650574,2,0,1331467,20261010,8,81077,-21,feed,42180,7,41,41700
1791650574,2,0,1331788,20261010,1,57469,0,feed,45300,0,41,45300
1791650574,2,0,1332514,20261010,1,57469,0,feed,42900,0,41,42900
1791650574,2,1,1360964,20261010,1,57618,0,feed,43200,0,42,43200
1791650574,2,1,1361716,20261010,1,57618,107,feed,42000,0,42,42000
1791650574,2,1,1361769,20261010,40,13335,-87,feed,42180,39,42,39600
1791650574,2,1,1362098,20261010,1,57618,0,feed,45600,0,42,45600
1791650574,2,0,1362299,20261010,1,57469,0,feed,44700,0,34,44700
1791650574,2,0,1362327,20261010,26,13243,129,feed,42060,25,41,40500
1791650574,2,1,1362375,20261010,18,13239,24,feed,42180,17,42,40800
1791650574,2,0,1363625,20261010,1,57469,0,feed,44100,0,41,44100
1791650574,2,1,1363672,20261010,1,57618,0,feed,44400,0,42,44400
1791650574,2,1,1363880,20261010,1,50670,78,feed,42060,0,34,42060
1791650574,2,0,1367161,20261010,1,57469,0,feed,42300,0,34,42300
1791650574,2,1,1369212,20261010,1,50670,0,feed,45600,0,34,45600
1791650574,2,1,1371058,20261010,1,50670,0,feed,,,,
1791650574,2,0,1371314,20261010,16,56927,124,feed,,,,
1791650574,215,1,1267330,20261010,1,5020,0,feed,44160,0,27,44160
1791650574,215,0,1267411,20261010,1,49979,0,feed,42240,0,30,42240
1791650574,219,0,1303715,20261010,35,7513,98,feed,42060,34,74,40560
1791650574,219,0,1304952,20261010,1,57340,0,feed,44160,0,74,44160
1791650574,219,1,1311716,20261010,40,53661,99,feed,42060,39,71,40500
1791650574,219,1,1311972,20261010,1,5020,0,feed,44100,0,71,44100
1791650574,22,1,1356264,20261010,74,19433,93,feed,42060,73,84,37800
1791650574,22,0,1365746,20261010,1,4558,0,feed,43080,0,82,43080
1791650574,22,0,1366893,20261010,45,19302,395,feed,41820,44,82,39540
1791650574,22,1,1367079,20261010,1,56825,0,feed,43800,0,87,43800
1791650574,22,1,1367232,20261010,1,56825,0,feed,45000,0,84,45000
1791650574,22,1,1367304,20261010,1,56825,225,feed,42660,0,84,42660
1791650574,22,0,1367506,20261010,34,15313,68,feed,42120,33,82,40680
1791650574,22,1,1367569,20261010,14,11630,-108,feed,42180,13,84,41400
1791650574,22,0,1367978,20261010,68,57197,1334,feed,40860,67,82,37140
1791650574,22,0,1368024,20261010,1,4558,0,feed,45420,0,86,45420
1791650574,22,1,1368145,20261010,50,15619,33,feed,42120,49,84,39060
1791650574,22,0,1368172,20261010,6,51564,21,feed,42120,5,86,41880
1791650574,22,1,1368736,20261010,33,17905,98,feed,42060,32,87,40200
1791650574,22,0,1369010,20261010,67,57196,113,feed,42060,66,86,38340
1791650574,22,0,1370958,20261010,1,4558,0,feed,,,,
1791650574,223,0,1361918,20261010,1,57691,0,feed,44160,0,33,44160
1791650574,223,1,1362058,20261010,1,5020,74,feed,42060,0,34,42060
1791650574,223,0,1362377,20261010,29,80852,169,feed,42000,28,33,40560
1791650574,223,1,1363515,20261010,1,5020,0,feed,43860,0,34,43860
1791650574,225,1,1132337,20261010,1,45174,0,feed,43080,0,20,43080
1791650574,225,0,1267481,20261010,1,52530,0,feed,45060,0,20,45060
1791650574,225,0,1268566,20261010,12,49160,40,feed,42120,11,20,41460
1791650574,227,0,1266913,20261010,29,14418,-43,feed,42180,28,47,41400
1791650574,227,0,1271716,20261010,1,52530,0,feed,45000,0,47,45000
1791650574,227,1,1273279,20261010,1,45174,0,feed,43080,0,45,43080
1791650574,25,0,1369621,20261010,1,19337,0,feed,,,,
1791650574,25,1,1369801,20261010,73,14941,258,feed,,,,
1791650574,27,0,1350176,20261010,1,52857,0,feed,43200,0,23,43200
1791650574,27,1,1362556,20261010,1,51367,0,feed,42300,0,21,42300
1791650574,3,1,1176596,20261010,40,886,462,feed,41700,39,65,39660
1791650574,3,0,1182580,20261010,61,11912,274,feed,,,,
1791650574,3,1,1185099,20261010,1,56100,0,feed,,,,
1791650574,3,1,1185289,20261010,1,56100,0,feed,42600,0,64,42600
1791650574,3,0,1188304,20261010,1,54097,0,feed,42780,0,64,42780
1791650574,3,0,1320934,20261010,1,54097,0,feed,44580,0,64,44580
1791650574,3,1,1321102,20261010,8,56164,225,feed,41940,7,65,41400
1791650574,3,0,1353344,20261010,1,54097,0,feed,43680,0,65,43680
1791650574,3,1,1353681,20261010,52,16325,585,feed,41580,51,64,39000
1791650574,3,1,1362268,20261010,1,56100,0,feed,44400,0,64,44400
1791650574,3,0,1367062,20261010,10,19320,263,feed,41880,9,64,40980
1791650574,3,0,1367950,20261010,47,958,277,feed,41940,46,64,39180
1791650574,3,1,1368060,20261010,15,831,401,feed,41640,14,64,40800
1791650574,3,0,1368292,20261010,26,911,92,feed,42060,25,65,40080
1791650574,3,1,1369227,20261010,1,56100,0,feed,44940,0,65,44940
1791650574,3,0,1370899,20261010,1,54097,0,feed,,,,
1791650574,30,1,1215123,20261010,2,50665,-150,feed,42360,1,44,41760
1791650574,30,0,1215156,20261010,1,40238,0,feed,44640,0,48,44640
1791650574,30,1,1216118,20261010,1,15882,0,feed,43560,0,44,43560
1791650574,30,0,1218174,20261010,23,12665,360,feed,41820,22,48,41040
1791650574,30,1,1218766,20261010,1,15882,0,feed,45360,0,44,45360
1791650574,32,0,1331162,20261010,59,57685,696,feed,41460,58,59,39300
1791650574,32,0,1331448,20261010,1,50155,0,feed,42900,0,59,42900
1791650574,32,0,1332960,20261010,1,50155,0,feed,44100,0,59,44100
1791650574,32,0,1333331,20261010,13,40658,92,feed,42060,12,59,41700
1791650574,32,1,1365554,20261010,1,57685,36,feed,42180,0,61,42180
1791650574,32,1,1365856,20261010,1,57685,0,feed,44580,0,61,44580
1791650574,32,1,1366244,20261010,24,12849,333,feed,41820,23,61,40980
1791650574,32,0,1367414,20261010,1,50155,0,feed,45300,0,59,45300
1791650574,32,0,1368353,20261010,35,42286,269,feed,41820,34,59,40500
1791650574,32,1,1368650,20261010,1,57685,0,feed,43380,0,61,43380
1791650574,323,1,1130962,20261010,1,57508,35,feed,45300,0,25,45300
1791650574,323,0,1131716,20261010,1,51116,0,feed,44100,0,23,44100
1791650574,323,0,1135999,20261010,1,51116,0,feed,42300,0,23,42300
1791650574,323,1,1136010,20261010,6,57039,132,feed,42000,5,25,41700
1791650574,323,1,1136260,20261010,1,57508,0,feed,43500,0,25,43500
1791650574,345,1,1131543,20261010,1,57508,0,feed,43380,0,15,43380
1791650574,345,0,1132499,20261010,15,57508,185,feed,42120,14,15,39600
1791650574,345,1,1134028,20261010,9,48548,201,feed,42060,8,15,39780
1791650574,345,0,1138231,20261010,1,56879,0,feed,43200,0,15,43200
1791650574,36,0,1176535,20261010,1,57537,0,feed,45420,0,53,45420
1791650574,36,0,1182049,20261010,41,6205,236,feed,41940,40,53,40080
1791650574,36,0,1182190,20261010,1,57537,0,feed,43620,0,53,43620
1791650574,36,1,1219464,20261010,37,41126,-115,feed,42300,36,50,40620
1791650574,36,1,1221892,20261010,1,50160,0,feed,42420,0,50,42420
1791650574,36,0,1362417,20261010,5,41164,117,feed,42060,4,53,41880
1791650574,36,1,1363533,20261010,1,50160,0,feed,44220,0,50,44220
1791650574,38,0,1350762,20261010,1,48213,0,feed,42480,0,108,42480
1791650574,38,0,1352376,20261010,76,17516,59,feed,42120,75,108,38880
1791650574,38,1,1353069,20261010,62,3544,313,feed,41820,61,107,39060
1791650574,38,0,1353258,20261010,36,4822,134,feed,42000,35,109,40680
1791650574,38,1,1353420,20261010,1,16494,0,feed,44580,0,104,44580
1791650574,38,1,1353575,20261010,23,12593,220,feed,41880,22,104,40980
1791650574,38,0,1353947,20261010,1,48213,0,feed,44280,0,109,44280
1791650574,38,1,1355198,20261010,1,42032,0,feed,42600,0,107,42600
1791650574,38,0,1355235,20261010,105,53134,638,feed,41520,104,109,37140
1791650574,4,1,1131376,20261010,31,137,239,feed,41940,30,50,40140
1791650574,4,0,1158048,20261010,1,50231,0,feed,44520,0,53,44520
1791650574,4,0,1158435,20261010,1,50231,0,feed,42780,0,53,42780
1791650574,4,1,1356618,20261010,18,16031,149,feed,42000,17,90,41340
1791650574,4,1,1358066,20261010,1,14153,0,feed,43140,0,90,43140
1791650574,4,0,1358212,20261010,1,50231,0,feed,45600,0,89,45600
1791650574,4,1,1358543,20261010,1,17971,0,feed,43800,0,50,43800
1791650574,4,0,1358610,20261010,51,17947,-200,feed,42180,50,53,39180
1791650574,4,1,1358635,20261010,49,20047,-28,feed,42180,48,90,39540
1791650574,4,0,1358977,20261010,42,173,185,feed,42060,41,89,40260
1791650574,4,0,1359298,20261010,69,16042,-55,feed,42180,68,89,38520
1791650574,4,1,1360391,20261010,1,14153,0,feed,44940,0,90,44940
1791650574,4,0,1360427,20261010,1,50231,79,feed,42060,0,89,42060
1791650574,4,0,1366987,20261010,1,50231,0,feed,43800,0,89,43800
1791650574,4,1,1369455,20261010,85,1053,414,feed,41760,84,90,37740
1791650574,4,1,1370939,20261010,1,17971,0,feed,,,,
1791650574,4,0,1371263,20261010,23,1854,30,feed,,,,
1791650574,46,1,1264391,20261010,1,51550,0,feed,42240,0,59,42240
1791650574,46,0,1270579,20261010,1,220,0,feed,45060,0,62,45060
1791650574,46,0,1277441,20261010,21,1009,138,feed,42000,20,62,41460
1791650574,46,1,1287457,20261010,1,51550,0,feed,44040,0,59,44040
1791650574,48,1,1352669,20261010,1,50152,0,feed,43740,0,61,43740
1791650574,48,0,1354726,20261010,1,19301,0,feed,43500,0,61,43500
1791650574,48,1,1355494,20261010,54,17906,-83,feed,42180,53,61,40140
1791650574,5,1,1365834,20261010,61,50,390,feed,41820,60,80,39240
1791650574,5,0,1366768,20261010,32,819,152,feed,42000,31,81,40620
1791650574,5,0,1368079,20261010,1,51212,0,feed,44220,0,81,44220
1791650574,5,1,1369079,20261010,1,51846,0,feed,42840,0,80,42840
1791650574,515,0,1349365,20261010,1,53704,0,feed,42900,0,49,42900
1791650574,515,0,1349655,20261010,33,659,110,feed,42060,32,49,41100
1791650574,515,1,1350119,20261010,1,56877,0,feed,43260,0,49,43260
1791650574,515,1,1350932,20261010,49,53704,35,feed,42180,48,49,40560
1791650574,515,0,1351454,20261010,1,53704,0,feed,45600,0,49,45600
1791650574,515,1,1351478,20261010,1,56877,0,feed,45060,0,49,45060
1791650574,515,0,1352573,20261010,1,53704,0,feed,43800,0,49,43800
1791650574,515,1,1352854,20261010,1,56877,0,feed,44160,0,49,44160
1791650574,515,1,1353563,20261010,19,718,94,feed,42060,18,49,41460
1791650574,515,0,1355656,20261010,2,44199,151,feed,42060,1,49,42000
1791650574,515,0,1360008,20261010,1,53704,0,feed,44700,0,49,44700
1791650574,515,1,1360759,20261010,1,56877,0,feed,42360,0,49,42360
1791650574,534,1,1344047,20261010,1,51824,0,feed,44100,0,32,44100
1791650574,534,0,1344263,20261010,1,56725,0,feed,44160,0,35,44160
1791650574,534,0,1345521,20261010,1,56725,0,feed,42420,0,35,42420
1791650574,534,1,1345532,20261010,1,51824,0,feed,42300,0,32,42300
1791650574,534,1,1345834,20261010,32,56725,327,feed,41820,31,32,40500
1791650574,538,0,1135846,20261010,1,53704,0,feed,43200,0,42,43200
1791650574,538,0,1135995,20261010,1,53704,0,feed,45000,0,42,45000
1791650574,538,1,1318209,20261010,1,56880,0,feed,42480,0,40,42480
1791650574,538,1,1318652,20261010,24,44366,416,feed,41760,23,40,40680
1791650574,539,1,1136624,20261010,1,56880,0,feed,42780,0,38,42780
1791650574,539,1,877944,20261010,36,2066,-62,feed,42180,35,38,40980
1791650574,539,0,889499,20261010,1,56725,17,feed,43920,0,41,43920
1791650574,539,0,896329,20261010,1,56725,0,feed,45720,0,41,45720
1791650574,54,1,1131309,20261010,1,56100,0,feed,42600,0,27,42600
1791650574,54,1,1134086,20261010,1,56100,0,feed,44400,0,27,44400
1791650574,54,0,1135280,20261010,1,56875,0,feed,44760,0,25,44760
1791650574,54,0,1135403,20261010,1,56875,0,feed,42960,0,25,42960
1791650574,54,1,1346284,20261010,22,43282,344,feed,41820,21,47,39960
1791650574,54,1,1346426,20261010,1,42319,0,feed,43500,0,47,43500
1791650574,54,1,1346752,20261010,1,42319,0,feed,45300,0,47,45300
1791650574,54,1,1346861,20261010,40,56939,513,feed,41700,39,47,38160
1791650574,54,0,1346895,20261010,20,11834,184,feed,42060,19,46,40260
1791650574,54,0,1347096,20261010,41,5318,43,feed,42120,40,46,38460
1791650574,54,0,1347245,20261010,1,56875,85,feed,42060,0,46,42060
1791650574,54,1,1347277,20261010,15,57019,317,feed,41940,14,27,40800
1791650574,54,1,1347354,20261010,5,5293,19,feed,42180,4,47,41760
1791650574,54,0,1348225,20261010,1,56875,0,feed,43860,0,46,43860
1791650574,54,0,1348591,20261010,1,56875,0,feed,45660,0,46,45660
1791650574,54,0,1360107,20261010,9,13143,47,feed,42120,8,25,41160
1791650574,540,0,1136337,20261010,1,53052,0,feed,45180,0,51,45180
1791650574,540,0,1136783,20261010,11,41104,24,feed,42120,10,51,41580
1791650574,540,1,877011,20261010,1,56879,0,feed,42960,0,48,42960
1791650574,540,1,896647,20261010,1,56879,0,feed,44760,0,48,44760
1791650574,546,1,1133143,20261010,1,51824,0,feed,44460,0,31,44460
1791650574,546,1,1134602,20261010,1,51824,5,feed,42660,0,31,42660
1791650574,546,0,881121,20261010,1,56725,7,feed,42360,0,33,42360
1791650574,546,0,896233,20261010,16,3519,860,feed,41280,15,33,40560
1791650574,546,0,899180,20261010,1,56725,0,feed,44160,0,33,44160
1791650574,61,0,1364465,20261010,1,17905,0,feed,45720,0,76,45720
1791650574,61,1,1364762,20261010,33,5655,26,feed,42120,32,73,39840
1791650574,61,0,1365227,20261010,1,17905,0,feed,43920,0,76,43920
1791650574,61,1,1365516,20261010,1,52761,0,feed,45240,0,73,45240
1791650574,61,0,1366263,20261010,39,5543,63,feed,42120,38,76,40260
1791650574,61,1,1367117,20261010,71,17922,173,feed,42060,70,73,38040
1791650574,61,0,1367264,20261010,1,17905,29,feed,42120,0,76,42120
1791650574,61,1,1367558,20261010,5,11837,250,feed,41940,4,73,41640
1791650574,61,0,1370934,20261010,70,43282,185,feed,,,,
1791650574,61,1,1371215,20261010,1,52761,0,feed,,,,
1791650574,615,0,1346704,20261010,69,56138,155,feed,42000,68,76,39180
1791650574,615,0,1346707,20261010,1,41157,0,feed,42780,0,76,42780
1791650574,615,1,1346957,20261010,76,41157,-37,feed,42180,75,76,39120
1791650574,615,1,1347092,20261010,1,3540,0,feed,42720,0,76,42720
1791650574,62,0,1349269,20261010,13,6290,139,feed,42000,12,86,41700
1791650574,62,0,1349529,20261010,61,80933,4,feed,42180,60,86,39900
1791650574,62,0,1349686,20261010,1,328,0,feed,45300,0,86,45300
1791650574,62,0,1349816,20261010,86,49141,823,feed,41340,85,86,38100
1791650574,62,1,1349949,20261010,1,49141,0,feed,42780,0,83,42780
1791650574,62,1,1350067,20261010,68,40153,55,feed,42120,67,83,39180
1791650574,62,1,1350922,20261010,1,49141,0,feed,44580,0,83,44580
1791650574,62,0,1351599,20261010,1,328,0,feed,43500,0,86,43500
1791650574,62,1,1351640,20261010,29,80931,40,feed,42120,28,83,40980
1791650574,62,1,1359995,20261010,1,45191,0,feed,44700,0,67,44700
1791650574,62,0,1360488,20261010,29,45401,133,feed,42000,28,67,40380
1791650574,63,1,1263921,20261010,58,18640,50,feed,42120,57,59,38700
1791650574,63,1,1263998,20261010,42,3089,-43,feed,42180,41,59,39600
1791650574,63,1,1267342,20261010,22,11861,193,feed,41940,21,59,40500
1791650574,63,1,1269161,20261010,1,51114,0,feed,43200,0,59,43200
1791650574,63,1,1270711,20261010,1,51114,0,feed,44100,0,59,44100
1791650574,63,0,1346035,20261010,1,15795,0,feed,44880,0,60,44880
1791650574,63,0,1346613,20261010,47,3164,-71,feed,42180,46,60,39480
1791650574,63,0,1346728,20261010,1,15795,0,feed,43980,0,60,43980
1791650574,63,0,1346854,20261010,1,15795,0,feed,43080,0,60,43080
1791650574,63,0,1347327,20261010,33,3138,159,feed,42000,32,60,40380
1791650574,63,1,1347826,20261010,17,3245,43,feed,42120,16,59,41400
1791650574,63,0,1348160,20261010,15,3108,212,feed,41940,14,60,41280
1791650574,63,0,1348397,20261010,1,15795,0,feed,42180,0,60,42180
1791650574,63,1,1348463,20261010,1,51114,0,feed,45000,0,59,45000
1791650574,63,1,1367562,20261010,1,51114,0,feed,42300,0,59,42300
1791650574,64,1,1342563,20261010,42,52759,-233,feed,42180,41,43,40200
1791650574,64,1,1342814,20261010,6,12880,46,feed,42120,5,43,41940
1791650574,64,1,1342840,20261010,11,3870,15,feed,42180,10,76,41760
1791650574,64,1,1343319,20261010,1,52015,0,feed,45000,0,65,45000
1791650574,64,1,1343498,20261010,1,52015,0,feed,43560,0,76,43560
1791650574,64,1,1343558,20261010,61,11807,121,feed,42120,60,76,39900
1791650574,64,0,1356518,20261010,30,12975,-5,feed,42120,29,66,40560
1791650574,64,0,1356892,20261010,1,52761,0,feed,42360,0,66,42360
1791650574,64,0,1357583,20261010,32,12960,811,feed,41280,31,78,39660
1791650574,64,0,1357881,20261010,1,52761,0,feed,44160,0,66,44160
1791650574,64,0,1358065,20261010,1,52761,0,feed,45060,0,78,45060
1791650574,64,1,1358319,20261010,1,52015,0,feed,45360,0,76,45360
1791650574,64,0,1358726,20261010,1,52761,0,feed,43260,0,78,43260
1791650574,64,0,1359027,20261010,7,57215,260,feed,41940,6,78,41460
1791650574,64,1,1359734,20261010,1,52015,0,feed,43200,0,65,43200
1791650574,645,1,1207810,20261010,1,53293,149,feed,44220,0,55,44220
1791650574,645,0,1337177,20261010,21,52200,698,feed,41580,20,52,40560
1791650574,645,1,1339696,20261010,22,8156,91,feed,42060,21,55,40620
1791650574,645,0,1340951,20261010,1,6990,0,feed,44160,0,52,44160
1791650574,65,1,1349397,20261010,1,57690,0,feed,42960,0,38,42960
1791650574,65,1,1349953,20261010,16,4046,302,feed,41820,15,38,41160
1791650574,65,1,1351692,20261010,1,57690,0,feed,44820,0,38,44820
1791650574,65,0,1369973,20261010,1,10761,138,feed,,,,
1791650574,65,0,1370040,20261010,1,10761,0,feed,,,,
1791650574,65,0,1370420,20261010,10,10704,357,feed,,,,
1791650574,67,0,1270005,20261010,1,53723,0,feed,44040,0,65,44040
1791650574,67,0,1270350,20261010,1,53723,0,feed,42300,0,65,42300
1791650574,67,1,1274704,20261010,1,56100,0,feed,42480,0,65,42480
1791650574,67,0,1352367,20261010,31,18814,382,feed,41760,30,65,40500
1791650574,67,1,1353903,20261010,1,56100,0,feed,44280,0,65,44280
1791650574,67,1,1358914,20261010,38,18882,134,feed,42000,37,65,40680
1791650574,68,1,1336803,20261010,1,11904,0,feed,44700,0,117,44700
1791650574,68,0,1357240,20261010,84,40088,314,feed,41820,83,118,39480
1791650574,68,1,1358303,20261010,1,11904,0,feed,42900,0,61,42900
1791650574,68,0,1359260,20261010,2,9806,449,feed,42900,1,59,42900
1791650574,68,0,1361024,20261010,2,9806,447,feed,42000,1,87,42000
1791650574,68,0,1361753,20261010,2,9806,147,feed,45600,1,87,45600
1791650574,68,1,1362418,20261010,18,9903,143,feed,42000,17,117,41100
1791650574,68,0,1363964,20261010,1,53340,0,feed,43080,0,118,43080
1791650574,68,1,1364885,20261010,25,49993,-40,feed,42180,24,83,40920
1791650574,68,1,1366960,20261010,1,57511,0,feed,44520,0,83,44520
1791650574,68,0,1368141,20261010,2,9806,146,feed,43800,1,87,43800
1791650574,68,0,1368298,20261010,55,57625,-88,feed,42240,54,87,40200
1791650574,68,1,1369095,20261010,1,57511,0,feed,42720,0,83,42720
1791650574,68,1,1369397,20261010,66,9930,89,feed,42060,65,83,39120
1791650574,686,1,1173433,20261010,1,56939,0,feed,43740,0,4,43740
1791650574,686,0,1332448,20261010,2,57622,-38,feed,43080,1,3,42000
1791650574,686,1,1333421,20261010,3,57622,143,feed,42420,2,4,41220
1791650574,686,0,1335138,20261010,1,47705,0,feed,44700,0,3,44700
1791650574,7,0,1355807,20261010,1,51779,0,feed,44880,0,64,44880
1791650574,7,1,1356100,20261010,1,17679,0,feed,44340,0,60,44340
1791650574,7,0,1356122,20261010,42,19302,90,feed,42060,41,64,39540
1791650574,7,1,1358086,20261010,47,51545,249,feed,41940,46,60,39000
1791650574,7,1,1358842,20261010,17,19317,554,feed,41640,16,60,40800
1791650574,7,0,1359970,20261010,16,48896,-137,feed,42360,15,64,41280
1791650574,7,1,1370732,20261010,1,17679,0,feed,,,,
1791650574,7,0,1370904,20261010,1,51779,0,feed,,,,
1791650574,71,1,1265370,20261010,41,10052,198,feed,41940,40,60,40200
1791650574,71,1,1265833,20261010,1,51291,0,feed,43800,0,60,43800
1791650574,71,1,1269947,20261010,1,51291,0,feed,45600,0,60,45600
1791650574,71,0,1270230,20261010,29,49112,436,feed,41700,28,58,40620
1791650574,71,0,1271442,20261010,1,9715,0,feed,44220,0,58,44220
1791650574,71,0,1281770,20261010,1,9715,0,feed,42420,0,58,42420
1791650574,71,1,1361111,20261010,3,41063,170,feed,42180,2,74,41940
1791650574,71,0,1361150,20261010,1,9715,0,feed,45720,0,75,45720
1791650574,716,0,1137510,20261010,1,50154,0,feed,43920,0,51,43920
1791650574,716,1,1137848,20261010,1,8728,0,feed,42240,0,50,42240
1791650574,72,0,1369556,20261010,1,57615,0,feed,,,,
1791650574,72,1,1369583,20261010,1,13667,0,feed,,,,
1791650574,72,1,1369858,20261010,24,13729,472,feed,,,,
1791650574,72,0,1370203,20261010,25,57416,78,feed,,,,
1791650574,72,0,1371348,20261010,1,57615,0,feed,,,,
1791650574,721,1,1176980,20261010,1,9522,0,feed,44820,0,41,44820
1791650574,721,1,1187701,20261010,28,9557,-43,feed,42240,27,41,41340
1791650574,721,0,1187977,20261010,1,51845,0,feed,43380,0,43,43380
1791650574,721,1,1366943,20261010,1,9522,0,feed,43080,0,41,43080
1791650574,721,0,1367391,20261010,19,9493,19,feed,42120,18,43,41580
1791650574,721,0,1368026,20261010,1,51845,0,feed,45180,0,43,45180
1791650574,722,1,1177999,20261010,1,11486,39,feed,43860,0,14,43860
1791650574,722,1,1179039,20261010,39,11564,133,feed,42000,38,53,40740
1791650574,722,0,1180123,20261010,15,11494,46,feed,42120,14,51,41460
1791650574,722,1,1182794,20261010,1,57636,0,feed,44340,0,53,44340
1791650574,722,0,1184364,20261010,1,56827,0,feed,43320,0,11,43320
1791650574,722,0,1279187,20261010,1,56827,0,feed,45060,0,51,45060
1791650574,723,0,1181870,20261010,20,9350,40,feed,42060,19,39,41460
1791650574,723,0,1182978,20261010,1,51845,0,feed,45060,0,39,45060
1791650574,723,1,1187922,20261010,1,53224,0,feed,43020,0,41,43020
1791650574,724,1,1131116,20261010,18,8744,1866,feed,40260,17,35,39720
1791650574,724,1,1131895,20261010,1,53222,990,feed,43320,0,35,43320
1791650574,724,0,1132036,20261010,33,53222,545,feed,41640,32,33,40500
1791650574,724,1,1132153,20261010,1,53222,0,feed,44220,0,35,44220
1791650574,724,0,1133223,20261010,1,51846,0,feed,44100,0,33,44100
1791650574,724,0,1133623,20261010,1,51846,0,feed,42300,0,33,42300
1791650574,724,1,1133851,20261010,1,53222,0,feed,42420,0,35,42420
1791650574,724,0,1134705,20261010,1,51846,1444,feed,41400,0,33,41400
1791650574,724,0,1136141,20261010,1,51846,557,feed,45000,0,33,45000
1791650574,724,1,1276802,20261010,1,53222,0,feed,45120,0,35,45120
1791650574,724,1,1277940,20261010,19,8840,22,feed,42180,18,35,41520
1791650574,724,0,1288409,20261010,1,51846,0,feed,43200,0,33,43200
1791650574,725,1,1312399,20261010,1,56775,0,feed,44100,0,49,44100
1791650574,725,0,1312512,20261010,13,41917,160,feed,42000,12,50,41160
1791650574,725,0,1312556,20261010,1,57580,0,feed,44760,0,50,44760
1791650574,725,1,1312980,20261010,37,53224,163,feed,42060,36,49,40500
1791650574,74,1,1355811,20261010,32,10361,487,feed,41700,31,61,39720
1791650574,74,0,1356115,20261010,1,51546,0,feed,43380,0,59,43380
1791650574,74,1,1356552,20261010,48,11744,509,feed,41640,47,61,38820
1791650574,74,1,1357453,20261010,1,13667,0,feed,42360,0,61,42360
1791650574,74,0,1357557,20261010,1,51546,0,feed,44280,0,59,44280
1791650574,74,1,1357643,20261010,1,13667,0,feed,44160,0,61,44160
1791650574,74,0,1358216,20261010,50,10399,-71,feed,42180,49,59,39000
1791650574,74,0,1358348,20261010,3,53362,153,feed,42000,2,59,41580
1791650574,74,1,1358406,20261010,23,43282,249,feed,42000,22,61,40620
1791650574,74,1,1359109,20261010,1,13667,153,feed,43260,0,61,43260
1791650574,74,0,1359191,20261010,1,51546,0,feed,45180,0,59,45180
1791650574,74,0,1359986,20261010,38,40160,-41,feed,42180,37,59,39840
1791650574,74,0,1360288,20261010,1,51546,0,feed,42480,0,59,42480
1791650574,74,1,1368378,20261010,12,12902,-17,feed,42180,11,61,41520
1791650574,74,1,1368746,20261010,1,13667,0,feed,45060,0,61,45060
1791650574,74,0,1369384,20261010,23,11732,14,feed,42180,22,59,40680
1791650574,80,0,1305069,20261010,1,49979,0,feed,43920,0,42,43920
1791650574,80,1,1311031,20261010,1,50689,22,feed,42120,0,38,42120
1791650574,80,1,1313230,20261010,1,50689,0,feed,45720,0,38,45720
1791650574,80,0,1313916,20261010,1,49979,0,feed,45720,0,42,45720
1791650574,80,0,1315020,20261010,1,49979,14,feed,42120,0,42,42120
1791650574,80,1,1315660,20261010,1,50689,0,feed,43920,0,38,43920
1791650574,802,0,1196578,20261010,1,57169,0,feed,43440,0,46,43440
1791650574,802,1,1206817,20261010,1,42622,0,feed,44520,0,45,44520
1791650574,802,1,1207223,20261010,23,11044,256,feed,41940,22,45,40920
1791650574,804,0,1261330,20261010,1,14153,0,feed,43200,0,32,43200
1791650574,804,1,1325619,20261010,20,15949,-76,feed,42180,19,35,41400
1791650574,804,1,1325658,20261010,1,14727,0,feed,45000,0,35,45000
1791650574,805,1,1211916,20261010,53,43827,137,feed,42000,52,72,40080
1791650574,805,0,1212558,20261010,1,56775,0,feed,43440,0,72,43440
1791650574,805,1,1216941,20261010,1,50716,0,feed,43680,0,72,43680
1791650574,805,0,1218306,20261010,55,43882,224,feed,41940,54,72,39840
1791650574,827,0,1178032,20261010,25,12162,99,feed,42060,24,51,40380
1791650574,827,1,1312419,20261010,1,57167,0,feed,44040,0,51,44040
1791650574,827,0,1314650,20261010,1,42837,0,feed,43980,0,51,43980
1791650574,827,1,1316764,20261010,41,57575,290,feed,41880,40,51,40440
1791650574,83,0,1266587,20261010,3,57342,83,feed,42060,2,44,41940
1791650574,83,1,1348935,20261010,1,52532,0,feed,44880,0,41,44880
1791650574,83,1,1352421,20261010,12,3980,227,feed,41940,11,41,41280
1791650574,83,0,1352462,20261010,42,41751,158,feed,42000,41,44,40140
1791650574,83,1,1353809,20261010,1,52532,0,feed,43080,0,41,43080
1791650574,83,0,1353917,20261010,1,53725,0,feed,45540,0,44,45540
1791650574,83,0,1355274,20261010,1,53725,0,feed,43740,0,44,43740
1791650574,87,1,1303205,20261010,1,57690,13,feed,42120,0,70,42120
1791650574,87,1,1303240,20261010,1,57690,0,feed,45660,0,70,45660
1791650574,87,1,1304294,20261010,41,18912,259,feed,,,,
1791650574,87,1,1304628,20261010,1,57690,0,feed,43860,0,70,43860
1791650574,87,0,1348827,20261010,1,51892,0,feed,45180,0,71,45180
1791650574,87,0,1350809,20261010,1,51892,0,feed,,,,
1791650574,87,0,1351206,20261010,67,51370,27,feed,42120,66,71,39660
1791650574,87,0,1351357,20261010,17,13084,84,feed,42060,16,71,41520
1791650574,9,1,1356169,20261010,93,8073,383,feed,42120,92,111,38160
1791650574,9,1,1356641,20261010,1,51551,0,feed,45240,0,111,45240
1791650574,9,0,1356659,20261010,1,40247,0,feed,43800,0,112,43800
1791650574,9,0,1356781,20261010,53,42205,398,feed,41760,52,112,40260
1791650574,9,0,1367221,20261010,1,52552,0,feed,42300,0,100,42300
1791650574,9,0,1367346,20261010,68,16447,735,feed,41400,67,100,38700
1791650574,9,1,1368210,20261010,3,4478,45,feed,42120,2,111,41700
1791650574,9,1,1368266,20261010,1,51551,0,feed,43440,0,96,43440
1791650574,9,1,1368666,20261010,37,51533,627,feed,41520,36,96,39960
1791650574,901,1,876930,20261010,13,51417,0,feed,42240,12,20,40920
1791650574,901,0,877498,20261010,1,51405,0,feed,42720,0,20,42720
1791650574,901,1,883718,20261010,6,56338,0,feed,42120,5,20,41640
1791650574,901,0,886057,20261010,18,56332,0,feed,42120,17,20,39840
1791650574,901,0,890737,20261010,7,51433,120,feed,42120,6,20,41280
1791650574,901,1,894254,20261010,16,51420,240,feed,41940,15,20,40200
1791650574,901,1,902202,20261010,3,56336,0,feed,42540,2,20,42360
1791650574,901,0,905713,20261010,2,51437,120,feed,42180,1,20,42000
1791650574,901,0,982966,20261010,13,51427,60,feed,42240,12,20,40560
1791650574,902,0,877066,20261010,24,56018,60,feed,42120,23,24,39180
1791650574,902,1,879426,20261010,1,56026,0,feed,42420,0,24,42420
1791650574,902,1,879781,20261010,10,56035,180,feed,42060,9,24,40980
1791650574,902,0,885916,20261010,18,56012,120,feed,42000,17,24,39900
1791650574,902,1,890803,20261010,21,51423,60,feed,42180,20,24,39540
1791650574,902,0,893986,20261010,12,56006,300,feed,41940,11,24,40620
1791650574,902,0,894171,20261010,3,56336,0,feed,42960,2,24,42780
1791650574,902,0,895683,20261010,8,56002,60,feed,42120,7,24,41340
1791650574,902,0,899873,20261010,3,56336,-60,feed,42240,2,24,42060
1791650574,902,1,901427,20261010,15,56040,240,feed,42000,14,24,40260
1791650574,903,1,1262888,20261010,1,56874,0,feed,44160,0,6,44160
1791650574,903,1,1262930,20261010,1,56874,0,feed,42360,0,6,42360
1791650574,903,0,1270629,20261010,1,57285,0,feed,42300,0,6,42300
1791650574,903,1,1270799,20261010,6,57285,487,feed,41700,5,6,40560
1791650574,903,0,1274011,20261010,1,57285,0,feed,44100,0,6,44100
1791650574,904,1,1275983,20261010,6,17781,226,feed,42120,5,12,41460
1791650574,904,0,1365009,20261010,1,56830,0,feed,44400,0,13,44400
1791650574,904,0,1365601,20261010,1,56830,0,feed,45300,0,13,45300
1791650574,904,0,1367204,20261010,1,56830,0,feed,43500,0,13,43500
1791650574,904,0,1367284,20261010,13,56800,176,feed,42000,12,13,39900
1791650574,904,0,1367597,20261010,3,56831,486,feed,42120,2,13,41700
1791650574,904,0,1367899,20261010,7,53542,165,feed,42120,6,13,40800
1791650574,904,1,1368158,20261010,10,56884,272,feed,42000,9,12,40560
1791650574,904,1,1368189,20261010,1,56800,0,feed,43260,0,12,43260
1791650574,904,1,1368532,20261010,12,56830,361,feed,41820,11,12,39660
1791650574,904,1,1368716,20261010,1,56800,0,feed,45060,0,12,45060
1791650574,904,1,1368757,20261010,1,56800,0,feed,42360,0,12,42360
1791650574,904,0,1368830,20261010,1,56830,0,feed,42600,0,13,42600
1791650574,904,1,1369051,20261010,1,56800,0,feed,44160,0,12,44160
1791650574,905,1,1344182,20261010,3,57437,84,feed,42180,2,16,41940
1791650574,905,1,1344287,20261010,1,57441,0,feed,45540,0,16,45540
1791650574,905,0,1344338,20261010,1,52761,0,feed,42900,0,16,42900
1791650574,905,1,1344343,20261010,1,57441,0,feed,43740,0,16,43740
1791650574,905,0,1344381,20261010,1,52761,0,feed,45600,0,16,45600
1791650574,905,0,1344396,20261010,1,52761,0,feed,43800,0,16,43800
1791650574,905,0,1344704,20261010,9,57428,-97,feed,42240,8,16,41100
1791650574,905,1,1344768,20261010,15,52759,-301,feed,42240,14,16,40140
1791650574,905,0,1344881,20261010,15,57440,-106,feed,42240,14,16,40200
1791650574,905,0,1345016,20261010,1,52761,160,feed,42000,0,16,42000
1791650574,905,1,1345126,20261010,10,57423,-20,feed,42180,9,16,41040
1791650574,905,1,1345136,20261010,1,57441,0,feed,42840,0,16,42840
1791650574,905,1,1345161,20261010,1,57441,0,feed,44640,0,16,44640
1791650574,905,0,1345184,20261010,1,52761,0,feed,44700,0,16,44700
1791650574,921,0,1365380,20261010,17,56120,466,feed,41700,16,20,39840
1791650574,921,0,1365713,20261010,12,17371,137,feed,42120,11,20,40740
1791650574,921,0,1366812,20261010,1,51544,0,feed,43380,0,20,43380
1791650574,921,0,1366952,20261010,1,51544,0,feed,42180,0,20,42180
1791650574,921,0,1367271,20261010,2,53362,136,feed,42000,1,20,41580
1791650574,921,1,1367348,20261010,1,52531,0,feed,42780,0,20,42780
1791650574,921,1,1367991,20261010,10,17312,310,feed,41940,9,20,40980
1791650574,921,1,1368280,20261010,1,52531,0,feed,44580,0,20,44580
1791650574,921,1,1368860,20261010,1,52531,0,feed,45180,0,20,45180
1791650574,921,0,1369326,20261010,1,51544,0,feed,44580,0,20,44580
1791650574,921,1,1369374,20261010,1,52531,0,feed,43380,0,20,43380
1791650574,921,0,1369456,20261010,1,51544,0,feed,43980,0,20,43980
1791650574,921,1,1369516,20261010,1,52531,0,feed,43980,0,20,43980
1791650574,922,0,1311217,20261010,1,57314,0,feed,43680,0,35,43680
1791650574,922,0,1311405,20261010,1,57314,0,feed,42480,0,35,42480
1791650574,922,0,1312424,20261010,1,57314,0,feed,45480,0,35,45480
1791650574,922,0,1312509,20261010,5,4866,32,feed,42180,4,35,41880
1791650574,922,1,1312528,20261010,8,17031,188,feed,42000,7,34,41160
1791650574,922,1,1312776,20261010,20,16913,-21,feed,42180,19,34,39960
1791650574,922,0,1313700,20261010,10,16863,103,feed,42180,9,35,41280
1791650574,922,0,1313960,20261010,21,57332,-14,feed,42180,20,35,40080
1791650574,922,1,1314430,20261010,6,52760,-26,feed,42300,5,34,41700
1791650574,922,1,1314688,20261010,1,56100,0,feed,44040,0,34,44040
1791650574,922,0,1314857,20261010,1,57314,0,feed,43080,0,35,43080
1791650574,922,0,1315132,20261010,1,57314,0,feed,44280,0,35,44280
1791650574,922,0,1315271,20261010,1,57314,0,feed,44880,0,35,44880
1791650574,922,1,1315376,20261010,13,17371,161,feed,42000,12,34,40560
1791650574,922,1,1315549,20261010,1,56100,0,feed,42900,0,34,42900
1791650574,922,1,1315606,20261010,1,56100,0,feed,44640,0,34,44640
1791650574,922,1,1316048,20261010,30,3523,20,feed,42240,29,34,38760
1791650574,922,1,1316214,20261010,1,56100,0,feed,42300,0,34,42300
1791650574,922,1,1316254,20261010,1,56100,0,feed,45240,0,34,45240
1791650574,922,1,1316271,20261010,25,16871,72,feed,42180,24,34,39360
1791650574,922,0,1316315,20261010,14,43022,72,feed,42120,13,35,40680
1791650574,922,1,1316893,20261010,34,57314,182,feed,42000,33,34,38160
1791650574,922,0,1317301,20261010,30,57416,101,feed,42180,29,35,38880
1791650574,922,1,1317563,20261010,1,56100,0,feed,43500,0,34,43500
1791650574,922,0,1317653,20261010,23,17307,485,feed,41820,22,35,39480
1791650574,923,0,1262726,20261010,1,56897,0,feed,43680,0,22,43680
1791650574,923,0,1262788,20261010,1,56897,0,feed,,,,
1791650574,923,0,1263879,20261010,12,52671,377,feed,41820,11,22,40740
1791650574,923,1,1264734,20261010,1,57278,0,feed,43200,0,23,43200
1791650574,923,1,1264792,20261010,1,57278,0,feed,,,,
1791650574,923,1,1265906,20261010,1,57278,0,feed,43800,0,23,43800
1791650574,923,1,1266113,20261010,3,9087,71,feed,42120,2,23,42000
1791650574,923,0,1267349,20261010,1,56897,0,feed,42480,0,22,42480
1791650574,923,1,1268562,20261010,1,57278,0,feed,44400,0,23,44400
1791650574,923,0,1269198,20261010,9,17840,53,feed,42120,8,22,41340
1791650574,923,1,1269715,20261010,19,17906,96,feed,42060,18,23,40200
1791650574,923,0,1269974,20261010,1,56897,0,feed,44820,0,22,44820
1791650574,923,1,1270898,20261010,13,56422,264,feed,41940,12,23,40800
1791650574,923,0,1271556,20261010,4,17902,-53,feed,42240,3,22,41880
1791650574,923,1,1272124,20261010,1,57278,73,feed,,,,
1791650574,923,1,1273765,20261010,8,56400,102,feed,42060,7,23,41400
1791650574,923,0,1274621,20261010,1,56897,0,feed,44220,0,22,44220
1791650574,923,1,1274864,20261010,1,57278,0,feed,,,,
1791650574,923,0,1286311,20261010,1,56897,0,feed,43080,0,22,43080
1791650574,923,0,1287651,20261010,21,56826,652,feed,,,,
1791650574,924,1,1264360,20261010,41,56873,661,feed,,,,
1791650574,924,1,1265154,20261010,7,9611,-14,feed,,,,
1791650574,924,0,1265169,20261010,12,784,-47,feed,,,,
1791650574,924,0,1267657,20261010,1,56873,0,feed,,,,
1791650574,924,0,1268011,20261010,1,56873,0,feed,,,,
1791650574,924,1,1271360,20261010,1,56823,0,feed,,,,
1791650574,924,1,1271691,20261010,30,56918,343,feed,,,,
1791650574,924,0,1273488,20261010,5,620,88,feed,,,,
1791650574,924,1,1274213,20261010,1,56823,0,feed,,,,
1791650574,924,1,1274258,20261010,16,17905,120,feed,,,,
1791650574,924,0,1274268,20261010,1,56873,0,feed,,,,
1791650574,924,0,1274400,20261010,24,17902,389,feed,,,,
1791650574,924,0,1277611,20261010,17,52300,521,feed,,,,
1791650574,924,1,1278389,20261010,1,56823,0,feed,,,,
1791650574,924,0,1279483,20261010,1,56873,0,feed,,,,
1791650574,924,1,1279871,20261010,26,56914,337,feed,,,,
1791650574,924,1,1280720,20261010,1,56823,0,feed,,,,
1791650574,924,0,1281398,20261010,1,56873,0,feed,,,,
1791650574,924,0,1284375,20261010,30,56949,145,feed,,,,
1791650574,924,0,1284669,20261010,1,56873,0,feed,,,,
1791650574,924,1,1284738,20261010,12,56907,214,feed,,,,
1791650574,924,0,1285882,20261010,38,9263,19,feed,,,,
1791650574,924,1,1287535,20261010,22,56910,124,feed,,,,
1791650574,924,1,1287786,20261010,1,56823,0,feed,,,,
1791650574,924,0,1288566,20261010,15,80138,293,feed,,,,
1791650574,924,1,1288579,20261010,36,444,344,feed,,,,
1791650574,924,1,1289299,20261010,1,56823,-39,feed,,,,
1791650574,925,0,1267244,20261010,1,53703,0,feed,43980,0,35,43980
1791650574,925,0,1269153,20261010,1,53703,0,feed,44700,0,35,44700
1791650574,925,0,1274062,20261010,1,53703,0,feed,45420,0,35,45420
1791650574,925,1,1332193,20261010,24,57540,292,feed,41880,23,35,39420
1791650574,925,1,1332273,20261010,19,1096,222,feed,41940,18,35,40080
1791650574,925,1,1333209,20261010,8,16116,-103,feed,42240,7,35,41460
1791650574,925,0,1333596,20261010,1,53703,0,feed,43260,0,35,43260
1791650574,925,0,1333688,20261010,25,15477,61,feed,42120,24,35,39780
1791650574,925,1,1333705,20261010,31,1145,398,feed,41760,30,35,38700
1791650574,925,0,1334013,20261010,29,16137,450,feed,41760,28,35,39060
1791650574,925,1,1334040,20261010,13,17921,90,feed,42120,12,35,40740
1791650574,925,0,1334805,20261010,10,6202,266,feed,41880,9,35,41160
1791650574,925,1,1335187,20261010,1,57541,0,feed,45060,0,35,45060
1791650574,925,1,1335270,20261010,1,57541,0,feed,42900,0,35,42900
1791650574,925,1,1335617,20261010,1,57541,15,feed,42180,0,35,42180
1791650574,925,0,1335655,20261010,16,1327,319,feed,41940,15,35,40500
1791650574,925,0,1335665,20261010,3,1250,197,feed,42000,2,35,41820
1791650574,925,0,1335756,20261010,1,53703,0,feed,42540,0,35,42540
1791650574,925,1,1335929,20261010,1,57541,0,feed,44340,0,35,44340
1791650574,925,1,1335968,20261010,1,57541,0,feed,43620,0,35,43620
1791650574,94,0,1181063,20261010,1,51200,0,feed,42180,0,15,42180
1791650574,94,0,1185627,20261010,1,51200,0,feed,43980,0,15,43980
1791650574,94,1,1185710,20261010,8,17894,193,feed,42300,7,16,41040
1791650574,94,1,1321987,20261010,1,56100,0,feed,42840,0,16,42840
1791650574,94,0,1324558,20261010,13,57418,326,feed,41820,12,15,40380
1791650574,94,1,1341901,20261010,1,56100,0,feed,44640,0,16,44640
